✏️ Setting installed package as editable
Acquiring build lock...
Building Rust extension with maturin develop...
Installed Rust extension successfully.
Released build lock.
Loading config from: judge_config_slurm3_vllm.py
This run uses VLLM backend.
Starting preference experiment...
Concatenated two answers dataset for language pairs[("en", "zh_cn"), ("en", "fr_fr"), ("en", "ar_xy"), ("en", "sw_ke")] written to "judge/result/meta-llama-Llama-3.3-70B-Instruct/preference_aggregated_input.jsonl"
Dispatching preference results for model: meta-llama-Llama-3.3-70B-Instruct, language pairs: [("en", "zh_cn"), ("en", "fr_fr"), ("en", "ar_xy"), ("en", "sw_ke")], input file: judge/result/meta-llama-Llama-3.3-70B-Instruct/preference_aggregated_output.jsonl
Dispatched preference results for model: meta-llama-Llama-3.3-70B-Instruct, lang1: en, lang2: zh_cn
Dispatched preference results for model: meta-llama-Llama-3.3-70B-Instruct, lang1: en, lang2: fr_fr
Dispatched preference results for model: meta-llama-Llama-3.3-70B-Instruct, lang1: en, lang2: ar_xy
Dispatched preference results for model: meta-llama-Llama-3.3-70B-Instruct, lang1: en, lang2: sw_ke
Removed aggregated output file: judge/result/meta-llama-Llama-3.3-70B-Instruct/preference_aggregated_output.jsonl
Preference experiment finished.
Starting perplexity experiment...
Response input dataset for languages ["en", "zh_cn", "fr_fr", "ar_xy", "sw_ke"] written to judge/result/meta-llama-Llama-3.3-70B-Instruct/perplexity_response_input.jsonl
Dispatching response results for model: meta-llama-Llama-3.3-70B-Instruct, languages: ["en", "zh_cn", "fr_fr", "ar_xy", "sw_ke"], input file: judge/result/meta-llama-Llama-3.3-70B-Instruct/perplexity_response_output.jsonl
Dispatched response results for model: meta-llama-Llama-3.3-70B-Instruct, lang: en
Dispatched response results for model: meta-llama-Llama-3.3-70B-Instruct, lang: zh_cn
Dispatched response results for model: meta-llama-Llama-3.3-70B-Instruct, lang: fr_fr
Dispatched response results for model: meta-llama-Llama-3.3-70B-Instruct, lang: ar_xy
Dispatched response results for model: meta-llama-Llama-3.3-70B-Instruct, lang: sw_ke
Removed aggregated response output file: judge/result/meta-llama-Llama-3.3-70B-Instruct/perplexity_response_output.jsonl
Styled answers input dataset for languages ["en", "zh_cn", "fr_fr", "ar_xy", "sw_ke"] written to judge/result/meta-llama-Llama-3.3-70B-Instruct/perplexity_styled_answers_input.jsonl
Dispatching styled answers results for model: meta-llama-Llama-3.3-70B-Instruct, languages: ["en", "zh_cn", "fr_fr", "ar_xy", "sw_ke"], input file: judge/result/meta-llama-Llama-3.3-70B-Instruct/perplexity_styled_answers_output.jsonl
Dispatched styled answers results for model: meta-llama-Llama-3.3-70B-Instruct, lang: en
Dispatched styled answers results for model: meta-llama-Llama-3.3-70B-Instruct, lang: zh_cn
Dispatched styled answers results for model: meta-llama-Llama-3.3-70B-Instruct, lang: fr_fr
Dispatched styled answers results for model: meta-llama-Llama-3.3-70B-Instruct, lang: ar_xy
Dispatched styled answers results for model: meta-llama-Llama-3.3-70B-Instruct, lang: sw_ke
Removed aggregated styled answers output file: judge/result/meta-llama-Llama-3.3-70B-Instruct/perplexity_styled_answers_output.jsonl
Total entries to generate responses: 0
Completed writing all responses to judge/result/meta-llama-Llama-3.3-70B-Instruct/perplexity_response_output.jsonl
Total entries to generate styled answers: 0
Completed writing all styled answers to judge/result/meta-llama-Llama-3.3-70B-Instruct/perplexity_styled_answers_output.jsonl
Perplexity experiment finished.
✏️ Setting installed package as editable
File "judge/result/meta-llama-Llama-3.3-70B-Instruct/perplexity/en_correct.jsonl" does not exist, assuming no completed entries.
File "judge/result/meta-llama-Llama-3.3-70B-Instruct/perplexity/en_incorrect.jsonl" does not exist, assuming no completed entries.
File "judge/result/meta-llama-Llama-3.3-70B-Instruct/perplexity/zh_cn_correct.jsonl" does not exist, assuming no completed entries.
File "judge/result/meta-llama-Llama-3.3-70B-Instruct/perplexity/zh_cn_incorrect.jsonl" does not exist, assuming no completed entries.
File "judge/result/meta-llama-Llama-3.3-70B-Instruct/perplexity/fr_fr_correct.jsonl" does not exist, assuming no completed entries.
File "judge/result/meta-llama-Llama-3.3-70B-Instruct/perplexity/fr_fr_incorrect.jsonl" does not exist, assuming no completed entries.
File "judge/result/meta-llama-Llama-3.3-70B-Instruct/perplexity/ar_xy_correct.jsonl" does not exist, assuming no completed entries.
File "judge/result/meta-llama-Llama-3.3-70B-Instruct/perplexity/ar_xy_incorrect.jsonl" does not exist, assuming no completed entries.
File "judge/result/meta-llama-Llama-3.3-70B-Instruct/perplexity/sw_ke_correct.jsonl" does not exist, assuming no completed entries.
File "judge/result/meta-llama-Llama-3.3-70B-Instruct/perplexity/sw_ke_incorrect.jsonl" does not exist, assuming no completed entries.
Concatenated perplexity dataset for languages ["en", "zh_cn", "fr_fr", "ar_xy", "sw_ke"] written to judge/result/meta-llama-Llama-3.3-70B-Instruct/perplexity_aggregated_input.jsonl
Acquiring build lock...
Building Rust extension with maturin develop...
Installed Rust extension successfully.
Released build lock.
Loading config from: judge_config_slurm3_hf.py
Total entries to calculate perplexity: 85610
Using batch size: 9 based on model size, number of GPUs (4), and single GPU memory (40GB)
Processing batch 1/9513
Creating HuggingFace backend for model meta-llama/Llama-3.3-70B-Instruct using 4 GPUs and batch size 9...
Creating HuggingFace backend for model meta-llama/Llama-3.3-70B-Instruct with batch size 9...
Loading model from HuggingFace...
Found 4 GPUs
GPU 0: 39.49 GB available, using 35 GB
GPU 1: 39.49 GB available, using 35 GB
GPU 2: 39.49 GB available, using 35 GB
GPU 3: 39.49 GB available, using 35 GB
Model loaded, setting to eval mode...
Model in eval mode
Model device map: {'model.embed_tokens': 0, 'model.layers.0': 0, 'model.layers.1': 0, 'model.layers.2': 0, 'model.layers.3': 0, 'model.layers.4': 0, 'model.layers.5': 0, 'model.layers.6': 0, 'model.layers.7': 0, 'model.layers.8': 0, 'model.layers.9': 0, 'model.layers.10': 0, 'model.layers.11': 0, 'model.layers.12': 0, 'model.layers.13': 0, 'model.layers.14': 0, 'model.layers.15': 0, 'model.layers.16': 0, 'model.layers.17': 1, 'model.layers.18': 1, 'model.layers.19': 1, 'model.layers.20': 1, 'model.layers.21': 1, 'model.layers.22': 1, 'model.layers.23': 1, 'model.layers.24': 1, 'model.layers.25': 1, 'model.layers.26': 1, 'model.layers.27': 1, 'model.layers.28': 1, 'model.layers.29': 1, 'model.layers.30': 1, 'model.layers.31': 1, 'model.layers.32': 1, 'model.layers.33': 1, 'model.layers.34': 1, 'model.layers.35': 1, 'model.layers.36': 1, 'model.layers.37': 2, 'model.layers.38': 2, 'model.layers.39': 2, 'model.layers.40': 2, 'model.layers.41': 2, 'model.layers.42': 2, 'model.layers.43': 2, 'model.layers.44': 2, 'model.layers.45': 2, 'model.layers.46': 2, 'model.layers.47': 2, 'model.layers.48': 2, 'model.layers.49': 2, 'model.layers.50': 2, 'model.layers.51': 2, 'model.layers.52': 2, 'model.layers.53': 2, 'model.layers.54': 2, 'model.layers.55': 2, 'model.layers.56': 2, 'model.layers.57': 3, 'model.layers.58': 3, 'model.layers.59': 3, 'model.layers.60': 3, 'model.layers.61': 3, 'model.layers.62': 3, 'model.layers.63': 3, 'model.layers.64': 3, 'model.layers.65': 3, 'model.layers.66': 3, 'model.layers.67': 3, 'model.layers.68': 3, 'model.layers.69': 3, 'model.layers.70': 3, 'model.layers.71': 3, 'model.layers.72': 3, 'model.layers.73': 3, 'model.layers.74': 3, 'model.layers.75': 3, 'model.layers.76': 3, 'model.layers.77': 'disk', 'model.layers.78': 'disk', 'model.layers.79': 'disk', 'model.norm': 'disk', 'model.rotary_emb': 'disk', 'lm_head': 'disk'}
HuggingFace backend created successfully for meta-llama/Llama-3.3-70B-Instruct
HuggingFace backend created for model meta-llama/Llama-3.3-70B-Instruct
Perplexity: Written 9/85610 entries to perplexity result file (batch 1/9513)
Processing batch 2/9513
Perplexity: Written 18/85610 entries to perplexity result file (batch 2/9513)
Processing batch 3/9513
Warning: Decoded text differs from trimmed prompt
  Trimmed prompt length: 538, Decoded text length: 534
[DEBUG] First difference at position 274: prompt=' ', decoded='.'
[DEBUG] Context: prompt='edge Date: December 2023\nToday Date: 26 Jul 2024\n\n<|eot_id|><|start_header_id|>user<|end_header_id|>\n\nStatement 1 | Any set of two vectors in R^2 is linearly independent. Statement 2 | If V = span(v1, ... , vk) and {v1, ... , vk} are linearly independent, then dim(V) = k.\n\nPlease CONCISELY answer the question in English WITHOUT reasoning or explanation.<|eot_id|><|start_header_id|>assistant<|end_h', decoded='edge Date: December 2023\nToday Date: 26 Jul 2024\n\n<|eot_id|><|start_header_id|>user<|end_header_id|>\n\nStatement 1 | Any set of two vectors in R^2 is linearly independent. Statement 2 | If V = span(v1,..., vk) and {v1,..., vk} are linearly independent, then dim(V) = k.\n\nPlease CONCISELY answer the question in English WITHOUT reasoning or explanation.<|eot_id|><|start_header_id|>assistant<|end_heade'
Warning: Decoded text differs from trimmed prompt
  Trimmed prompt length: 537, Decoded text length: 533
[DEBUG] First difference at position 274: prompt=' ', decoded='.'
[DEBUG] Context: prompt='edge Date: December 2023\nToday Date: 26 Jul 2024\n\n<|eot_id|><|start_header_id|>user<|end_header_id|>\n\nStatement 1 | Any set of two vectors in R^2 is linearly independent. Statement 2 | If V = span(v1, ... , vk) and {v1, ... , vk} are linearly independent, then dim(V) = k.\n\nPlease CONCISELY answer the question in English WITHOUT reasoning or explanation.<|eot_id|><|start_header_id|>assistant<|end_h', decoded='edge Date: December 2023\nToday Date: 26 Jul 2024\n\n<|eot_id|><|start_header_id|>user<|end_header_id|>\n\nStatement 1 | Any set of two vectors in R^2 is linearly independent. Statement 2 | If V = span(v1,..., vk) and {v1,..., vk} are linearly independent, then dim(V) = k.\n\nPlease CONCISELY answer the question in English WITHOUT reasoning or explanation.<|eot_id|><|start_header_id|>assistant<|end_heade'
Perplexity: Written 27/85610 entries to perplexity result file (batch 3/9513)
Processing batch 4/9513
Perplexity: Written 36/85610 entries to perplexity result file (batch 4/9513)
Processing batch 5/9513
Warning: Decoded text differs from trimmed prompt
  Trimmed prompt length: 442, Decoded text length: 441
[DEBUG] First difference at position 182: prompt=' ', decoded='.'
[DEBUG] Context: prompt='<|begin_of_text|><|start_header_id|>system<|end_header_id|>\n\nCutting Knowledge Date: December 2023\nToday Date: 26 Jul 2024\n\n<|eot_id|><|start_header_id|>user<|end_header_id|>\n\nIf (G, .) is a group such that (ab)^-1 = a^-1b^-1, for all a, b in G, then G is a/an\n\nPlease CONCISELY answer the question in English WITHOUT reasoning or explanation.<|eot_id|><|start_header_id|>assistant<', decoded='<|begin_of_text|><|start_header_id|>system<|end_header_id|>\n\nCutting Knowledge Date: December 2023\nToday Date: 26 Jul 2024\n\n<|eot_id|><|start_header_id|>user<|end_header_id|>\n\nIf (G,.) is a group such that (ab)^-1 = a^-1b^-1, for all a, b in G, then G is a/an\n\nPlease CONCISELY answer the question in English WITHOUT reasoning or explanation.<|eot_id|><|start_header_id|>assistant<|'
Warning: Decoded text differs from trimmed prompt
  Trimmed prompt length: 446, Decoded text length: 445
[DEBUG] First difference at position 182: prompt=' ', decoded='.'
[DEBUG] Context: prompt='<|begin_of_text|><|start_header_id|>system<|end_header_id|>\n\nCutting Knowledge Date: December 2023\nToday Date: 26 Jul 2024\n\n<|eot_id|><|start_header_id|>user<|end_header_id|>\n\nIf (G, .) is a group such that (ab)^-1 = a^-1b^-1, for all a, b in G, then G is a/an\n\nPlease CONCISELY answer the question in English WITHOUT reasoning or explanation.<|eot_id|><|start_header_id|>assistant<', decoded='<|begin_of_text|><|start_header_id|>system<|end_header_id|>\n\nCutting Knowledge Date: December 2023\nToday Date: 26 Jul 2024\n\n<|eot_id|><|start_header_id|>user<|end_header_id|>\n\nIf (G,.) is a group such that (ab)^-1 = a^-1b^-1, for all a, b in G, then G is a/an\n\nPlease CONCISELY answer the question in English WITHOUT reasoning or explanation.<|eot_id|><|start_header_id|>assistant<|'
Perplexity: Written 45/85610 entries to perplexity result file (batch 5/9513)
Processing batch 6/9513
Perplexity: Written 54/85610 entries to perplexity result file (batch 6/9513)
Processing batch 7/9513
Perplexity: Written 63/85610 entries to perplexity result file (batch 7/9513)
Processing batch 8/9513
Perplexity: Written 72/85610 entries to perplexity result file (batch 8/9513)
Processing batch 9/9513
Perplexity: Written 81/85610 entries to perplexity result file (batch 9/9513)
Processing batch 10/9513
Perplexity: Written 90/85610 entries to perplexity result file (batch 10/9513)
Processing batch 11/9513
Warning: Decoded text differs from trimmed prompt
  Trimmed prompt length: 524, Decoded text length: 523
[DEBUG] First difference at position 214: prompt=' ', decoded='.'
[DEBUG] Context: prompt='t|><|start_header_id|>system<|end_header_id|>\n\nCutting Knowledge Date: December 2023\nToday Date: 26 Jul 2024\n\n<|eot_id|><|start_header_id|>user<|end_header_id|>\n\nStatement 1 | For n > 1, the set {1,2, ..., n-1} is a group under multiplication modulo n. Statement 2 | There is an integer x such that 63x mod 100 = 1.\n\nPlease CONCISELY answer the question in English WITHOUT reasoning or explanation.<|', decoded='t|><|start_header_id|>system<|end_header_id|>\n\nCutting Knowledge Date: December 2023\nToday Date: 26 Jul 2024\n\n<|eot_id|><|start_header_id|>user<|end_header_id|>\n\nStatement 1 | For n > 1, the set {1,2,..., n-1} is a group under multiplication modulo n. Statement 2 | There is an integer x such that 63x mod 100 = 1.\n\nPlease CONCISELY answer the question in English WITHOUT reasoning or explanation.<|e'
Warning: Decoded text differs from trimmed prompt
  Trimmed prompt length: 523, Decoded text length: 522
[DEBUG] First difference at position 214: prompt=' ', decoded='.'
[DEBUG] Context: prompt='t|><|start_header_id|>system<|end_header_id|>\n\nCutting Knowledge Date: December 2023\nToday Date: 26 Jul 2024\n\n<|eot_id|><|start_header_id|>user<|end_header_id|>\n\nStatement 1 | For n > 1, the set {1,2, ..., n-1} is a group under multiplication modulo n. Statement 2 | There is an integer x such that 63x mod 100 = 1.\n\nPlease CONCISELY answer the question in English WITHOUT reasoning or explanation.<|', decoded='t|><|start_header_id|>system<|end_header_id|>\n\nCutting Knowledge Date: December 2023\nToday Date: 26 Jul 2024\n\n<|eot_id|><|start_header_id|>user<|end_header_id|>\n\nStatement 1 | For n > 1, the set {1,2,..., n-1} is a group under multiplication modulo n. Statement 2 | There is an integer x such that 63x mod 100 = 1.\n\nPlease CONCISELY answer the question in English WITHOUT reasoning or explanation.<|e'
Perplexity: Written 99/85610 entries to perplexity result file (batch 11/9513)
Processing batch 12/9513
Perplexity: Written 108/85610 entries to perplexity result file (batch 12/9513)
Processing batch 13/9513
Perplexity: Written 117/85610 entries to perplexity result file (batch 13/9513)
Processing batch 14/9513
Perplexity: Written 126/85610 entries to perplexity result file (batch 14/9513)
Processing batch 15/9513
Perplexity: Written 135/85610 entries to perplexity result file (batch 15/9513)
Processing batch 16/9513
Perplexity: Written 144/85610 entries to perplexity result file (batch 16/9513)
Processing batch 17/9513
Perplexity: Written 153/85610 entries to perplexity result file (batch 17/9513)
Processing batch 18/9513
Perplexity: Written 162/85610 entries to perplexity result file (batch 18/9513)
Processing batch 19/9513
Perplexity: Written 171/85610 entries to perplexity result file (batch 19/9513)
Processing batch 20/9513
Perplexity: Written 180/85610 entries to perplexity result file (batch 20/9513)
Processing batch 21/9513
Perplexity: Written 189/85610 entries to perplexity result file (batch 21/9513)
Processing batch 22/9513
Perplexity: Written 198/85610 entries to perplexity result file (batch 22/9513)
Processing batch 23/9513
Perplexity: Written 207/85610 entries to perplexity result file (batch 23/9513)
Processing batch 24/9513
Perplexity: Written 216/85610 entries to perplexity result file (batch 24/9513)
Processing batch 25/9513
Perplexity: Written 225/85610 entries to perplexity result file (batch 25/9513)
Processing batch 26/9513
Perplexity: Written 234/85610 entries to perplexity result file (batch 26/9513)
Processing batch 27/9513
Perplexity: Written 243/85610 entries to perplexity result file (batch 27/9513)
Processing batch 28/9513
Perplexity: Written 252/85610 entries to perplexity result file (batch 28/9513)
Processing batch 29/9513
Perplexity: Written 261/85610 entries to perplexity result file (batch 29/9513)
Processing batch 30/9513
Perplexity: Written 270/85610 entries to perplexity result file (batch 30/9513)
Processing batch 31/9513
Perplexity: Written 279/85610 entries to perplexity result file (batch 31/9513)
Processing batch 32/9513
Perplexity: Written 288/85610 entries to perplexity result file (batch 32/9513)
Processing batch 33/9513
Perplexity: Written 297/85610 entries to perplexity result file (batch 33/9513)
Processing batch 34/9513
Perplexity: Written 306/85610 entries to perplexity result file (batch 34/9513)
Processing batch 35/9513
Perplexity: Written 315/85610 entries to perplexity result file (batch 35/9513)
Processing batch 36/9513
Perplexity: Written 324/85610 entries to perplexity result file (batch 36/9513)
Processing batch 37/9513
Perplexity: Written 333/85610 entries to perplexity result file (batch 37/9513)
Processing batch 38/9513
Perplexity: Written 342/85610 entries to perplexity result file (batch 38/9513)
Processing batch 39/9513
Warning: Decoded text differs from trimmed prompt
  Trimmed prompt length: 397, Decoded text length: 396
[DEBUG] First difference at position 205: prompt=' ', decoded='.'
[DEBUG] Context: prompt='in_of_text|><|start_header_id|>system<|end_header_id|>\n\nCutting Knowledge Date: December 2023\nToday Date: 26 Jul 2024\n\n<|eot_id|><|start_header_id|>user<|end_header_id|>\n\nThe Large Magellanic Cloud is ...\n\nPlease CONCISELY answer the question in English WITHOUT reasoning or explanation.<|eot_id|><|start_header_id|>assistant<|end_header_id|>\n\na dwarf galaxy orbiting the Milky Way.<|eot_id|>', decoded='in_of_text|><|start_header_id|>system<|end_header_id|>\n\nCutting Knowledge Date: December 2023\nToday Date: 26 Jul 2024\n\n<|eot_id|><|start_header_id|>user<|end_header_id|>\n\nThe Large Magellanic Cloud is...\n\nPlease CONCISELY answer the question in English WITHOUT reasoning or explanation.<|eot_id|><|start_header_id|>assistant<|end_header_id|>\n\na dwarf galaxy orbiting the Milky Way.<|eot_id|>'
Warning: Decoded text differs from trimmed prompt
  Trimmed prompt length: 403, Decoded text length: 402
[DEBUG] First difference at position 205: prompt=' ', decoded='.'
[DEBUG] Context: prompt='in_of_text|><|start_header_id|>system<|end_header_id|>\n\nCutting Knowledge Date: December 2023\nToday Date: 26 Jul 2024\n\n<|eot_id|><|start_header_id|>user<|end_header_id|>\n\nThe Large Magellanic Cloud is ...\n\nPlease CONCISELY answer the question in English WITHOUT reasoning or explanation.<|eot_id|><|start_header_id|>assistant<|end_header_id|>\n\na the closest planetary nebula to the Earth.<|eot_id|>', decoded='in_of_text|><|start_header_id|>system<|end_header_id|>\n\nCutting Knowledge Date: December 2023\nToday Date: 26 Jul 2024\n\n<|eot_id|><|start_header_id|>user<|end_header_id|>\n\nThe Large Magellanic Cloud is...\n\nPlease CONCISELY answer the question in English WITHOUT reasoning or explanation.<|eot_id|><|start_header_id|>assistant<|end_header_id|>\n\na the closest planetary nebula to the Earth.<|eot_id|>'
Perplexity: Written 351/85610 entries to perplexity result file (batch 39/9513)
Processing batch 40/9513
Perplexity: Written 360/85610 entries to perplexity result file (batch 40/9513)
Processing batch 41/9513
Perplexity: Written 369/85610 entries to perplexity result file (batch 41/9513)
Processing batch 42/9513
Warning: Decoded text differs from trimmed prompt
  Trimmed prompt length: 458, Decoded text length: 457
[DEBUG] First difference at position 223: prompt=' ', decoded='.'
[DEBUG] Context: prompt='t_header_id|>system<|end_header_id|>\n\nCutting Knowledge Date: December 2023\nToday Date: 26 Jul 2024\n\n<|eot_id|><|start_header_id|>user<|end_header_id|>\n\nThe so-called dark energy is a model to explain ...\n\nPlease CONCISELY answer the question in English WITHOUT reasoning or explanation.<|eot_id|><|start_header_id|>assistant<|end_header_id|>\n\nThe so-called dark energy is a model to explain the acce', decoded='t_header_id|>system<|end_header_id|>\n\nCutting Knowledge Date: December 2023\nToday Date: 26 Jul 2024\n\n<|eot_id|><|start_header_id|>user<|end_header_id|>\n\nThe so-called dark energy is a model to explain...\n\nPlease CONCISELY answer the question in English WITHOUT reasoning or explanation.<|eot_id|><|start_header_id|>assistant<|end_header_id|>\n\nThe so-called dark energy is a model to explain the accel'
Warning: Decoded text differs from trimmed prompt
  Trimmed prompt length: 466, Decoded text length: 465
[DEBUG] First difference at position 223: prompt=' ', decoded='.'
[DEBUG] Context: prompt='t_header_id|>system<|end_header_id|>\n\nCutting Knowledge Date: December 2023\nToday Date: 26 Jul 2024\n\n<|eot_id|><|start_header_id|>user<|end_header_id|>\n\nThe so-called dark energy is a model to explain ...\n\nPlease CONCISELY answer the question in English WITHOUT reasoning or explanation.<|eot_id|><|start_header_id|>assistant<|end_header_id|>\n\nThe so-called dark energy is a model to explain the micr', decoded='t_header_id|>system<|end_header_id|>\n\nCutting Knowledge Date: December 2023\nToday Date: 26 Jul 2024\n\n<|eot_id|><|start_header_id|>user<|end_header_id|>\n\nThe so-called dark energy is a model to explain...\n\nPlease CONCISELY answer the question in English WITHOUT reasoning or explanation.<|eot_id|><|start_header_id|>assistant<|end_header_id|>\n\nThe so-called dark energy is a model to explain the micro'
Perplexity: Written 378/85610 entries to perplexity result file (batch 42/9513)
Processing batch 43/9513
Perplexity: Written 387/85610 entries to perplexity result file (batch 43/9513)
Processing batch 44/9513
Perplexity: Written 396/85610 entries to perplexity result file (batch 44/9513)
Processing batch 45/9513
Perplexity: Written 405/85610 entries to perplexity result file (batch 45/9513)
Processing batch 46/9513
Perplexity: Written 414/85610 entries to perplexity result file (batch 46/9513)
Processing batch 47/9513
Perplexity: Written 423/85610 entries to perplexity result file (batch 47/9513)
Processing batch 48/9513
Perplexity: Written 432/85610 entries to perplexity result file (batch 48/9513)
Processing batch 49/9513
Perplexity: Written 441/85610 entries to perplexity result file (batch 49/9513)
Processing batch 50/9513
Warning: Decoded text differs from trimmed prompt
  Trimmed prompt length: 403, Decoded text length: 402
[DEBUG] First difference at position 237: prompt=' ', decoded='.'
[DEBUG] Context: prompt='ystem<|end_header_id|>\n\nCutting Knowledge Date: December 2023\nToday Date: 26 Jul 2024\n\n<|eot_id|><|start_header_id|>user<|end_header_id|>\n\nThe term Schwarzschild radius usually describes properties of ...\n\nPlease CONCISELY answer the question in English WITHOUT reasoning or explanation.<|eot_id|><|start_header_id|>assistant<|end_header_id|>\n\nblack holes.<|eot_id|>', decoded='ystem<|end_header_id|>\n\nCutting Knowledge Date: December 2023\nToday Date: 26 Jul 2024\n\n<|eot_id|><|start_header_id|>user<|end_header_id|>\n\nThe term Schwarzschild radius usually describes properties of...\n\nPlease CONCISELY answer the question in English WITHOUT reasoning or explanation.<|eot_id|><|start_header_id|>assistant<|end_header_id|>\n\nblack holes.<|eot_id|>'
Warning: Decoded text differs from trimmed prompt
  Trimmed prompt length: 400, Decoded text length: 399
[DEBUG] First difference at position 237: prompt=' ', decoded='.'
[DEBUG] Context: prompt='ystem<|end_header_id|>\n\nCutting Knowledge Date: December 2023\nToday Date: 26 Jul 2024\n\n<|eot_id|><|start_header_id|>user<|end_header_id|>\n\nThe term Schwarzschild radius usually describes properties of ...\n\nPlease CONCISELY answer the question in English WITHOUT reasoning or explanation.<|eot_id|><|start_header_id|>assistant<|end_header_id|>\n\ngalaxies.<|eot_id|>', decoded='ystem<|end_header_id|>\n\nCutting Knowledge Date: December 2023\nToday Date: 26 Jul 2024\n\n<|eot_id|><|start_header_id|>user<|end_header_id|>\n\nThe term Schwarzschild radius usually describes properties of...\n\nPlease CONCISELY answer the question in English WITHOUT reasoning or explanation.<|eot_id|><|start_header_id|>assistant<|end_header_id|>\n\ngalaxies.<|eot_id|>'
Perplexity: Written 450/85610 entries to perplexity result file (batch 50/9513)
Processing batch 51/9513
Warning: Decoded text differs from trimmed prompt
  Trimmed prompt length: 379, Decoded text length: 378
[DEBUG] First difference at position 208: prompt=' ', decoded='.'
[DEBUG] Context: prompt='of_text|><|start_header_id|>system<|end_header_id|>\n\nCutting Knowledge Date: December 2023\nToday Date: 26 Jul 2024\n\n<|eot_id|><|start_header_id|>user<|end_header_id|>\n\nThe two moons of Mars are called ...\n\nPlease CONCISELY answer the question in English WITHOUT reasoning or explanation.<|eot_id|><|start_header_id|>assistant<|end_header_id|>\n\nPhobos and Deimos<|eot_id|>', decoded='of_text|><|start_header_id|>system<|end_header_id|>\n\nCutting Knowledge Date: December 2023\nToday Date: 26 Jul 2024\n\n<|eot_id|><|start_header_id|>user<|end_header_id|>\n\nThe two moons of Mars are called...\n\nPlease CONCISELY answer the question in English WITHOUT reasoning or explanation.<|eot_id|><|start_header_id|>assistant<|end_header_id|>\n\nPhobos and Deimos<|eot_id|>'
Warning: Decoded text differs from trimmed prompt
  Trimmed prompt length: 379, Decoded text length: 378
[DEBUG] First difference at position 208: prompt=' ', decoded='.'
[DEBUG] Context: prompt='of_text|><|start_header_id|>system<|end_header_id|>\n\nCutting Knowledge Date: December 2023\nToday Date: 26 Jul 2024\n\n<|eot_id|><|start_header_id|>user<|end_header_id|>\n\nThe two moons of Mars are called ...\n\nPlease CONCISELY answer the question in English WITHOUT reasoning or explanation.<|eot_id|><|start_header_id|>assistant<|end_header_id|>\n\nTritos and Desmos<|eot_id|>', decoded='of_text|><|start_header_id|>system<|end_header_id|>\n\nCutting Knowledge Date: December 2023\nToday Date: 26 Jul 2024\n\n<|eot_id|><|start_header_id|>user<|end_header_id|>\n\nThe two moons of Mars are called...\n\nPlease CONCISELY answer the question in English WITHOUT reasoning or explanation.<|eot_id|><|start_header_id|>assistant<|end_header_id|>\n\nTritos and Desmos<|eot_id|>'
Perplexity: Written 459/85610 entries to perplexity result file (batch 51/9513)
Processing batch 52/9513
Warning: Decoded text differs from trimmed prompt
  Trimmed prompt length: 413, Decoded text length: 412
[DEBUG] First difference at position 193: prompt=' ', decoded='.'
[DEBUG] Context: prompt='<|begin_of_text|><|start_header_id|>system<|end_header_id|>\n\nCutting Knowledge Date: December 2023\nToday Date: 26 Jul 2024\n\n<|eot_id|><|start_header_id|>user<|end_header_id|>\n\nThe constellation ... is a bright W-shaped constellation in the northern sky.\n\nPlease CONCISELY answer the question in English WITHOUT reasoning or explanation.<|eot_id|><|start_header_id|>assistant<|end_header_id|>\n\n', decoded='<|begin_of_text|><|start_header_id|>system<|end_header_id|>\n\nCutting Knowledge Date: December 2023\nToday Date: 26 Jul 2024\n\n<|eot_id|><|start_header_id|>user<|end_header_id|>\n\nThe constellation... is a bright W-shaped constellation in the northern sky.\n\nPlease CONCISELY answer the question in English WITHOUT reasoning or explanation.<|eot_id|><|start_header_id|>assistant<|end_header_id|>\n\nC'
Warning: Decoded text differs from trimmed prompt
  Trimmed prompt length: 410, Decoded text length: 409
[DEBUG] First difference at position 193: prompt=' ', decoded='.'
[DEBUG] Context: prompt='<|begin_of_text|><|start_header_id|>system<|end_header_id|>\n\nCutting Knowledge Date: December 2023\nToday Date: 26 Jul 2024\n\n<|eot_id|><|start_header_id|>user<|end_header_id|>\n\nThe constellation ... is a bright W-shaped constellation in the northern sky.\n\nPlease CONCISELY answer the question in English WITHOUT reasoning or explanation.<|eot_id|><|start_header_id|>assistant<|end_header_id|>\n\n', decoded='<|begin_of_text|><|start_header_id|>system<|end_header_id|>\n\nCutting Knowledge Date: December 2023\nToday Date: 26 Jul 2024\n\n<|eot_id|><|start_header_id|>user<|end_header_id|>\n\nThe constellation... is a bright W-shaped constellation in the northern sky.\n\nPlease CONCISELY answer the question in English WITHOUT reasoning or explanation.<|eot_id|><|start_header_id|>assistant<|end_header_id|>\n\nC'
Perplexity: Written 468/85610 entries to perplexity result file (batch 52/9513)
Processing batch 53/9513
Warning: Decoded text differs from trimmed prompt
  Trimmed prompt length: 470, Decoded text length: 469
[DEBUG] First difference at position 196: prompt=' ', decoded='.'
[DEBUG] Context: prompt='<|begin_of_text|><|start_header_id|>system<|end_header_id|>\n\nCutting Knowledge Date: December 2023\nToday Date: 26 Jul 2024\n\n<|eot_id|><|start_header_id|>user<|end_header_id|>\n\n20000 years from now ...\n\nPlease CONCISELY answer the question in English WITHOUT reasoning or explanation.<|eot_id|><|start_header_id|>assistant<|end_header_id|>\n\nHuman civilization is long gone, replaced by the Moon wi', decoded='<|begin_of_text|><|start_header_id|>system<|end_header_id|>\n\nCutting Knowledge Date: December 2023\nToday Date: 26 Jul 2024\n\n<|eot_id|><|start_header_id|>user<|end_header_id|>\n\n20000 years from now...\n\nPlease CONCISELY answer the question in English WITHOUT reasoning or explanation.<|eot_id|><|start_header_id|>assistant<|end_header_id|>\n\nHuman civilization is long gone, replaced by the Moon wil'
Warning: Decoded text differs from trimmed prompt
  Trimmed prompt length: 471, Decoded text length: 470
[DEBUG] First difference at position 196: prompt=' ', decoded='.'
[DEBUG] Context: prompt='<|begin_of_text|><|start_header_id|>system<|end_header_id|>\n\nCutting Knowledge Date: December 2023\nToday Date: 26 Jul 2024\n\n<|eot_id|><|start_header_id|>user<|end_header_id|>\n\n20000 years from now ...\n\nPlease CONCISELY answer the question in English WITHOUT reasoning or explanation.<|eot_id|><|start_header_id|>assistant<|end_header_id|>\n\nHuman civilization is long gone, replaced by the Moon wi', decoded='<|begin_of_text|><|start_header_id|>system<|end_header_id|>\n\nCutting Knowledge Date: December 2023\nToday Date: 26 Jul 2024\n\n<|eot_id|><|start_header_id|>user<|end_header_id|>\n\n20000 years from now...\n\nPlease CONCISELY answer the question in English WITHOUT reasoning or explanation.<|eot_id|><|start_header_id|>assistant<|end_header_id|>\n\nHuman civilization is long gone, replaced by the Moon wil'
Perplexity: Written 477/85610 entries to perplexity result file (batch 53/9513)
Processing batch 54/9513
Warning: Decoded text differs from trimmed prompt
  Trimmed prompt length: 448, Decoded text length: 447
[DEBUG] First difference at position 236: prompt=' ', decoded='.'
[DEBUG] Context: prompt='system<|end_header_id|>\n\nCutting Knowledge Date: December 2023\nToday Date: 26 Jul 2024\n\n<|eot_id|><|start_header_id|>user<|end_header_id|>\n\nThe axis of the Earth is tilted at an angle of approximately ... relative to the orbital plane around the Sun.\n\nPlease CONCISELY answer the question in English WITHOUT reasoning or explanation.<|eot_id|><|start_header_id|>assistant<|end_header_id|>\n\n23.5 degre', decoded='system<|end_header_id|>\n\nCutting Knowledge Date: December 2023\nToday Date: 26 Jul 2024\n\n<|eot_id|><|start_header_id|>user<|end_header_id|>\n\nThe axis of the Earth is tilted at an angle of approximately... relative to the orbital plane around the Sun.\n\nPlease CONCISELY answer the question in English WITHOUT reasoning or explanation.<|eot_id|><|start_header_id|>assistant<|end_header_id|>\n\n23.5 degree'
Warning: Decoded text differs from trimmed prompt
  Trimmed prompt length: 448, Decoded text length: 447
[DEBUG] First difference at position 236: prompt=' ', decoded='.'
[DEBUG] Context: prompt='system<|end_header_id|>\n\nCutting Knowledge Date: December 2023\nToday Date: 26 Jul 2024\n\n<|eot_id|><|start_header_id|>user<|end_header_id|>\n\nThe axis of the Earth is tilted at an angle of approximately ... relative to the orbital plane around the Sun.\n\nPlease CONCISELY answer the question in English WITHOUT reasoning or explanation.<|eot_id|><|start_header_id|>assistant<|end_header_id|>\n\n20.3 degre', decoded='system<|end_header_id|>\n\nCutting Knowledge Date: December 2023\nToday Date: 26 Jul 2024\n\n<|eot_id|><|start_header_id|>user<|end_header_id|>\n\nThe axis of the Earth is tilted at an angle of approximately... relative to the orbital plane around the Sun.\n\nPlease CONCISELY answer the question in English WITHOUT reasoning or explanation.<|eot_id|><|start_header_id|>assistant<|end_header_id|>\n\n20.3 degree'
Perplexity: Written 486/85610 entries to perplexity result file (batch 54/9513)
Processing batch 55/9513
Perplexity: Written 495/85610 entries to perplexity result file (batch 55/9513)
Processing batch 56/9513
Perplexity: Written 504/85610 entries to perplexity result file (batch 56/9513)
Processing batch 57/9513
Perplexity: Written 513/85610 entries to perplexity result file (batch 57/9513)
Processing batch 58/9513
Perplexity: Written 522/85610 entries to perplexity result file (batch 58/9513)
Processing batch 59/9513
Perplexity: Written 531/85610 entries to perplexity result file (batch 59/9513)
Processing batch 60/9513
Warning: Decoded text differs from trimmed prompt
  Trimmed prompt length: 396, Decoded text length: 395
[DEBUG] First difference at position 228: prompt=' ', decoded='.'
[DEBUG] Context: prompt='der_id|>system<|end_header_id|>\n\nCutting Knowledge Date: December 2023\nToday Date: 26 Jul 2024\n\n<|eot_id|><|start_header_id|>user<|end_header_id|>\n\nOne astronomical unit (AU) is equal to approximately ...\n\nPlease CONCISELY answer the question in English WITHOUT reasoning or explanation.<|eot_id|><|start_header_id|>assistant<|end_header_id|>\n\n150 million km<|eot_id|>', decoded='der_id|>system<|end_header_id|>\n\nCutting Knowledge Date: December 2023\nToday Date: 26 Jul 2024\n\n<|eot_id|><|start_header_id|>user<|end_header_id|>\n\nOne astronomical unit (AU) is equal to approximately...\n\nPlease CONCISELY answer the question in English WITHOUT reasoning or explanation.<|eot_id|><|start_header_id|>assistant<|end_header_id|>\n\n150 million km<|eot_id|>'
Warning: Decoded text differs from trimmed prompt
  Trimmed prompt length: 396, Decoded text length: 395
[DEBUG] First difference at position 228: prompt=' ', decoded='.'
[DEBUG] Context: prompt='der_id|>system<|end_header_id|>\n\nCutting Knowledge Date: December 2023\nToday Date: 26 Jul 2024\n\n<|eot_id|><|start_header_id|>user<|end_header_id|>\n\nOne astronomical unit (AU) is equal to approximately ...\n\nPlease CONCISELY answer the question in English WITHOUT reasoning or explanation.<|eot_id|><|start_header_id|>assistant<|end_header_id|>\n\n170 million km<|eot_id|>', decoded='der_id|>system<|end_header_id|>\n\nCutting Knowledge Date: December 2023\nToday Date: 26 Jul 2024\n\n<|eot_id|><|start_header_id|>user<|end_header_id|>\n\nOne astronomical unit (AU) is equal to approximately...\n\nPlease CONCISELY answer the question in English WITHOUT reasoning or explanation.<|eot_id|><|start_header_id|>assistant<|end_header_id|>\n\n170 million km<|eot_id|>'
Perplexity: Written 540/85610 entries to perplexity result file (batch 60/9513)
Processing batch 61/9513
Perplexity: Written 549/85610 entries to perplexity result file (batch 61/9513)
Processing batch 62/9513
Perplexity: Written 558/85610 entries to perplexity result file (batch 62/9513)
Processing batch 63/9513
Perplexity: Written 567/85610 entries to perplexity result file (batch 63/9513)
Processing batch 64/9513
Perplexity: Written 576/85610 entries to perplexity result file (batch 64/9513)
Processing batch 65/9513
Perplexity: Written 585/85610 entries to perplexity result file (batch 65/9513)
Processing batch 66/9513
Perplexity: Written 594/85610 entries to perplexity result file (batch 66/9513)
Processing batch 67/9513
Perplexity: Written 603/85610 entries to perplexity result file (batch 67/9513)
Processing batch 68/9513
Perplexity: Written 612/85610 entries to perplexity result file (batch 68/9513)
Processing batch 69/9513
Warning: Decoded text differs from trimmed prompt
  Trimmed prompt length: 730, Decoded text length: 729
[DEBUG] First difference at position 355: prompt=' ', decoded=','
[DEBUG] Context: prompt='er<|end_header_id|>\n\n_______, where actors are convinced that their actions harms nobody, _______ where actors argue that their norm violation is an attempt to realize higher-order values and ________ , where actors argue they are owed something, are all strategies for justifying or denying unethical behaviour.\n\nPlease CONCISELY answer the question in English WITHOUT reasoning or explanation.<|eot', decoded='er<|end_header_id|>\n\n_______, where actors are convinced that their actions harms nobody, _______ where actors argue that their norm violation is an attempt to realize higher-order values and ________, where actors argue they are owed something, are all strategies for justifying or denying unethical behaviour.\n\nPlease CONCISELY answer the question in English WITHOUT reasoning or explanation.<|eot_'
Warning: Decoded text differs from trimmed prompt
  Trimmed prompt length: 730, Decoded text length: 729
[DEBUG] First difference at position 355: prompt=' ', decoded=','
[DEBUG] Context: prompt='er<|end_header_id|>\n\n_______, where actors are convinced that their actions harms nobody, _______ where actors argue that their norm violation is an attempt to realize higher-order values and ________ , where actors argue they are owed something, are all strategies for justifying or denying unethical behaviour.\n\nPlease CONCISELY answer the question in English WITHOUT reasoning or explanation.<|eot', decoded='er<|end_header_id|>\n\n_______, where actors are convinced that their actions harms nobody, _______ where actors argue that their norm violation is an attempt to realize higher-order values and ________, where actors argue they are owed something, are all strategies for justifying or denying unethical behaviour.\n\nPlease CONCISELY answer the question in English WITHOUT reasoning or explanation.<|eot_'
Perplexity: Written 621/85610 entries to perplexity result file (batch 69/9513)
Processing batch 70/9513
Perplexity: Written 630/85610 entries to perplexity result file (batch 70/9513)
Processing batch 71/9513
Warning: Decoded text differs from trimmed prompt
  Trimmed prompt length: 462, Decoded text length: 461
[DEBUG] First difference at position 248: prompt=' ', decoded="'"
[DEBUG] Context: prompt="header_id|>\n\nCutting Knowledge Date: December 2023\nToday Date: 26 Jul 2024\n\n<|eot_id|><|start_header_id|>user<|end_header_id|>\n\n_______ locate morality beyond the sphere of rationality in an emotional 'moral impulse' towards others.\n\nPlease CONCISELY answer the question in English WITHOUT reasoning or explanation.<|eot_id|><|start_header_id|>assistant<|end_header_id|>\n\nThe answer is Postmodern eth", decoded="header_id|>\n\nCutting Knowledge Date: December 2023\nToday Date: 26 Jul 2024\n\n<|eot_id|><|start_header_id|>user<|end_header_id|>\n\n_______ locate morality beyond the sphere of rationality in an emotional'moral impulse' towards others.\n\nPlease CONCISELY answer the question in English WITHOUT reasoning or explanation.<|eot_id|><|start_header_id|>assistant<|end_header_id|>\n\nThe answer is Postmodern ethi"
Warning: Decoded text differs from trimmed prompt
  Trimmed prompt length: 459, Decoded text length: 458
[DEBUG] First difference at position 248: prompt=' ', decoded="'"
[DEBUG] Context: prompt="header_id|>\n\nCutting Knowledge Date: December 2023\nToday Date: 26 Jul 2024\n\n<|eot_id|><|start_header_id|>user<|end_header_id|>\n\n_______ locate morality beyond the sphere of rationality in an emotional 'moral impulse' towards others.\n\nPlease CONCISELY answer the question in English WITHOUT reasoning or explanation.<|eot_id|><|start_header_id|>assistant<|end_header_id|>\n\nThe answer is Ethics of duty", decoded="header_id|>\n\nCutting Knowledge Date: December 2023\nToday Date: 26 Jul 2024\n\n<|eot_id|><|start_header_id|>user<|end_header_id|>\n\n_______ locate morality beyond the sphere of rationality in an emotional'moral impulse' towards others.\n\nPlease CONCISELY answer the question in English WITHOUT reasoning or explanation.<|eot_id|><|start_header_id|>assistant<|end_header_id|>\n\nThe answer is Ethics of duty."
Perplexity: Written 639/85610 entries to perplexity result file (batch 71/9513)
Processing batch 72/9513
Perplexity: Written 648/85610 entries to perplexity result file (batch 72/9513)
Processing batch 73/9513
Perplexity: Written 657/85610 entries to perplexity result file (batch 73/9513)
Processing batch 74/9513
Perplexity: Written 666/85610 entries to perplexity result file (batch 74/9513)
Processing batch 75/9513
Warning: Decoded text differs from trimmed prompt
  Trimmed prompt length: 403, Decoded text length: 402
[DEBUG] First difference at position 391: prompt=' ', decoded='.'
[DEBUG] Context: prompt='osed of:\n\nPlease CONCISELY answer the question in English WITHOUT reasoning or explanation.<|eot_id|><|start_header_id|>assistant<|end_header_id|>\n\ntriplet sequences of nucleotide bases in mRNA or DNA .<|eot_id|>', decoded='osed of:\n\nPlease CONCISELY answer the question in English WITHOUT reasoning or explanation.<|eot_id|><|start_header_id|>assistant<|end_header_id|>\n\ntriplet sequences of nucleotide bases in mRNA or DNA.<|eot_id|>'
Perplexity: Written 675/85610 entries to perplexity result file (batch 75/9513)
Processing batch 76/9513
Perplexity: Written 684/85610 entries to perplexity result file (batch 76/9513)
Processing batch 77/9513
Perplexity: Written 693/85610 entries to perplexity result file (batch 77/9513)
Processing batch 78/9513
Perplexity: Written 702/85610 entries to perplexity result file (batch 78/9513)
Processing batch 79/9513
Perplexity: Written 711/85610 entries to perplexity result file (batch 79/9513)
Processing batch 80/9513
Perplexity: Written 720/85610 entries to perplexity result file (batch 80/9513)
Processing batch 81/9513
Perplexity: Written 729/85610 entries to perplexity result file (batch 81/9513)
Processing batch 82/9513
Perplexity: Written 738/85610 entries to perplexity result file (batch 82/9513)
Processing batch 83/9513
Perplexity: Written 747/85610 entries to perplexity result file (batch 83/9513)
Processing batch 84/9513
Perplexity: Written 756/85610 entries to perplexity result file (batch 84/9513)
Processing batch 85/9513
Perplexity: Written 765/85610 entries to perplexity result file (batch 85/9513)
Processing batch 86/9513
Perplexity: Written 774/85610 entries to perplexity result file (batch 86/9513)
Processing batch 87/9513
Perplexity: Written 783/85610 entries to perplexity result file (batch 87/9513)
Processing batch 88/9513
Perplexity: Written 792/85610 entries to perplexity result file (batch 88/9513)
Processing batch 89/9513
Perplexity: Written 801/85610 entries to perplexity result file (batch 89/9513)
Processing batch 90/9513
Perplexity: Written 810/85610 entries to perplexity result file (batch 90/9513)
Processing batch 91/9513
Perplexity: Written 819/85610 entries to perplexity result file (batch 91/9513)
Processing batch 92/9513
Perplexity: Written 828/85610 entries to perplexity result file (batch 92/9513)
Processing batch 93/9513
Perplexity: Written 837/85610 entries to perplexity result file (batch 93/9513)
Processing batch 94/9513
Perplexity: Written 846/85610 entries to perplexity result file (batch 94/9513)
Processing batch 95/9513
Perplexity: Written 855/85610 entries to perplexity result file (batch 95/9513)
Processing batch 96/9513
Perplexity: Written 864/85610 entries to perplexity result file (batch 96/9513)
Processing batch 97/9513
Perplexity: Written 873/85610 entries to perplexity result file (batch 97/9513)
Processing batch 98/9513
Perplexity: Written 882/85610 entries to perplexity result file (batch 98/9513)
Processing batch 99/9513
Perplexity: Written 891/85610 entries to perplexity result file (batch 99/9513)
Processing batch 100/9513
Perplexity: Written 900/85610 entries to perplexity result file (batch 100/9513)
Processing batch 101/9513
Perplexity: Written 909/85610 entries to perplexity result file (batch 101/9513)
Processing batch 102/9513
Perplexity: Written 918/85610 entries to perplexity result file (batch 102/9513)
Processing batch 103/9513
Perplexity: Written 927/85610 entries to perplexity result file (batch 103/9513)
Processing batch 104/9513
Perplexity: Written 936/85610 entries to perplexity result file (batch 104/9513)
Processing batch 105/9513
Perplexity: Written 945/85610 entries to perplexity result file (batch 105/9513)
Processing batch 106/9513
Perplexity: Written 954/85610 entries to perplexity result file (batch 106/9513)
Processing batch 107/9513
Perplexity: Written 963/85610 entries to perplexity result file (batch 107/9513)
Processing batch 108/9513
Perplexity: Written 972/85610 entries to perplexity result file (batch 108/9513)
Processing batch 109/9513
Perplexity: Written 981/85610 entries to perplexity result file (batch 109/9513)
Processing batch 110/9513
Perplexity: Written 990/85610 entries to perplexity result file (batch 110/9513)
Processing batch 111/9513
Perplexity: Written 999/85610 entries to perplexity result file (batch 111/9513)
Processing batch 112/9513
Perplexity: Written 1008/85610 entries to perplexity result file (batch 112/9513)
Processing batch 113/9513
Perplexity: Written 1017/85610 entries to perplexity result file (batch 113/9513)
Processing batch 114/9513
Perplexity: Written 1026/85610 entries to perplexity result file (batch 114/9513)
Processing batch 115/9513
Perplexity: Written 1035/85610 entries to perplexity result file (batch 115/9513)
Processing batch 116/9513
Perplexity: Written 1044/85610 entries to perplexity result file (batch 116/9513)
Processing batch 117/9513
Perplexity: Written 1053/85610 entries to perplexity result file (batch 117/9513)
Processing batch 118/9513
Perplexity: Written 1062/85610 entries to perplexity result file (batch 118/9513)
Processing batch 119/9513
Perplexity: Written 1071/85610 entries to perplexity result file (batch 119/9513)
Processing batch 120/9513
Perplexity: Written 1080/85610 entries to perplexity result file (batch 120/9513)
Processing batch 121/9513
Perplexity: Written 1089/85610 entries to perplexity result file (batch 121/9513)
Processing batch 122/9513
Perplexity: Written 1098/85610 entries to perplexity result file (batch 122/9513)
Processing batch 123/9513
Perplexity: Written 1107/85610 entries to perplexity result file (batch 123/9513)
Processing batch 124/9513
Perplexity: Written 1116/85610 entries to perplexity result file (batch 124/9513)
Processing batch 125/9513
Perplexity: Written 1125/85610 entries to perplexity result file (batch 125/9513)
Processing batch 126/9513
Perplexity: Written 1134/85610 entries to perplexity result file (batch 126/9513)
Processing batch 127/9513
Perplexity: Written 1143/85610 entries to perplexity result file (batch 127/9513)
Processing batch 128/9513
Perplexity: Written 1152/85610 entries to perplexity result file (batch 128/9513)
Processing batch 129/9513
Perplexity: Written 1161/85610 entries to perplexity result file (batch 129/9513)
Processing batch 130/9513
Perplexity: Written 1170/85610 entries to perplexity result file (batch 130/9513)
Processing batch 131/9513
Perplexity: Written 1179/85610 entries to perplexity result file (batch 131/9513)
Processing batch 132/9513
Warning: Decoded text differs from trimmed prompt
  Trimmed prompt length: 643, Decoded text length: 642
[DEBUG] First difference at position 357: prompt=' ', decoded='?'
[DEBUG] Context: prompt='<|end_header_id|>\n\nLet A and B be two sets of words (strings) from Σ*, for some alphabet of symbols Σ. Suppose that B is a subset of A. Which of the following statements must always be true of A and B ?\nI. If A is finite, then B is finite.\nII. If A is regular, then B is regular.\nIII. If A is context-free, then B is context-free.\n\nPlease CONCISELY answer the question in English WITHOUT reasoning or', decoded='<|end_header_id|>\n\nLet A and B be two sets of words (strings) from Σ*, for some alphabet of symbols Σ. Suppose that B is a subset of A. Which of the following statements must always be true of A and B?\nI. If A is finite, then B is finite.\nII. If A is regular, then B is regular.\nIII. If A is context-free, then B is context-free.\n\nPlease CONCISELY answer the question in English WITHOUT reasoning or '
Warning: Decoded text differs from trimmed prompt
  Trimmed prompt length: 644, Decoded text length: 643
[DEBUG] First difference at position 357: prompt=' ', decoded='?'
[DEBUG] Context: prompt='<|end_header_id|>\n\nLet A and B be two sets of words (strings) from Σ*, for some alphabet of symbols Σ. Suppose that B is a subset of A. Which of the following statements must always be true of A and B ?\nI. If A is finite, then B is finite.\nII. If A is regular, then B is regular.\nIII. If A is context-free, then B is context-free.\n\nPlease CONCISELY answer the question in English WITHOUT reasoning or', decoded='<|end_header_id|>\n\nLet A and B be two sets of words (strings) from Σ*, for some alphabet of symbols Σ. Suppose that B is a subset of A. Which of the following statements must always be true of A and B?\nI. If A is finite, then B is finite.\nII. If A is regular, then B is regular.\nIII. If A is context-free, then B is context-free.\n\nPlease CONCISELY answer the question in English WITHOUT reasoning or '
Perplexity: Written 1188/85610 entries to perplexity result file (batch 132/9513)
Processing batch 133/9513
Perplexity: Written 1197/85610 entries to perplexity result file (batch 133/9513)
Processing batch 134/9513
Perplexity: Written 1206/85610 entries to perplexity result file (batch 134/9513)
Processing batch 135/9513
Perplexity: Written 1215/85610 entries to perplexity result file (batch 135/9513)
Processing batch 136/9513
Perplexity: Written 1224/85610 entries to perplexity result file (batch 136/9513)
Processing batch 137/9513
Perplexity: Written 1233/85610 entries to perplexity result file (batch 137/9513)
Processing batch 138/9513
Perplexity: Written 1242/85610 entries to perplexity result file (batch 138/9513)
Processing batch 139/9513
Perplexity: Written 1251/85610 entries to perplexity result file (batch 139/9513)
Processing batch 140/9513
Perplexity: Written 1260/85610 entries to perplexity result file (batch 140/9513)
Processing batch 141/9513
Perplexity: Written 1269/85610 entries to perplexity result file (batch 141/9513)
Processing batch 142/9513
Perplexity: Written 1278/85610 entries to perplexity result file (batch 142/9513)
Processing batch 143/9513
Perplexity: Written 1287/85610 entries to perplexity result file (batch 143/9513)
Processing batch 144/9513
Perplexity: Written 1296/85610 entries to perplexity result file (batch 144/9513)
Processing batch 145/9513
Perplexity: Written 1305/85610 entries to perplexity result file (batch 145/9513)
Processing batch 146/9513
Perplexity: Written 1314/85610 entries to perplexity result file (batch 146/9513)
Processing batch 147/9513
Perplexity: Written 1323/85610 entries to perplexity result file (batch 147/9513)
Processing batch 148/9513
Perplexity: Written 1332/85610 entries to perplexity result file (batch 148/9513)
Processing batch 149/9513
Perplexity: Written 1341/85610 entries to perplexity result file (batch 149/9513)
Processing batch 150/9513
Perplexity: Written 1350/85610 entries to perplexity result file (batch 150/9513)
Processing batch 151/9513
Perplexity: Written 1359/85610 entries to perplexity result file (batch 151/9513)
Processing batch 152/9513
Perplexity: Written 1368/85610 entries to perplexity result file (batch 152/9513)
Processing batch 153/9513
Perplexity: Written 1377/85610 entries to perplexity result file (batch 153/9513)
Processing batch 154/9513
Perplexity: Written 1386/85610 entries to perplexity result file (batch 154/9513)
Processing batch 155/9513
Perplexity: Written 1395/85610 entries to perplexity result file (batch 155/9513)
Processing batch 156/9513
Perplexity: Written 1404/85610 entries to perplexity result file (batch 156/9513)
Processing batch 157/9513
Perplexity: Written 1413/85610 entries to perplexity result file (batch 157/9513)
Processing batch 158/9513
Perplexity: Written 1422/85610 entries to perplexity result file (batch 158/9513)
Processing batch 159/9513
Perplexity: Written 1431/85610 entries to perplexity result file (batch 159/9513)
Processing batch 160/9513
Perplexity: Written 1440/85610 entries to perplexity result file (batch 160/9513)
Processing batch 161/9513
Perplexity: Written 1449/85610 entries to perplexity result file (batch 161/9513)
Processing batch 162/9513
Perplexity: Written 1458/85610 entries to perplexity result file (batch 162/9513)
Processing batch 163/9513
Perplexity: Written 1467/85610 entries to perplexity result file (batch 163/9513)
Processing batch 164/9513
Perplexity: Written 1476/85610 entries to perplexity result file (batch 164/9513)
Processing batch 165/9513
Perplexity: Written 1485/85610 entries to perplexity result file (batch 165/9513)
Processing batch 166/9513
Perplexity: Written 1494/85610 entries to perplexity result file (batch 166/9513)
Processing batch 167/9513
Perplexity: Written 1503/85610 entries to perplexity result file (batch 167/9513)
Processing batch 168/9513
Perplexity: Written 1512/85610 entries to perplexity result file (batch 168/9513)
Processing batch 169/9513
Perplexity: Written 1521/85610 entries to perplexity result file (batch 169/9513)
Processing batch 170/9513
Perplexity: Written 1530/85610 entries to perplexity result file (batch 170/9513)
Processing batch 171/9513
Perplexity: Written 1539/85610 entries to perplexity result file (batch 171/9513)
Processing batch 172/9513
Perplexity: Written 1548/85610 entries to perplexity result file (batch 172/9513)
Processing batch 173/9513
Perplexity: Written 1557/85610 entries to perplexity result file (batch 173/9513)
Processing batch 174/9513
Perplexity: Written 1566/85610 entries to perplexity result file (batch 174/9513)
Processing batch 175/9513
Perplexity: Written 1575/85610 entries to perplexity result file (batch 175/9513)
Processing batch 176/9513
Perplexity: Written 1584/85610 entries to perplexity result file (batch 176/9513)
Processing batch 177/9513
Perplexity: Written 1593/85610 entries to perplexity result file (batch 177/9513)
Processing batch 178/9513
Warning: Decoded text differs from trimmed prompt
  Trimmed prompt length: 452, Decoded text length: 451
[DEBUG] First difference at position 272: prompt=' ', decoded='?'
[DEBUG] Context: prompt='wledge Date: December 2023\nToday Date: 26 Jul 2024\n\n<|eot_id|><|start_header_id|>user<|end_header_id|>\n\nYou are given a message (m) and its OTP encryption (c). Can you compute the OTP key from m and c ?\n\nPlease CONCISELY answer the question in English WITHOUT reasoning or explanation.<|eot_id|><|start_header_id|>assistant<|end_header_id|>\n\nYes, the key is k = m xor c.<|eot_id|>', decoded='wledge Date: December 2023\nToday Date: 26 Jul 2024\n\n<|eot_id|><|start_header_id|>user<|end_header_id|>\n\nYou are given a message (m) and its OTP encryption (c). Can you compute the OTP key from m and c?\n\nPlease CONCISELY answer the question in English WITHOUT reasoning or explanation.<|eot_id|><|start_header_id|>assistant<|end_header_id|>\n\nYes, the key is k = m xor c.<|eot_id|>'
Warning: Decoded text differs from trimmed prompt
  Trimmed prompt length: 468, Decoded text length: 467
[DEBUG] First difference at position 272: prompt=' ', decoded='?'
[DEBUG] Context: prompt='wledge Date: December 2023\nToday Date: 26 Jul 2024\n\n<|eot_id|><|start_header_id|>user<|end_header_id|>\n\nYou are given a message (m) and its OTP encryption (c). Can you compute the OTP key from m and c ?\n\nPlease CONCISELY answer the question in English WITHOUT reasoning or explanation.<|eot_id|><|start_header_id|>assistant<|end_header_id|>\n\nI can only compute half the bits of the key.<|eot_id|>', decoded='wledge Date: December 2023\nToday Date: 26 Jul 2024\n\n<|eot_id|><|start_header_id|>user<|end_header_id|>\n\nYou are given a message (m) and its OTP encryption (c). Can you compute the OTP key from m and c?\n\nPlease CONCISELY answer the question in English WITHOUT reasoning or explanation.<|eot_id|><|start_header_id|>assistant<|end_header_id|>\n\nI can only compute half the bits of the key.<|eot_id|>'
Perplexity: Written 1602/85610 entries to perplexity result file (batch 178/9513)
Processing batch 179/9513
Perplexity: Written 1611/85610 entries to perplexity result file (batch 179/9513)
Processing batch 180/9513
Perplexity: Written 1620/85610 entries to perplexity result file (batch 180/9513)
Processing batch 181/9513
Perplexity: Written 1629/85610 entries to perplexity result file (batch 181/9513)
Processing batch 182/9513
Perplexity: Written 1638/85610 entries to perplexity result file (batch 182/9513)
Processing batch 183/9513
Perplexity: Written 1647/85610 entries to perplexity result file (batch 183/9513)
Processing batch 184/9513
Perplexity: Written 1656/85610 entries to perplexity result file (batch 184/9513)
Processing batch 185/9513
Perplexity: Written 1665/85610 entries to perplexity result file (batch 185/9513)
Processing batch 186/9513
Perplexity: Written 1674/85610 entries to perplexity result file (batch 186/9513)
Processing batch 187/9513
Perplexity: Written 1683/85610 entries to perplexity result file (batch 187/9513)
Processing batch 188/9513
Perplexity: Written 1692/85610 entries to perplexity result file (batch 188/9513)
Processing batch 189/9513
Perplexity: Written 1701/85610 entries to perplexity result file (batch 189/9513)
Processing batch 190/9513
Perplexity: Written 1710/85610 entries to perplexity result file (batch 190/9513)
Processing batch 191/9513
Perplexity: Written 1719/85610 entries to perplexity result file (batch 191/9513)
Processing batch 192/9513
Perplexity: Written 1728/85610 entries to perplexity result file (batch 192/9513)
Processing batch 193/9513
Perplexity: Written 1737/85610 entries to perplexity result file (batch 193/9513)
Processing batch 194/9513
Perplexity: Written 1746/85610 entries to perplexity result file (batch 194/9513)
Processing batch 195/9513
Perplexity: Written 1755/85610 entries to perplexity result file (batch 195/9513)
Processing batch 196/9513
Perplexity: Written 1764/85610 entries to perplexity result file (batch 196/9513)
Processing batch 197/9513
Perplexity: Written 1773/85610 entries to perplexity result file (batch 197/9513)
Processing batch 198/9513
Perplexity: Written 1782/85610 entries to perplexity result file (batch 198/9513)
Processing batch 199/9513
Perplexity: Written 1791/85610 entries to perplexity result file (batch 199/9513)
Processing batch 200/9513
Perplexity: Written 1800/85610 entries to perplexity result file (batch 200/9513)
Processing batch 201/9513
Perplexity: Written 1809/85610 entries to perplexity result file (batch 201/9513)
Processing batch 202/9513
Perplexity: Written 1818/85610 entries to perplexity result file (batch 202/9513)
Processing batch 203/9513
Perplexity: Written 1827/85610 entries to perplexity result file (batch 203/9513)
Processing batch 204/9513
Perplexity: Written 1836/85610 entries to perplexity result file (batch 204/9513)
Processing batch 205/9513
Perplexity: Written 1845/85610 entries to perplexity result file (batch 205/9513)
Processing batch 206/9513
Perplexity: Written 1854/85610 entries to perplexity result file (batch 206/9513)
Processing batch 207/9513
Perplexity: Written 1863/85610 entries to perplexity result file (batch 207/9513)
Processing batch 208/9513
Perplexity: Written 1872/85610 entries to perplexity result file (batch 208/9513)
Processing batch 209/9513
[WARNING] in lang en, index 1729: No tokens were selected by the answer mask for perplexity calculation, setting perplexity to 1.0.
Perplexity: Written 1881/85610 entries to perplexity result file (batch 209/9513)
Processing batch 210/9513
Perplexity: Written 1890/85610 entries to perplexity result file (batch 210/9513)
Processing batch 211/9513
Perplexity: Written 1899/85610 entries to perplexity result file (batch 211/9513)
Processing batch 212/9513
Perplexity: Written 1908/85610 entries to perplexity result file (batch 212/9513)
Processing batch 213/9513
Perplexity: Written 1917/85610 entries to perplexity result file (batch 213/9513)
Processing batch 214/9513
Perplexity: Written 1926/85610 entries to perplexity result file (batch 214/9513)
Processing batch 215/9513
Perplexity: Written 1935/85610 entries to perplexity result file (batch 215/9513)
Processing batch 216/9513
Perplexity: Written 1944/85610 entries to perplexity result file (batch 216/9513)
Processing batch 217/9513
Perplexity: Written 1953/85610 entries to perplexity result file (batch 217/9513)
Processing batch 218/9513
Perplexity: Written 1962/85610 entries to perplexity result file (batch 218/9513)
Processing batch 219/9513
Perplexity: Written 1971/85610 entries to perplexity result file (batch 219/9513)
Processing batch 220/9513
Perplexity: Written 1980/85610 entries to perplexity result file (batch 220/9513)
Processing batch 221/9513
Perplexity: Written 1989/85610 entries to perplexity result file (batch 221/9513)
Processing batch 222/9513
Perplexity: Written 1998/85610 entries to perplexity result file (batch 222/9513)
Processing batch 223/9513
Perplexity: Written 2007/85610 entries to perplexity result file (batch 223/9513)
Processing batch 224/9513
Perplexity: Written 2016/85610 entries to perplexity result file (batch 224/9513)
Processing batch 225/9513
Perplexity: Written 2025/85610 entries to perplexity result file (batch 225/9513)
Processing batch 226/9513
Warning: Decoded text differs from trimmed prompt
  Trimmed prompt length: 752, Decoded text length: 751
[DEBUG] First difference at position 643: prompt=' ', decoded='.'
[DEBUG] Context: prompt='alculated?\n\nPlease CONCISELY answer the question in English WITHOUT reasoning or explanation.<|eot_id|><|start_header_id|>assistant<|end_header_id|>\n\nThe forecast can be obtained by producing 1, 2, 3, ..., 10 step ahead conditional variance forecasts and adding them up, then taking the square root.<|eot_id|>', decoded='alculated?\n\nPlease CONCISELY answer the question in English WITHOUT reasoning or explanation.<|eot_id|><|start_header_id|>assistant<|end_header_id|>\n\nThe forecast can be obtained by producing 1, 2, 3,..., 10 step ahead conditional variance forecasts and adding them up, then taking the square root.<|eot_id|>'
Warning: Decoded text differs from trimmed prompt
  Trimmed prompt length: 761, Decoded text length: 760
[DEBUG] First difference at position 643: prompt=' ', decoded='.'
[DEBUG] Context: prompt='alculated?\n\nPlease CONCISELY answer the question in English WITHOUT reasoning or explanation.<|eot_id|><|start_header_id|>assistant<|end_header_id|>\n\nThe forecast can be obtained by producing 1, 2, 3, ..., 10 step ahead conditional variance forecasts, taking the square roots of each one, and adding them up.<|eot_id|>', decoded='alculated?\n\nPlease CONCISELY answer the question in English WITHOUT reasoning or explanation.<|eot_id|><|start_header_id|>assistant<|end_header_id|>\n\nThe forecast can be obtained by producing 1, 2, 3,..., 10 step ahead conditional variance forecasts, taking the square roots of each one, and adding them up.<|eot_id|>'
Perplexity: Written 2034/85610 entries to perplexity result file (batch 226/9513)
Processing batch 227/9513
Perplexity: Written 2043/85610 entries to perplexity result file (batch 227/9513)
Processing batch 228/9513
Perplexity: Written 2052/85610 entries to perplexity result file (batch 228/9513)
Processing batch 229/9513
Perplexity: Written 2061/85610 entries to perplexity result file (batch 229/9513)
Processing batch 230/9513
Perplexity: Written 2070/85610 entries to perplexity result file (batch 230/9513)
Processing batch 231/9513
Perplexity: Written 2079/85610 entries to perplexity result file (batch 231/9513)
Processing batch 232/9513
Perplexity: Written 2088/85610 entries to perplexity result file (batch 232/9513)
Processing batch 233/9513
Perplexity: Written 2097/85610 entries to perplexity result file (batch 233/9513)
Processing batch 234/9513
Perplexity: Written 2106/85610 entries to perplexity result file (batch 234/9513)
Processing batch 235/9513
Perplexity: Written 2115/85610 entries to perplexity result file (batch 235/9513)
Processing batch 236/9513
Perplexity: Written 2124/85610 entries to perplexity result file (batch 236/9513)
Processing batch 237/9513
Perplexity: Written 2133/85610 entries to perplexity result file (batch 237/9513)
Processing batch 238/9513
Warning: Decoded text differs from trimmed prompt
  Trimmed prompt length: 389, Decoded text length: 388
[DEBUG] First difference at position 225: prompt=' ', decoded='?'
[DEBUG] Context: prompt='header_id|>system<|end_header_id|>\n\nCutting Knowledge Date: December 2023\nToday Date: 26 Jul 2024\n\n<|eot_id|><|start_header_id|>user<|end_header_id|>\n\nWhat is used to protect the SCR from over current ?\n\nPlease CONCISELY answer the question in English WITHOUT reasoning or explanation.<|eot_id|><|start_header_id|>assistant<|end_header_id|>\n\nCB and fuse.<|eot_id|>', decoded='header_id|>system<|end_header_id|>\n\nCutting Knowledge Date: December 2023\nToday Date: 26 Jul 2024\n\n<|eot_id|><|start_header_id|>user<|end_header_id|>\n\nWhat is used to protect the SCR from over current?\n\nPlease CONCISELY answer the question in English WITHOUT reasoning or explanation.<|eot_id|><|start_header_id|>assistant<|end_header_id|>\n\nCB and fuse.<|eot_id|>'
Warning: Decoded text differs from trimmed prompt
  Trimmed prompt length: 387, Decoded text length: 386
[DEBUG] First difference at position 225: prompt=' ', decoded='?'
[DEBUG] Context: prompt='header_id|>system<|end_header_id|>\n\nCutting Knowledge Date: December 2023\nToday Date: 26 Jul 2024\n\n<|eot_id|><|start_header_id|>user<|end_header_id|>\n\nWhat is used to protect the SCR from over current ?\n\nPlease CONCISELY answer the question in English WITHOUT reasoning or explanation.<|eot_id|><|start_header_id|>assistant<|end_header_id|>\n\nHeat sink.<|eot_id|>', decoded='header_id|>system<|end_header_id|>\n\nCutting Knowledge Date: December 2023\nToday Date: 26 Jul 2024\n\n<|eot_id|><|start_header_id|>user<|end_header_id|>\n\nWhat is used to protect the SCR from over current?\n\nPlease CONCISELY answer the question in English WITHOUT reasoning or explanation.<|eot_id|><|start_header_id|>assistant<|end_header_id|>\n\nHeat sink.<|eot_id|>'
Perplexity: Written 2142/85610 entries to perplexity result file (batch 238/9513)
Processing batch 239/9513
Perplexity: Written 2151/85610 entries to perplexity result file (batch 239/9513)
Processing batch 240/9513
Perplexity: Written 2160/85610 entries to perplexity result file (batch 240/9513)
Processing batch 241/9513
Perplexity: Written 2169/85610 entries to perplexity result file (batch 241/9513)
Processing batch 242/9513
Perplexity: Written 2178/85610 entries to perplexity result file (batch 242/9513)
Processing batch 243/9513
Perplexity: Written 2187/85610 entries to perplexity result file (batch 243/9513)
Processing batch 244/9513
Perplexity: Written 2196/85610 entries to perplexity result file (batch 244/9513)
Processing batch 245/9513
Perplexity: Written 2205/85610 entries to perplexity result file (batch 245/9513)
Processing batch 246/9513
Perplexity: Written 2214/85610 entries to perplexity result file (batch 246/9513)
Processing batch 247/9513
Perplexity: Written 2223/85610 entries to perplexity result file (batch 247/9513)
Processing batch 248/9513
Perplexity: Written 2232/85610 entries to perplexity result file (batch 248/9513)
Processing batch 249/9513
Perplexity: Written 2241/85610 entries to perplexity result file (batch 249/9513)
Processing batch 250/9513
Perplexity: Written 2250/85610 entries to perplexity result file (batch 250/9513)
Processing batch 251/9513
Perplexity: Written 2259/85610 entries to perplexity result file (batch 251/9513)
Processing batch 252/9513
Perplexity: Written 2268/85610 entries to perplexity result file (batch 252/9513)
Processing batch 253/9513
Perplexity: Written 2277/85610 entries to perplexity result file (batch 253/9513)
Processing batch 254/9513
Perplexity: Written 2286/85610 entries to perplexity result file (batch 254/9513)
Processing batch 255/9513
Perplexity: Written 2295/85610 entries to perplexity result file (batch 255/9513)
Processing batch 256/9513
Perplexity: Written 2304/85610 entries to perplexity result file (batch 256/9513)
Processing batch 257/9513
Perplexity: Written 2313/85610 entries to perplexity result file (batch 257/9513)
Processing batch 258/9513
Perplexity: Written 2322/85610 entries to perplexity result file (batch 258/9513)
Processing batch 259/9513
Perplexity: Written 2331/85610 entries to perplexity result file (batch 259/9513)
Processing batch 260/9513
Perplexity: Written 2340/85610 entries to perplexity result file (batch 260/9513)
Processing batch 261/9513
Perplexity: Written 2349/85610 entries to perplexity result file (batch 261/9513)
Processing batch 262/9513
Perplexity: Written 2358/85610 entries to perplexity result file (batch 262/9513)
Processing batch 263/9513
Perplexity: Written 2367/85610 entries to perplexity result file (batch 263/9513)
Processing batch 264/9513
Perplexity: Written 2376/85610 entries to perplexity result file (batch 264/9513)
Processing batch 265/9513
Perplexity: Written 2385/85610 entries to perplexity result file (batch 265/9513)
Processing batch 266/9513
Perplexity: Written 2394/85610 entries to perplexity result file (batch 266/9513)
Processing batch 267/9513
Perplexity: Written 2403/85610 entries to perplexity result file (batch 267/9513)
Processing batch 268/9513
Perplexity: Written 2412/85610 entries to perplexity result file (batch 268/9513)
Processing batch 269/9513
Perplexity: Written 2421/85610 entries to perplexity result file (batch 269/9513)
Processing batch 270/9513
Perplexity: Written 2430/85610 entries to perplexity result file (batch 270/9513)
Processing batch 271/9513
Perplexity: Written 2439/85610 entries to perplexity result file (batch 271/9513)
Processing batch 272/9513
Perplexity: Written 2448/85610 entries to perplexity result file (batch 272/9513)
Processing batch 273/9513
Perplexity: Written 2457/85610 entries to perplexity result file (batch 273/9513)
Processing batch 274/9513
Perplexity: Written 2466/85610 entries to perplexity result file (batch 274/9513)
Processing batch 275/9513
Perplexity: Written 2475/85610 entries to perplexity result file (batch 275/9513)
Processing batch 276/9513
Perplexity: Written 2484/85610 entries to perplexity result file (batch 276/9513)
Processing batch 277/9513
Perplexity: Written 2493/85610 entries to perplexity result file (batch 277/9513)
Processing batch 278/9513
Perplexity: Written 2502/85610 entries to perplexity result file (batch 278/9513)
Processing batch 279/9513
Perplexity: Written 2511/85610 entries to perplexity result file (batch 279/9513)
Processing batch 280/9513
Perplexity: Written 2520/85610 entries to perplexity result file (batch 280/9513)
Processing batch 281/9513
Perplexity: Written 2529/85610 entries to perplexity result file (batch 281/9513)
Processing batch 282/9513
Perplexity: Written 2538/85610 entries to perplexity result file (batch 282/9513)
Processing batch 283/9513
Perplexity: Written 2547/85610 entries to perplexity result file (batch 283/9513)
Processing batch 284/9513
Perplexity: Written 2556/85610 entries to perplexity result file (batch 284/9513)
Processing batch 285/9513
Perplexity: Written 2565/85610 entries to perplexity result file (batch 285/9513)
Processing batch 286/9513
Perplexity: Written 2574/85610 entries to perplexity result file (batch 286/9513)
Processing batch 287/9513
Perplexity: Written 2583/85610 entries to perplexity result file (batch 287/9513)
Processing batch 288/9513
Perplexity: Written 2592/85610 entries to perplexity result file (batch 288/9513)
Processing batch 289/9513
Perplexity: Written 2601/85610 entries to perplexity result file (batch 289/9513)
Processing batch 290/9513
Perplexity: Written 2610/85610 entries to perplexity result file (batch 290/9513)
Processing batch 291/9513
Perplexity: Written 2619/85610 entries to perplexity result file (batch 291/9513)
Processing batch 292/9513
Perplexity: Written 2628/85610 entries to perplexity result file (batch 292/9513)
Processing batch 293/9513
Perplexity: Written 2637/85610 entries to perplexity result file (batch 293/9513)
Processing batch 294/9513
Perplexity: Written 2646/85610 entries to perplexity result file (batch 294/9513)
Processing batch 295/9513
Perplexity: Written 2655/85610 entries to perplexity result file (batch 295/9513)
Processing batch 296/9513
Perplexity: Written 2664/85610 entries to perplexity result file (batch 296/9513)
Processing batch 297/9513
Perplexity: Written 2673/85610 entries to perplexity result file (batch 297/9513)
Processing batch 298/9513
Perplexity: Written 2682/85610 entries to perplexity result file (batch 298/9513)
Processing batch 299/9513
Perplexity: Written 2691/85610 entries to perplexity result file (batch 299/9513)
Processing batch 300/9513
Perplexity: Written 2700/85610 entries to perplexity result file (batch 300/9513)
Processing batch 301/9513
Perplexity: Written 2709/85610 entries to perplexity result file (batch 301/9513)
Processing batch 302/9513
Perplexity: Written 2718/85610 entries to perplexity result file (batch 302/9513)
Processing batch 303/9513
Perplexity: Written 2727/85610 entries to perplexity result file (batch 303/9513)
Processing batch 304/9513
Perplexity: Written 2736/85610 entries to perplexity result file (batch 304/9513)
Processing batch 305/9513
Perplexity: Written 2745/85610 entries to perplexity result file (batch 305/9513)
Processing batch 306/9513
Perplexity: Written 2754/85610 entries to perplexity result file (batch 306/9513)
Processing batch 307/9513
Perplexity: Written 2763/85610 entries to perplexity result file (batch 307/9513)
Processing batch 308/9513
Perplexity: Written 2772/85610 entries to perplexity result file (batch 308/9513)
Processing batch 309/9513
Perplexity: Written 2781/85610 entries to perplexity result file (batch 309/9513)
Processing batch 310/9513
Perplexity: Written 2790/85610 entries to perplexity result file (batch 310/9513)
Processing batch 311/9513
Perplexity: Written 2799/85610 entries to perplexity result file (batch 311/9513)
Processing batch 312/9513
Perplexity: Written 2808/85610 entries to perplexity result file (batch 312/9513)
Processing batch 313/9513
Perplexity: Written 2817/85610 entries to perplexity result file (batch 313/9513)
Processing batch 314/9513
Perplexity: Written 2826/85610 entries to perplexity result file (batch 314/9513)
Processing batch 315/9513
Perplexity: Written 2835/85610 entries to perplexity result file (batch 315/9513)
Processing batch 316/9513
Perplexity: Written 2844/85610 entries to perplexity result file (batch 316/9513)
Processing batch 317/9513
Perplexity: Written 2853/85610 entries to perplexity result file (batch 317/9513)
Processing batch 318/9513
Perplexity: Written 2862/85610 entries to perplexity result file (batch 318/9513)
Processing batch 319/9513
Perplexity: Written 2871/85610 entries to perplexity result file (batch 319/9513)
Processing batch 320/9513
Perplexity: Written 2880/85610 entries to perplexity result file (batch 320/9513)
Processing batch 321/9513
Perplexity: Written 2889/85610 entries to perplexity result file (batch 321/9513)
Processing batch 322/9513
Perplexity: Written 2898/85610 entries to perplexity result file (batch 322/9513)
Processing batch 323/9513
Perplexity: Written 2907/85610 entries to perplexity result file (batch 323/9513)
Processing batch 324/9513
Perplexity: Written 2916/85610 entries to perplexity result file (batch 324/9513)
Processing batch 325/9513
Perplexity: Written 2925/85610 entries to perplexity result file (batch 325/9513)
Processing batch 326/9513
Perplexity: Written 2934/85610 entries to perplexity result file (batch 326/9513)
Processing batch 327/9513
Perplexity: Written 2943/85610 entries to perplexity result file (batch 327/9513)
Processing batch 328/9513
Perplexity: Written 2952/85610 entries to perplexity result file (batch 328/9513)
Processing batch 329/9513
Perplexity: Written 2961/85610 entries to perplexity result file (batch 329/9513)
Processing batch 330/9513
Perplexity: Written 2970/85610 entries to perplexity result file (batch 330/9513)
Processing batch 331/9513
Perplexity: Written 2979/85610 entries to perplexity result file (batch 331/9513)
Processing batch 332/9513
Perplexity: Written 2988/85610 entries to perplexity result file (batch 332/9513)
Processing batch 333/9513
Perplexity: Written 2997/85610 entries to perplexity result file (batch 333/9513)
Processing batch 334/9513
Warning: Decoded text differs from trimmed prompt
  Trimmed prompt length: 2220, Decoded text length: 2205
[DEBUG] First difference at position 459: prompt=' ', decoded='.'
[DEBUG] Context: prompt='al and true profession of the Courtier ought to be that of arms; which I would have him follow actively above all else, and be known among others as bold and strong, and loyal to whomsoever he serves. . . .\nI would have him well built and shapely of limb, and would have him show strength and lightness and suppleness, and know all bodily exercises that befit a man of war; whereof I think the first ', decoded='al and true profession of the Courtier ought to be that of arms; which I would have him follow actively above all else, and be known among others as bold and strong, and loyal to whomsoever he serves....\nI would have him well built and shapely of limb, and would have him show strength and lightness and suppleness, and know all bodily exercises that befit a man of war; whereof I think the first sho'
Warning: Decoded text differs from trimmed prompt
  Trimmed prompt length: 2217, Decoded text length: 2202
[DEBUG] First difference at position 459: prompt=' ', decoded='.'
[DEBUG] Context: prompt='al and true profession of the Courtier ought to be that of arms; which I would have him follow actively above all else, and be known among others as bold and strong, and loyal to whomsoever he serves. . . .\nI would have him well built and shapely of limb, and would have him show strength and lightness and suppleness, and know all bodily exercises that befit a man of war; whereof I think the first ', decoded='al and true profession of the Courtier ought to be that of arms; which I would have him follow actively above all else, and be known among others as bold and strong, and loyal to whomsoever he serves....\nI would have him well built and shapely of limb, and would have him show strength and lightness and suppleness, and know all bodily exercises that befit a man of war; whereof I think the first sho'
Perplexity: Written 3006/85610 entries to perplexity result file (batch 334/9513)
Processing batch 335/9513
Perplexity: Written 3015/85610 entries to perplexity result file (batch 335/9513)
Processing batch 336/9513
Warning: Decoded text differs from trimmed prompt
  Trimmed prompt length: 2557, Decoded text length: 2554
[DEBUG] First difference at position 1282: prompt=' ', decoded=','
[DEBUG] Context: prompt='ers thereof; and whereof the master and mariners are also of the people of this Commonwealth, under the penalty of the forfeiture and loss of all the goods that shall be imported contrary to this act, , , ,\n[N]o goods or commodities of the growth, production, or manufacture of Europe, or of any part thereof, shall after the first day of December, one thousand six hundred fifty and one, be imported', decoded='ers thereof; and whereof the master and mariners are also of the people of this Commonwealth, under the penalty of the forfeiture and loss of all the goods that shall be imported contrary to this act,,,,\n[N]o goods or commodities of the growth, production, or manufacture of Europe, or of any part thereof, shall after the first day of December, one thousand six hundred fifty and one, be imported or'
Warning: Decoded text differs from trimmed prompt
  Trimmed prompt length: 2526, Decoded text length: 2523
[DEBUG] First difference at position 1282: prompt=' ', decoded=','
[DEBUG] Context: prompt='ers thereof; and whereof the master and mariners are also of the people of this Commonwealth, under the penalty of the forfeiture and loss of all the goods that shall be imported contrary to this act, , , ,\n[N]o goods or commodities of the growth, production, or manufacture of Europe, or of any part thereof, shall after the first day of December, one thousand six hundred fifty and one, be imported', decoded='ers thereof; and whereof the master and mariners are also of the people of this Commonwealth, under the penalty of the forfeiture and loss of all the goods that shall be imported contrary to this act,,,,\n[N]o goods or commodities of the growth, production, or manufacture of Europe, or of any part thereof, shall after the first day of December, one thousand six hundred fifty and one, be imported or'
Perplexity: Written 3024/85610 entries to perplexity result file (batch 336/9513)
Processing batch 337/9513
Warning: Decoded text differs from trimmed prompt
  Trimmed prompt length: 2639, Decoded text length: 2633
[DEBUG] First difference at position 426: prompt=' ', decoded='.'
[DEBUG] Context: prompt='\nThe pair of excerpts below is written by explorer Christopher Columbus and the Dominican Bishop of Chiapas, Mexico, Bartholomew de las Casas.\nSource 1\nIndians would give whatever the seller required. . . . Thus they bartered, like idiots, cotton and gold for fragments of bows, glasses, bottles, and jars; which I forbad as being unjust, and myself gave them many beautiful and acceptable articles w', decoded='\nThe pair of excerpts below is written by explorer Christopher Columbus and the Dominican Bishop of Chiapas, Mexico, Bartholomew de las Casas.\nSource 1\nIndians would give whatever the seller required.... Thus they bartered, like idiots, cotton and gold for fragments of bows, glasses, bottles, and jars; which I forbad as being unjust, and myself gave them many beautiful and acceptable articles whic'
Warning: Decoded text differs from trimmed prompt
  Trimmed prompt length: 2639, Decoded text length: 2633
[DEBUG] First difference at position 426: prompt=' ', decoded='.'
[DEBUG] Context: prompt='\nThe pair of excerpts below is written by explorer Christopher Columbus and the Dominican Bishop of Chiapas, Mexico, Bartholomew de las Casas.\nSource 1\nIndians would give whatever the seller required. . . . Thus they bartered, like idiots, cotton and gold for fragments of bows, glasses, bottles, and jars; which I forbad as being unjust, and myself gave them many beautiful and acceptable articles w', decoded='\nThe pair of excerpts below is written by explorer Christopher Columbus and the Dominican Bishop of Chiapas, Mexico, Bartholomew de las Casas.\nSource 1\nIndians would give whatever the seller required.... Thus they bartered, like idiots, cotton and gold for fragments of bows, glasses, bottles, and jars; which I forbad as being unjust, and myself gave them many beautiful and acceptable articles whic'
Warning: Decoded text differs from trimmed prompt
  Trimmed prompt length: 1827, Decoded text length: 1824
[DEBUG] First difference at position 752: prompt=' ', decoded='.'
[DEBUG] Context: prompt='te their revolutions about Jupiter, and of their alterations as observed more precisely later on we shall give a description here. Also I measured the distances between them by means of the telescope. . . .\nSuch are the observations concerning the four Medicean planets recently first discovered by me, and although from this data their periods have not yet been reconstructed in numerical form, it i', decoded='te their revolutions about Jupiter, and of their alterations as observed more precisely later on we shall give a description here. Also I measured the distances between them by means of the telescope....\nSuch are the observations concerning the four Medicean planets recently first discovered by me, and although from this data their periods have not yet been reconstructed in numerical form, it is l'
Warning: Decoded text differs from trimmed prompt
  Trimmed prompt length: 1823, Decoded text length: 1820
[DEBUG] First difference at position 752: prompt=' ', decoded='.'
[DEBUG] Context: prompt='te their revolutions about Jupiter, and of their alterations as observed more precisely later on we shall give a description here. Also I measured the distances between them by means of the telescope. . . .\nSuch are the observations concerning the four Medicean planets recently first discovered by me, and although from this data their periods have not yet been reconstructed in numerical form, it i', decoded='te their revolutions about Jupiter, and of their alterations as observed more precisely later on we shall give a description here. Also I measured the distances between them by means of the telescope....\nSuch are the observations concerning the four Medicean planets recently first discovered by me, and although from this data their periods have not yet been reconstructed in numerical form, it is l'
Warning: Decoded text differs from trimmed prompt
  Trimmed prompt length: 2247, Decoded text length: 2244
[DEBUG] First difference at position 1282: prompt=' ', decoded=','
[DEBUG] Context: prompt='ers thereof; and whereof the master and mariners are also of the people of this Commonwealth, under the penalty of the forfeiture and loss of all the goods that shall be imported contrary to this act, , , ,\n[N]o goods or commodities of the growth, production, or manufacture of Europe, or of any part thereof, shall after the first day of December, one thousand six hundred fifty and one, be imported', decoded='ers thereof; and whereof the master and mariners are also of the people of this Commonwealth, under the penalty of the forfeiture and loss of all the goods that shall be imported contrary to this act,,,,\n[N]o goods or commodities of the growth, production, or manufacture of Europe, or of any part thereof, shall after the first day of December, one thousand six hundred fifty and one, be imported or'
Perplexity: Written 3033/85610 entries to perplexity result file (batch 337/9513)
Processing batch 338/9513
Warning: Decoded text differs from trimmed prompt
  Trimmed prompt length: 2258, Decoded text length: 2255
[DEBUG] First difference at position 1282: prompt=' ', decoded=','
[DEBUG] Context: prompt='ers thereof; and whereof the master and mariners are also of the people of this Commonwealth, under the penalty of the forfeiture and loss of all the goods that shall be imported contrary to this act, , , ,\n[N]o goods or commodities of the growth, production, or manufacture of Europe, or of any part thereof, shall after the first day of December, one thousand six hundred fifty and one, be imported', decoded='ers thereof; and whereof the master and mariners are also of the people of this Commonwealth, under the penalty of the forfeiture and loss of all the goods that shall be imported contrary to this act,,,,\n[N]o goods or commodities of the growth, production, or manufacture of Europe, or of any part thereof, shall after the first day of December, one thousand six hundred fifty and one, be imported or'
Warning: Decoded text differs from trimmed prompt
  Trimmed prompt length: 2152, Decoded text length: 2137
[DEBUG] First difference at position 459: prompt=' ', decoded='.'
[DEBUG] Context: prompt='al and true profession of the Courtier ought to be that of arms; which I would have him follow actively above all else, and be known among others as bold and strong, and loyal to whomsoever he serves. . . .\nI would have him well built and shapely of limb, and would have him show strength and lightness and suppleness, and know all bodily exercises that befit a man of war; whereof I think the first ', decoded='al and true profession of the Courtier ought to be that of arms; which I would have him follow actively above all else, and be known among others as bold and strong, and loyal to whomsoever he serves....\nI would have him well built and shapely of limb, and would have him show strength and lightness and suppleness, and know all bodily exercises that befit a man of war; whereof I think the first sho'
Warning: Decoded text differs from trimmed prompt
  Trimmed prompt length: 2155, Decoded text length: 2140
[DEBUG] First difference at position 459: prompt=' ', decoded='.'
[DEBUG] Context: prompt='al and true profession of the Courtier ought to be that of arms; which I would have him follow actively above all else, and be known among others as bold and strong, and loyal to whomsoever he serves. . . .\nI would have him well built and shapely of limb, and would have him show strength and lightness and suppleness, and know all bodily exercises that befit a man of war; whereof I think the first ', decoded='al and true profession of the Courtier ought to be that of arms; which I would have him follow actively above all else, and be known among others as bold and strong, and loyal to whomsoever he serves....\nI would have him well built and shapely of limb, and would have him show strength and lightness and suppleness, and know all bodily exercises that befit a man of war; whereof I think the first sho'
Perplexity: Written 3042/85610 entries to perplexity result file (batch 338/9513)
Processing batch 339/9513
Warning: Decoded text differs from trimmed prompt
  Trimmed prompt length: 2531, Decoded text length: 2528
[DEBUG] First difference at position 1543: prompt=' ', decoded='.'
[DEBUG] Context: prompt='rt of factions, to error and its consequences, which must involve the loss of society.\nUnion between the monarchs is the basis of the policy which must now be followed to save society from total ruin. . . .\nLet them not confound concessions made to parties with the good they ought to do for their people, in modifying, according to their recognized needs, such branches of the administration as requ', decoded='rt of factions, to error and its consequences, which must involve the loss of society.\nUnion between the monarchs is the basis of the policy which must now be followed to save society from total ruin....\nLet them not confound concessions made to parties with the good they ought to do for their people, in modifying, according to their recognized needs, such branches of the administration as require'
Warning: Decoded text differs from trimmed prompt
  Trimmed prompt length: 2517, Decoded text length: 2514
[DEBUG] First difference at position 1543: prompt=' ', decoded='.'
[DEBUG] Context: prompt='rt of factions, to error and its consequences, which must involve the loss of society.\nUnion between the monarchs is the basis of the policy which must now be followed to save society from total ruin. . . .\nLet them not confound concessions made to parties with the good they ought to do for their people, in modifying, according to their recognized needs, such branches of the administration as requ', decoded='rt of factions, to error and its consequences, which must involve the loss of society.\nUnion between the monarchs is the basis of the policy which must now be followed to save society from total ruin....\nLet them not confound concessions made to parties with the good they ought to do for their people, in modifying, according to their recognized needs, such branches of the administration as require'
Perplexity: Written 3051/85610 entries to perplexity result file (batch 339/9513)
Processing batch 340/9513
Perplexity: Written 3060/85610 entries to perplexity result file (batch 340/9513)
Processing batch 341/9513
Perplexity: Written 3069/85610 entries to perplexity result file (batch 341/9513)
Processing batch 342/9513
Perplexity: Written 3078/85610 entries to perplexity result file (batch 342/9513)
Processing batch 343/9513
Perplexity: Written 3087/85610 entries to perplexity result file (batch 343/9513)
Processing batch 344/9513
Perplexity: Written 3096/85610 entries to perplexity result file (batch 344/9513)
Processing batch 345/9513
Perplexity: Written 3105/85610 entries to perplexity result file (batch 345/9513)
Processing batch 346/9513
Warning: Decoded text differs from trimmed prompt
  Trimmed prompt length: 1566, Decoded text length: 1560
[DEBUG] First difference at position 741: prompt=' ', decoded='.'
[DEBUG] Context: prompt='state officials. Writings which do not belong to one of the above-mentioned classes shall be treated according to the laws now in force, or which may be enacted, in the individual states of the union. . . . Each state of the union is responsible, not only to the state against which the offense is directly committed, but to the whole Confederation, for every publication appearing under its supervis', decoded='state officials. Writings which do not belong to one of the above-mentioned classes shall be treated according to the laws now in force, or which may be enacted, in the individual states of the union.... Each state of the union is responsible, not only to the state against which the offense is directly committed, but to the whole Confederation, for every publication appearing under its supervision'
Warning: Decoded text differs from trimmed prompt
  Trimmed prompt length: 1495, Decoded text length: 1489
[DEBUG] First difference at position 741: prompt=' ', decoded='.'
[DEBUG] Context: prompt='state officials. Writings which do not belong to one of the above-mentioned classes shall be treated according to the laws now in force, or which may be enacted, in the individual states of the union. . . . Each state of the union is responsible, not only to the state against which the offense is directly committed, but to the whole Confederation, for every publication appearing under its supervis', decoded='state officials. Writings which do not belong to one of the above-mentioned classes shall be treated according to the laws now in force, or which may be enacted, in the individual states of the union.... Each state of the union is responsible, not only to the state against which the offense is directly committed, but to the whole Confederation, for every publication appearing under its supervision'
Perplexity: Written 3114/85610 entries to perplexity result file (batch 346/9513)
Processing batch 347/9513
Perplexity: Written 3123/85610 entries to perplexity result file (batch 347/9513)
Processing batch 348/9513
Perplexity: Written 3132/85610 entries to perplexity result file (batch 348/9513)
Processing batch 349/9513
Perplexity: Written 3141/85610 entries to perplexity result file (batch 349/9513)
Processing batch 350/9513
Perplexity: Written 3150/85610 entries to perplexity result file (batch 350/9513)
Processing batch 351/9513
Warning: Decoded text differs from trimmed prompt
  Trimmed prompt length: 2640, Decoded text length: 2631
[DEBUG] First difference at position 584: prompt=' ', decoded='.'
[DEBUG] Context: prompt='ural inhabitants.\nThe nobles, while retaining their property rights to all the lands belonging to them, grant the peasants perpetual use of their household plots in return for a specified obligation[; . . . the nobles] grant them a portion of arable land fixed by the said arrangements as well as other property. . . . While enjoying these land allotments, the peasants are obliged, in return, to ful', decoded='ural inhabitants.\nThe nobles, while retaining their property rights to all the lands belonging to them, grant the peasants perpetual use of their household plots in return for a specified obligation[;... the nobles] grant them a portion of arable land fixed by the said arrangements as well as other property.... While enjoying these land allotments, the peasants are obliged, in return, to fulfill o'
Warning: Decoded text differs from trimmed prompt
  Trimmed prompt length: 2657, Decoded text length: 2648
[DEBUG] First difference at position 584: prompt=' ', decoded='.'
[DEBUG] Context: prompt='ural inhabitants.\nThe nobles, while retaining their property rights to all the lands belonging to them, grant the peasants perpetual use of their household plots in return for a specified obligation[; . . . the nobles] grant them a portion of arable land fixed by the said arrangements as well as other property. . . . While enjoying these land allotments, the peasants are obliged, in return, to ful', decoded='ural inhabitants.\nThe nobles, while retaining their property rights to all the lands belonging to them, grant the peasants perpetual use of their household plots in return for a specified obligation[;... the nobles] grant them a portion of arable land fixed by the said arrangements as well as other property.... While enjoying these land allotments, the peasants are obliged, in return, to fulfill o'
Perplexity: Written 3159/85610 entries to perplexity result file (batch 351/9513)
Processing batch 352/9513
Perplexity: Written 3168/85610 entries to perplexity result file (batch 352/9513)
Processing batch 353/9513
Warning: Decoded text differs from trimmed prompt
  Trimmed prompt length: 2778, Decoded text length: 2772
[DEBUG] First difference at position 426: prompt=' ', decoded='.'
[DEBUG] Context: prompt='\nThe pair of excerpts below is written by explorer Christopher Columbus and the Dominican Bishop of Chiapas, Mexico, Bartholomew de las Casas.\nSource 1\nIndians would give whatever the seller required. . . . Thus they bartered, like idiots, cotton and gold for fragments of bows, glasses, bottles, and jars; which I forbad as being unjust, and myself gave them many beautiful and acceptable articles w', decoded='\nThe pair of excerpts below is written by explorer Christopher Columbus and the Dominican Bishop of Chiapas, Mexico, Bartholomew de las Casas.\nSource 1\nIndians would give whatever the seller required.... Thus they bartered, like idiots, cotton and gold for fragments of bows, glasses, bottles, and jars; which I forbad as being unjust, and myself gave them many beautiful and acceptable articles whic'
Warning: Decoded text differs from trimmed prompt
  Trimmed prompt length: 2801, Decoded text length: 2795
[DEBUG] First difference at position 426: prompt=' ', decoded='.'
[DEBUG] Context: prompt='\nThe pair of excerpts below is written by explorer Christopher Columbus and the Dominican Bishop of Chiapas, Mexico, Bartholomew de las Casas.\nSource 1\nIndians would give whatever the seller required. . . . Thus they bartered, like idiots, cotton and gold for fragments of bows, glasses, bottles, and jars; which I forbad as being unjust, and myself gave them many beautiful and acceptable articles w', decoded='\nThe pair of excerpts below is written by explorer Christopher Columbus and the Dominican Bishop of Chiapas, Mexico, Bartholomew de las Casas.\nSource 1\nIndians would give whatever the seller required.... Thus they bartered, like idiots, cotton and gold for fragments of bows, glasses, bottles, and jars; which I forbad as being unjust, and myself gave them many beautiful and acceptable articles whic'
Warning: Decoded text differs from trimmed prompt
  Trimmed prompt length: 2794, Decoded text length: 2785
[DEBUG] First difference at position 584: prompt=' ', decoded='.'
[DEBUG] Context: prompt='ural inhabitants.\nThe nobles, while retaining their property rights to all the lands belonging to them, grant the peasants perpetual use of their household plots in return for a specified obligation[; . . . the nobles] grant them a portion of arable land fixed by the said arrangements as well as other property. . . . While enjoying these land allotments, the peasants are obliged, in return, to ful', decoded='ural inhabitants.\nThe nobles, while retaining their property rights to all the lands belonging to them, grant the peasants perpetual use of their household plots in return for a specified obligation[;... the nobles] grant them a portion of arable land fixed by the said arrangements as well as other property.... While enjoying these land allotments, the peasants are obliged, in return, to fulfill o'
Warning: Decoded text differs from trimmed prompt
  Trimmed prompt length: 2790, Decoded text length: 2781
[DEBUG] First difference at position 584: prompt=' ', decoded='.'
[DEBUG] Context: prompt='ural inhabitants.\nThe nobles, while retaining their property rights to all the lands belonging to them, grant the peasants perpetual use of their household plots in return for a specified obligation[; . . . the nobles] grant them a portion of arable land fixed by the said arrangements as well as other property. . . . While enjoying these land allotments, the peasants are obliged, in return, to ful', decoded='ural inhabitants.\nThe nobles, while retaining their property rights to all the lands belonging to them, grant the peasants perpetual use of their household plots in return for a specified obligation[;... the nobles] grant them a portion of arable land fixed by the said arrangements as well as other property.... While enjoying these land allotments, the peasants are obliged, in return, to fulfill o'
Perplexity: Written 3177/85610 entries to perplexity result file (batch 353/9513)
Processing batch 354/9513
Perplexity: Written 3186/85610 entries to perplexity result file (batch 354/9513)
Processing batch 355/9513
Perplexity: Written 3195/85610 entries to perplexity result file (batch 355/9513)
Processing batch 356/9513
Perplexity: Written 3204/85610 entries to perplexity result file (batch 356/9513)
Processing batch 357/9513
Perplexity: Written 3213/85610 entries to perplexity result file (batch 357/9513)
Processing batch 358/9513
Perplexity: Written 3222/85610 entries to perplexity result file (batch 358/9513)
Processing batch 359/9513
Perplexity: Written 3231/85610 entries to perplexity result file (batch 359/9513)
Processing batch 360/9513
Perplexity: Written 3240/85610 entries to perplexity result file (batch 360/9513)
Processing batch 361/9513
Perplexity: Written 3249/85610 entries to perplexity result file (batch 361/9513)
Processing batch 362/9513
Perplexity: Written 3258/85610 entries to perplexity result file (batch 362/9513)
Processing batch 363/9513
Perplexity: Written 3267/85610 entries to perplexity result file (batch 363/9513)
Processing batch 364/9513
Perplexity: Written 3276/85610 entries to perplexity result file (batch 364/9513)
Processing batch 365/9513
Perplexity: Written 3285/85610 entries to perplexity result file (batch 365/9513)
Processing batch 366/9513
Perplexity: Written 3294/85610 entries to perplexity result file (batch 366/9513)
Processing batch 367/9513
Perplexity: Written 3303/85610 entries to perplexity result file (batch 367/9513)
Processing batch 368/9513
Perplexity: Written 3312/85610 entries to perplexity result file (batch 368/9513)
Processing batch 369/9513
Perplexity: Written 3321/85610 entries to perplexity result file (batch 369/9513)
Processing batch 370/9513
Perplexity: Written 3330/85610 entries to perplexity result file (batch 370/9513)
Processing batch 371/9513
Perplexity: Written 3339/85610 entries to perplexity result file (batch 371/9513)
Processing batch 372/9513
Perplexity: Written 3348/85610 entries to perplexity result file (batch 372/9513)
Processing batch 373/9513
Perplexity: Written 3357/85610 entries to perplexity result file (batch 373/9513)
Processing batch 374/9513
Perplexity: Written 3366/85610 entries to perplexity result file (batch 374/9513)
Processing batch 375/9513
Perplexity: Written 3375/85610 entries to perplexity result file (batch 375/9513)
Processing batch 376/9513
Perplexity: Written 3384/85610 entries to perplexity result file (batch 376/9513)
Processing batch 377/9513
Perplexity: Written 3393/85610 entries to perplexity result file (batch 377/9513)
Processing batch 378/9513
Perplexity: Written 3402/85610 entries to perplexity result file (batch 378/9513)
Processing batch 379/9513
Perplexity: Written 3411/85610 entries to perplexity result file (batch 379/9513)
Processing batch 380/9513
Perplexity: Written 3420/85610 entries to perplexity result file (batch 380/9513)
Processing batch 381/9513
Perplexity: Written 3429/85610 entries to perplexity result file (batch 381/9513)
Processing batch 382/9513
Perplexity: Written 3438/85610 entries to perplexity result file (batch 382/9513)
Processing batch 383/9513
Perplexity: Written 3447/85610 entries to perplexity result file (batch 383/9513)
Processing batch 384/9513
Warning: Decoded text differs from trimmed prompt
  Trimmed prompt length: 611, Decoded text length: 610
[DEBUG] First difference at position 332: prompt=' ', decoded="'"
[DEBUG] Context: prompt='|><|start_header_id|>user<|end_header_id|>\n\nThe Supreme Court issued the opinion quoted below in its ruling on which of the following cases? "We conclude that in the field of education the doctrine of \'separate but equal\' has no place. Separate educational facilities are inherently unequal."\n\nPlease CONCISELY answer the question in English WITHOUT reasoning or explanation.<|eot_id|><|start_header_', decoded='|><|start_header_id|>user<|end_header_id|>\n\nThe Supreme Court issued the opinion quoted below in its ruling on which of the following cases? "We conclude that in the field of education the doctrine of\'separate but equal\' has no place. Separate educational facilities are inherently unequal."\n\nPlease CONCISELY answer the question in English WITHOUT reasoning or explanation.<|eot_id|><|start_header_i'
Warning: Decoded text differs from trimmed prompt
  Trimmed prompt length: 594, Decoded text length: 593
[DEBUG] First difference at position 332: prompt=' ', decoded="'"
[DEBUG] Context: prompt='|><|start_header_id|>user<|end_header_id|>\n\nThe Supreme Court issued the opinion quoted below in its ruling on which of the following cases? "We conclude that in the field of education the doctrine of \'separate but equal\' has no place. Separate educational facilities are inherently unequal."\n\nPlease CONCISELY answer the question in English WITHOUT reasoning or explanation.<|eot_id|><|start_header_', decoded='|><|start_header_id|>user<|end_header_id|>\n\nThe Supreme Court issued the opinion quoted below in its ruling on which of the following cases? "We conclude that in the field of education the doctrine of\'separate but equal\' has no place. Separate educational facilities are inherently unequal."\n\nPlease CONCISELY answer the question in English WITHOUT reasoning or explanation.<|eot_id|><|start_header_i'
Perplexity: Written 3456/85610 entries to perplexity result file (batch 384/9513)
Processing batch 385/9513
Perplexity: Written 3465/85610 entries to perplexity result file (batch 385/9513)
Processing batch 386/9513
Perplexity: Written 3474/85610 entries to perplexity result file (batch 386/9513)
Processing batch 387/9513
Perplexity: Written 3483/85610 entries to perplexity result file (batch 387/9513)
Processing batch 388/9513
Perplexity: Written 3492/85610 entries to perplexity result file (batch 388/9513)
Processing batch 389/9513
Perplexity: Written 3501/85610 entries to perplexity result file (batch 389/9513)
Processing batch 390/9513
Perplexity: Written 3510/85610 entries to perplexity result file (batch 390/9513)
Processing batch 391/9513
Perplexity: Written 3519/85610 entries to perplexity result file (batch 391/9513)
Processing batch 392/9513
Perplexity: Written 3528/85610 entries to perplexity result file (batch 392/9513)
Processing batch 393/9513
Perplexity: Written 3537/85610 entries to perplexity result file (batch 393/9513)
Processing batch 394/9513
Perplexity: Written 3546/85610 entries to perplexity result file (batch 394/9513)
Processing batch 395/9513
Perplexity: Written 3555/85610 entries to perplexity result file (batch 395/9513)
Processing batch 396/9513
Perplexity: Written 3564/85610 entries to perplexity result file (batch 396/9513)
Processing batch 397/9513
Perplexity: Written 3573/85610 entries to perplexity result file (batch 397/9513)
Processing batch 398/9513
Perplexity: Written 3582/85610 entries to perplexity result file (batch 398/9513)
Processing batch 399/9513
Perplexity: Written 3591/85610 entries to perplexity result file (batch 399/9513)
Processing batch 400/9513
Perplexity: Written 3600/85610 entries to perplexity result file (batch 400/9513)
Processing batch 401/9513
Perplexity: Written 3609/85610 entries to perplexity result file (batch 401/9513)
Processing batch 402/9513
Perplexity: Written 3618/85610 entries to perplexity result file (batch 402/9513)
Processing batch 403/9513
Perplexity: Written 3627/85610 entries to perplexity result file (batch 403/9513)
Processing batch 404/9513
Perplexity: Written 3636/85610 entries to perplexity result file (batch 404/9513)
Processing batch 405/9513
Perplexity: Written 3645/85610 entries to perplexity result file (batch 405/9513)
Processing batch 406/9513
Perplexity: Written 3654/85610 entries to perplexity result file (batch 406/9513)
Processing batch 407/9513
Perplexity: Written 3663/85610 entries to perplexity result file (batch 407/9513)
Processing batch 408/9513
Perplexity: Written 3672/85610 entries to perplexity result file (batch 408/9513)
Processing batch 409/9513
Perplexity: Written 3681/85610 entries to perplexity result file (batch 409/9513)
Processing batch 410/9513
Perplexity: Written 3690/85610 entries to perplexity result file (batch 410/9513)
Processing batch 411/9513
Perplexity: Written 3699/85610 entries to perplexity result file (batch 411/9513)
Processing batch 412/9513
Perplexity: Written 3708/85610 entries to perplexity result file (batch 412/9513)
Processing batch 413/9513
Perplexity: Written 3717/85610 entries to perplexity result file (batch 413/9513)
Processing batch 414/9513
Perplexity: Written 3726/85610 entries to perplexity result file (batch 414/9513)
Processing batch 415/9513
Perplexity: Written 3735/85610 entries to perplexity result file (batch 415/9513)
Processing batch 416/9513
Perplexity: Written 3744/85610 entries to perplexity result file (batch 416/9513)
Processing batch 417/9513
Perplexity: Written 3753/85610 entries to perplexity result file (batch 417/9513)
Processing batch 418/9513
Perplexity: Written 3762/85610 entries to perplexity result file (batch 418/9513)
Processing batch 419/9513
Perplexity: Written 3771/85610 entries to perplexity result file (batch 419/9513)
Processing batch 420/9513
Perplexity: Written 3780/85610 entries to perplexity result file (batch 420/9513)
Processing batch 421/9513
Warning: Decoded text differs from trimmed prompt
  Trimmed prompt length: 588, Decoded text length: 587
[DEBUG] First difference at position 196: prompt=' ', decoded='.'
[DEBUG] Context: prompt='<|begin_of_text|><|start_header_id|>system<|end_header_id|>\n\nCutting Knowledge Date: December 2023\nToday Date: 26 Jul 2024\n\n<|eot_id|><|start_header_id|>user<|end_header_id|>\n\nThe reserve ratio is .10 and Mommy Morebucks withdraws $1 million from her checking account and keeps it as cash in her refrigerator. How does this withdrawal potentially impact money in circulation?\n\nPlease CONCISELY an', decoded='<|begin_of_text|><|start_header_id|>system<|end_header_id|>\n\nCutting Knowledge Date: December 2023\nToday Date: 26 Jul 2024\n\n<|eot_id|><|start_header_id|>user<|end_header_id|>\n\nThe reserve ratio is.10 and Mommy Morebucks withdraws $1 million from her checking account and keeps it as cash in her refrigerator. How does this withdrawal potentially impact money in circulation?\n\nPlease CONCISELY ans'
Warning: Decoded text differs from trimmed prompt
  Trimmed prompt length: 588, Decoded text length: 587
[DEBUG] First difference at position 196: prompt=' ', decoded='.'
[DEBUG] Context: prompt='<|begin_of_text|><|start_header_id|>system<|end_header_id|>\n\nCutting Knowledge Date: December 2023\nToday Date: 26 Jul 2024\n\n<|eot_id|><|start_header_id|>user<|end_header_id|>\n\nThe reserve ratio is .10 and Mommy Morebucks withdraws $1 million from her checking account and keeps it as cash in her refrigerator. How does this withdrawal potentially impact money in circulation?\n\nPlease CONCISELY an', decoded='<|begin_of_text|><|start_header_id|>system<|end_header_id|>\n\nCutting Knowledge Date: December 2023\nToday Date: 26 Jul 2024\n\n<|eot_id|><|start_header_id|>user<|end_header_id|>\n\nThe reserve ratio is.10 and Mommy Morebucks withdraws $1 million from her checking account and keeps it as cash in her refrigerator. How does this withdrawal potentially impact money in circulation?\n\nPlease CONCISELY ans'
Perplexity: Written 3789/85610 entries to perplexity result file (batch 421/9513)
Processing batch 422/9513
Perplexity: Written 3798/85610 entries to perplexity result file (batch 422/9513)
Processing batch 423/9513
Perplexity: Written 3807/85610 entries to perplexity result file (batch 423/9513)
Processing batch 424/9513
Warning: Decoded text differs from trimmed prompt
  Trimmed prompt length: 538, Decoded text length: 537
[DEBUG] First difference at position 523: prompt=' ', decoded='.'
[DEBUG] Context: prompt='10. Given this information\n\nPlease CONCISELY answer the question in English WITHOUT reasoning or explanation.<|eot_id|><|start_header_id|>assistant<|end_header_id|>\n\nthe marginal propensity to save is .10.<|eot_id|>', decoded='10. Given this information\n\nPlease CONCISELY answer the question in English WITHOUT reasoning or explanation.<|eot_id|><|start_header_id|>assistant<|end_header_id|>\n\nthe marginal propensity to save is.10.<|eot_id|>'
Warning: Decoded text differs from trimmed prompt
  Trimmed prompt length: 538, Decoded text length: 537
[DEBUG] First difference at position 523: prompt=' ', decoded='.'
[DEBUG] Context: prompt='10. Given this information\n\nPlease CONCISELY answer the question in English WITHOUT reasoning or explanation.<|eot_id|><|start_header_id|>assistant<|end_header_id|>\n\nthe marginal propensity to save is .90.<|eot_id|>', decoded='10. Given this information\n\nPlease CONCISELY answer the question in English WITHOUT reasoning or explanation.<|eot_id|><|start_header_id|>assistant<|end_header_id|>\n\nthe marginal propensity to save is.90.<|eot_id|>'
Perplexity: Written 3816/85610 entries to perplexity result file (batch 424/9513)
Processing batch 425/9513
Perplexity: Written 3825/85610 entries to perplexity result file (batch 425/9513)
Processing batch 426/9513
Perplexity: Written 3834/85610 entries to perplexity result file (batch 426/9513)
Processing batch 427/9513
Perplexity: Written 3843/85610 entries to perplexity result file (batch 427/9513)
Processing batch 428/9513
Perplexity: Written 3852/85610 entries to perplexity result file (batch 428/9513)
Processing batch 429/9513
Perplexity: Written 3861/85610 entries to perplexity result file (batch 429/9513)
Processing batch 430/9513
Perplexity: Written 3870/85610 entries to perplexity result file (batch 430/9513)
Processing batch 431/9513
Perplexity: Written 3879/85610 entries to perplexity result file (batch 431/9513)
Processing batch 432/9513
Perplexity: Written 3888/85610 entries to perplexity result file (batch 432/9513)
Processing batch 433/9513
Perplexity: Written 3897/85610 entries to perplexity result file (batch 433/9513)
Processing batch 434/9513
Perplexity: Written 3906/85610 entries to perplexity result file (batch 434/9513)
Processing batch 435/9513
Perplexity: Written 3915/85610 entries to perplexity result file (batch 435/9513)
Processing batch 436/9513
Perplexity: Written 3924/85610 entries to perplexity result file (batch 436/9513)
Processing batch 437/9513
Perplexity: Written 3933/85610 entries to perplexity result file (batch 437/9513)
Processing batch 438/9513
Perplexity: Written 3942/85610 entries to perplexity result file (batch 438/9513)
Processing batch 439/9513
Perplexity: Written 3951/85610 entries to perplexity result file (batch 439/9513)
Processing batch 440/9513
Perplexity: Written 3960/85610 entries to perplexity result file (batch 440/9513)
Processing batch 441/9513
Perplexity: Written 3969/85610 entries to perplexity result file (batch 441/9513)
Processing batch 442/9513
Perplexity: Written 3978/85610 entries to perplexity result file (batch 442/9513)
Processing batch 443/9513
Perplexity: Written 3987/85610 entries to perplexity result file (batch 443/9513)
Processing batch 444/9513
Perplexity: Written 3996/85610 entries to perplexity result file (batch 444/9513)
Processing batch 445/9513
Perplexity: Written 4005/85610 entries to perplexity result file (batch 445/9513)
Processing batch 446/9513
Perplexity: Written 4014/85610 entries to perplexity result file (batch 446/9513)
Processing batch 447/9513
Perplexity: Written 4023/85610 entries to perplexity result file (batch 447/9513)
Processing batch 448/9513
Perplexity: Written 4032/85610 entries to perplexity result file (batch 448/9513)
Processing batch 449/9513
Perplexity: Written 4041/85610 entries to perplexity result file (batch 449/9513)
Processing batch 450/9513
Perplexity: Written 4050/85610 entries to perplexity result file (batch 450/9513)
Processing batch 451/9513
Perplexity: Written 4059/85610 entries to perplexity result file (batch 451/9513)
Processing batch 452/9513
Perplexity: Written 4068/85610 entries to perplexity result file (batch 452/9513)
Processing batch 453/9513
Perplexity: Written 4077/85610 entries to perplexity result file (batch 453/9513)
Processing batch 454/9513
Warning: Decoded text differs from trimmed prompt
  Trimmed prompt length: 579, Decoded text length: 578
[DEBUG] First difference at position 314: prompt=' ', decoded='.'
[DEBUG] Context: prompt='Jul 2024\n\n<|eot_id|><|start_header_id|>user<|end_header_id|>\n\nIn a long period of economic expansion the tax revenue collected ____ and the amount spent on welfare programs ____ creating a budget ____ .\n\nPlease CONCISELY answer the question in English WITHOUT reasoning or explanation.<|eot_id|><|start_header_id|>assistant<|end_header_id|>\n\nThe tax revenue collected increases and the amount spent o', decoded='Jul 2024\n\n<|eot_id|><|start_header_id|>user<|end_header_id|>\n\nIn a long period of economic expansion the tax revenue collected ____ and the amount spent on welfare programs ____ creating a budget ____.\n\nPlease CONCISELY answer the question in English WITHOUT reasoning or explanation.<|eot_id|><|start_header_id|>assistant<|end_header_id|>\n\nThe tax revenue collected increases and the amount spent on'
Warning: Decoded text differs from trimmed prompt
  Trimmed prompt length: 579, Decoded text length: 578
[DEBUG] First difference at position 314: prompt=' ', decoded='.'
[DEBUG] Context: prompt='Jul 2024\n\n<|eot_id|><|start_header_id|>user<|end_header_id|>\n\nIn a long period of economic expansion the tax revenue collected ____ and the amount spent on welfare programs ____ creating a budget ____ .\n\nPlease CONCISELY answer the question in English WITHOUT reasoning or explanation.<|eot_id|><|start_header_id|>assistant<|end_header_id|>\n\nThe tax revenue collected increases and the amount spent o', decoded='Jul 2024\n\n<|eot_id|><|start_header_id|>user<|end_header_id|>\n\nIn a long period of economic expansion the tax revenue collected ____ and the amount spent on welfare programs ____ creating a budget ____.\n\nPlease CONCISELY answer the question in English WITHOUT reasoning or explanation.<|eot_id|><|start_header_id|>assistant<|end_header_id|>\n\nThe tax revenue collected increases and the amount spent on'
Perplexity: Written 4086/85610 entries to perplexity result file (batch 454/9513)
Processing batch 455/9513
Perplexity: Written 4095/85610 entries to perplexity result file (batch 455/9513)
Processing batch 456/9513
Perplexity: Written 4104/85610 entries to perplexity result file (batch 456/9513)
Processing batch 457/9513
Perplexity: Written 4113/85610 entries to perplexity result file (batch 457/9513)
Processing batch 458/9513
Perplexity: Written 4122/85610 entries to perplexity result file (batch 458/9513)
Processing batch 459/9513
Perplexity: Written 4131/85610 entries to perplexity result file (batch 459/9513)
Processing batch 460/9513
Perplexity: Written 4140/85610 entries to perplexity result file (batch 460/9513)
Processing batch 461/9513
Perplexity: Written 4149/85610 entries to perplexity result file (batch 461/9513)
Processing batch 462/9513
Perplexity: Written 4158/85610 entries to perplexity result file (batch 462/9513)
Processing batch 463/9513
Perplexity: Written 4167/85610 entries to perplexity result file (batch 463/9513)
Processing batch 464/9513
Perplexity: Written 4176/85610 entries to perplexity result file (batch 464/9513)
Processing batch 465/9513
Perplexity: Written 4185/85610 entries to perplexity result file (batch 465/9513)
Processing batch 466/9513
Perplexity: Written 4194/85610 entries to perplexity result file (batch 466/9513)
Processing batch 467/9513
Perplexity: Written 4203/85610 entries to perplexity result file (batch 467/9513)
Processing batch 468/9513
Perplexity: Written 4212/85610 entries to perplexity result file (batch 468/9513)
Processing batch 469/9513
Perplexity: Written 4221/85610 entries to perplexity result file (batch 469/9513)
Processing batch 470/9513
Perplexity: Written 4230/85610 entries to perplexity result file (batch 470/9513)
Processing batch 471/9513
Perplexity: Written 4239/85610 entries to perplexity result file (batch 471/9513)
Processing batch 472/9513
Perplexity: Written 4248/85610 entries to perplexity result file (batch 472/9513)
Processing batch 473/9513
Perplexity: Written 4257/85610 entries to perplexity result file (batch 473/9513)
Processing batch 474/9513
Perplexity: Written 4266/85610 entries to perplexity result file (batch 474/9513)
Processing batch 475/9513
Perplexity: Written 4275/85610 entries to perplexity result file (batch 475/9513)
Processing batch 476/9513
Perplexity: Written 4284/85610 entries to perplexity result file (batch 476/9513)
Processing batch 477/9513
Perplexity: Written 4293/85610 entries to perplexity result file (batch 477/9513)
Processing batch 478/9513
Perplexity: Written 4302/85610 entries to perplexity result file (batch 478/9513)
Processing batch 479/9513
Perplexity: Written 4311/85610 entries to perplexity result file (batch 479/9513)
Processing batch 480/9513
Perplexity: Written 4320/85610 entries to perplexity result file (batch 480/9513)
Processing batch 481/9513
Perplexity: Written 4329/85610 entries to perplexity result file (batch 481/9513)
Processing batch 482/9513
Perplexity: Written 4338/85610 entries to perplexity result file (batch 482/9513)
Processing batch 483/9513
Perplexity: Written 4347/85610 entries to perplexity result file (batch 483/9513)
Processing batch 484/9513
Perplexity: Written 4356/85610 entries to perplexity result file (batch 484/9513)
Processing batch 485/9513
Perplexity: Written 4365/85610 entries to perplexity result file (batch 485/9513)
Processing batch 486/9513
Perplexity: Written 4374/85610 entries to perplexity result file (batch 486/9513)
Processing batch 487/9513
Perplexity: Written 4383/85610 entries to perplexity result file (batch 487/9513)
Processing batch 488/9513
Perplexity: Written 4392/85610 entries to perplexity result file (batch 488/9513)
Processing batch 489/9513
Perplexity: Written 4401/85610 entries to perplexity result file (batch 489/9513)
Processing batch 490/9513
Perplexity: Written 4410/85610 entries to perplexity result file (batch 490/9513)
Processing batch 491/9513
Perplexity: Written 4419/85610 entries to perplexity result file (batch 491/9513)
Processing batch 492/9513
Perplexity: Written 4428/85610 entries to perplexity result file (batch 492/9513)
Processing batch 493/9513
Perplexity: Written 4437/85610 entries to perplexity result file (batch 493/9513)
Processing batch 494/9513
Perplexity: Written 4446/85610 entries to perplexity result file (batch 494/9513)
Processing batch 495/9513
Perplexity: Written 4455/85610 entries to perplexity result file (batch 495/9513)
Processing batch 496/9513
Perplexity: Written 4464/85610 entries to perplexity result file (batch 496/9513)
Processing batch 497/9513
Perplexity: Written 4473/85610 entries to perplexity result file (batch 497/9513)
Processing batch 498/9513
Perplexity: Written 4482/85610 entries to perplexity result file (batch 498/9513)
Processing batch 499/9513
Perplexity: Written 4491/85610 entries to perplexity result file (batch 499/9513)
Processing batch 500/9513
Perplexity: Written 4500/85610 entries to perplexity result file (batch 500/9513)
Processing batch 501/9513
Perplexity: Written 4509/85610 entries to perplexity result file (batch 501/9513)
Processing batch 502/9513
Perplexity: Written 4518/85610 entries to perplexity result file (batch 502/9513)
Processing batch 503/9513
Perplexity: Written 4527/85610 entries to perplexity result file (batch 503/9513)
Processing batch 504/9513
Warning: Decoded text differs from trimmed prompt
  Trimmed prompt length: 513, Decoded text length: 512
[DEBUG] First difference at position 318: prompt=' ', decoded='?'
[DEBUG] Context: prompt='2024\n\n<|eot_id|><|start_header_id|>user<|end_header_id|>\n\nWhat happens to the pressure, P, of an ideal gas if the temperature is increased by a factor of 2 and the volume is increased by a factor of 8 ?\n\nPlease CONCISELY answer the question in English WITHOUT reasoning or explanation.<|eot_id|><|start_header_id|>assistant<|end_header_id|>\n\nThe pressure is decreased by a factor of 4.<|eot_id|>', decoded='2024\n\n<|eot_id|><|start_header_id|>user<|end_header_id|>\n\nWhat happens to the pressure, P, of an ideal gas if the temperature is increased by a factor of 2 and the volume is increased by a factor of 8?\n\nPlease CONCISELY answer the question in English WITHOUT reasoning or explanation.<|eot_id|><|start_header_id|>assistant<|end_header_id|>\n\nThe pressure is decreased by a factor of 4.<|eot_id|>'
Warning: Decoded text differs from trimmed prompt
  Trimmed prompt length: 513, Decoded text length: 512
[DEBUG] First difference at position 318: prompt=' ', decoded='?'
[DEBUG] Context: prompt='2024\n\n<|eot_id|><|start_header_id|>user<|end_header_id|>\n\nWhat happens to the pressure, P, of an ideal gas if the temperature is increased by a factor of 2 and the volume is increased by a factor of 8 ?\n\nPlease CONCISELY answer the question in English WITHOUT reasoning or explanation.<|eot_id|><|start_header_id|>assistant<|end_header_id|>\n\nThe pressure is decreased by a factor of 2.<|eot_id|>', decoded='2024\n\n<|eot_id|><|start_header_id|>user<|end_header_id|>\n\nWhat happens to the pressure, P, of an ideal gas if the temperature is increased by a factor of 2 and the volume is increased by a factor of 8?\n\nPlease CONCISELY answer the question in English WITHOUT reasoning or explanation.<|eot_id|><|start_header_id|>assistant<|end_header_id|>\n\nThe pressure is decreased by a factor of 2.<|eot_id|>'
Perplexity: Written 4536/85610 entries to perplexity result file (batch 504/9513)
Processing batch 505/9513
Perplexity: Written 4545/85610 entries to perplexity result file (batch 505/9513)
Processing batch 506/9513
Perplexity: Written 4554/85610 entries to perplexity result file (batch 506/9513)
Processing batch 507/9513
Perplexity: Written 4563/85610 entries to perplexity result file (batch 507/9513)
Processing batch 508/9513
Perplexity: Written 4572/85610 entries to perplexity result file (batch 508/9513)
Processing batch 509/9513
Perplexity: Written 4581/85610 entries to perplexity result file (batch 509/9513)
Processing batch 510/9513
Perplexity: Written 4590/85610 entries to perplexity result file (batch 510/9513)
Processing batch 511/9513
Perplexity: Written 4599/85610 entries to perplexity result file (batch 511/9513)
Processing batch 512/9513
Perplexity: Written 4608/85610 entries to perplexity result file (batch 512/9513)
Processing batch 513/9513
Perplexity: Written 4617/85610 entries to perplexity result file (batch 513/9513)
Processing batch 514/9513
Perplexity: Written 4626/85610 entries to perplexity result file (batch 514/9513)
Processing batch 515/9513
Perplexity: Written 4635/85610 entries to perplexity result file (batch 515/9513)
Processing batch 516/9513
Perplexity: Written 4644/85610 entries to perplexity result file (batch 516/9513)
Processing batch 517/9513
Perplexity: Written 4653/85610 entries to perplexity result file (batch 517/9513)
Processing batch 518/9513
Perplexity: Written 4662/85610 entries to perplexity result file (batch 518/9513)
Processing batch 519/9513
Perplexity: Written 4671/85610 entries to perplexity result file (batch 519/9513)
Processing batch 520/9513
Perplexity: Written 4680/85610 entries to perplexity result file (batch 520/9513)
Processing batch 521/9513
Perplexity: Written 4689/85610 entries to perplexity result file (batch 521/9513)
Processing batch 522/9513
Perplexity: Written 4698/85610 entries to perplexity result file (batch 522/9513)
Processing batch 523/9513
Perplexity: Written 4707/85610 entries to perplexity result file (batch 523/9513)
Processing batch 524/9513
Perplexity: Written 4716/85610 entries to perplexity result file (batch 524/9513)
Processing batch 525/9513
Perplexity: Written 4725/85610 entries to perplexity result file (batch 525/9513)
Processing batch 526/9513
Perplexity: Written 4734/85610 entries to perplexity result file (batch 526/9513)
Processing batch 527/9513
Perplexity: Written 4743/85610 entries to perplexity result file (batch 527/9513)
Processing batch 528/9513
Perplexity: Written 4752/85610 entries to perplexity result file (batch 528/9513)
Processing batch 529/9513
Perplexity: Written 4761/85610 entries to perplexity result file (batch 529/9513)
Processing batch 530/9513
Perplexity: Written 4770/85610 entries to perplexity result file (batch 530/9513)
Processing batch 531/9513
Perplexity: Written 4779/85610 entries to perplexity result file (batch 531/9513)
Processing batch 532/9513
Perplexity: Written 4788/85610 entries to perplexity result file (batch 532/9513)
Processing batch 533/9513
Perplexity: Written 4797/85610 entries to perplexity result file (batch 533/9513)
Processing batch 534/9513
Perplexity: Written 4806/85610 entries to perplexity result file (batch 534/9513)
Processing batch 535/9513
Perplexity: Written 4815/85610 entries to perplexity result file (batch 535/9513)
Processing batch 536/9513
Perplexity: Written 4824/85610 entries to perplexity result file (batch 536/9513)
Processing batch 537/9513
Perplexity: Written 4833/85610 entries to perplexity result file (batch 537/9513)
Processing batch 538/9513
Perplexity: Written 4842/85610 entries to perplexity result file (batch 538/9513)
Processing batch 539/9513
Perplexity: Written 4851/85610 entries to perplexity result file (batch 539/9513)
Processing batch 540/9513
Perplexity: Written 4860/85610 entries to perplexity result file (batch 540/9513)
Processing batch 541/9513
Perplexity: Written 4869/85610 entries to perplexity result file (batch 541/9513)
Processing batch 542/9513
Perplexity: Written 4878/85610 entries to perplexity result file (batch 542/9513)
Processing batch 543/9513
Perplexity: Written 4887/85610 entries to perplexity result file (batch 543/9513)
Processing batch 544/9513
Perplexity: Written 4896/85610 entries to perplexity result file (batch 544/9513)
Processing batch 545/9513
Perplexity: Written 4905/85610 entries to perplexity result file (batch 545/9513)
Processing batch 546/9513
Perplexity: Written 4914/85610 entries to perplexity result file (batch 546/9513)
Processing batch 547/9513
Perplexity: Written 4923/85610 entries to perplexity result file (batch 547/9513)
Processing batch 548/9513
Perplexity: Written 4932/85610 entries to perplexity result file (batch 548/9513)
Processing batch 549/9513
Perplexity: Written 4941/85610 entries to perplexity result file (batch 549/9513)
Processing batch 550/9513
Perplexity: Written 4950/85610 entries to perplexity result file (batch 550/9513)
Processing batch 551/9513
Perplexity: Written 4959/85610 entries to perplexity result file (batch 551/9513)
Processing batch 552/9513
Perplexity: Written 4968/85610 entries to perplexity result file (batch 552/9513)
Processing batch 553/9513
Perplexity: Written 4977/85610 entries to perplexity result file (batch 553/9513)
Processing batch 554/9513
Perplexity: Written 4986/85610 entries to perplexity result file (batch 554/9513)
Processing batch 555/9513
Perplexity: Written 4995/85610 entries to perplexity result file (batch 555/9513)
Processing batch 556/9513
Perplexity: Written 5004/85610 entries to perplexity result file (batch 556/9513)
Processing batch 557/9513
Perplexity: Written 5013/85610 entries to perplexity result file (batch 557/9513)
Processing batch 558/9513
Perplexity: Written 5022/85610 entries to perplexity result file (batch 558/9513)
Processing batch 559/9513
Perplexity: Written 5031/85610 entries to perplexity result file (batch 559/9513)
Processing batch 560/9513
Perplexity: Written 5040/85610 entries to perplexity result file (batch 560/9513)
Processing batch 561/9513
Perplexity: Written 5049/85610 entries to perplexity result file (batch 561/9513)
Processing batch 562/9513
Perplexity: Written 5058/85610 entries to perplexity result file (batch 562/9513)
Processing batch 563/9513
Perplexity: Written 5067/85610 entries to perplexity result file (batch 563/9513)
Processing batch 564/9513
Perplexity: Written 5076/85610 entries to perplexity result file (batch 564/9513)
Processing batch 565/9513
Perplexity: Written 5085/85610 entries to perplexity result file (batch 565/9513)
Processing batch 566/9513
Perplexity: Written 5094/85610 entries to perplexity result file (batch 566/9513)
Processing batch 567/9513
Perplexity: Written 5103/85610 entries to perplexity result file (batch 567/9513)
Processing batch 568/9513
Perplexity: Written 5112/85610 entries to perplexity result file (batch 568/9513)
Processing batch 569/9513
Perplexity: Written 5121/85610 entries to perplexity result file (batch 569/9513)
Processing batch 570/9513
Perplexity: Written 5130/85610 entries to perplexity result file (batch 570/9513)
Processing batch 571/9513
Perplexity: Written 5139/85610 entries to perplexity result file (batch 571/9513)
Processing batch 572/9513
Perplexity: Written 5148/85610 entries to perplexity result file (batch 572/9513)
Processing batch 573/9513
Perplexity: Written 5157/85610 entries to perplexity result file (batch 573/9513)
Processing batch 574/9513
Perplexity: Written 5166/85610 entries to perplexity result file (batch 574/9513)
Processing batch 575/9513
Perplexity: Written 5175/85610 entries to perplexity result file (batch 575/9513)
Processing batch 576/9513
Perplexity: Written 5184/85610 entries to perplexity result file (batch 576/9513)
Processing batch 577/9513
Perplexity: Written 5193/85610 entries to perplexity result file (batch 577/9513)
Processing batch 578/9513
Perplexity: Written 5202/85610 entries to perplexity result file (batch 578/9513)
Processing batch 579/9513
Perplexity: Written 5211/85610 entries to perplexity result file (batch 579/9513)
Processing batch 580/9513
Perplexity: Written 5220/85610 entries to perplexity result file (batch 580/9513)
Processing batch 581/9513
Perplexity: Written 5229/85610 entries to perplexity result file (batch 581/9513)
Processing batch 582/9513
Perplexity: Written 5238/85610 entries to perplexity result file (batch 582/9513)
Processing batch 583/9513
Perplexity: Written 5247/85610 entries to perplexity result file (batch 583/9513)
Processing batch 584/9513
Perplexity: Written 5256/85610 entries to perplexity result file (batch 584/9513)
Processing batch 585/9513
Perplexity: Written 5265/85610 entries to perplexity result file (batch 585/9513)
Processing batch 586/9513
Perplexity: Written 5274/85610 entries to perplexity result file (batch 586/9513)
Processing batch 587/9513
Perplexity: Written 5283/85610 entries to perplexity result file (batch 587/9513)
Processing batch 588/9513
Perplexity: Written 5292/85610 entries to perplexity result file (batch 588/9513)
Processing batch 589/9513
Perplexity: Written 5301/85610 entries to perplexity result file (batch 589/9513)
Processing batch 590/9513
Perplexity: Written 5310/85610 entries to perplexity result file (batch 590/9513)
Processing batch 591/9513
Perplexity: Written 5319/85610 entries to perplexity result file (batch 591/9513)
Processing batch 592/9513
Perplexity: Written 5328/85610 entries to perplexity result file (batch 592/9513)
Processing batch 593/9513
Perplexity: Written 5337/85610 entries to perplexity result file (batch 593/9513)
Processing batch 594/9513
Perplexity: Written 5346/85610 entries to perplexity result file (batch 594/9513)
Processing batch 595/9513
Perplexity: Written 5355/85610 entries to perplexity result file (batch 595/9513)
Processing batch 596/9513
Perplexity: Written 5364/85610 entries to perplexity result file (batch 596/9513)
Processing batch 597/9513
Perplexity: Written 5373/85610 entries to perplexity result file (batch 597/9513)
Processing batch 598/9513
Perplexity: Written 5382/85610 entries to perplexity result file (batch 598/9513)
Processing batch 599/9513
Perplexity: Written 5391/85610 entries to perplexity result file (batch 599/9513)
Processing batch 600/9513
Perplexity: Written 5400/85610 entries to perplexity result file (batch 600/9513)
Processing batch 601/9513
Perplexity: Written 5409/85610 entries to perplexity result file (batch 601/9513)
Processing batch 602/9513
Perplexity: Written 5418/85610 entries to perplexity result file (batch 602/9513)
Processing batch 603/9513
Perplexity: Written 5427/85610 entries to perplexity result file (batch 603/9513)
Processing batch 604/9513
Perplexity: Written 5436/85610 entries to perplexity result file (batch 604/9513)
Processing batch 605/9513
Perplexity: Written 5445/85610 entries to perplexity result file (batch 605/9513)
Processing batch 606/9513
Perplexity: Written 5454/85610 entries to perplexity result file (batch 606/9513)
Processing batch 607/9513
Perplexity: Written 5463/85610 entries to perplexity result file (batch 607/9513)
Processing batch 608/9513
Perplexity: Written 5472/85610 entries to perplexity result file (batch 608/9513)
Processing batch 609/9513
Perplexity: Written 5481/85610 entries to perplexity result file (batch 609/9513)
Processing batch 610/9513
Perplexity: Written 5490/85610 entries to perplexity result file (batch 610/9513)
Processing batch 611/9513
Perplexity: Written 5499/85610 entries to perplexity result file (batch 611/9513)
Processing batch 612/9513
Perplexity: Written 5508/85610 entries to perplexity result file (batch 612/9513)
Processing batch 613/9513
Perplexity: Written 5517/85610 entries to perplexity result file (batch 613/9513)
Processing batch 614/9513
Perplexity: Written 5526/85610 entries to perplexity result file (batch 614/9513)
Processing batch 615/9513
Perplexity: Written 5535/85610 entries to perplexity result file (batch 615/9513)
Processing batch 616/9513
Perplexity: Written 5544/85610 entries to perplexity result file (batch 616/9513)
Processing batch 617/9513
Perplexity: Written 5553/85610 entries to perplexity result file (batch 617/9513)
Processing batch 618/9513
Perplexity: Written 5562/85610 entries to perplexity result file (batch 618/9513)
Processing batch 619/9513
Perplexity: Written 5571/85610 entries to perplexity result file (batch 619/9513)
Processing batch 620/9513
Perplexity: Written 5580/85610 entries to perplexity result file (batch 620/9513)
Processing batch 621/9513
Perplexity: Written 5589/85610 entries to perplexity result file (batch 621/9513)
Processing batch 622/9513
Perplexity: Written 5598/85610 entries to perplexity result file (batch 622/9513)
Processing batch 623/9513
Perplexity: Written 5607/85610 entries to perplexity result file (batch 623/9513)
Processing batch 624/9513
Warning: Decoded text differs from trimmed prompt
  Trimmed prompt length: 893, Decoded text length: 890
[DEBUG] First difference at position 497: prompt=' ', decoded='.'
[DEBUG] Context: prompt=' monopolies banded together\nTo beat a poor hayseed like me.\n"The railroads and old party bosses\nTogether did sweetly agree;\nAnd they thought there would be little trouble\nIn working a hayseed like me. . . ."\n—"The Hayseed"\nWhich of the following is an accomplishment of the political movement that was organized around sentiments similar to the one in the song lyrics above?\n\nPlease CONCISELY answer ', decoded=' monopolies banded together\nTo beat a poor hayseed like me.\n"The railroads and old party bosses\nTogether did sweetly agree;\nAnd they thought there would be little trouble\nIn working a hayseed like me...."\n—"The Hayseed"\nWhich of the following is an accomplishment of the political movement that was organized around sentiments similar to the one in the song lyrics above?\n\nPlease CONCISELY answer the'
Warning: Decoded text differs from trimmed prompt
  Trimmed prompt length: 923, Decoded text length: 920
[DEBUG] First difference at position 497: prompt=' ', decoded='.'
[DEBUG] Context: prompt=' monopolies banded together\nTo beat a poor hayseed like me.\n"The railroads and old party bosses\nTogether did sweetly agree;\nAnd they thought there would be little trouble\nIn working a hayseed like me. . . ."\n—"The Hayseed"\nWhich of the following is an accomplishment of the political movement that was organized around sentiments similar to the one in the song lyrics above?\n\nPlease CONCISELY answer ', decoded=' monopolies banded together\nTo beat a poor hayseed like me.\n"The railroads and old party bosses\nTogether did sweetly agree;\nAnd they thought there would be little trouble\nIn working a hayseed like me...."\n—"The Hayseed"\nWhich of the following is an accomplishment of the political movement that was organized around sentiments similar to the one in the song lyrics above?\n\nPlease CONCISELY answer the'
Perplexity: Written 5616/85610 entries to perplexity result file (batch 624/9513)
Processing batch 625/9513
Warning: Decoded text differs from trimmed prompt
  Trimmed prompt length: 1249, Decoded text length: 1243
[DEBUG] First difference at position 273: prompt=' ', decoded='.'
[DEBUG] Context: prompt='ledge Date: December 2023\nToday Date: 26 Jul 2024\n\n<|eot_id|><|start_header_id|>user<|end_header_id|>\n\nThis question refers to the following information.\n"I am in Birmingham because injustice is here. . . . Moreover, I am cognizant of the interrelatedness of all communities and states. I cannot sit idly by in Atlanta and not be concerned about what happens in Birmingham. Injustice anywhere is a th', decoded='ledge Date: December 2023\nToday Date: 26 Jul 2024\n\n<|eot_id|><|start_header_id|>user<|end_header_id|>\n\nThis question refers to the following information.\n"I am in Birmingham because injustice is here.... Moreover, I am cognizant of the interrelatedness of all communities and states. I cannot sit idly by in Atlanta and not be concerned about what happens in Birmingham. Injustice anywhere is a threa'
Perplexity: Written 5625/85610 entries to perplexity result file (batch 625/9513)
Processing batch 626/9513
Warning: Decoded text differs from trimmed prompt
  Trimmed prompt length: 1251, Decoded text length: 1245
[DEBUG] First difference at position 273: prompt=' ', decoded='.'
[DEBUG] Context: prompt='ledge Date: December 2023\nToday Date: 26 Jul 2024\n\n<|eot_id|><|start_header_id|>user<|end_header_id|>\n\nThis question refers to the following information.\n"I am in Birmingham because injustice is here. . . . Moreover, I am cognizant of the interrelatedness of all communities and states. I cannot sit idly by in Atlanta and not be concerned about what happens in Birmingham. Injustice anywhere is a th', decoded='ledge Date: December 2023\nToday Date: 26 Jul 2024\n\n<|eot_id|><|start_header_id|>user<|end_header_id|>\n\nThis question refers to the following information.\n"I am in Birmingham because injustice is here.... Moreover, I am cognizant of the interrelatedness of all communities and states. I cannot sit idly by in Atlanta and not be concerned about what happens in Birmingham. Injustice anywhere is a threa'
Perplexity: Written 5634/85610 entries to perplexity result file (batch 626/9513)
Processing batch 627/9513
Warning: Decoded text differs from trimmed prompt
  Trimmed prompt length: 2478, Decoded text length: 2475
[DEBUG] First difference at position 647: prompt=' ', decoded='.'
[DEBUG] Context: prompt='lleviating the Crime, & others maliciously painting it in the most odious & detestable Colours, we think it our duty to lay before the Publick, the whole Matter as it appeared, & still appears, to us. . . .\n"If these things are not sufficient to prove an unjustifiable Attachment in the Quakers to the Indians Savages, a fixed Resolution to befriend them & an utter insensibility to human Distresses,', decoded='lleviating the Crime, & others maliciously painting it in the most odious & detestable Colours, we think it our duty to lay before the Publick, the whole Matter as it appeared, & still appears, to us....\n"If these things are not sufficient to prove an unjustifiable Attachment in the Quakers to the Indians Savages, a fixed Resolution to befriend them & an utter insensibility to human Distresses, le'
Warning: Decoded text differs from trimmed prompt
  Trimmed prompt length: 2478, Decoded text length: 2475
[DEBUG] First difference at position 647: prompt=' ', decoded='.'
[DEBUG] Context: prompt='lleviating the Crime, & others maliciously painting it in the most odious & detestable Colours, we think it our duty to lay before the Publick, the whole Matter as it appeared, & still appears, to us. . . .\n"If these things are not sufficient to prove an unjustifiable Attachment in the Quakers to the Indians Savages, a fixed Resolution to befriend them & an utter insensibility to human Distresses,', decoded='lleviating the Crime, & others maliciously painting it in the most odious & detestable Colours, we think it our duty to lay before the Publick, the whole Matter as it appeared, & still appears, to us....\n"If these things are not sufficient to prove an unjustifiable Attachment in the Quakers to the Indians Savages, a fixed Resolution to befriend them & an utter insensibility to human Distresses, le'
Perplexity: Written 5643/85610 entries to perplexity result file (batch 627/9513)
Processing batch 628/9513
Warning: Decoded text differs from trimmed prompt
  Trimmed prompt length: 976, Decoded text length: 970
[DEBUG] First difference at position 468: prompt=' ', decoded='.'
[DEBUG] Context: prompt='rtured by misery and want. They spread and grow in the evil soil of poverty and strife. They reach their full growth when the hope of a people for a better life has died. We must keep that hope alive. . . . Great responsibilities have been placed upon us by the swift movement of events. . . . I am confident that the Congress will face these responsibilities squarely."\n—President Harry S. Truman, 1', decoded='rtured by misery and want. They spread and grow in the evil soil of poverty and strife. They reach their full growth when the hope of a people for a better life has died. We must keep that hope alive.... Great responsibilities have been placed upon us by the swift movement of events.... I am confident that the Congress will face these responsibilities squarely."\n—President Harry S. Truman, 1947\nTh'
Warning: Decoded text differs from trimmed prompt
  Trimmed prompt length: 989, Decoded text length: 983
[DEBUG] First difference at position 468: prompt=' ', decoded='.'
[DEBUG] Context: prompt='rtured by misery and want. They spread and grow in the evil soil of poverty and strife. They reach their full growth when the hope of a people for a better life has died. We must keep that hope alive. . . . Great responsibilities have been placed upon us by the swift movement of events. . . . I am confident that the Congress will face these responsibilities squarely."\n—President Harry S. Truman, 1', decoded='rtured by misery and want. They spread and grow in the evil soil of poverty and strife. They reach their full growth when the hope of a people for a better life has died. We must keep that hope alive.... Great responsibilities have been placed upon us by the swift movement of events.... I am confident that the Congress will face these responsibilities squarely."\n—President Harry S. Truman, 1947\nTh'
Perplexity: Written 5652/85610 entries to perplexity result file (batch 628/9513)
Processing batch 629/9513
Warning: Decoded text differs from trimmed prompt
  Trimmed prompt length: 1475, Decoded text length: 1469
[DEBUG] First difference at position 282: prompt=' ', decoded='.'
[DEBUG] Context: prompt='e: December 2023\nToday Date: 26 Jul 2024\n\n<|eot_id|><|start_header_id|>user<|end_header_id|>\n\nThis question refers to the following information.\n"A drunkard in the gutter is just where he ought to be. . . . The law of survival of the fittest was not made by man, and it cannot be abrogated by man. We can only, by interfering with it, produce the survival of the unfittest. . . . The millionaires are', decoded='e: December 2023\nToday Date: 26 Jul 2024\n\n<|eot_id|><|start_header_id|>user<|end_header_id|>\n\nThis question refers to the following information.\n"A drunkard in the gutter is just where he ought to be.... The law of survival of the fittest was not made by man, and it cannot be abrogated by man. We can only, by interfering with it, produce the survival of the unfittest.... The millionaires are a pro'
Warning: Decoded text differs from trimmed prompt
  Trimmed prompt length: 1416, Decoded text length: 1410
[DEBUG] First difference at position 282: prompt=' ', decoded='.'
[DEBUG] Context: prompt='e: December 2023\nToday Date: 26 Jul 2024\n\n<|eot_id|><|start_header_id|>user<|end_header_id|>\n\nThis question refers to the following information.\n"A drunkard in the gutter is just where he ought to be. . . . The law of survival of the fittest was not made by man, and it cannot be abrogated by man. We can only, by interfering with it, produce the survival of the unfittest. . . . The millionaires are', decoded='e: December 2023\nToday Date: 26 Jul 2024\n\n<|eot_id|><|start_header_id|>user<|end_header_id|>\n\nThis question refers to the following information.\n"A drunkard in the gutter is just where he ought to be.... The law of survival of the fittest was not made by man, and it cannot be abrogated by man. We can only, by interfering with it, produce the survival of the unfittest.... The millionaires are a pro'
Perplexity: Written 5661/85610 entries to perplexity result file (batch 629/9513)
Processing batch 630/9513
Perplexity: Written 5670/85610 entries to perplexity result file (batch 630/9513)
Processing batch 631/9513
Warning: Decoded text differs from trimmed prompt
  Trimmed prompt length: 1600, Decoded text length: 1597
[DEBUG] First difference at position 581: prompt=' ', decoded='.'
[DEBUG] Context: prompt=' and plantings of the Spaniards and Portuguese there, that we of England could never have the grace to set fast footing in such fertile and temperate places as are left as yet unpossessed of them. But . . . I conceive great hope that the time approacheth and now is that we of England may share and part stakes [divide the prize] (if we will ourselves) both with the Spaniard and the Portuguese in pa', decoded=' and plantings of the Spaniards and Portuguese there, that we of England could never have the grace to set fast footing in such fertile and temperate places as are left as yet unpossessed of them. But... I conceive great hope that the time approacheth and now is that we of England may share and part stakes [divide the prize] (if we will ourselves) both with the Spaniard and the Portuguese in part '
Warning: Decoded text differs from trimmed prompt
  Trimmed prompt length: 1563, Decoded text length: 1560
[DEBUG] First difference at position 581: prompt=' ', decoded='.'
[DEBUG] Context: prompt=' and plantings of the Spaniards and Portuguese there, that we of England could never have the grace to set fast footing in such fertile and temperate places as are left as yet unpossessed of them. But . . . I conceive great hope that the time approacheth and now is that we of England may share and part stakes [divide the prize] (if we will ourselves) both with the Spaniard and the Portuguese in pa', decoded=' and plantings of the Spaniards and Portuguese there, that we of England could never have the grace to set fast footing in such fertile and temperate places as are left as yet unpossessed of them. But... I conceive great hope that the time approacheth and now is that we of England may share and part stakes [divide the prize] (if we will ourselves) both with the Spaniard and the Portuguese in part '
Warning: Decoded text differs from trimmed prompt
  Trimmed prompt length: 1321, Decoded text length: 1315
[DEBUG] First difference at position 273: prompt=' ', decoded='.'
[DEBUG] Context: prompt='ledge Date: December 2023\nToday Date: 26 Jul 2024\n\n<|eot_id|><|start_header_id|>user<|end_header_id|>\n\nThis question refers to the following information.\n"I am in Birmingham because injustice is here. . . . Moreover, I am cognizant of the interrelatedness of all communities and states. I cannot sit idly by in Atlanta and not be concerned about what happens in Birmingham. Injustice anywhere is a th', decoded='ledge Date: December 2023\nToday Date: 26 Jul 2024\n\n<|eot_id|><|start_header_id|>user<|end_header_id|>\n\nThis question refers to the following information.\n"I am in Birmingham because injustice is here.... Moreover, I am cognizant of the interrelatedness of all communities and states. I cannot sit idly by in Atlanta and not be concerned about what happens in Birmingham. Injustice anywhere is a threa'
Warning: Decoded text differs from trimmed prompt
  Trimmed prompt length: 1322, Decoded text length: 1316
[DEBUG] First difference at position 273: prompt=' ', decoded='.'
[DEBUG] Context: prompt='ledge Date: December 2023\nToday Date: 26 Jul 2024\n\n<|eot_id|><|start_header_id|>user<|end_header_id|>\n\nThis question refers to the following information.\n"I am in Birmingham because injustice is here. . . . Moreover, I am cognizant of the interrelatedness of all communities and states. I cannot sit idly by in Atlanta and not be concerned about what happens in Birmingham. Injustice anywhere is a th', decoded='ledge Date: December 2023\nToday Date: 26 Jul 2024\n\n<|eot_id|><|start_header_id|>user<|end_header_id|>\n\nThis question refers to the following information.\n"I am in Birmingham because injustice is here.... Moreover, I am cognizant of the interrelatedness of all communities and states. I cannot sit idly by in Atlanta and not be concerned about what happens in Birmingham. Injustice anywhere is a threa'
Warning: Decoded text differs from trimmed prompt
  Trimmed prompt length: 1597, Decoded text length: 1594
[DEBUG] First difference at position 581: prompt=' ', decoded='.'
[DEBUG] Context: prompt=' and plantings of the Spaniards and Portuguese there, that we of England could never have the grace to set fast footing in such fertile and temperate places as are left as yet unpossessed of them. But . . . I conceive great hope that the time approacheth and now is that we of England may share and part stakes [divide the prize] (if we will ourselves) both with the Spaniard and the Portuguese in pa', decoded=' and plantings of the Spaniards and Portuguese there, that we of England could never have the grace to set fast footing in such fertile and temperate places as are left as yet unpossessed of them. But... I conceive great hope that the time approacheth and now is that we of England may share and part stakes [divide the prize] (if we will ourselves) both with the Spaniard and the Portuguese in part '
Warning: Decoded text differs from trimmed prompt
  Trimmed prompt length: 1604, Decoded text length: 1601
[DEBUG] First difference at position 581: prompt=' ', decoded='.'
[DEBUG] Context: prompt=' and plantings of the Spaniards and Portuguese there, that we of England could never have the grace to set fast footing in such fertile and temperate places as are left as yet unpossessed of them. But . . . I conceive great hope that the time approacheth and now is that we of England may share and part stakes [divide the prize] (if we will ourselves) both with the Spaniard and the Portuguese in pa', decoded=' and plantings of the Spaniards and Portuguese there, that we of England could never have the grace to set fast footing in such fertile and temperate places as are left as yet unpossessed of them. But... I conceive great hope that the time approacheth and now is that we of England may share and part stakes [divide the prize] (if we will ourselves) both with the Spaniard and the Portuguese in part '
Perplexity: Written 5679/85610 entries to perplexity result file (batch 631/9513)
Processing batch 632/9513
Warning: Decoded text differs from trimmed prompt
  Trimmed prompt length: 1024, Decoded text length: 1018
[DEBUG] First difference at position 468: prompt=' ', decoded='.'
[DEBUG] Context: prompt='rtured by misery and want. They spread and grow in the evil soil of poverty and strife. They reach their full growth when the hope of a people for a better life has died. We must keep that hope alive. . . . Great responsibilities have been placed upon us by the swift movement of events. . . . I am confident that the Congress will face these responsibilities squarely."\n—President Harry S. Truman, 1', decoded='rtured by misery and want. They spread and grow in the evil soil of poverty and strife. They reach their full growth when the hope of a people for a better life has died. We must keep that hope alive.... Great responsibilities have been placed upon us by the swift movement of events.... I am confident that the Congress will face these responsibilities squarely."\n—President Harry S. Truman, 1947\nTh'
Warning: Decoded text differs from trimmed prompt
  Trimmed prompt length: 1029, Decoded text length: 1023
[DEBUG] First difference at position 468: prompt=' ', decoded='.'
[DEBUG] Context: prompt='rtured by misery and want. They spread and grow in the evil soil of poverty and strife. They reach their full growth when the hope of a people for a better life has died. We must keep that hope alive. . . . Great responsibilities have been placed upon us by the swift movement of events. . . . I am confident that the Congress will face these responsibilities squarely."\n—President Harry S. Truman, 1', decoded='rtured by misery and want. They spread and grow in the evil soil of poverty and strife. They reach their full growth when the hope of a people for a better life has died. We must keep that hope alive.... Great responsibilities have been placed upon us by the swift movement of events.... I am confident that the Congress will face these responsibilities squarely."\n—President Harry S. Truman, 1947\nTh'
Perplexity: Written 5688/85610 entries to perplexity result file (batch 632/9513)
Processing batch 633/9513
Perplexity: Written 5697/85610 entries to perplexity result file (batch 633/9513)
Processing batch 634/9513
Warning: Decoded text differs from trimmed prompt
  Trimmed prompt length: 1649, Decoded text length: 1643
[DEBUG] First difference at position 848: prompt=' ', decoded='.'
[DEBUG] Context: prompt='e not the shadow of doubt on the subject. I believe that the rights of the free colored persons need only to be vindicated before the U.S. Supreme Court, to be obtained; that no prejudice or sophistry . . . can prevent their acknowledgement . . . and that the present laws, affecting your condition, are clearly unconstitutional. The fact that you have been treated, by common consent and common usag', decoded='e not the shadow of doubt on the subject. I believe that the rights of the free colored persons need only to be vindicated before the U.S. Supreme Court, to be obtained; that no prejudice or sophistry... can prevent their acknowledgement... and that the present laws, affecting your condition, are clearly unconstitutional. The fact that you have been treated, by common consent and common usage, as '
Warning: Decoded text differs from trimmed prompt
  Trimmed prompt length: 1655, Decoded text length: 1649
[DEBUG] First difference at position 848: prompt=' ', decoded='.'
[DEBUG] Context: prompt='e not the shadow of doubt on the subject. I believe that the rights of the free colored persons need only to be vindicated before the U.S. Supreme Court, to be obtained; that no prejudice or sophistry . . . can prevent their acknowledgement . . . and that the present laws, affecting your condition, are clearly unconstitutional. The fact that you have been treated, by common consent and common usag', decoded='e not the shadow of doubt on the subject. I believe that the rights of the free colored persons need only to be vindicated before the U.S. Supreme Court, to be obtained; that no prejudice or sophistry... can prevent their acknowledgement... and that the present laws, affecting your condition, are clearly unconstitutional. The fact that you have been treated, by common consent and common usage, as '
Perplexity: Written 5706/85610 entries to perplexity result file (batch 634/9513)
Processing batch 635/9513
Warning: Decoded text differs from trimmed prompt
  Trimmed prompt length: 1265, Decoded text length: 1259
[DEBUG] First difference at position 273: prompt=' ', decoded='.'
[DEBUG] Context: prompt='ledge Date: December 2023\nToday Date: 26 Jul 2024\n\n<|eot_id|><|start_header_id|>user<|end_header_id|>\n\nThis question refers to the following information.\n"I am in Birmingham because injustice is here. . . . Moreover, I am cognizant of the interrelatedness of all communities and states. I cannot sit idly by in Atlanta and not be concerned about what happens in Birmingham. Injustice anywhere is a th', decoded='ledge Date: December 2023\nToday Date: 26 Jul 2024\n\n<|eot_id|><|start_header_id|>user<|end_header_id|>\n\nThis question refers to the following information.\n"I am in Birmingham because injustice is here.... Moreover, I am cognizant of the interrelatedness of all communities and states. I cannot sit idly by in Atlanta and not be concerned about what happens in Birmingham. Injustice anywhere is a threa'
Warning: Decoded text differs from trimmed prompt
  Trimmed prompt length: 1263, Decoded text length: 1257
[DEBUG] First difference at position 273: prompt=' ', decoded='.'
[DEBUG] Context: prompt='ledge Date: December 2023\nToday Date: 26 Jul 2024\n\n<|eot_id|><|start_header_id|>user<|end_header_id|>\n\nThis question refers to the following information.\n"I am in Birmingham because injustice is here. . . . Moreover, I am cognizant of the interrelatedness of all communities and states. I cannot sit idly by in Atlanta and not be concerned about what happens in Birmingham. Injustice anywhere is a th', decoded='ledge Date: December 2023\nToday Date: 26 Jul 2024\n\n<|eot_id|><|start_header_id|>user<|end_header_id|>\n\nThis question refers to the following information.\n"I am in Birmingham because injustice is here.... Moreover, I am cognizant of the interrelatedness of all communities and states. I cannot sit idly by in Atlanta and not be concerned about what happens in Birmingham. Injustice anywhere is a threa'
Warning: Decoded text differs from trimmed prompt
  Trimmed prompt length: 1926, Decoded text length: 1917
[DEBUG] First difference at position 889: prompt=' ', decoded='.'
[DEBUG] Context: prompt='an exist long as a nation without having lodged somewhere a power which will pervade the whole Union in as energetic a manner as the authority of the state governments extends over the several states. . . .\n"What astonishing changes a few years are capable of producing. I am told that even respectable characters speak of a monarchical form of government without horror. . . . What a triumph for our', decoded='an exist long as a nation without having lodged somewhere a power which will pervade the whole Union in as energetic a manner as the authority of the state governments extends over the several states....\n"What astonishing changes a few years are capable of producing. I am told that even respectable characters speak of a monarchical form of government without horror.... What a triumph for our enemi'
Warning: Decoded text differs from trimmed prompt
  Trimmed prompt length: 1913, Decoded text length: 1904
[DEBUG] First difference at position 889: prompt=' ', decoded='.'
[DEBUG] Context: prompt='an exist long as a nation without having lodged somewhere a power which will pervade the whole Union in as energetic a manner as the authority of the state governments extends over the several states. . . .\n"What astonishing changes a few years are capable of producing. I am told that even respectable characters speak of a monarchical form of government without horror. . . . What a triumph for our', decoded='an exist long as a nation without having lodged somewhere a power which will pervade the whole Union in as energetic a manner as the authority of the state governments extends over the several states....\n"What astonishing changes a few years are capable of producing. I am told that even respectable characters speak of a monarchical form of government without horror.... What a triumph for our enemi'
Perplexity: Written 5715/85610 entries to perplexity result file (batch 635/9513)
Processing batch 636/9513
Warning: Decoded text differs from trimmed prompt
  Trimmed prompt length: 1537, Decoded text length: 1534
[DEBUG] First difference at position 1196: prompt=' ', decoded='.'
[DEBUG] Context: prompt='ymbolized by the presence of the Bomb, brought awareness that we ourselves, and our friends, and millions of abstract \'others\' we knew more directly because of our common peril, might die at any time. . . ."\n—Port Huron Statement, 1962\nThe primary intended audience for the Port Huron Statement was\n\nPlease CONCISELY answer the question in English WITHOUT reasoning or explanation.<|eot_id|><|start_h', decoded='ymbolized by the presence of the Bomb, brought awareness that we ourselves, and our friends, and millions of abstract \'others\' we knew more directly because of our common peril, might die at any time...."\n—Port Huron Statement, 1962\nThe primary intended audience for the Port Huron Statement was\n\nPlease CONCISELY answer the question in English WITHOUT reasoning or explanation.<|eot_id|><|start_head'
Warning: Decoded text differs from trimmed prompt
  Trimmed prompt length: 1523, Decoded text length: 1520
[DEBUG] First difference at position 1196: prompt=' ', decoded='.'
[DEBUG] Context: prompt='ymbolized by the presence of the Bomb, brought awareness that we ourselves, and our friends, and millions of abstract \'others\' we knew more directly because of our common peril, might die at any time. . . ."\n—Port Huron Statement, 1962\nThe primary intended audience for the Port Huron Statement was\n\nPlease CONCISELY answer the question in English WITHOUT reasoning or explanation.<|eot_id|><|start_h', decoded='ymbolized by the presence of the Bomb, brought awareness that we ourselves, and our friends, and millions of abstract \'others\' we knew more directly because of our common peril, might die at any time...."\n—Port Huron Statement, 1962\nThe primary intended audience for the Port Huron Statement was\n\nPlease CONCISELY answer the question in English WITHOUT reasoning or explanation.<|eot_id|><|start_head'
Perplexity: Written 5724/85610 entries to perplexity result file (batch 636/9513)
Processing batch 637/9513
Warning: Decoded text differs from trimmed prompt
  Trimmed prompt length: 1542, Decoded text length: 1539
[DEBUG] First difference at position 643: prompt=' ', decoded='.'
[DEBUG] Context: prompt='ad in the past, to do whatever needs to be done to preserve this last and greatest bastion of freedom. In this present crisis, government is not the solution to our problem; government is the problem. . . .\n"It is my intention to curb the size and influence of the Federal establishment and to demand recognition of the distinction between the powers granted to the Federal Government and those reser', decoded='ad in the past, to do whatever needs to be done to preserve this last and greatest bastion of freedom. In this present crisis, government is not the solution to our problem; government is the problem....\n"It is my intention to curb the size and influence of the Federal establishment and to demand recognition of the distinction between the powers granted to the Federal Government and those reserved'
Warning: Decoded text differs from trimmed prompt
  Trimmed prompt length: 1540, Decoded text length: 1537
[DEBUG] First difference at position 643: prompt=' ', decoded='.'
[DEBUG] Context: prompt='ad in the past, to do whatever needs to be done to preserve this last and greatest bastion of freedom. In this present crisis, government is not the solution to our problem; government is the problem. . . .\n"It is my intention to curb the size and influence of the Federal establishment and to demand recognition of the distinction between the powers granted to the Federal Government and those reser', decoded='ad in the past, to do whatever needs to be done to preserve this last and greatest bastion of freedom. In this present crisis, government is not the solution to our problem; government is the problem....\n"It is my intention to curb the size and influence of the Federal establishment and to demand recognition of the distinction between the powers granted to the Federal Government and those reserved'
Perplexity: Written 5733/85610 entries to perplexity result file (batch 637/9513)
Processing batch 638/9513
Perplexity: Written 5742/85610 entries to perplexity result file (batch 638/9513)
Processing batch 639/9513
Warning: Decoded text differs from trimmed prompt
  Trimmed prompt length: 1715, Decoded text length: 1712
[DEBUG] First difference at position 1196: prompt=' ', decoded='.'
[DEBUG] Context: prompt='ymbolized by the presence of the Bomb, brought awareness that we ourselves, and our friends, and millions of abstract \'others\' we knew more directly because of our common peril, might die at any time. . . ."\n—Port Huron Statement, 1962\nThrough the remainder of the 1960s, the growth of the organization that published the Port Huron Statement can best be understood in the context of\n\nPlease CONCISEL', decoded='ymbolized by the presence of the Bomb, brought awareness that we ourselves, and our friends, and millions of abstract \'others\' we knew more directly because of our common peril, might die at any time...."\n—Port Huron Statement, 1962\nThrough the remainder of the 1960s, the growth of the organization that published the Port Huron Statement can best be understood in the context of\n\nPlease CONCISELY a'
Warning: Decoded text differs from trimmed prompt
  Trimmed prompt length: 1737, Decoded text length: 1734
[DEBUG] First difference at position 1196: prompt=' ', decoded='.'
[DEBUG] Context: prompt='ymbolized by the presence of the Bomb, brought awareness that we ourselves, and our friends, and millions of abstract \'others\' we knew more directly because of our common peril, might die at any time. . . ."\n—Port Huron Statement, 1962\nThrough the remainder of the 1960s, the growth of the organization that published the Port Huron Statement can best be understood in the context of\n\nPlease CONCISEL', decoded='ymbolized by the presence of the Bomb, brought awareness that we ourselves, and our friends, and millions of abstract \'others\' we knew more directly because of our common peril, might die at any time...."\n—Port Huron Statement, 1962\nThrough the remainder of the 1960s, the growth of the organization that published the Port Huron Statement can best be understood in the context of\n\nPlease CONCISELY a'
Warning: Decoded text differs from trimmed prompt
  Trimmed prompt length: 1628, Decoded text length: 1625
[DEBUG] First difference at position 648: prompt=' ', decoded='.'
[DEBUG] Context: prompt=' insane and idiotic men and women; of beings, sunk to a condition from which the most unconcerned would start with real horror; of beings wretched in our Prisons, and more wretched in our Alms-Houses. . . .\n"If my pictures are displeasing, coarse, and severe, my subjects, it must be recollected, offer no tranquil, refined, or composing features. The condition of human beings, reduced to the extrem', decoded=' insane and idiotic men and women; of beings, sunk to a condition from which the most unconcerned would start with real horror; of beings wretched in our Prisons, and more wretched in our Alms-Houses....\n"If my pictures are displeasing, coarse, and severe, my subjects, it must be recollected, offer no tranquil, refined, or composing features. The condition of human beings, reduced to the extremest'
Warning: Decoded text differs from trimmed prompt
  Trimmed prompt length: 1598, Decoded text length: 1595
[DEBUG] First difference at position 648: prompt=' ', decoded='.'
[DEBUG] Context: prompt=' insane and idiotic men and women; of beings, sunk to a condition from which the most unconcerned would start with real horror; of beings wretched in our Prisons, and more wretched in our Alms-Houses. . . .\n"If my pictures are displeasing, coarse, and severe, my subjects, it must be recollected, offer no tranquil, refined, or composing features. The condition of human beings, reduced to the extrem', decoded=' insane and idiotic men and women; of beings, sunk to a condition from which the most unconcerned would start with real horror; of beings wretched in our Prisons, and more wretched in our Alms-Houses....\n"If my pictures are displeasing, coarse, and severe, my subjects, it must be recollected, offer no tranquil, refined, or composing features. The condition of human beings, reduced to the extremest'
Perplexity: Written 5751/85610 entries to perplexity result file (batch 639/9513)
Processing batch 640/9513
Warning: Decoded text differs from trimmed prompt
  Trimmed prompt length: 1710, Decoded text length: 1704
[DEBUG] First difference at position 848: prompt=' ', decoded='.'
[DEBUG] Context: prompt='e not the shadow of doubt on the subject. I believe that the rights of the free colored persons need only to be vindicated before the U.S. Supreme Court, to be obtained; that no prejudice or sophistry . . . can prevent their acknowledgement . . . and that the present laws, affecting your condition, are clearly unconstitutional. The fact that you have been treated, by common consent and common usag', decoded='e not the shadow of doubt on the subject. I believe that the rights of the free colored persons need only to be vindicated before the U.S. Supreme Court, to be obtained; that no prejudice or sophistry... can prevent their acknowledgement... and that the present laws, affecting your condition, are clearly unconstitutional. The fact that you have been treated, by common consent and common usage, as '
Warning: Decoded text differs from trimmed prompt
  Trimmed prompt length: 1702, Decoded text length: 1696
[DEBUG] First difference at position 848: prompt=' ', decoded='.'
[DEBUG] Context: prompt='e not the shadow of doubt on the subject. I believe that the rights of the free colored persons need only to be vindicated before the U.S. Supreme Court, to be obtained; that no prejudice or sophistry . . . can prevent their acknowledgement . . . and that the present laws, affecting your condition, are clearly unconstitutional. The fact that you have been treated, by common consent and common usag', decoded='e not the shadow of doubt on the subject. I believe that the rights of the free colored persons need only to be vindicated before the U.S. Supreme Court, to be obtained; that no prejudice or sophistry... can prevent their acknowledgement... and that the present laws, affecting your condition, are clearly unconstitutional. The fact that you have been treated, by common consent and common usage, as '
Perplexity: Written 5760/85610 entries to perplexity result file (batch 640/9513)
Processing batch 641/9513
Warning: Decoded text differs from trimmed prompt
  Trimmed prompt length: 1536, Decoded text length: 1533
[DEBUG] First difference at position 648: prompt=' ', decoded='.'
[DEBUG] Context: prompt=' insane and idiotic men and women; of beings, sunk to a condition from which the most unconcerned would start with real horror; of beings wretched in our Prisons, and more wretched in our Alms-Houses. . . .\n"If my pictures are displeasing, coarse, and severe, my subjects, it must be recollected, offer no tranquil, refined, or composing features. The condition of human beings, reduced to the extrem', decoded=' insane and idiotic men and women; of beings, sunk to a condition from which the most unconcerned would start with real horror; of beings wretched in our Prisons, and more wretched in our Alms-Houses....\n"If my pictures are displeasing, coarse, and severe, my subjects, it must be recollected, offer no tranquil, refined, or composing features. The condition of human beings, reduced to the extremest'
Warning: Decoded text differs from trimmed prompt
  Trimmed prompt length: 1530, Decoded text length: 1527
[DEBUG] First difference at position 648: prompt=' ', decoded='.'
[DEBUG] Context: prompt=' insane and idiotic men and women; of beings, sunk to a condition from which the most unconcerned would start with real horror; of beings wretched in our Prisons, and more wretched in our Alms-Houses. . . .\n"If my pictures are displeasing, coarse, and severe, my subjects, it must be recollected, offer no tranquil, refined, or composing features. The condition of human beings, reduced to the extrem', decoded=' insane and idiotic men and women; of beings, sunk to a condition from which the most unconcerned would start with real horror; of beings wretched in our Prisons, and more wretched in our Alms-Houses....\n"If my pictures are displeasing, coarse, and severe, my subjects, it must be recollected, offer no tranquil, refined, or composing features. The condition of human beings, reduced to the extremest'
Warning: Decoded text differs from trimmed prompt
  Trimmed prompt length: 1620, Decoded text length: 1617
[DEBUG] First difference at position 1196: prompt=' ', decoded='.'
[DEBUG] Context: prompt='ymbolized by the presence of the Bomb, brought awareness that we ourselves, and our friends, and millions of abstract \'others\' we knew more directly because of our common peril, might die at any time. . . ."\n—Port Huron Statement, 1962\nThe Port Huron Statement, excerpted above, can most clearly be seen as an important document in which of the following movements?\n\nPlease CONCISELY answer the quest', decoded='ymbolized by the presence of the Bomb, brought awareness that we ourselves, and our friends, and millions of abstract \'others\' we knew more directly because of our common peril, might die at any time...."\n—Port Huron Statement, 1962\nThe Port Huron Statement, excerpted above, can most clearly be seen as an important document in which of the following movements?\n\nPlease CONCISELY answer the question'
Warning: Decoded text differs from trimmed prompt
  Trimmed prompt length: 1633, Decoded text length: 1630
[DEBUG] First difference at position 1196: prompt=' ', decoded='.'
[DEBUG] Context: prompt='ymbolized by the presence of the Bomb, brought awareness that we ourselves, and our friends, and millions of abstract \'others\' we knew more directly because of our common peril, might die at any time. . . ."\n—Port Huron Statement, 1962\nThe Port Huron Statement, excerpted above, can most clearly be seen as an important document in which of the following movements?\n\nPlease CONCISELY answer the quest', decoded='ymbolized by the presence of the Bomb, brought awareness that we ourselves, and our friends, and millions of abstract \'others\' we knew more directly because of our common peril, might die at any time...."\n—Port Huron Statement, 1962\nThe Port Huron Statement, excerpted above, can most clearly be seen as an important document in which of the following movements?\n\nPlease CONCISELY answer the question'
Warning: Decoded text differs from trimmed prompt
  Trimmed prompt length: 1709, Decoded text length: 1703
[DEBUG] First difference at position 848: prompt=' ', decoded='.'
[DEBUG] Context: prompt='e not the shadow of doubt on the subject. I believe that the rights of the free colored persons need only to be vindicated before the U.S. Supreme Court, to be obtained; that no prejudice or sophistry . . . can prevent their acknowledgement . . . and that the present laws, affecting your condition, are clearly unconstitutional. The fact that you have been treated, by common consent and common usag', decoded='e not the shadow of doubt on the subject. I believe that the rights of the free colored persons need only to be vindicated before the U.S. Supreme Court, to be obtained; that no prejudice or sophistry... can prevent their acknowledgement... and that the present laws, affecting your condition, are clearly unconstitutional. The fact that you have been treated, by common consent and common usage, as '
Warning: Decoded text differs from trimmed prompt
  Trimmed prompt length: 1705, Decoded text length: 1699
[DEBUG] First difference at position 848: prompt=' ', decoded='.'
[DEBUG] Context: prompt='e not the shadow of doubt on the subject. I believe that the rights of the free colored persons need only to be vindicated before the U.S. Supreme Court, to be obtained; that no prejudice or sophistry . . . can prevent their acknowledgement . . . and that the present laws, affecting your condition, are clearly unconstitutional. The fact that you have been treated, by common consent and common usag', decoded='e not the shadow of doubt on the subject. I believe that the rights of the free colored persons need only to be vindicated before the U.S. Supreme Court, to be obtained; that no prejudice or sophistry... can prevent their acknowledgement... and that the present laws, affecting your condition, are clearly unconstitutional. The fact that you have been treated, by common consent and common usage, as '
Warning: Decoded text differs from trimmed prompt
  Trimmed prompt length: 1794, Decoded text length: 1785
[DEBUG] First difference at position 889: prompt=' ', decoded='.'
[DEBUG] Context: prompt='an exist long as a nation without having lodged somewhere a power which will pervade the whole Union in as energetic a manner as the authority of the state governments extends over the several states. . . .\n"What astonishing changes a few years are capable of producing. I am told that even respectable characters speak of a monarchical form of government without horror. . . . What a triumph for our', decoded='an exist long as a nation without having lodged somewhere a power which will pervade the whole Union in as energetic a manner as the authority of the state governments extends over the several states....\n"What astonishing changes a few years are capable of producing. I am told that even respectable characters speak of a monarchical form of government without horror.... What a triumph for our enemi'
Warning: Decoded text differs from trimmed prompt
  Trimmed prompt length: 1807, Decoded text length: 1798
[DEBUG] First difference at position 889: prompt=' ', decoded='.'
[DEBUG] Context: prompt='an exist long as a nation without having lodged somewhere a power which will pervade the whole Union in as energetic a manner as the authority of the state governments extends over the several states. . . .\n"What astonishing changes a few years are capable of producing. I am told that even respectable characters speak of a monarchical form of government without horror. . . . What a triumph for our', decoded='an exist long as a nation without having lodged somewhere a power which will pervade the whole Union in as energetic a manner as the authority of the state governments extends over the several states....\n"What astonishing changes a few years are capable of producing. I am told that even respectable characters speak of a monarchical form of government without horror.... What a triumph for our enemi'
Perplexity: Written 5769/85610 entries to perplexity result file (batch 641/9513)
Processing batch 642/9513
Perplexity: Written 5778/85610 entries to perplexity result file (batch 642/9513)
Processing batch 643/9513
Perplexity: Written 5787/85610 entries to perplexity result file (batch 643/9513)
Processing batch 644/9513
Warning: Decoded text differs from trimmed prompt
  Trimmed prompt length: 883, Decoded text length: 877
[DEBUG] First difference at position 237: prompt=' ', decoded='.'
[DEBUG] Context: prompt='ystem<|end_header_id|>\n\nCutting Knowledge Date: December 2023\nToday Date: 26 Jul 2024\n\n<|eot_id|><|start_header_id|>user<|end_header_id|>\n\nThis question refers to the following information.\n"The power . . . given to the commanding officer over all the people of each district is that of an absolute monarch. His mere will is to take the place of all law. . . . It reduces the whole population of the ', decoded='ystem<|end_header_id|>\n\nCutting Knowledge Date: December 2023\nToday Date: 26 Jul 2024\n\n<|eot_id|><|start_header_id|>user<|end_header_id|>\n\nThis question refers to the following information.\n"The power... given to the commanding officer over all the people of each district is that of an absolute monarch. His mere will is to take the place of all law.... It reduces the whole population of the ten st'
Warning: Decoded text differs from trimmed prompt
  Trimmed prompt length: 874, Decoded text length: 868
[DEBUG] First difference at position 237: prompt=' ', decoded='.'
[DEBUG] Context: prompt='ystem<|end_header_id|>\n\nCutting Knowledge Date: December 2023\nToday Date: 26 Jul 2024\n\n<|eot_id|><|start_header_id|>user<|end_header_id|>\n\nThis question refers to the following information.\n"The power . . . given to the commanding officer over all the people of each district is that of an absolute monarch. His mere will is to take the place of all law. . . . It reduces the whole population of the ', decoded='ystem<|end_header_id|>\n\nCutting Knowledge Date: December 2023\nToday Date: 26 Jul 2024\n\n<|eot_id|><|start_header_id|>user<|end_header_id|>\n\nThis question refers to the following information.\n"The power... given to the commanding officer over all the people of each district is that of an absolute monarch. His mere will is to take the place of all law.... It reduces the whole population of the ten st'
Perplexity: Written 5796/85610 entries to perplexity result file (batch 644/9513)
Processing batch 645/9513
Perplexity: Written 5805/85610 entries to perplexity result file (batch 645/9513)
Processing batch 646/9513
Warning: Decoded text differs from trimmed prompt
  Trimmed prompt length: 1595, Decoded text length: 1586
[DEBUG] First difference at position 498: prompt=' ', decoded='.'
[DEBUG] Context: prompt='propriety of setting apart an ample district west of the Mississippi, and without the limit of any State or Territory now formed, to be guaranteed to the Indian tribes as long as they shall occupy it. . . . There they may be secured in the enjoyment of governments of their own choice, subject to no other control from the United States than such as may be necessary to preserve peace on the frontier', decoded='propriety of setting apart an ample district west of the Mississippi, and without the limit of any State or Territory now formed, to be guaranteed to the Indian tribes as long as they shall occupy it.... There they may be secured in the enjoyment of governments of their own choice, subject to no other control from the United States than such as may be necessary to preserve peace on the frontier an'
Warning: Decoded text differs from trimmed prompt
  Trimmed prompt length: 1598, Decoded text length: 1589
[DEBUG] First difference at position 498: prompt=' ', decoded='.'
[DEBUG] Context: prompt='propriety of setting apart an ample district west of the Mississippi, and without the limit of any State or Territory now formed, to be guaranteed to the Indian tribes as long as they shall occupy it. . . . There they may be secured in the enjoyment of governments of their own choice, subject to no other control from the United States than such as may be necessary to preserve peace on the frontier', decoded='propriety of setting apart an ample district west of the Mississippi, and without the limit of any State or Territory now formed, to be guaranteed to the Indian tribes as long as they shall occupy it.... There they may be secured in the enjoyment of governments of their own choice, subject to no other control from the United States than such as may be necessary to preserve peace on the frontier an'
Warning: Decoded text differs from trimmed prompt
  Trimmed prompt length: 1105, Decoded text length: 1099
[DEBUG] First difference at position 468: prompt=' ', decoded='.'
[DEBUG] Context: prompt='rtured by misery and want. They spread and grow in the evil soil of poverty and strife. They reach their full growth when the hope of a people for a better life has died. We must keep that hope alive. . . . Great responsibilities have been placed upon us by the swift movement of events. . . . I am confident that the Congress will face these responsibilities squarely."\n—President Harry S. Truman, 1', decoded='rtured by misery and want. They spread and grow in the evil soil of poverty and strife. They reach their full growth when the hope of a people for a better life has died. We must keep that hope alive.... Great responsibilities have been placed upon us by the swift movement of events.... I am confident that the Congress will face these responsibilities squarely."\n—President Harry S. Truman, 1947\nTh'
Warning: Decoded text differs from trimmed prompt
  Trimmed prompt length: 1095, Decoded text length: 1089
[DEBUG] First difference at position 468: prompt=' ', decoded='.'
[DEBUG] Context: prompt='rtured by misery and want. They spread and grow in the evil soil of poverty and strife. They reach their full growth when the hope of a people for a better life has died. We must keep that hope alive. . . . Great responsibilities have been placed upon us by the swift movement of events. . . . I am confident that the Congress will face these responsibilities squarely."\n—President Harry S. Truman, 1', decoded='rtured by misery and want. They spread and grow in the evil soil of poverty and strife. They reach their full growth when the hope of a people for a better life has died. We must keep that hope alive.... Great responsibilities have been placed upon us by the swift movement of events.... I am confident that the Congress will face these responsibilities squarely."\n—President Harry S. Truman, 1947\nTh'
Perplexity: Written 5814/85610 entries to perplexity result file (batch 646/9513)
Processing batch 647/9513
Warning: Decoded text differs from trimmed prompt
  Trimmed prompt length: 818, Decoded text length: 815
[DEBUG] First difference at position 497: prompt=' ', decoded='.'
[DEBUG] Context: prompt=' monopolies banded together\nTo beat a poor hayseed like me.\n"The railroads and old party bosses\nTogether did sweetly agree;\nAnd they thought there would be little trouble\nIn working a hayseed like me. . . ."\n—"The Hayseed"\nThe song lyrics above would most likely have appeared in\n\nPlease CONCISELY answer the question in English WITHOUT reasoning or explanation.<|eot_id|><|start_header_id|>assistant', decoded=' monopolies banded together\nTo beat a poor hayseed like me.\n"The railroads and old party bosses\nTogether did sweetly agree;\nAnd they thought there would be little trouble\nIn working a hayseed like me...."\n—"The Hayseed"\nThe song lyrics above would most likely have appeared in\n\nPlease CONCISELY answer the question in English WITHOUT reasoning or explanation.<|eot_id|><|start_header_id|>assistant<|e'
Warning: Decoded text differs from trimmed prompt
  Trimmed prompt length: 821, Decoded text length: 818
[DEBUG] First difference at position 497: prompt=' ', decoded='.'
[DEBUG] Context: prompt=' monopolies banded together\nTo beat a poor hayseed like me.\n"The railroads and old party bosses\nTogether did sweetly agree;\nAnd they thought there would be little trouble\nIn working a hayseed like me. . . ."\n—"The Hayseed"\nThe song lyrics above would most likely have appeared in\n\nPlease CONCISELY answer the question in English WITHOUT reasoning or explanation.<|eot_id|><|start_header_id|>assistant', decoded=' monopolies banded together\nTo beat a poor hayseed like me.\n"The railroads and old party bosses\nTogether did sweetly agree;\nAnd they thought there would be little trouble\nIn working a hayseed like me...."\n—"The Hayseed"\nThe song lyrics above would most likely have appeared in\n\nPlease CONCISELY answer the question in English WITHOUT reasoning or explanation.<|eot_id|><|start_header_id|>assistant<|e'
Perplexity: Written 5823/85610 entries to perplexity result file (batch 647/9513)
Processing batch 648/9513
Perplexity: Written 5832/85610 entries to perplexity result file (batch 648/9513)
Processing batch 649/9513
Warning: Decoded text differs from trimmed prompt
  Trimmed prompt length: 1253, Decoded text length: 1250
[DEBUG] First difference at position 609: prompt=' ', decoded='.'
[DEBUG] Context: prompt=" not interest me. If I have commanded that the tribute offerings sent by you, O King, are to be accepted, this was solely in consideration for the spirit which prompted you to dispatch them from afar. . . . As your Ambassador can see for himself, we possess all things. I set no value on objects strange or ingenious, and have no use for your country's manufactures. It behooves you, O King, to displ", decoded=" not interest me. If I have commanded that the tribute offerings sent by you, O King, are to be accepted, this was solely in consideration for the spirit which prompted you to dispatch them from afar.... As your Ambassador can see for himself, we possess all things. I set no value on objects strange or ingenious, and have no use for your country's manufactures. It behooves you, O King, to display "
Warning: Decoded text differs from trimmed prompt
  Trimmed prompt length: 1250, Decoded text length: 1247
[DEBUG] First difference at position 609: prompt=' ', decoded='.'
[DEBUG] Context: prompt=" not interest me. If I have commanded that the tribute offerings sent by you, O King, are to be accepted, this was solely in consideration for the spirit which prompted you to dispatch them from afar. . . . As your Ambassador can see for himself, we possess all things. I set no value on objects strange or ingenious, and have no use for your country's manufactures. It behooves you, O King, to displ", decoded=" not interest me. If I have commanded that the tribute offerings sent by you, O King, are to be accepted, this was solely in consideration for the spirit which prompted you to dispatch them from afar.... As your Ambassador can see for himself, we possess all things. I set no value on objects strange or ingenious, and have no use for your country's manufactures. It behooves you, O King, to display "
Perplexity: Written 5841/85610 entries to perplexity result file (batch 649/9513)
Processing batch 650/9513
Warning: Decoded text differs from trimmed prompt
  Trimmed prompt length: 1810, Decoded text length: 1798
[DEBUG] First difference at position 341: prompt=' ', decoded='.'
[DEBUG] Context: prompt='_header_id|>user<|end_header_id|>\n\nThis question refers to the following information.\nYi Yin sacrificed to the former king, and presented the heir-king reverently before the shrine of his grandfather. . . . Yi Yin then clearly described the virtue of the Meritorious Ancestor for the instruction of the young king.\n"Oh! of old the former kings of Xia cultivated earnestly their virtue, and then there', decoded='_header_id|>user<|end_header_id|>\n\nThis question refers to the following information.\nYi Yin sacrificed to the former king, and presented the heir-king reverently before the shrine of his grandfather.... Yi Yin then clearly described the virtue of the Meritorious Ancestor for the instruction of the young king.\n"Oh! of old the former kings of Xia cultivated earnestly their virtue, and then there we'
Warning: Decoded text differs from trimmed prompt
  Trimmed prompt length: 1808, Decoded text length: 1796
[DEBUG] First difference at position 341: prompt=' ', decoded='.'
[DEBUG] Context: prompt='_header_id|>user<|end_header_id|>\n\nThis question refers to the following information.\nYi Yin sacrificed to the former king, and presented the heir-king reverently before the shrine of his grandfather. . . . Yi Yin then clearly described the virtue of the Meritorious Ancestor for the instruction of the young king.\n"Oh! of old the former kings of Xia cultivated earnestly their virtue, and then there', decoded='_header_id|>user<|end_header_id|>\n\nThis question refers to the following information.\nYi Yin sacrificed to the former king, and presented the heir-king reverently before the shrine of his grandfather.... Yi Yin then clearly described the virtue of the Meritorious Ancestor for the instruction of the young king.\n"Oh! of old the former kings of Xia cultivated earnestly their virtue, and then there we'
Perplexity: Written 5850/85610 entries to perplexity result file (batch 650/9513)
Processing batch 651/9513
Perplexity: Written 5859/85610 entries to perplexity result file (batch 651/9513)
Processing batch 652/9513
Warning: Decoded text differs from trimmed prompt
  Trimmed prompt length: 2437, Decoded text length: 2417
[DEBUG] First difference at position 477: prompt=' ', decoded='.'
[DEBUG] Context: prompt="habited by Muslims and has twelve mosques, salaried imams and muezzins, and jurists and scholars. In the environs are wells with sweet water, from which they drink and with which they grow vegetables. . . . The king's interpreters, the official in charge of his treasury and the majority of his ministers are Muslims. Only royalty may wear sewn clothes. All other people wear robes of cotton, silk, o", decoded="habited by Muslims and has twelve mosques, salaried imams and muezzins, and jurists and scholars. In the environs are wells with sweet water, from which they drink and with which they grow vegetables.... The king's interpreters, the official in charge of his treasury and the majority of his ministers are Muslims. Only royalty may wear sewn clothes. All other people wear robes of cotton, silk, or b"
Warning: Decoded text differs from trimmed prompt
  Trimmed prompt length: 2427, Decoded text length: 2407
[DEBUG] First difference at position 477: prompt=' ', decoded='.'
[DEBUG] Context: prompt="habited by Muslims and has twelve mosques, salaried imams and muezzins, and jurists and scholars. In the environs are wells with sweet water, from which they drink and with which they grow vegetables. . . . The king's interpreters, the official in charge of his treasury and the majority of his ministers are Muslims. Only royalty may wear sewn clothes. All other people wear robes of cotton, silk, o", decoded="habited by Muslims and has twelve mosques, salaried imams and muezzins, and jurists and scholars. In the environs are wells with sweet water, from which they drink and with which they grow vegetables.... The king's interpreters, the official in charge of his treasury and the majority of his ministers are Muslims. Only royalty may wear sewn clothes. All other people wear robes of cotton, silk, or b"
Perplexity: Written 5868/85610 entries to perplexity result file (batch 652/9513)
Processing batch 653/9513
Perplexity: Written 5877/85610 entries to perplexity result file (batch 653/9513)
Processing batch 654/9513
Warning: Decoded text differs from trimmed prompt
  Trimmed prompt length: 1278, Decoded text length: 1275
[DEBUG] First difference at position 609: prompt=' ', decoded='.'
[DEBUG] Context: prompt=" not interest me. If I have commanded that the tribute offerings sent by you, O King, are to be accepted, this was solely in consideration for the spirit which prompted you to dispatch them from afar. . . . As your Ambassador can see for himself, we possess all things. I set no value on objects strange or ingenious, and have no use for your country's manufactures. It behooves you, O King, to displ", decoded=" not interest me. If I have commanded that the tribute offerings sent by you, O King, are to be accepted, this was solely in consideration for the spirit which prompted you to dispatch them from afar.... As your Ambassador can see for himself, we possess all things. I set no value on objects strange or ingenious, and have no use for your country's manufactures. It behooves you, O King, to display "
Warning: Decoded text differs from trimmed prompt
  Trimmed prompt length: 1289, Decoded text length: 1286
[DEBUG] First difference at position 609: prompt=' ', decoded='.'
[DEBUG] Context: prompt=" not interest me. If I have commanded that the tribute offerings sent by you, O King, are to be accepted, this was solely in consideration for the spirit which prompted you to dispatch them from afar. . . . As your Ambassador can see for himself, we possess all things. I set no value on objects strange or ingenious, and have no use for your country's manufactures. It behooves you, O King, to displ", decoded=" not interest me. If I have commanded that the tribute offerings sent by you, O King, are to be accepted, this was solely in consideration for the spirit which prompted you to dispatch them from afar.... As your Ambassador can see for himself, we possess all things. I set no value on objects strange or ingenious, and have no use for your country's manufactures. It behooves you, O King, to display "
Perplexity: Written 5886/85610 entries to perplexity result file (batch 654/9513)
Processing batch 655/9513
Warning: Decoded text differs from trimmed prompt
  Trimmed prompt length: 2265, Decoded text length: 2245
[DEBUG] First difference at position 477: prompt=' ', decoded='.'
[DEBUG] Context: prompt="habited by Muslims and has twelve mosques, salaried imams and muezzins, and jurists and scholars. In the environs are wells with sweet water, from which they drink and with which they grow vegetables. . . . The king's interpreters, the official in charge of his treasury and the majority of his ministers are Muslims. Only royalty may wear sewn clothes. All other people wear robes of cotton, silk, o", decoded="habited by Muslims and has twelve mosques, salaried imams and muezzins, and jurists and scholars. In the environs are wells with sweet water, from which they drink and with which they grow vegetables.... The king's interpreters, the official in charge of his treasury and the majority of his ministers are Muslims. Only royalty may wear sewn clothes. All other people wear robes of cotton, silk, or b"
Warning: Decoded text differs from trimmed prompt
  Trimmed prompt length: 2256, Decoded text length: 2236
[DEBUG] First difference at position 477: prompt=' ', decoded='.'
[DEBUG] Context: prompt="habited by Muslims and has twelve mosques, salaried imams and muezzins, and jurists and scholars. In the environs are wells with sweet water, from which they drink and with which they grow vegetables. . . . The king's interpreters, the official in charge of his treasury and the majority of his ministers are Muslims. Only royalty may wear sewn clothes. All other people wear robes of cotton, silk, o", decoded="habited by Muslims and has twelve mosques, salaried imams and muezzins, and jurists and scholars. In the environs are wells with sweet water, from which they drink and with which they grow vegetables.... The king's interpreters, the official in charge of his treasury and the majority of his ministers are Muslims. Only royalty may wear sewn clothes. All other people wear robes of cotton, silk, or b"
Perplexity: Written 5895/85610 entries to perplexity result file (batch 655/9513)
Processing batch 656/9513
Perplexity: Written 5904/85610 entries to perplexity result file (batch 656/9513)
Processing batch 657/9513
Perplexity: Written 5913/85610 entries to perplexity result file (batch 657/9513)
Processing batch 658/9513
Perplexity: Written 5922/85610 entries to perplexity result file (batch 658/9513)
Processing batch 659/9513
Perplexity: Written 5931/85610 entries to perplexity result file (batch 659/9513)
Processing batch 660/9513
Perplexity: Written 5940/85610 entries to perplexity result file (batch 660/9513)
Processing batch 661/9513
Perplexity: Written 5949/85610 entries to perplexity result file (batch 661/9513)
Processing batch 662/9513
Perplexity: Written 5958/85610 entries to perplexity result file (batch 662/9513)
Processing batch 663/9513
Perplexity: Written 5967/85610 entries to perplexity result file (batch 663/9513)
Processing batch 664/9513
Perplexity: Written 5976/85610 entries to perplexity result file (batch 664/9513)
Processing batch 665/9513
Perplexity: Written 5985/85610 entries to perplexity result file (batch 665/9513)
Processing batch 666/9513
Perplexity: Written 5994/85610 entries to perplexity result file (batch 666/9513)
Processing batch 667/9513
Perplexity: Written 6003/85610 entries to perplexity result file (batch 667/9513)
Processing batch 668/9513
Perplexity: Written 6012/85610 entries to perplexity result file (batch 668/9513)
Processing batch 669/9513
Perplexity: Written 6021/85610 entries to perplexity result file (batch 669/9513)
Processing batch 670/9513
Perplexity: Written 6030/85610 entries to perplexity result file (batch 670/9513)
Processing batch 671/9513
Perplexity: Written 6039/85610 entries to perplexity result file (batch 671/9513)
Processing batch 672/9513
Perplexity: Written 6048/85610 entries to perplexity result file (batch 672/9513)
Processing batch 673/9513
Perplexity: Written 6057/85610 entries to perplexity result file (batch 673/9513)
Processing batch 674/9513
Perplexity: Written 6066/85610 entries to perplexity result file (batch 674/9513)
Processing batch 675/9513
Perplexity: Written 6075/85610 entries to perplexity result file (batch 675/9513)
Processing batch 676/9513
Perplexity: Written 6084/85610 entries to perplexity result file (batch 676/9513)
Processing batch 677/9513
Perplexity: Written 6093/85610 entries to perplexity result file (batch 677/9513)
Processing batch 678/9513
Perplexity: Written 6102/85610 entries to perplexity result file (batch 678/9513)
Processing batch 679/9513
Perplexity: Written 6111/85610 entries to perplexity result file (batch 679/9513)
Processing batch 680/9513
Perplexity: Written 6120/85610 entries to perplexity result file (batch 680/9513)
Processing batch 681/9513
Perplexity: Written 6129/85610 entries to perplexity result file (batch 681/9513)
Processing batch 682/9513
Perplexity: Written 6138/85610 entries to perplexity result file (batch 682/9513)
Processing batch 683/9513
Perplexity: Written 6147/85610 entries to perplexity result file (batch 683/9513)
Processing batch 684/9513
Perplexity: Written 6156/85610 entries to perplexity result file (batch 684/9513)
Processing batch 685/9513
Perplexity: Written 6165/85610 entries to perplexity result file (batch 685/9513)
Processing batch 686/9513
Perplexity: Written 6174/85610 entries to perplexity result file (batch 686/9513)
Processing batch 687/9513
Perplexity: Written 6183/85610 entries to perplexity result file (batch 687/9513)
Processing batch 688/9513
Perplexity: Written 6192/85610 entries to perplexity result file (batch 688/9513)
Processing batch 689/9513
Perplexity: Written 6201/85610 entries to perplexity result file (batch 689/9513)
Processing batch 690/9513
Perplexity: Written 6210/85610 entries to perplexity result file (batch 690/9513)
Processing batch 691/9513
Perplexity: Written 6219/85610 entries to perplexity result file (batch 691/9513)
Processing batch 692/9513
Perplexity: Written 6228/85610 entries to perplexity result file (batch 692/9513)
Processing batch 693/9513
Perplexity: Written 6237/85610 entries to perplexity result file (batch 693/9513)
Processing batch 694/9513
Perplexity: Written 6246/85610 entries to perplexity result file (batch 694/9513)
Processing batch 695/9513
Perplexity: Written 6255/85610 entries to perplexity result file (batch 695/9513)
Processing batch 696/9513
Perplexity: Written 6264/85610 entries to perplexity result file (batch 696/9513)
Processing batch 697/9513
Perplexity: Written 6273/85610 entries to perplexity result file (batch 697/9513)
Processing batch 698/9513
Perplexity: Written 6282/85610 entries to perplexity result file (batch 698/9513)
Processing batch 699/9513
Perplexity: Written 6291/85610 entries to perplexity result file (batch 699/9513)
Processing batch 700/9513
Warning: Decoded text differs from trimmed prompt
  Trimmed prompt length: 564, Decoded text length: 563
[DEBUG] First difference at position 383: prompt=' ', decoded="'"
[DEBUG] Context: prompt=" the 'Lotus principle'?\n\nPlease CONCISELY answer the question in English WITHOUT reasoning or explanation.<|eot_id|><|start_header_id|>assistant<|end_header_id|>\n\nThe so-called Lotus principle is that 'restrictions upon the independence of States cannot therefore be presumed', or, as it has been construed, 'whatever is not prohibited is permitted in international law'.<|eot_id|>", decoded=" the 'Lotus principle'?\n\nPlease CONCISELY answer the question in English WITHOUT reasoning or explanation.<|eot_id|><|start_header_id|>assistant<|end_header_id|>\n\nThe so-called Lotus principle is that'restrictions upon the independence of States cannot therefore be presumed', or, as it has been construed, 'whatever is not prohibited is permitted in international law'.<|eot_id|>"
Perplexity: Written 6300/85610 entries to perplexity result file (batch 700/9513)
Processing batch 701/9513
Perplexity: Written 6309/85610 entries to perplexity result file (batch 701/9513)
Processing batch 702/9513
Perplexity: Written 6318/85610 entries to perplexity result file (batch 702/9513)
Processing batch 703/9513
Perplexity: Written 6327/85610 entries to perplexity result file (batch 703/9513)
Processing batch 704/9513
Perplexity: Written 6336/85610 entries to perplexity result file (batch 704/9513)
Processing batch 705/9513
Perplexity: Written 6345/85610 entries to perplexity result file (batch 705/9513)
Processing batch 706/9513
Warning: Decoded text differs from trimmed prompt
  Trimmed prompt length: 548, Decoded text length: 547
[DEBUG] First difference at position 253: prompt=' ', decoded="'"
[DEBUG] Context: prompt="r_id|>\n\nCutting Knowledge Date: December 2023\nToday Date: 26 Jul 2024\n\n<|eot_id|><|start_header_id|>user<|end_header_id|>\n\nWhat is the value of the Resolutions of the UN General Assembly in terms as a 'source' of international law?\n\nPlease CONCISELY answer the question in English WITHOUT reasoning or explanation.<|eot_id|><|start_header_id|>assistant<|end_header_id|>\n\nGA Resolutions are considered", decoded="r_id|>\n\nCutting Knowledge Date: December 2023\nToday Date: 26 Jul 2024\n\n<|eot_id|><|start_header_id|>user<|end_header_id|>\n\nWhat is the value of the Resolutions of the UN General Assembly in terms as a'source' of international law?\n\nPlease CONCISELY answer the question in English WITHOUT reasoning or explanation.<|eot_id|><|start_header_id|>assistant<|end_header_id|>\n\nGA Resolutions are considered "
Warning: Decoded text differs from trimmed prompt
  Trimmed prompt length: 535, Decoded text length: 534
[DEBUG] First difference at position 253: prompt=' ', decoded="'"
[DEBUG] Context: prompt="r_id|>\n\nCutting Knowledge Date: December 2023\nToday Date: 26 Jul 2024\n\n<|eot_id|><|start_header_id|>user<|end_header_id|>\n\nWhat is the value of the Resolutions of the UN General Assembly in terms as a 'source' of international law?\n\nPlease CONCISELY answer the question in English WITHOUT reasoning or explanation.<|eot_id|><|start_header_id|>assistant<|end_header_id|>\n\nGA Resolutions are considered", decoded="r_id|>\n\nCutting Knowledge Date: December 2023\nToday Date: 26 Jul 2024\n\n<|eot_id|><|start_header_id|>user<|end_header_id|>\n\nWhat is the value of the Resolutions of the UN General Assembly in terms as a'source' of international law?\n\nPlease CONCISELY answer the question in English WITHOUT reasoning or explanation.<|eot_id|><|start_header_id|>assistant<|end_header_id|>\n\nGA Resolutions are considered "
Perplexity: Written 6354/85610 entries to perplexity result file (batch 706/9513)
Processing batch 707/9513
Perplexity: Written 6363/85610 entries to perplexity result file (batch 707/9513)
Processing batch 708/9513
Warning: Decoded text differs from trimmed prompt
  Trimmed prompt length: 487, Decoded text length: 486
[DEBUG] First difference at position 241: prompt=' ', decoded="'"
[DEBUG] Context: prompt="m<|end_header_id|>\n\nCutting Knowledge Date: December 2023\nToday Date: 26 Jul 2024\n\n<|eot_id|><|start_header_id|>user<|end_header_id|>\n\nWhich case was the first to define the meaning of the doctrine of 'margin of appreciation' as applied by the European Court of Human Rights?\n\nPlease CONCISELY answer the question in English WITHOUT reasoning or explanation.<|eot_id|><|start_header_id|>assistant<|en", decoded="m<|end_header_id|>\n\nCutting Knowledge Date: December 2023\nToday Date: 26 Jul 2024\n\n<|eot_id|><|start_header_id|>user<|end_header_id|>\n\nWhich case was the first to define the meaning of the doctrine of'margin of appreciation' as applied by the European Court of Human Rights?\n\nPlease CONCISELY answer the question in English WITHOUT reasoning or explanation.<|eot_id|><|start_header_id|>assistant<|end"
Warning: Decoded text differs from trimmed prompt
  Trimmed prompt length: 485, Decoded text length: 484
[DEBUG] First difference at position 241: prompt=' ', decoded="'"
[DEBUG] Context: prompt="m<|end_header_id|>\n\nCutting Knowledge Date: December 2023\nToday Date: 26 Jul 2024\n\n<|eot_id|><|start_header_id|>user<|end_header_id|>\n\nWhich case was the first to define the meaning of the doctrine of 'margin of appreciation' as applied by the European Court of Human Rights?\n\nPlease CONCISELY answer the question in English WITHOUT reasoning or explanation.<|eot_id|><|start_header_id|>assistant<|en", decoded="m<|end_header_id|>\n\nCutting Knowledge Date: December 2023\nToday Date: 26 Jul 2024\n\n<|eot_id|><|start_header_id|>user<|end_header_id|>\n\nWhich case was the first to define the meaning of the doctrine of'margin of appreciation' as applied by the European Court of Human Rights?\n\nPlease CONCISELY answer the question in English WITHOUT reasoning or explanation.<|eot_id|><|start_header_id|>assistant<|end"
Perplexity: Written 6372/85610 entries to perplexity result file (batch 708/9513)
Processing batch 709/9513
Perplexity: Written 6381/85610 entries to perplexity result file (batch 709/9513)
Processing batch 710/9513
Perplexity: Written 6390/85610 entries to perplexity result file (batch 710/9513)
Processing batch 711/9513
Perplexity: Written 6399/85610 entries to perplexity result file (batch 711/9513)
Processing batch 712/9513
Perplexity: Written 6408/85610 entries to perplexity result file (batch 712/9513)
Processing batch 713/9513
Perplexity: Written 6417/85610 entries to perplexity result file (batch 713/9513)
Processing batch 714/9513
Perplexity: Written 6426/85610 entries to perplexity result file (batch 714/9513)
Processing batch 715/9513
Perplexity: Written 6435/85610 entries to perplexity result file (batch 715/9513)
Processing batch 716/9513
Perplexity: Written 6444/85610 entries to perplexity result file (batch 716/9513)
Processing batch 717/9513
Perplexity: Written 6453/85610 entries to perplexity result file (batch 717/9513)
Processing batch 718/9513
Warning: Decoded text differs from trimmed prompt
  Trimmed prompt length: 595, Decoded text length: 594
[DEBUG] First difference at position 198: prompt=' ', decoded="'"
[DEBUG] Context: prompt="<|begin_of_text|><|start_header_id|>system<|end_header_id|>\n\nCutting Knowledge Date: December 2023\nToday Date: 26 Jul 2024\n\n<|eot_id|><|start_header_id|>user<|end_header_id|>\n\nWhat is the meaning of 'secondary rules' in the law of international responsibility?\n\nPlease CONCISELY answer the question in English WITHOUT reasoning or explanation.<|eot_id|><|start_header_id|>assistant<|end_header_id|>", decoded="<|begin_of_text|><|start_header_id|>system<|end_header_id|>\n\nCutting Knowledge Date: December 2023\nToday Date: 26 Jul 2024\n\n<|eot_id|><|start_header_id|>user<|end_header_id|>\n\nWhat is the meaning of'secondary rules' in the law of international responsibility?\n\nPlease CONCISELY answer the question in English WITHOUT reasoning or explanation.<|eot_id|><|start_header_id|>assistant<|end_header_id|>\n"
Warning: Decoded text differs from trimmed prompt
  Trimmed prompt length: 560, Decoded text length: 559
[DEBUG] First difference at position 198: prompt=' ', decoded="'"
[DEBUG] Context: prompt="<|begin_of_text|><|start_header_id|>system<|end_header_id|>\n\nCutting Knowledge Date: December 2023\nToday Date: 26 Jul 2024\n\n<|eot_id|><|start_header_id|>user<|end_header_id|>\n\nWhat is the meaning of 'secondary rules' in the law of international responsibility?\n\nPlease CONCISELY answer the question in English WITHOUT reasoning or explanation.<|eot_id|><|start_header_id|>assistant<|end_header_id|>", decoded="<|begin_of_text|><|start_header_id|>system<|end_header_id|>\n\nCutting Knowledge Date: December 2023\nToday Date: 26 Jul 2024\n\n<|eot_id|><|start_header_id|>user<|end_header_id|>\n\nWhat is the meaning of'secondary rules' in the law of international responsibility?\n\nPlease CONCISELY answer the question in English WITHOUT reasoning or explanation.<|eot_id|><|start_header_id|>assistant<|end_header_id|>\n"
Perplexity: Written 6462/85610 entries to perplexity result file (batch 718/9513)
Processing batch 719/9513
Perplexity: Written 6471/85610 entries to perplexity result file (batch 719/9513)
Processing batch 720/9513
Perplexity: Written 6480/85610 entries to perplexity result file (batch 720/9513)
Processing batch 721/9513
Perplexity: Written 6489/85610 entries to perplexity result file (batch 721/9513)
Processing batch 722/9513
Perplexity: Written 6498/85610 entries to perplexity result file (batch 722/9513)
Processing batch 723/9513
Perplexity: Written 6507/85610 entries to perplexity result file (batch 723/9513)
Processing batch 724/9513
Perplexity: Written 6516/85610 entries to perplexity result file (batch 724/9513)
Processing batch 725/9513
Perplexity: Written 6525/85610 entries to perplexity result file (batch 725/9513)
Processing batch 726/9513
Perplexity: Written 6534/85610 entries to perplexity result file (batch 726/9513)
Processing batch 727/9513
Perplexity: Written 6543/85610 entries to perplexity result file (batch 727/9513)
Processing batch 728/9513
Warning: Decoded text differs from trimmed prompt
  Trimmed prompt length: 457, Decoded text length: 456
[DEBUG] First difference at position 431: prompt=' ', decoded="'"
[DEBUG] Context: prompt="hy more than Kant's?\n\nPlease CONCISELY answer the question in English WITHOUT reasoning or explanation.<|eot_id|><|start_header_id|>assistant<|end_header_id|>\n\nBecause Aristotle believed that man is a 'social animal'<|eot_id|>", decoded="hy more than Kant's?\n\nPlease CONCISELY answer the question in English WITHOUT reasoning or explanation.<|eot_id|><|start_header_id|>assistant<|end_header_id|>\n\nBecause Aristotle believed that man is a'social animal'<|eot_id|>"
Perplexity: Written 6552/85610 entries to perplexity result file (batch 728/9513)
Processing batch 729/9513
Warning: Decoded text differs from trimmed prompt
  Trimmed prompt length: 488, Decoded text length: 487
[DEBUG] First difference at position 205: prompt=' ', decoded="'"
[DEBUG] Context: prompt="in_of_text|><|start_header_id|>system<|end_header_id|>\n\nCutting Knowledge Date: December 2023\nToday Date: 26 Jul 2024\n\n<|eot_id|><|start_header_id|>user<|end_header_id|>\n\nWhat does Dworkin mean by the 'semantic sting'?\n\nPlease CONCISELY answer the question in English WITHOUT reasoning or explanation.<|eot_id|><|start_header_id|>assistant<|end_header_id|>\n\nThe idea that any semantic theory of truth", decoded="in_of_text|><|start_header_id|>system<|end_header_id|>\n\nCutting Knowledge Date: December 2023\nToday Date: 26 Jul 2024\n\n<|eot_id|><|start_header_id|>user<|end_header_id|>\n\nWhat does Dworkin mean by the'semantic sting'?\n\nPlease CONCISELY answer the question in English WITHOUT reasoning or explanation.<|eot_id|><|start_header_id|>assistant<|end_header_id|>\n\nThe idea that any semantic theory of truth "
Warning: Decoded text differs from trimmed prompt
  Trimmed prompt length: 469, Decoded text length: 468
[DEBUG] First difference at position 205: prompt=' ', decoded="'"
[DEBUG] Context: prompt="in_of_text|><|start_header_id|>system<|end_header_id|>\n\nCutting Knowledge Date: December 2023\nToday Date: 26 Jul 2024\n\n<|eot_id|><|start_header_id|>user<|end_header_id|>\n\nWhat does Dworkin mean by the 'semantic sting'?\n\nPlease CONCISELY answer the question in English WITHOUT reasoning or explanation.<|eot_id|><|start_header_id|>assistant<|end_header_id|>\n\nThe idea that any semantic theory of truth", decoded="in_of_text|><|start_header_id|>system<|end_header_id|>\n\nCutting Knowledge Date: December 2023\nToday Date: 26 Jul 2024\n\n<|eot_id|><|start_header_id|>user<|end_header_id|>\n\nWhat does Dworkin mean by the'semantic sting'?\n\nPlease CONCISELY answer the question in English WITHOUT reasoning or explanation.<|eot_id|><|start_header_id|>assistant<|end_header_id|>\n\nThe idea that any semantic theory of truth "
Perplexity: Written 6561/85610 entries to perplexity result file (batch 729/9513)
Processing batch 730/9513
Warning: Decoded text differs from trimmed prompt
  Trimmed prompt length: 758, Decoded text length: 757
[DEBUG] First difference at position 286: prompt=' ', decoded='.'
[DEBUG] Context: prompt="ecember 2023\nToday Date: 26 Jul 2024\n\n<|eot_id|><|start_header_id|>user<|end_header_id|>\n\nHart writes: '[T]he certification of something as legally valid is not conclusive of the question of obedience ... however great the aura of majesty or authority which the official system may have, its demands must in the end be submitted to a moral scrutiny.' What does this say about the nature of legal posi", decoded="ecember 2023\nToday Date: 26 Jul 2024\n\n<|eot_id|><|start_header_id|>user<|end_header_id|>\n\nHart writes: '[T]he certification of something as legally valid is not conclusive of the question of obedience... however great the aura of majesty or authority which the official system may have, its demands must in the end be submitted to a moral scrutiny.' What does this say about the nature of legal posit"
Warning: Decoded text differs from trimmed prompt
  Trimmed prompt length: 775, Decoded text length: 774
[DEBUG] First difference at position 286: prompt=' ', decoded='.'
[DEBUG] Context: prompt="ecember 2023\nToday Date: 26 Jul 2024\n\n<|eot_id|><|start_header_id|>user<|end_header_id|>\n\nHart writes: '[T]he certification of something as legally valid is not conclusive of the question of obedience ... however great the aura of majesty or authority which the official system may have, its demands must in the end be submitted to a moral scrutiny.' What does this say about the nature of legal posi", decoded="ecember 2023\nToday Date: 26 Jul 2024\n\n<|eot_id|><|start_header_id|>user<|end_header_id|>\n\nHart writes: '[T]he certification of something as legally valid is not conclusive of the question of obedience... however great the aura of majesty or authority which the official system may have, its demands must in the end be submitted to a moral scrutiny.' What does this say about the nature of legal posit"
Perplexity: Written 6570/85610 entries to perplexity result file (batch 730/9513)
Processing batch 731/9513
Perplexity: Written 6579/85610 entries to perplexity result file (batch 731/9513)
Processing batch 732/9513
Perplexity: Written 6588/85610 entries to perplexity result file (batch 732/9513)
Processing batch 733/9513
Warning: Decoded text differs from trimmed prompt
  Trimmed prompt length: 547, Decoded text length: 546
[DEBUG] First difference at position 218: prompt=' ', decoded="'"
[DEBUG] Context: prompt="|start_header_id|>system<|end_header_id|>\n\nCutting Knowledge Date: December 2023\nToday Date: 26 Jul 2024\n\n<|eot_id|><|start_header_id|>user<|end_header_id|>\n\nWhich statement best describes Tom Regan's 'sentimental anthropomorphicism' in support of animals rights?\n\nPlease CONCISELY answer the question in English WITHOUT reasoning or explanation.<|eot_id|><|start_header_id|>assistant<|end_header_id|", decoded="|start_header_id|>system<|end_header_id|>\n\nCutting Knowledge Date: December 2023\nToday Date: 26 Jul 2024\n\n<|eot_id|><|start_header_id|>user<|end_header_id|>\n\nWhich statement best describes Tom Regan's'sentimental anthropomorphicism' in support of animals rights?\n\nPlease CONCISELY answer the question in English WITHOUT reasoning or explanation.<|eot_id|><|start_header_id|>assistant<|end_header_id|>"
Warning: Decoded text differs from trimmed prompt
  Trimmed prompt length: 486, Decoded text length: 485
[DEBUG] First difference at position 218: prompt=' ', decoded="'"
[DEBUG] Context: prompt="|start_header_id|>system<|end_header_id|>\n\nCutting Knowledge Date: December 2023\nToday Date: 26 Jul 2024\n\n<|eot_id|><|start_header_id|>user<|end_header_id|>\n\nWhich statement best describes Tom Regan's 'sentimental anthropomorphicism' in support of animals rights?\n\nPlease CONCISELY answer the question in English WITHOUT reasoning or explanation.<|eot_id|><|start_header_id|>assistant<|end_header_id|", decoded="|start_header_id|>system<|end_header_id|>\n\nCutting Knowledge Date: December 2023\nToday Date: 26 Jul 2024\n\n<|eot_id|><|start_header_id|>user<|end_header_id|>\n\nWhich statement best describes Tom Regan's'sentimental anthropomorphicism' in support of animals rights?\n\nPlease CONCISELY answer the question in English WITHOUT reasoning or explanation.<|eot_id|><|start_header_id|>assistant<|end_header_id|>"
Warning: Decoded text differs from trimmed prompt
  Trimmed prompt length: 704, Decoded text length: 703
[DEBUG] First difference at position 664: prompt=' ', decoded="'"
[DEBUG] Context: prompt="WITHOUT reasoning or explanation.<|eot_id|><|start_header_id|>assistant<|end_header_id|>\n\nThe strongest reason for regarding Hart's remark as unfair is that the principal focus of the American realist 'school' was legal education.<|eot_id|>", decoded="WITHOUT reasoning or explanation.<|eot_id|><|start_header_id|>assistant<|end_header_id|>\n\nThe strongest reason for regarding Hart's remark as unfair is that the principal focus of the American realist'school' was legal education.<|eot_id|>"
Perplexity: Written 6597/85610 entries to perplexity result file (batch 733/9513)
Processing batch 734/9513
Perplexity: Written 6606/85610 entries to perplexity result file (batch 734/9513)
Processing batch 735/9513
Perplexity: Written 6615/85610 entries to perplexity result file (batch 735/9513)
Processing batch 736/9513
Perplexity: Written 6624/85610 entries to perplexity result file (batch 736/9513)
Processing batch 737/9513
Perplexity: Written 6633/85610 entries to perplexity result file (batch 737/9513)
Processing batch 738/9513
Perplexity: Written 6642/85610 entries to perplexity result file (batch 738/9513)
Processing batch 739/9513
Perplexity: Written 6651/85610 entries to perplexity result file (batch 739/9513)
Processing batch 740/9513
Perplexity: Written 6660/85610 entries to perplexity result file (batch 740/9513)
Processing batch 741/9513
Warning: Decoded text differs from trimmed prompt
  Trimmed prompt length: 741, Decoded text length: 740
[DEBUG] First difference at position 225: prompt=' ', decoded='.'
[DEBUG] Context: prompt='header_id|>system<|end_header_id|>\n\nCutting Knowledge Date: December 2023\nToday Date: 26 Jul 2024\n\n<|eot_id|><|start_header_id|>user<|end_header_id|>\n\nJohn S. Knight, Detroit Free Press (3 July 1970): ...Capitalism is the economic system in which the means of production and distribution are privately owned and operated for profit. The alternative system is called socialism, the theory of the owner', decoded='header_id|>system<|end_header_id|>\n\nCutting Knowledge Date: December 2023\nToday Date: 26 Jul 2024\n\n<|eot_id|><|start_header_id|>user<|end_header_id|>\n\nJohn S. Knight, Detroit Free Press (3 July 1970):...Capitalism is the economic system in which the means of production and distribution are privately owned and operated for profit. The alternative system is called socialism, the theory of the owners'
Warning: Decoded text differs from trimmed prompt
  Trimmed prompt length: 737, Decoded text length: 736
[DEBUG] First difference at position 225: prompt=' ', decoded='.'
[DEBUG] Context: prompt='header_id|>system<|end_header_id|>\n\nCutting Knowledge Date: December 2023\nToday Date: 26 Jul 2024\n\n<|eot_id|><|start_header_id|>user<|end_header_id|>\n\nJohn S. Knight, Detroit Free Press (3 July 1970): ...Capitalism is the economic system in which the means of production and distribution are privately owned and operated for profit. The alternative system is called socialism, the theory of the owner', decoded='header_id|>system<|end_header_id|>\n\nCutting Knowledge Date: December 2023\nToday Date: 26 Jul 2024\n\n<|eot_id|><|start_header_id|>user<|end_header_id|>\n\nJohn S. Knight, Detroit Free Press (3 July 1970):...Capitalism is the economic system in which the means of production and distribution are privately owned and operated for profit. The alternative system is called socialism, the theory of the owners'
Perplexity: Written 6669/85610 entries to perplexity result file (batch 741/9513)
Processing batch 742/9513
Perplexity: Written 6678/85610 entries to perplexity result file (batch 742/9513)
Processing batch 743/9513
Perplexity: Written 6687/85610 entries to perplexity result file (batch 743/9513)
Processing batch 744/9513
Perplexity: Written 6696/85610 entries to perplexity result file (batch 744/9513)
Processing batch 745/9513
Perplexity: Written 6705/85610 entries to perplexity result file (batch 745/9513)
Processing batch 746/9513
Perplexity: Written 6714/85610 entries to perplexity result file (batch 746/9513)
Processing batch 747/9513
Perplexity: Written 6723/85610 entries to perplexity result file (batch 747/9513)
Processing batch 748/9513
Perplexity: Written 6732/85610 entries to perplexity result file (batch 748/9513)
Processing batch 749/9513
Perplexity: Written 6741/85610 entries to perplexity result file (batch 749/9513)
Processing batch 750/9513
Perplexity: Written 6750/85610 entries to perplexity result file (batch 750/9513)
Processing batch 751/9513
Perplexity: Written 6759/85610 entries to perplexity result file (batch 751/9513)
Processing batch 752/9513
Perplexity: Written 6768/85610 entries to perplexity result file (batch 752/9513)
Processing batch 753/9513
Perplexity: Written 6777/85610 entries to perplexity result file (batch 753/9513)
Processing batch 754/9513
Perplexity: Written 6786/85610 entries to perplexity result file (batch 754/9513)
Processing batch 755/9513
Perplexity: Written 6795/85610 entries to perplexity result file (batch 755/9513)
Processing batch 756/9513
Warning: Decoded text differs from trimmed prompt
  Trimmed prompt length: 789, Decoded text length: 788
[DEBUG] First difference at position 237: prompt=' ', decoded='.'
[DEBUG] Context: prompt='ystem<|end_header_id|>\n\nCutting Knowledge Date: December 2023\nToday Date: 26 Jul 2024\n\n<|eot_id|><|start_header_id|>user<|end_header_id|>\n\nWilliam Safire in American Heritage Magazine (December 1987): ...The greatness of Lincoln was his purposefulness. He saw something that few others saw: that the democratic experiment centered on the Union and that majority rule was everything. The minute you al', decoded='ystem<|end_header_id|>\n\nCutting Knowledge Date: December 2023\nToday Date: 26 Jul 2024\n\n<|eot_id|><|start_header_id|>user<|end_header_id|>\n\nWilliam Safire in American Heritage Magazine (December 1987):...The greatness of Lincoln was his purposefulness. He saw something that few others saw: that the democratic experiment centered on the Union and that majority rule was everything. The minute you all'
Warning: Decoded text differs from trimmed prompt
  Trimmed prompt length: 795, Decoded text length: 794
[DEBUG] First difference at position 237: prompt=' ', decoded='.'
[DEBUG] Context: prompt='ystem<|end_header_id|>\n\nCutting Knowledge Date: December 2023\nToday Date: 26 Jul 2024\n\n<|eot_id|><|start_header_id|>user<|end_header_id|>\n\nWilliam Safire in American Heritage Magazine (December 1987): ...The greatness of Lincoln was his purposefulness. He saw something that few others saw: that the democratic experiment centered on the Union and that majority rule was everything. The minute you al', decoded='ystem<|end_header_id|>\n\nCutting Knowledge Date: December 2023\nToday Date: 26 Jul 2024\n\n<|eot_id|><|start_header_id|>user<|end_header_id|>\n\nWilliam Safire in American Heritage Magazine (December 1987):...The greatness of Lincoln was his purposefulness. He saw something that few others saw: that the democratic experiment centered on the Union and that majority rule was everything. The minute you all'
Perplexity: Written 6804/85610 entries to perplexity result file (batch 756/9513)
Processing batch 757/9513
Perplexity: Written 6813/85610 entries to perplexity result file (batch 757/9513)
Processing batch 758/9513
Perplexity: Written 6822/85610 entries to perplexity result file (batch 758/9513)
Processing batch 759/9513
Perplexity: Written 6831/85610 entries to perplexity result file (batch 759/9513)
Processing batch 760/9513
Perplexity: Written 6840/85610 entries to perplexity result file (batch 760/9513)
Processing batch 761/9513
Perplexity: Written 6849/85610 entries to perplexity result file (batch 761/9513)
Processing batch 762/9513
Perplexity: Written 6858/85610 entries to perplexity result file (batch 762/9513)
Processing batch 763/9513
Perplexity: Written 6867/85610 entries to perplexity result file (batch 763/9513)
Processing batch 764/9513
Perplexity: Written 6876/85610 entries to perplexity result file (batch 764/9513)
Processing batch 765/9513
Perplexity: Written 6885/85610 entries to perplexity result file (batch 765/9513)
Processing batch 766/9513
Perplexity: Written 6894/85610 entries to perplexity result file (batch 766/9513)
Processing batch 767/9513
Perplexity: Written 6903/85610 entries to perplexity result file (batch 767/9513)
Processing batch 768/9513
Perplexity: Written 6912/85610 entries to perplexity result file (batch 768/9513)
Processing batch 769/9513
Perplexity: Written 6921/85610 entries to perplexity result file (batch 769/9513)
Processing batch 770/9513
Perplexity: Written 6930/85610 entries to perplexity result file (batch 770/9513)
Processing batch 771/9513
Perplexity: Written 6939/85610 entries to perplexity result file (batch 771/9513)
Processing batch 772/9513
Perplexity: Written 6948/85610 entries to perplexity result file (batch 772/9513)
Processing batch 773/9513
Perplexity: Written 6957/85610 entries to perplexity result file (batch 773/9513)
Processing batch 774/9513
Perplexity: Written 6966/85610 entries to perplexity result file (batch 774/9513)
Processing batch 775/9513
Perplexity: Written 6975/85610 entries to perplexity result file (batch 775/9513)
Processing batch 776/9513
Perplexity: Written 6984/85610 entries to perplexity result file (batch 776/9513)
Processing batch 777/9513
Perplexity: Written 6993/85610 entries to perplexity result file (batch 777/9513)
Processing batch 778/9513
Perplexity: Written 7002/85610 entries to perplexity result file (batch 778/9513)
Processing batch 779/9513
Perplexity: Written 7011/85610 entries to perplexity result file (batch 779/9513)
Processing batch 780/9513
Perplexity: Written 7020/85610 entries to perplexity result file (batch 780/9513)
Processing batch 781/9513
Perplexity: Written 7029/85610 entries to perplexity result file (batch 781/9513)
Processing batch 782/9513
Perplexity: Written 7038/85610 entries to perplexity result file (batch 782/9513)
Processing batch 783/9513
Perplexity: Written 7047/85610 entries to perplexity result file (batch 783/9513)
Processing batch 784/9513
Perplexity: Written 7056/85610 entries to perplexity result file (batch 784/9513)
Processing batch 785/9513
Perplexity: Written 7065/85610 entries to perplexity result file (batch 785/9513)
Processing batch 786/9513
Perplexity: Written 7074/85610 entries to perplexity result file (batch 786/9513)
Processing batch 787/9513
Perplexity: Written 7083/85610 entries to perplexity result file (batch 787/9513)
Processing batch 788/9513
Perplexity: Written 7092/85610 entries to perplexity result file (batch 788/9513)
Processing batch 789/9513
Perplexity: Written 7101/85610 entries to perplexity result file (batch 789/9513)
Processing batch 790/9513
Perplexity: Written 7110/85610 entries to perplexity result file (batch 790/9513)
Processing batch 791/9513
Perplexity: Written 7119/85610 entries to perplexity result file (batch 791/9513)
Processing batch 792/9513
Warning: Decoded text differs from trimmed prompt
  Trimmed prompt length: 444, Decoded text length: 443
[DEBUG] First difference at position 184: prompt=' ', decoded="'"
[DEBUG] Context: prompt="<|begin_of_text|><|start_header_id|>system<|end_header_id|>\n\nCutting Knowledge Date: December 2023\nToday Date: 26 Jul 2024\n\n<|eot_id|><|start_header_id|>user<|end_header_id|>\n\nThe term 'marketing mix' describes:\n\nPlease CONCISELY answer the question in English WITHOUT reasoning or explanation.<|eot_id|><|start_header_id|>assistant<|end_header_id|>\n\nThe 4 Ps: A blending of four stra", decoded="<|begin_of_text|><|start_header_id|>system<|end_header_id|>\n\nCutting Knowledge Date: December 2023\nToday Date: 26 Jul 2024\n\n<|eot_id|><|start_header_id|>user<|end_header_id|>\n\nThe term'marketing mix' describes:\n\nPlease CONCISELY answer the question in English WITHOUT reasoning or explanation.<|eot_id|><|start_header_id|>assistant<|end_header_id|>\n\nThe 4 Ps: A blending of four strat"
Warning: Decoded text differs from trimmed prompt
  Trimmed prompt length: 449, Decoded text length: 448
[DEBUG] First difference at position 184: prompt=' ', decoded="'"
[DEBUG] Context: prompt="<|begin_of_text|><|start_header_id|>system<|end_header_id|>\n\nCutting Knowledge Date: December 2023\nToday Date: 26 Jul 2024\n\n<|eot_id|><|start_header_id|>user<|end_header_id|>\n\nThe term 'marketing mix' describes:\n\nPlease CONCISELY answer the question in English WITHOUT reasoning or explanation.<|eot_id|><|start_header_id|>assistant<|end_header_id|>\n\nThe 4 Ps: A composite analysis of", decoded="<|begin_of_text|><|start_header_id|>system<|end_header_id|>\n\nCutting Knowledge Date: December 2023\nToday Date: 26 Jul 2024\n\n<|eot_id|><|start_header_id|>user<|end_header_id|>\n\nThe term'marketing mix' describes:\n\nPlease CONCISELY answer the question in English WITHOUT reasoning or explanation.<|eot_id|><|start_header_id|>assistant<|end_header_id|>\n\nThe 4 Ps: A composite analysis of "
Perplexity: Written 7128/85610 entries to perplexity result file (batch 792/9513)
Processing batch 793/9513
Perplexity: Written 7137/85610 entries to perplexity result file (batch 793/9513)
Processing batch 794/9513
Perplexity: Written 7146/85610 entries to perplexity result file (batch 794/9513)
Processing batch 795/9513
Perplexity: Written 7155/85610 entries to perplexity result file (batch 795/9513)
Processing batch 796/9513
Perplexity: Written 7164/85610 entries to perplexity result file (batch 796/9513)
Processing batch 797/9513
Perplexity: Written 7173/85610 entries to perplexity result file (batch 797/9513)
Processing batch 798/9513
Perplexity: Written 7182/85610 entries to perplexity result file (batch 798/9513)
Processing batch 799/9513
Perplexity: Written 7191/85610 entries to perplexity result file (batch 799/9513)
Processing batch 800/9513
Perplexity: Written 7200/85610 entries to perplexity result file (batch 800/9513)
Processing batch 801/9513
Perplexity: Written 7209/85610 entries to perplexity result file (batch 801/9513)
Processing batch 802/9513
Perplexity: Written 7218/85610 entries to perplexity result file (batch 802/9513)
Processing batch 803/9513
Perplexity: Written 7227/85610 entries to perplexity result file (batch 803/9513)
Processing batch 804/9513
Perplexity: Written 7236/85610 entries to perplexity result file (batch 804/9513)
Processing batch 805/9513
Perplexity: Written 7245/85610 entries to perplexity result file (batch 805/9513)
Processing batch 806/9513
Perplexity: Written 7254/85610 entries to perplexity result file (batch 806/9513)
Processing batch 807/9513
Perplexity: Written 7263/85610 entries to perplexity result file (batch 807/9513)
Processing batch 808/9513
Perplexity: Written 7272/85610 entries to perplexity result file (batch 808/9513)
Processing batch 809/9513
Perplexity: Written 7281/85610 entries to perplexity result file (batch 809/9513)
Processing batch 810/9513
Perplexity: Written 7290/85610 entries to perplexity result file (batch 810/9513)
Processing batch 811/9513
Perplexity: Written 7299/85610 entries to perplexity result file (batch 811/9513)
Processing batch 812/9513
Perplexity: Written 7308/85610 entries to perplexity result file (batch 812/9513)
Processing batch 813/9513
Perplexity: Written 7317/85610 entries to perplexity result file (batch 813/9513)
Processing batch 814/9513
Perplexity: Written 7326/85610 entries to perplexity result file (batch 814/9513)
Processing batch 815/9513
Perplexity: Written 7335/85610 entries to perplexity result file (batch 815/9513)
Processing batch 816/9513
Perplexity: Written 7344/85610 entries to perplexity result file (batch 816/9513)
Processing batch 817/9513
Perplexity: Written 7353/85610 entries to perplexity result file (batch 817/9513)
Processing batch 818/9513
Perplexity: Written 7362/85610 entries to perplexity result file (batch 818/9513)
Processing batch 819/9513
Perplexity: Written 7371/85610 entries to perplexity result file (batch 819/9513)
Processing batch 820/9513
Perplexity: Written 7380/85610 entries to perplexity result file (batch 820/9513)
Processing batch 821/9513
Perplexity: Written 7389/85610 entries to perplexity result file (batch 821/9513)
Processing batch 822/9513
Perplexity: Written 7398/85610 entries to perplexity result file (batch 822/9513)
Processing batch 823/9513
Perplexity: Written 7407/85610 entries to perplexity result file (batch 823/9513)
Processing batch 824/9513
Perplexity: Written 7416/85610 entries to perplexity result file (batch 824/9513)
Processing batch 825/9513
Perplexity: Written 7425/85610 entries to perplexity result file (batch 825/9513)
Processing batch 826/9513
Perplexity: Written 7434/85610 entries to perplexity result file (batch 826/9513)
Processing batch 827/9513
Perplexity: Written 7443/85610 entries to perplexity result file (batch 827/9513)
Processing batch 828/9513
Perplexity: Written 7452/85610 entries to perplexity result file (batch 828/9513)
Processing batch 829/9513
Perplexity: Written 7461/85610 entries to perplexity result file (batch 829/9513)
Processing batch 830/9513
Perplexity: Written 7470/85610 entries to perplexity result file (batch 830/9513)
Processing batch 831/9513
Perplexity: Written 7479/85610 entries to perplexity result file (batch 831/9513)
Processing batch 832/9513
Perplexity: Written 7488/85610 entries to perplexity result file (batch 832/9513)
Processing batch 833/9513
Perplexity: Written 7497/85610 entries to perplexity result file (batch 833/9513)
Processing batch 834/9513
Perplexity: Written 7506/85610 entries to perplexity result file (batch 834/9513)
Processing batch 835/9513
Perplexity: Written 7515/85610 entries to perplexity result file (batch 835/9513)
Processing batch 836/9513
Perplexity: Written 7524/85610 entries to perplexity result file (batch 836/9513)
Processing batch 837/9513
Perplexity: Written 7533/85610 entries to perplexity result file (batch 837/9513)
Processing batch 838/9513
Perplexity: Written 7542/85610 entries to perplexity result file (batch 838/9513)
Processing batch 839/9513
Perplexity: Written 7551/85610 entries to perplexity result file (batch 839/9513)
Processing batch 840/9513
Perplexity: Written 7560/85610 entries to perplexity result file (batch 840/9513)
Processing batch 841/9513
Perplexity: Written 7569/85610 entries to perplexity result file (batch 841/9513)
Processing batch 842/9513
Perplexity: Written 7578/85610 entries to perplexity result file (batch 842/9513)
Processing batch 843/9513
Perplexity: Written 7587/85610 entries to perplexity result file (batch 843/9513)
Processing batch 844/9513
Perplexity: Written 7596/85610 entries to perplexity result file (batch 844/9513)
Processing batch 845/9513
Perplexity: Written 7605/85610 entries to perplexity result file (batch 845/9513)
Processing batch 846/9513
Perplexity: Written 7614/85610 entries to perplexity result file (batch 846/9513)
Processing batch 847/9513
Perplexity: Written 7623/85610 entries to perplexity result file (batch 847/9513)
Processing batch 848/9513
Perplexity: Written 7632/85610 entries to perplexity result file (batch 848/9513)
Processing batch 849/9513
Perplexity: Written 7641/85610 entries to perplexity result file (batch 849/9513)
Processing batch 850/9513
Perplexity: Written 7650/85610 entries to perplexity result file (batch 850/9513)
Processing batch 851/9513
Perplexity: Written 7659/85610 entries to perplexity result file (batch 851/9513)
Processing batch 852/9513
Perplexity: Written 7668/85610 entries to perplexity result file (batch 852/9513)
Processing batch 853/9513
Perplexity: Written 7677/85610 entries to perplexity result file (batch 853/9513)
Processing batch 854/9513
Perplexity: Written 7686/85610 entries to perplexity result file (batch 854/9513)
Processing batch 855/9513
Perplexity: Written 7695/85610 entries to perplexity result file (batch 855/9513)
Processing batch 856/9513
Perplexity: Written 7704/85610 entries to perplexity result file (batch 856/9513)
Processing batch 857/9513
Perplexity: Written 7713/85610 entries to perplexity result file (batch 857/9513)
Processing batch 858/9513
Perplexity: Written 7722/85610 entries to perplexity result file (batch 858/9513)
Processing batch 859/9513
Perplexity: Written 7731/85610 entries to perplexity result file (batch 859/9513)
Processing batch 860/9513
Warning: Decoded text differs from trimmed prompt
  Trimmed prompt length: 386, Decoded text length: 385
[DEBUG] First difference at position 201: prompt=' ', decoded="'"
[DEBUG] Context: prompt="|begin_of_text|><|start_header_id|>system<|end_header_id|>\n\nCutting Knowledge Date: December 2023\nToday Date: 26 Jul 2024\n\n<|eot_id|><|start_header_id|>user<|end_header_id|>\n\nIn what sport do you find 'steel cage' matches?\n\nPlease CONCISELY answer the question in English WITHOUT reasoning or explanation.<|eot_id|><|start_header_id|>assistant<|end_header_id|>\n\npro wrestling<|eot_id|>", decoded="|begin_of_text|><|start_header_id|>system<|end_header_id|>\n\nCutting Knowledge Date: December 2023\nToday Date: 26 Jul 2024\n\n<|eot_id|><|start_header_id|>user<|end_header_id|>\n\nIn what sport do you find'steel cage' matches?\n\nPlease CONCISELY answer the question in English WITHOUT reasoning or explanation.<|eot_id|><|start_header_id|>assistant<|end_header_id|>\n\npro wrestling<|eot_id|>"
Warning: Decoded text differs from trimmed prompt
  Trimmed prompt length: 391, Decoded text length: 390
[DEBUG] First difference at position 201: prompt=' ', decoded="'"
[DEBUG] Context: prompt="|begin_of_text|><|start_header_id|>system<|end_header_id|>\n\nCutting Knowledge Date: December 2023\nToday Date: 26 Jul 2024\n\n<|eot_id|><|start_header_id|>user<|end_header_id|>\n\nIn what sport do you find 'steel cage' matches?\n\nPlease CONCISELY answer the question in English WITHOUT reasoning or explanation.<|eot_id|><|start_header_id|>assistant<|end_header_id|>\n\ncollege basketball<|eot_id|>", decoded="|begin_of_text|><|start_header_id|>system<|end_header_id|>\n\nCutting Knowledge Date: December 2023\nToday Date: 26 Jul 2024\n\n<|eot_id|><|start_header_id|>user<|end_header_id|>\n\nIn what sport do you find'steel cage' matches?\n\nPlease CONCISELY answer the question in English WITHOUT reasoning or explanation.<|eot_id|><|start_header_id|>assistant<|end_header_id|>\n\ncollege basketball<|eot_id|>"
Perplexity: Written 7740/85610 entries to perplexity result file (batch 860/9513)
Processing batch 861/9513
Perplexity: Written 7749/85610 entries to perplexity result file (batch 861/9513)
Processing batch 862/9513
Perplexity: Written 7758/85610 entries to perplexity result file (batch 862/9513)
Processing batch 863/9513
Perplexity: Written 7767/85610 entries to perplexity result file (batch 863/9513)
Processing batch 864/9513
Perplexity: Written 7776/85610 entries to perplexity result file (batch 864/9513)
Processing batch 865/9513
Perplexity: Written 7785/85610 entries to perplexity result file (batch 865/9513)
Processing batch 866/9513
Warning: Decoded text differs from trimmed prompt
  Trimmed prompt length: 417, Decoded text length: 416
[DEBUG] First difference at position 199: prompt=' ', decoded="'"
[DEBUG] Context: prompt="<|begin_of_text|><|start_header_id|>system<|end_header_id|>\n\nCutting Knowledge Date: December 2023\nToday Date: 26 Jul 2024\n\n<|eot_id|><|start_header_id|>user<|end_header_id|>\n\nIn mobster lingo if you 'sing like a canary' what are you doing?\n\nPlease CONCISELY answer the question in English WITHOUT reasoning or explanation.<|eot_id|><|start_header_id|>assistant<|end_header_id|>\n\nYou're talking to t", decoded="<|begin_of_text|><|start_header_id|>system<|end_header_id|>\n\nCutting Knowledge Date: December 2023\nToday Date: 26 Jul 2024\n\n<|eot_id|><|start_header_id|>user<|end_header_id|>\n\nIn mobster lingo if you'sing like a canary' what are you doing?\n\nPlease CONCISELY answer the question in English WITHOUT reasoning or explanation.<|eot_id|><|start_header_id|>assistant<|end_header_id|>\n\nYou're talking to th"
Warning: Decoded text differs from trimmed prompt
  Trimmed prompt length: 414, Decoded text length: 413
[DEBUG] First difference at position 199: prompt=' ', decoded="'"
[DEBUG] Context: prompt="<|begin_of_text|><|start_header_id|>system<|end_header_id|>\n\nCutting Knowledge Date: December 2023\nToday Date: 26 Jul 2024\n\n<|eot_id|><|start_header_id|>user<|end_header_id|>\n\nIn mobster lingo if you 'sing like a canary' what are you doing?\n\nPlease CONCISELY answer the question in English WITHOUT reasoning or explanation.<|eot_id|><|start_header_id|>assistant<|end_header_id|>\n\nYou're killing an e", decoded="<|begin_of_text|><|start_header_id|>system<|end_header_id|>\n\nCutting Knowledge Date: December 2023\nToday Date: 26 Jul 2024\n\n<|eot_id|><|start_header_id|>user<|end_header_id|>\n\nIn mobster lingo if you'sing like a canary' what are you doing?\n\nPlease CONCISELY answer the question in English WITHOUT reasoning or explanation.<|eot_id|><|start_header_id|>assistant<|end_header_id|>\n\nYou're killing an en"
Perplexity: Written 7794/85610 entries to perplexity result file (batch 866/9513)
Processing batch 867/9513
Warning: Decoded text differs from trimmed prompt
  Trimmed prompt length: 402, Decoded text length: 401
[DEBUG] First difference at position 234: prompt=' ', decoded="'"
[DEBUG] Context: prompt="|>system<|end_header_id|>\n\nCutting Knowledge Date: December 2023\nToday Date: 26 Jul 2024\n\n<|eot_id|><|start_header_id|>user<|end_header_id|>\n\nAccording to a popular slogan what state should people not 'mess with'?\n\nPlease CONCISELY answer the question in English WITHOUT reasoning or explanation.<|eot_id|><|start_header_id|>assistant<|end_header_id|>\n\nTexas<|eot_id|>", decoded="|>system<|end_header_id|>\n\nCutting Knowledge Date: December 2023\nToday Date: 26 Jul 2024\n\n<|eot_id|><|start_header_id|>user<|end_header_id|>\n\nAccording to a popular slogan what state should people not'mess with'?\n\nPlease CONCISELY answer the question in English WITHOUT reasoning or explanation.<|eot_id|><|start_header_id|>assistant<|end_header_id|>\n\nTexas<|eot_id|>"
Warning: Decoded text differs from trimmed prompt
  Trimmed prompt length: 404, Decoded text length: 403
[DEBUG] First difference at position 234: prompt=' ', decoded="'"
[DEBUG] Context: prompt="|>system<|end_header_id|>\n\nCutting Knowledge Date: December 2023\nToday Date: 26 Jul 2024\n\n<|eot_id|><|start_header_id|>user<|end_header_id|>\n\nAccording to a popular slogan what state should people not 'mess with'?\n\nPlease CONCISELY answer the question in English WITHOUT reasoning or explanation.<|eot_id|><|start_header_id|>assistant<|end_header_id|>\n\nMontana<|eot_id|>", decoded="|>system<|end_header_id|>\n\nCutting Knowledge Date: December 2023\nToday Date: 26 Jul 2024\n\n<|eot_id|><|start_header_id|>user<|end_header_id|>\n\nAccording to a popular slogan what state should people not'mess with'?\n\nPlease CONCISELY answer the question in English WITHOUT reasoning or explanation.<|eot_id|><|start_header_id|>assistant<|end_header_id|>\n\nMontana<|eot_id|>"
Perplexity: Written 7803/85610 entries to perplexity result file (batch 867/9513)
Processing batch 868/9513
Perplexity: Written 7812/85610 entries to perplexity result file (batch 868/9513)
Processing batch 869/9513
Perplexity: Written 7821/85610 entries to perplexity result file (batch 869/9513)
Processing batch 870/9513
Perplexity: Written 7830/85610 entries to perplexity result file (batch 870/9513)
Processing batch 871/9513
Perplexity: Written 7839/85610 entries to perplexity result file (batch 871/9513)
Processing batch 872/9513
Perplexity: Written 7848/85610 entries to perplexity result file (batch 872/9513)
Processing batch 873/9513
Perplexity: Written 7857/85610 entries to perplexity result file (batch 873/9513)
Processing batch 874/9513
Perplexity: Written 7866/85610 entries to perplexity result file (batch 874/9513)
Processing batch 875/9513
Perplexity: Written 7875/85610 entries to perplexity result file (batch 875/9513)
Processing batch 876/9513
Perplexity: Written 7884/85610 entries to perplexity result file (batch 876/9513)
Processing batch 877/9513
Perplexity: Written 7893/85610 entries to perplexity result file (batch 877/9513)
Processing batch 878/9513
Perplexity: Written 7902/85610 entries to perplexity result file (batch 878/9513)
Processing batch 879/9513
Perplexity: Written 7911/85610 entries to perplexity result file (batch 879/9513)
Processing batch 880/9513
Perplexity: Written 7920/85610 entries to perplexity result file (batch 880/9513)
Processing batch 881/9513
Perplexity: Written 7929/85610 entries to perplexity result file (batch 881/9513)
Processing batch 882/9513
Perplexity: Written 7938/85610 entries to perplexity result file (batch 882/9513)
Processing batch 883/9513
Perplexity: Written 7947/85610 entries to perplexity result file (batch 883/9513)
Processing batch 884/9513
Perplexity: Written 7956/85610 entries to perplexity result file (batch 884/9513)
Processing batch 885/9513
Perplexity: Written 7965/85610 entries to perplexity result file (batch 885/9513)
Processing batch 886/9513
Perplexity: Written 7974/85610 entries to perplexity result file (batch 886/9513)
Processing batch 887/9513
Perplexity: Written 7983/85610 entries to perplexity result file (batch 887/9513)
Processing batch 888/9513
Perplexity: Written 7992/85610 entries to perplexity result file (batch 888/9513)
Processing batch 889/9513
Perplexity: Written 8001/85610 entries to perplexity result file (batch 889/9513)
Processing batch 890/9513
Perplexity: Written 8010/85610 entries to perplexity result file (batch 890/9513)
Processing batch 891/9513
Perplexity: Written 8019/85610 entries to perplexity result file (batch 891/9513)
Processing batch 892/9513
Perplexity: Written 8028/85610 entries to perplexity result file (batch 892/9513)
Processing batch 893/9513
Perplexity: Written 8037/85610 entries to perplexity result file (batch 893/9513)
Processing batch 894/9513
Perplexity: Written 8046/85610 entries to perplexity result file (batch 894/9513)
Processing batch 895/9513
Perplexity: Written 8055/85610 entries to perplexity result file (batch 895/9513)
Processing batch 896/9513
Warning: Decoded text differs from trimmed prompt
  Trimmed prompt length: 405, Decoded text length: 404
[DEBUG] First difference at position 213: prompt=' ', decoded="'"
[DEBUG] Context: prompt="xt|><|start_header_id|>system<|end_header_id|>\n\nCutting Knowledge Date: December 2023\nToday Date: 26 Jul 2024\n\n<|eot_id|><|start_header_id|>user<|end_header_id|>\n\nWhat fictional character claims to be 'smarter than the average bear'?\n\nPlease CONCISELY answer the question in English WITHOUT reasoning or explanation.<|eot_id|><|start_header_id|>assistant<|end_header_id|>\n\nYogi Bear<|eot_id|>", decoded="xt|><|start_header_id|>system<|end_header_id|>\n\nCutting Knowledge Date: December 2023\nToday Date: 26 Jul 2024\n\n<|eot_id|><|start_header_id|>user<|end_header_id|>\n\nWhat fictional character claims to be'smarter than the average bear'?\n\nPlease CONCISELY answer the question in English WITHOUT reasoning or explanation.<|eot_id|><|start_header_id|>assistant<|end_header_id|>\n\nYogi Bear<|eot_id|>"
Warning: Decoded text differs from trimmed prompt
  Trimmed prompt length: 411, Decoded text length: 410
[DEBUG] First difference at position 213: prompt=' ', decoded="'"
[DEBUG] Context: prompt="xt|><|start_header_id|>system<|end_header_id|>\n\nCutting Knowledge Date: December 2023\nToday Date: 26 Jul 2024\n\n<|eot_id|><|start_header_id|>user<|end_header_id|>\n\nWhat fictional character claims to be 'smarter than the average bear'?\n\nPlease CONCISELY answer the question in English WITHOUT reasoning or explanation.<|eot_id|><|start_header_id|>assistant<|end_header_id|>\n\nPaddington Bear<|eot_id|>", decoded="xt|><|start_header_id|>system<|end_header_id|>\n\nCutting Knowledge Date: December 2023\nToday Date: 26 Jul 2024\n\n<|eot_id|><|start_header_id|>user<|end_header_id|>\n\nWhat fictional character claims to be'smarter than the average bear'?\n\nPlease CONCISELY answer the question in English WITHOUT reasoning or explanation.<|eot_id|><|start_header_id|>assistant<|end_header_id|>\n\nPaddington Bear<|eot_id|>"
Perplexity: Written 8064/85610 entries to perplexity result file (batch 896/9513)
Processing batch 897/9513
Perplexity: Written 8073/85610 entries to perplexity result file (batch 897/9513)
Processing batch 898/9513
Perplexity: Written 8082/85610 entries to perplexity result file (batch 898/9513)
Processing batch 899/9513
Perplexity: Written 8091/85610 entries to perplexity result file (batch 899/9513)
Processing batch 900/9513
Perplexity: Written 8100/85610 entries to perplexity result file (batch 900/9513)
Processing batch 901/9513
Perplexity: Written 8109/85610 entries to perplexity result file (batch 901/9513)
Processing batch 902/9513
Perplexity: Written 8118/85610 entries to perplexity result file (batch 902/9513)
Processing batch 903/9513
Perplexity: Written 8127/85610 entries to perplexity result file (batch 903/9513)
Processing batch 904/9513
Perplexity: Written 8136/85610 entries to perplexity result file (batch 904/9513)
Processing batch 905/9513
Perplexity: Written 8145/85610 entries to perplexity result file (batch 905/9513)
Processing batch 906/9513
Perplexity: Written 8154/85610 entries to perplexity result file (batch 906/9513)
Processing batch 907/9513
Perplexity: Written 8163/85610 entries to perplexity result file (batch 907/9513)
Processing batch 908/9513
Warning: Decoded text differs from trimmed prompt
  Trimmed prompt length: 737, Decoded text length: 733
[DEBUG] First difference at position 224: prompt=' ', decoded='.'
[DEBUG] Context: prompt='_header_id|>system<|end_header_id|>\n\nCutting Knowledge Date: December 2023\nToday Date: 26 Jul 2024\n\n<|eot_id|><|start_header_id|>user<|end_header_id|>\n\n"I counted seven ministers all preaching at once . . . . Some of the people were singing, others praying, some crying for mercy in the most piteous accents." The quotation above describes group participation in an event that was most characteristic', decoded='_header_id|>system<|end_header_id|>\n\nCutting Knowledge Date: December 2023\nToday Date: 26 Jul 2024\n\n<|eot_id|><|start_header_id|>user<|end_header_id|>\n\n"I counted seven ministers all preaching at once.... Some of the people were singing, others praying, some crying for mercy in the most piteous accents." The quotation above describes group participation in an event that was most characteristic of '
Warning: Decoded text differs from trimmed prompt
  Trimmed prompt length: 722, Decoded text length: 718
[DEBUG] First difference at position 224: prompt=' ', decoded='.'
[DEBUG] Context: prompt='_header_id|>system<|end_header_id|>\n\nCutting Knowledge Date: December 2023\nToday Date: 26 Jul 2024\n\n<|eot_id|><|start_header_id|>user<|end_header_id|>\n\n"I counted seven ministers all preaching at once . . . . Some of the people were singing, others praying, some crying for mercy in the most piteous accents." The quotation above describes group participation in an event that was most characteristic', decoded='_header_id|>system<|end_header_id|>\n\nCutting Knowledge Date: December 2023\nToday Date: 26 Jul 2024\n\n<|eot_id|><|start_header_id|>user<|end_header_id|>\n\n"I counted seven ministers all preaching at once.... Some of the people were singing, others praying, some crying for mercy in the most piteous accents." The quotation above describes group participation in an event that was most characteristic of '
Perplexity: Written 8172/85610 entries to perplexity result file (batch 908/9513)
Processing batch 909/9513
Perplexity: Written 8181/85610 entries to perplexity result file (batch 909/9513)
Processing batch 910/9513
Perplexity: Written 8190/85610 entries to perplexity result file (batch 910/9513)
Processing batch 911/9513
Perplexity: Written 8199/85610 entries to perplexity result file (batch 911/9513)
Processing batch 912/9513
Perplexity: Written 8208/85610 entries to perplexity result file (batch 912/9513)
Processing batch 913/9513
Perplexity: Written 8217/85610 entries to perplexity result file (batch 913/9513)
Processing batch 914/9513
Perplexity: Written 8226/85610 entries to perplexity result file (batch 914/9513)
Processing batch 915/9513
Perplexity: Written 8235/85610 entries to perplexity result file (batch 915/9513)
Processing batch 916/9513
Perplexity: Written 8244/85610 entries to perplexity result file (batch 916/9513)
Processing batch 917/9513
Perplexity: Written 8253/85610 entries to perplexity result file (batch 917/9513)
Processing batch 918/9513
Perplexity: Written 8262/85610 entries to perplexity result file (batch 918/9513)
Processing batch 919/9513
Perplexity: Written 8271/85610 entries to perplexity result file (batch 919/9513)
Processing batch 920/9513
Perplexity: Written 8280/85610 entries to perplexity result file (batch 920/9513)
Processing batch 921/9513
Perplexity: Written 8289/85610 entries to perplexity result file (batch 921/9513)
Processing batch 922/9513
Perplexity: Written 8298/85610 entries to perplexity result file (batch 922/9513)
Processing batch 923/9513
Perplexity: Written 8307/85610 entries to perplexity result file (batch 923/9513)
Processing batch 924/9513
Perplexity: Written 8316/85610 entries to perplexity result file (batch 924/9513)
Processing batch 925/9513
Perplexity: Written 8325/85610 entries to perplexity result file (batch 925/9513)
Processing batch 926/9513
Perplexity: Written 8334/85610 entries to perplexity result file (batch 926/9513)
Processing batch 927/9513
Perplexity: Written 8343/85610 entries to perplexity result file (batch 927/9513)
Processing batch 928/9513
Warning: Decoded text differs from trimmed prompt
  Trimmed prompt length: 580, Decoded text length: 579
[DEBUG] First difference at position 318: prompt=' ', decoded='.'
[DEBUG] Context: prompt='2024\n\n<|eot_id|><|start_header_id|>user<|end_header_id|>\n\nA student is conducting a research project and has learned of a website that may have useful information. The domain extension for the site is .org. Which of the following assumptions about the website is correct?\n\nPlease CONCISELY answer the question in English WITHOUT reasoning or explanation.<|eot_id|><|start_header_id|>assistant<|end_he', decoded='2024\n\n<|eot_id|><|start_header_id|>user<|end_header_id|>\n\nA student is conducting a research project and has learned of a website that may have useful information. The domain extension for the site is.org. Which of the following assumptions about the website is correct?\n\nPlease CONCISELY answer the question in English WITHOUT reasoning or explanation.<|eot_id|><|start_header_id|>assistant<|end_hea'
Warning: Decoded text differs from trimmed prompt
  Trimmed prompt length: 616, Decoded text length: 615
[DEBUG] First difference at position 318: prompt=' ', decoded='.'
[DEBUG] Context: prompt='2024\n\n<|eot_id|><|start_header_id|>user<|end_header_id|>\n\nA student is conducting a research project and has learned of a website that may have useful information. The domain extension for the site is .org. Which of the following assumptions about the website is correct?\n\nPlease CONCISELY answer the question in English WITHOUT reasoning or explanation.<|eot_id|><|start_header_id|>assistant<|end_he', decoded='2024\n\n<|eot_id|><|start_header_id|>user<|end_header_id|>\n\nA student is conducting a research project and has learned of a website that may have useful information. The domain extension for the site is.org. Which of the following assumptions about the website is correct?\n\nPlease CONCISELY answer the question in English WITHOUT reasoning or explanation.<|eot_id|><|start_header_id|>assistant<|end_hea'
Perplexity: Written 8352/85610 entries to perplexity result file (batch 928/9513)
Processing batch 929/9513
Perplexity: Written 8361/85610 entries to perplexity result file (batch 929/9513)
Processing batch 930/9513
Perplexity: Written 8370/85610 entries to perplexity result file (batch 930/9513)
Processing batch 931/9513
Perplexity: Written 8379/85610 entries to perplexity result file (batch 931/9513)
Processing batch 932/9513
Perplexity: Written 8388/85610 entries to perplexity result file (batch 932/9513)
Processing batch 933/9513
Perplexity: Written 8397/85610 entries to perplexity result file (batch 933/9513)
Processing batch 934/9513
Perplexity: Written 8406/85610 entries to perplexity result file (batch 934/9513)
Processing batch 935/9513
Perplexity: Written 8415/85610 entries to perplexity result file (batch 935/9513)
Processing batch 936/9513
Warning: Decoded text differs from trimmed prompt
  Trimmed prompt length: 447, Decoded text length: 445
[DEBUG] First difference at position 204: prompt=' ', decoded=','
[DEBUG] Context: prompt='gin_of_text|><|start_header_id|>system<|end_header_id|>\n\nCutting Knowledge Date: December 2023\nToday Date: 26 Jul 2024\n\n<|eot_id|><|start_header_id|>user<|end_header_id|>\n\nWhat quantity of oxygen, O_2 , contains very nearly the same number of molecules as 36.0 grams of water, H_2O ?\n\nPlease CONCISELY answer the question in English WITHOUT reasoning or explanation.<|eot_id|><|start_header_id|>assis', decoded='gin_of_text|><|start_header_id|>system<|end_header_id|>\n\nCutting Knowledge Date: December 2023\nToday Date: 26 Jul 2024\n\n<|eot_id|><|start_header_id|>user<|end_header_id|>\n\nWhat quantity of oxygen, O_2, contains very nearly the same number of molecules as 36.0 grams of water, H_2O?\n\nPlease CONCISELY answer the question in English WITHOUT reasoning or explanation.<|eot_id|><|start_header_id|>assista'
Warning: Decoded text differs from trimmed prompt
  Trimmed prompt length: 447, Decoded text length: 445
[DEBUG] First difference at position 204: prompt=' ', decoded=','
[DEBUG] Context: prompt='gin_of_text|><|start_header_id|>system<|end_header_id|>\n\nCutting Knowledge Date: December 2023\nToday Date: 26 Jul 2024\n\n<|eot_id|><|start_header_id|>user<|end_header_id|>\n\nWhat quantity of oxygen, O_2 , contains very nearly the same number of molecules as 36.0 grams of water, H_2O ?\n\nPlease CONCISELY answer the question in English WITHOUT reasoning or explanation.<|eot_id|><|start_header_id|>assis', decoded='gin_of_text|><|start_header_id|>system<|end_header_id|>\n\nCutting Knowledge Date: December 2023\nToday Date: 26 Jul 2024\n\n<|eot_id|><|start_header_id|>user<|end_header_id|>\n\nWhat quantity of oxygen, O_2, contains very nearly the same number of molecules as 36.0 grams of water, H_2O?\n\nPlease CONCISELY answer the question in English WITHOUT reasoning or explanation.<|eot_id|><|start_header_id|>assista'
Perplexity: Written 8424/85610 entries to perplexity result file (batch 936/9513)
Processing batch 937/9513
Perplexity: Written 8433/85610 entries to perplexity result file (batch 937/9513)
Processing batch 938/9513
Perplexity: Written 8442/85610 entries to perplexity result file (batch 938/9513)
Processing batch 939/9513
Perplexity: Written 8451/85610 entries to perplexity result file (batch 939/9513)
Processing batch 940/9513
Perplexity: Written 8460/85610 entries to perplexity result file (batch 940/9513)
Processing batch 941/9513
Perplexity: Written 8469/85610 entries to perplexity result file (batch 941/9513)
Processing batch 942/9513
Perplexity: Written 8478/85610 entries to perplexity result file (batch 942/9513)
Processing batch 943/9513
Perplexity: Written 8487/85610 entries to perplexity result file (batch 943/9513)
Processing batch 944/9513
Perplexity: Written 8496/85610 entries to perplexity result file (batch 944/9513)
Processing batch 945/9513
Perplexity: Written 8505/85610 entries to perplexity result file (batch 945/9513)
Processing batch 946/9513
Perplexity: Written 8514/85610 entries to perplexity result file (batch 946/9513)
Processing batch 947/9513
Perplexity: Written 8523/85610 entries to perplexity result file (batch 947/9513)
Processing batch 948/9513
Perplexity: Written 8532/85610 entries to perplexity result file (batch 948/9513)
Processing batch 949/9513
Perplexity: Written 8541/85610 entries to perplexity result file (batch 949/9513)
Processing batch 950/9513
Perplexity: Written 8550/85610 entries to perplexity result file (batch 950/9513)
Processing batch 951/9513
Perplexity: Written 8559/85610 entries to perplexity result file (batch 951/9513)
Processing batch 952/9513
Perplexity: Written 8568/85610 entries to perplexity result file (batch 952/9513)
Processing batch 953/9513
Perplexity: Written 8577/85610 entries to perplexity result file (batch 953/9513)
Processing batch 954/9513
Perplexity: Written 8586/85610 entries to perplexity result file (batch 954/9513)
Processing batch 955/9513
Perplexity: Written 8595/85610 entries to perplexity result file (batch 955/9513)
Processing batch 956/9513
Perplexity: Written 8604/85610 entries to perplexity result file (batch 956/9513)
Processing batch 957/9513
Perplexity: Written 8613/85610 entries to perplexity result file (batch 957/9513)
Processing batch 958/9513
Perplexity: Written 8622/85610 entries to perplexity result file (batch 958/9513)
Processing batch 959/9513
Perplexity: Written 8631/85610 entries to perplexity result file (batch 959/9513)
Processing batch 960/9513
Perplexity: Written 8640/85610 entries to perplexity result file (batch 960/9513)
Processing batch 961/9513
Perplexity: Written 8649/85610 entries to perplexity result file (batch 961/9513)
Processing batch 962/9513
Perplexity: Written 8658/85610 entries to perplexity result file (batch 962/9513)
Processing batch 963/9513
Perplexity: Written 8667/85610 entries to perplexity result file (batch 963/9513)
Processing batch 964/9513
Perplexity: Written 8676/85610 entries to perplexity result file (batch 964/9513)
Processing batch 965/9513
Perplexity: Written 8685/85610 entries to perplexity result file (batch 965/9513)
Processing batch 966/9513
Perplexity: Written 8694/85610 entries to perplexity result file (batch 966/9513)
Processing batch 967/9513
Perplexity: Written 8703/85610 entries to perplexity result file (batch 967/9513)
Processing batch 968/9513
Perplexity: Written 8712/85610 entries to perplexity result file (batch 968/9513)
Processing batch 969/9513
Perplexity: Written 8721/85610 entries to perplexity result file (batch 969/9513)
Processing batch 970/9513
Perplexity: Written 8730/85610 entries to perplexity result file (batch 970/9513)
Processing batch 971/9513
Perplexity: Written 8739/85610 entries to perplexity result file (batch 971/9513)
Processing batch 972/9513
Perplexity: Written 8748/85610 entries to perplexity result file (batch 972/9513)
Processing batch 973/9513
Perplexity: Written 8757/85610 entries to perplexity result file (batch 973/9513)
Processing batch 974/9513
Perplexity: Written 8766/85610 entries to perplexity result file (batch 974/9513)
Processing batch 975/9513
Perplexity: Written 8775/85610 entries to perplexity result file (batch 975/9513)
Processing batch 976/9513
Perplexity: Written 8784/85610 entries to perplexity result file (batch 976/9513)
Processing batch 977/9513
Perplexity: Written 8793/85610 entries to perplexity result file (batch 977/9513)
Processing batch 978/9513
Perplexity: Written 8802/85610 entries to perplexity result file (batch 978/9513)
Processing batch 979/9513
Perplexity: Written 8811/85610 entries to perplexity result file (batch 979/9513)
Processing batch 980/9513
Perplexity: Written 8820/85610 entries to perplexity result file (batch 980/9513)
Processing batch 981/9513
Perplexity: Written 8829/85610 entries to perplexity result file (batch 981/9513)
Processing batch 982/9513
Perplexity: Written 8838/85610 entries to perplexity result file (batch 982/9513)
Processing batch 983/9513
Perplexity: Written 8847/85610 entries to perplexity result file (batch 983/9513)
Processing batch 984/9513
Perplexity: Written 8856/85610 entries to perplexity result file (batch 984/9513)
Processing batch 985/9513
Perplexity: Written 8865/85610 entries to perplexity result file (batch 985/9513)
Processing batch 986/9513
Perplexity: Written 8874/85610 entries to perplexity result file (batch 986/9513)
Processing batch 987/9513
Perplexity: Written 8883/85610 entries to perplexity result file (batch 987/9513)
Processing batch 988/9513
Perplexity: Written 8892/85610 entries to perplexity result file (batch 988/9513)
Processing batch 989/9513
Perplexity: Written 8901/85610 entries to perplexity result file (batch 989/9513)
Processing batch 990/9513
Perplexity: Written 8910/85610 entries to perplexity result file (batch 990/9513)
Processing batch 991/9513
Perplexity: Written 8919/85610 entries to perplexity result file (batch 991/9513)
Processing batch 992/9513
Perplexity: Written 8928/85610 entries to perplexity result file (batch 992/9513)
Processing batch 993/9513
Perplexity: Written 8937/85610 entries to perplexity result file (batch 993/9513)
Processing batch 994/9513
Perplexity: Written 8946/85610 entries to perplexity result file (batch 994/9513)
Processing batch 995/9513
Warning: Decoded text differs from trimmed prompt
  Trimmed prompt length: 635, Decoded text length: 634
[DEBUG] First difference at position 297: prompt=' ', decoded='.'
[DEBUG] Context: prompt='3\nToday Date: 26 Jul 2024\n\n<|eot_id|><|start_header_id|>user<|end_header_id|>\n\nCallahan cites the Oregon Death with Dignity Legal Defense and the Education Center\'s finding that "after four full years .. there have been no missteps, abuses or coercive tendencies" regarding laws permitting euthanasia. In response he argues that\n\nPlease CONCISELY answer the question in English WITHOUT reasoning or e', decoded='3\nToday Date: 26 Jul 2024\n\n<|eot_id|><|start_header_id|>user<|end_header_id|>\n\nCallahan cites the Oregon Death with Dignity Legal Defense and the Education Center\'s finding that "after four full years.. there have been no missteps, abuses or coercive tendencies" regarding laws permitting euthanasia. In response he argues that\n\nPlease CONCISELY answer the question in English WITHOUT reasoning or ex'
Perplexity: Written 8955/85610 entries to perplexity result file (batch 995/9513)
Processing batch 996/9513
Warning: Decoded text differs from trimmed prompt
  Trimmed prompt length: 617, Decoded text length: 616
[DEBUG] First difference at position 297: prompt=' ', decoded='.'
[DEBUG] Context: prompt='3\nToday Date: 26 Jul 2024\n\n<|eot_id|><|start_header_id|>user<|end_header_id|>\n\nCallahan cites the Oregon Death with Dignity Legal Defense and the Education Center\'s finding that "after four full years .. there have been no missteps, abuses or coercive tendencies" regarding laws permitting euthanasia. In response he argues that\n\nPlease CONCISELY answer the question in English WITHOUT reasoning or e', decoded='3\nToday Date: 26 Jul 2024\n\n<|eot_id|><|start_header_id|>user<|end_header_id|>\n\nCallahan cites the Oregon Death with Dignity Legal Defense and the Education Center\'s finding that "after four full years.. there have been no missteps, abuses or coercive tendencies" regarding laws permitting euthanasia. In response he argues that\n\nPlease CONCISELY answer the question in English WITHOUT reasoning or ex'
Perplexity: Written 8964/85610 entries to perplexity result file (batch 996/9513)
Processing batch 997/9513
Perplexity: Written 8973/85610 entries to perplexity result file (batch 997/9513)
Processing batch 998/9513
Perplexity: Written 8982/85610 entries to perplexity result file (batch 998/9513)
Processing batch 999/9513
Perplexity: Written 8991/85610 entries to perplexity result file (batch 999/9513)
Processing batch 1000/9513
Perplexity: Written 9000/85610 entries to perplexity result file (batch 1000/9513)
Processing batch 1001/9513
Perplexity: Written 9009/85610 entries to perplexity result file (batch 1001/9513)
Processing batch 1002/9513
Perplexity: Written 9018/85610 entries to perplexity result file (batch 1002/9513)
Processing batch 1003/9513
Perplexity: Written 9027/85610 entries to perplexity result file (batch 1003/9513)
Processing batch 1004/9513
Perplexity: Written 9036/85610 entries to perplexity result file (batch 1004/9513)
Processing batch 1005/9513
Perplexity: Written 9045/85610 entries to perplexity result file (batch 1005/9513)
Processing batch 1006/9513
Perplexity: Written 9054/85610 entries to perplexity result file (batch 1006/9513)
Processing batch 1007/9513
Perplexity: Written 9063/85610 entries to perplexity result file (batch 1007/9513)
Processing batch 1008/9513
Perplexity: Written 9072/85610 entries to perplexity result file (batch 1008/9513)
Processing batch 1009/9513
Perplexity: Written 9081/85610 entries to perplexity result file (batch 1009/9513)
Processing batch 1010/9513
Perplexity: Written 9090/85610 entries to perplexity result file (batch 1010/9513)
Processing batch 1011/9513
Perplexity: Written 9099/85610 entries to perplexity result file (batch 1011/9513)
Processing batch 1012/9513
Perplexity: Written 9108/85610 entries to perplexity result file (batch 1012/9513)
Processing batch 1013/9513
Perplexity: Written 9117/85610 entries to perplexity result file (batch 1013/9513)
Processing batch 1014/9513
Perplexity: Written 9126/85610 entries to perplexity result file (batch 1014/9513)
Processing batch 1015/9513
Perplexity: Written 9135/85610 entries to perplexity result file (batch 1015/9513)
Processing batch 1016/9513
Perplexity: Written 9144/85610 entries to perplexity result file (batch 1016/9513)
Processing batch 1017/9513
Perplexity: Written 9153/85610 entries to perplexity result file (batch 1017/9513)
Processing batch 1018/9513
Perplexity: Written 9162/85610 entries to perplexity result file (batch 1018/9513)
Processing batch 1019/9513
Perplexity: Written 9171/85610 entries to perplexity result file (batch 1019/9513)
Processing batch 1020/9513
Perplexity: Written 9180/85610 entries to perplexity result file (batch 1020/9513)
Processing batch 1021/9513
Perplexity: Written 9189/85610 entries to perplexity result file (batch 1021/9513)
Processing batch 1022/9513
Perplexity: Written 9198/85610 entries to perplexity result file (batch 1022/9513)
Processing batch 1023/9513
Perplexity: Written 9207/85610 entries to perplexity result file (batch 1023/9513)
Processing batch 1024/9513
Perplexity: Written 9216/85610 entries to perplexity result file (batch 1024/9513)
Processing batch 1025/9513
Perplexity: Written 9225/85610 entries to perplexity result file (batch 1025/9513)
Processing batch 1026/9513
Perplexity: Written 9234/85610 entries to perplexity result file (batch 1026/9513)
Processing batch 1027/9513
Perplexity: Written 9243/85610 entries to perplexity result file (batch 1027/9513)
Processing batch 1028/9513
Perplexity: Written 9252/85610 entries to perplexity result file (batch 1028/9513)
Processing batch 1029/9513
Perplexity: Written 9261/85610 entries to perplexity result file (batch 1029/9513)
Processing batch 1030/9513
Perplexity: Written 9270/85610 entries to perplexity result file (batch 1030/9513)
Processing batch 1031/9513
Perplexity: Written 9279/85610 entries to perplexity result file (batch 1031/9513)
Processing batch 1032/9513
Perplexity: Written 9288/85610 entries to perplexity result file (batch 1032/9513)
Processing batch 1033/9513
Perplexity: Written 9297/85610 entries to perplexity result file (batch 1033/9513)
Processing batch 1034/9513
Perplexity: Written 9306/85610 entries to perplexity result file (batch 1034/9513)
Processing batch 1035/9513
Perplexity: Written 9315/85610 entries to perplexity result file (batch 1035/9513)
Processing batch 1036/9513
Perplexity: Written 9324/85610 entries to perplexity result file (batch 1036/9513)
Processing batch 1037/9513
Perplexity: Written 9333/85610 entries to perplexity result file (batch 1037/9513)
Processing batch 1038/9513
Perplexity: Written 9342/85610 entries to perplexity result file (batch 1038/9513)
Processing batch 1039/9513
Perplexity: Written 9351/85610 entries to perplexity result file (batch 1039/9513)
Processing batch 1040/9513
Perplexity: Written 9360/85610 entries to perplexity result file (batch 1040/9513)
Processing batch 1041/9513
Perplexity: Written 9369/85610 entries to perplexity result file (batch 1041/9513)
Processing batch 1042/9513
Perplexity: Written 9378/85610 entries to perplexity result file (batch 1042/9513)
Processing batch 1043/9513
Perplexity: Written 9387/85610 entries to perplexity result file (batch 1043/9513)
Processing batch 1044/9513
Perplexity: Written 9396/85610 entries to perplexity result file (batch 1044/9513)
Processing batch 1045/9513
Perplexity: Written 9405/85610 entries to perplexity result file (batch 1045/9513)
Processing batch 1046/9513
Perplexity: Written 9414/85610 entries to perplexity result file (batch 1046/9513)
Processing batch 1047/9513
Perplexity: Written 9423/85610 entries to perplexity result file (batch 1047/9513)
Processing batch 1048/9513
Perplexity: Written 9432/85610 entries to perplexity result file (batch 1048/9513)
Processing batch 1049/9513
Perplexity: Written 9441/85610 entries to perplexity result file (batch 1049/9513)
Processing batch 1050/9513
Perplexity: Written 9450/85610 entries to perplexity result file (batch 1050/9513)
Processing batch 1051/9513
Perplexity: Written 9459/85610 entries to perplexity result file (batch 1051/9513)
Processing batch 1052/9513
Perplexity: Written 9468/85610 entries to perplexity result file (batch 1052/9513)
Processing batch 1053/9513
Perplexity: Written 9477/85610 entries to perplexity result file (batch 1053/9513)
Processing batch 1054/9513
Perplexity: Written 9486/85610 entries to perplexity result file (batch 1054/9513)
Processing batch 1055/9513
Perplexity: Written 9495/85610 entries to perplexity result file (batch 1055/9513)
Processing batch 1056/9513
Perplexity: Written 9504/85610 entries to perplexity result file (batch 1056/9513)
Processing batch 1057/9513
Perplexity: Written 9513/85610 entries to perplexity result file (batch 1057/9513)
Processing batch 1058/9513
Perplexity: Written 9522/85610 entries to perplexity result file (batch 1058/9513)
Processing batch 1059/9513
Perplexity: Written 9531/85610 entries to perplexity result file (batch 1059/9513)
Processing batch 1060/9513
Perplexity: Written 9540/85610 entries to perplexity result file (batch 1060/9513)
Processing batch 1061/9513
Perplexity: Written 9549/85610 entries to perplexity result file (batch 1061/9513)
Processing batch 1062/9513
Perplexity: Written 9558/85610 entries to perplexity result file (batch 1062/9513)
Processing batch 1063/9513
Perplexity: Written 9567/85610 entries to perplexity result file (batch 1063/9513)
Processing batch 1064/9513
Perplexity: Written 9576/85610 entries to perplexity result file (batch 1064/9513)
Processing batch 1065/9513
Perplexity: Written 9585/85610 entries to perplexity result file (batch 1065/9513)
Processing batch 1066/9513
Perplexity: Written 9594/85610 entries to perplexity result file (batch 1066/9513)
Processing batch 1067/9513
Perplexity: Written 9603/85610 entries to perplexity result file (batch 1067/9513)
Processing batch 1068/9513
Perplexity: Written 9612/85610 entries to perplexity result file (batch 1068/9513)
Processing batch 1069/9513
Perplexity: Written 9621/85610 entries to perplexity result file (batch 1069/9513)
Processing batch 1070/9513
Perplexity: Written 9630/85610 entries to perplexity result file (batch 1070/9513)
Processing batch 1071/9513
Perplexity: Written 9639/85610 entries to perplexity result file (batch 1071/9513)
Processing batch 1072/9513
Perplexity: Written 9648/85610 entries to perplexity result file (batch 1072/9513)
Processing batch 1073/9513
Perplexity: Written 9657/85610 entries to perplexity result file (batch 1073/9513)
Processing batch 1074/9513
Perplexity: Written 9666/85610 entries to perplexity result file (batch 1074/9513)
Processing batch 1075/9513
Perplexity: Written 9675/85610 entries to perplexity result file (batch 1075/9513)
Processing batch 1076/9513
Perplexity: Written 9684/85610 entries to perplexity result file (batch 1076/9513)
Processing batch 1077/9513
Perplexity: Written 9693/85610 entries to perplexity result file (batch 1077/9513)
Processing batch 1078/9513
Perplexity: Written 9702/85610 entries to perplexity result file (batch 1078/9513)
Processing batch 1079/9513
Perplexity: Written 9711/85610 entries to perplexity result file (batch 1079/9513)
Processing batch 1080/9513
Perplexity: Written 9720/85610 entries to perplexity result file (batch 1080/9513)
Processing batch 1081/9513
Perplexity: Written 9729/85610 entries to perplexity result file (batch 1081/9513)
Processing batch 1082/9513
Perplexity: Written 9738/85610 entries to perplexity result file (batch 1082/9513)
Processing batch 1083/9513
Perplexity: Written 9747/85610 entries to perplexity result file (batch 1083/9513)
Processing batch 1084/9513
Perplexity: Written 9756/85610 entries to perplexity result file (batch 1084/9513)
Processing batch 1085/9513
Perplexity: Written 9765/85610 entries to perplexity result file (batch 1085/9513)
Processing batch 1086/9513
Perplexity: Written 9774/85610 entries to perplexity result file (batch 1086/9513)
Processing batch 1087/9513
Perplexity: Written 9783/85610 entries to perplexity result file (batch 1087/9513)
Processing batch 1088/9513
Perplexity: Written 9792/85610 entries to perplexity result file (batch 1088/9513)
Processing batch 1089/9513
Perplexity: Written 9801/85610 entries to perplexity result file (batch 1089/9513)
Processing batch 1090/9513
Perplexity: Written 9810/85610 entries to perplexity result file (batch 1090/9513)
Processing batch 1091/9513
Perplexity: Written 9819/85610 entries to perplexity result file (batch 1091/9513)
Processing batch 1092/9513
Perplexity: Written 9828/85610 entries to perplexity result file (batch 1092/9513)
Processing batch 1093/9513
Perplexity: Written 9837/85610 entries to perplexity result file (batch 1093/9513)
Processing batch 1094/9513
Perplexity: Written 9846/85610 entries to perplexity result file (batch 1094/9513)
Processing batch 1095/9513
Perplexity: Written 9855/85610 entries to perplexity result file (batch 1095/9513)
Processing batch 1096/9513
Perplexity: Written 9864/85610 entries to perplexity result file (batch 1096/9513)
Processing batch 1097/9513
Perplexity: Written 9873/85610 entries to perplexity result file (batch 1097/9513)
Processing batch 1098/9513
Perplexity: Written 9882/85610 entries to perplexity result file (batch 1098/9513)
Processing batch 1099/9513
Perplexity: Written 9891/85610 entries to perplexity result file (batch 1099/9513)
Processing batch 1100/9513
Perplexity: Written 9900/85610 entries to perplexity result file (batch 1100/9513)
Processing batch 1101/9513
Perplexity: Written 9909/85610 entries to perplexity result file (batch 1101/9513)
Processing batch 1102/9513
Perplexity: Written 9918/85610 entries to perplexity result file (batch 1102/9513)
Processing batch 1103/9513
Perplexity: Written 9927/85610 entries to perplexity result file (batch 1103/9513)
Processing batch 1104/9513
Perplexity: Written 9936/85610 entries to perplexity result file (batch 1104/9513)
Processing batch 1105/9513
Perplexity: Written 9945/85610 entries to perplexity result file (batch 1105/9513)
Processing batch 1106/9513
Perplexity: Written 9954/85610 entries to perplexity result file (batch 1106/9513)
Processing batch 1107/9513
Perplexity: Written 9963/85610 entries to perplexity result file (batch 1107/9513)
Processing batch 1108/9513
Perplexity: Written 9972/85610 entries to perplexity result file (batch 1108/9513)
Processing batch 1109/9513
Perplexity: Written 9981/85610 entries to perplexity result file (batch 1109/9513)
Processing batch 1110/9513
Perplexity: Written 9990/85610 entries to perplexity result file (batch 1110/9513)
Processing batch 1111/9513
Perplexity: Written 9999/85610 entries to perplexity result file (batch 1111/9513)
Processing batch 1112/9513
Perplexity: Written 10008/85610 entries to perplexity result file (batch 1112/9513)
Processing batch 1113/9513
Perplexity: Written 10017/85610 entries to perplexity result file (batch 1113/9513)
Processing batch 1114/9513
Perplexity: Written 10026/85610 entries to perplexity result file (batch 1114/9513)
Processing batch 1115/9513
Perplexity: Written 10035/85610 entries to perplexity result file (batch 1115/9513)
Processing batch 1116/9513
Perplexity: Written 10044/85610 entries to perplexity result file (batch 1116/9513)
Processing batch 1117/9513
Perplexity: Written 10053/85610 entries to perplexity result file (batch 1117/9513)
Processing batch 1118/9513
Perplexity: Written 10062/85610 entries to perplexity result file (batch 1118/9513)
Processing batch 1119/9513
Perplexity: Written 10071/85610 entries to perplexity result file (batch 1119/9513)
Processing batch 1120/9513
Perplexity: Written 10080/85610 entries to perplexity result file (batch 1120/9513)
Processing batch 1121/9513
Perplexity: Written 10089/85610 entries to perplexity result file (batch 1121/9513)
Processing batch 1122/9513
Perplexity: Written 10098/85610 entries to perplexity result file (batch 1122/9513)
Processing batch 1123/9513
Perplexity: Written 10107/85610 entries to perplexity result file (batch 1123/9513)
Processing batch 1124/9513
Perplexity: Written 10116/85610 entries to perplexity result file (batch 1124/9513)
Processing batch 1125/9513
Perplexity: Written 10125/85610 entries to perplexity result file (batch 1125/9513)
Processing batch 1126/9513
Perplexity: Written 10134/85610 entries to perplexity result file (batch 1126/9513)
Processing batch 1127/9513
Perplexity: Written 10143/85610 entries to perplexity result file (batch 1127/9513)
Processing batch 1128/9513
Perplexity: Written 10152/85610 entries to perplexity result file (batch 1128/9513)
Processing batch 1129/9513
Perplexity: Written 10161/85610 entries to perplexity result file (batch 1129/9513)
Processing batch 1130/9513
Perplexity: Written 10170/85610 entries to perplexity result file (batch 1130/9513)
Processing batch 1131/9513
Perplexity: Written 10179/85610 entries to perplexity result file (batch 1131/9513)
Processing batch 1132/9513
Perplexity: Written 10188/85610 entries to perplexity result file (batch 1132/9513)
Processing batch 1133/9513
Perplexity: Written 10197/85610 entries to perplexity result file (batch 1133/9513)
Processing batch 1134/9513
Perplexity: Written 10206/85610 entries to perplexity result file (batch 1134/9513)
Processing batch 1135/9513
Perplexity: Written 10215/85610 entries to perplexity result file (batch 1135/9513)
Processing batch 1136/9513
Perplexity: Written 10224/85610 entries to perplexity result file (batch 1136/9513)
Processing batch 1137/9513
Perplexity: Written 10233/85610 entries to perplexity result file (batch 1137/9513)
Processing batch 1138/9513
Perplexity: Written 10242/85610 entries to perplexity result file (batch 1138/9513)
Processing batch 1139/9513
Perplexity: Written 10251/85610 entries to perplexity result file (batch 1139/9513)
Processing batch 1140/9513
Perplexity: Written 10260/85610 entries to perplexity result file (batch 1140/9513)
Processing batch 1141/9513
Perplexity: Written 10269/85610 entries to perplexity result file (batch 1141/9513)
Processing batch 1142/9513
Perplexity: Written 10278/85610 entries to perplexity result file (batch 1142/9513)
Processing batch 1143/9513
Perplexity: Written 10287/85610 entries to perplexity result file (batch 1143/9513)
Processing batch 1144/9513
Perplexity: Written 10296/85610 entries to perplexity result file (batch 1144/9513)
Processing batch 1145/9513
Perplexity: Written 10305/85610 entries to perplexity result file (batch 1145/9513)
Processing batch 1146/9513
Perplexity: Written 10314/85610 entries to perplexity result file (batch 1146/9513)
Processing batch 1147/9513
Perplexity: Written 10323/85610 entries to perplexity result file (batch 1147/9513)
Processing batch 1148/9513
Perplexity: Written 10332/85610 entries to perplexity result file (batch 1148/9513)
Processing batch 1149/9513
Perplexity: Written 10341/85610 entries to perplexity result file (batch 1149/9513)
Processing batch 1150/9513
Perplexity: Written 10350/85610 entries to perplexity result file (batch 1150/9513)
Processing batch 1151/9513
Perplexity: Written 10359/85610 entries to perplexity result file (batch 1151/9513)
Processing batch 1152/9513
Perplexity: Written 10368/85610 entries to perplexity result file (batch 1152/9513)
Processing batch 1153/9513
Perplexity: Written 10377/85610 entries to perplexity result file (batch 1153/9513)
Processing batch 1154/9513
Perplexity: Written 10386/85610 entries to perplexity result file (batch 1154/9513)
Processing batch 1155/9513
Perplexity: Written 10395/85610 entries to perplexity result file (batch 1155/9513)
Processing batch 1156/9513
Perplexity: Written 10404/85610 entries to perplexity result file (batch 1156/9513)
Processing batch 1157/9513
Perplexity: Written 10413/85610 entries to perplexity result file (batch 1157/9513)
Processing batch 1158/9513
Perplexity: Written 10422/85610 entries to perplexity result file (batch 1158/9513)
Processing batch 1159/9513
Perplexity: Written 10431/85610 entries to perplexity result file (batch 1159/9513)
Processing batch 1160/9513
Perplexity: Written 10440/85610 entries to perplexity result file (batch 1160/9513)
Processing batch 1161/9513
Perplexity: Written 10449/85610 entries to perplexity result file (batch 1161/9513)
Processing batch 1162/9513
Perplexity: Written 10458/85610 entries to perplexity result file (batch 1162/9513)
Processing batch 1163/9513
Perplexity: Written 10467/85610 entries to perplexity result file (batch 1163/9513)
Processing batch 1164/9513
Perplexity: Written 10476/85610 entries to perplexity result file (batch 1164/9513)
Processing batch 1165/9513
Perplexity: Written 10485/85610 entries to perplexity result file (batch 1165/9513)
Processing batch 1166/9513
Perplexity: Written 10494/85610 entries to perplexity result file (batch 1166/9513)
Processing batch 1167/9513
Perplexity: Written 10503/85610 entries to perplexity result file (batch 1167/9513)
Processing batch 1168/9513
Perplexity: Written 10512/85610 entries to perplexity result file (batch 1168/9513)
Processing batch 1169/9513
Perplexity: Written 10521/85610 entries to perplexity result file (batch 1169/9513)
Processing batch 1170/9513
Perplexity: Written 10530/85610 entries to perplexity result file (batch 1170/9513)
Processing batch 1171/9513
Perplexity: Written 10539/85610 entries to perplexity result file (batch 1171/9513)
Processing batch 1172/9513
Perplexity: Written 10548/85610 entries to perplexity result file (batch 1172/9513)
Processing batch 1173/9513
Perplexity: Written 10557/85610 entries to perplexity result file (batch 1173/9513)
Processing batch 1174/9513
Perplexity: Written 10566/85610 entries to perplexity result file (batch 1174/9513)
Processing batch 1175/9513
Perplexity: Written 10575/85610 entries to perplexity result file (batch 1175/9513)
Processing batch 1176/9513
Perplexity: Written 10584/85610 entries to perplexity result file (batch 1176/9513)
Processing batch 1177/9513
Perplexity: Written 10593/85610 entries to perplexity result file (batch 1177/9513)
Processing batch 1178/9513
Perplexity: Written 10602/85610 entries to perplexity result file (batch 1178/9513)
Processing batch 1179/9513
Perplexity: Written 10611/85610 entries to perplexity result file (batch 1179/9513)
Processing batch 1180/9513
Perplexity: Written 10620/85610 entries to perplexity result file (batch 1180/9513)
Processing batch 1181/9513
Perplexity: Written 10629/85610 entries to perplexity result file (batch 1181/9513)
Processing batch 1182/9513
Perplexity: Written 10638/85610 entries to perplexity result file (batch 1182/9513)
Processing batch 1183/9513
Perplexity: Written 10647/85610 entries to perplexity result file (batch 1183/9513)
Processing batch 1184/9513
Perplexity: Written 10656/85610 entries to perplexity result file (batch 1184/9513)
Processing batch 1185/9513
Perplexity: Written 10665/85610 entries to perplexity result file (batch 1185/9513)
Processing batch 1186/9513
Perplexity: Written 10674/85610 entries to perplexity result file (batch 1186/9513)
Processing batch 1187/9513
Perplexity: Written 10683/85610 entries to perplexity result file (batch 1187/9513)
Processing batch 1188/9513
Perplexity: Written 10692/85610 entries to perplexity result file (batch 1188/9513)
Processing batch 1189/9513
Perplexity: Written 10701/85610 entries to perplexity result file (batch 1189/9513)
Processing batch 1190/9513
Perplexity: Written 10710/85610 entries to perplexity result file (batch 1190/9513)
Processing batch 1191/9513
Perplexity: Written 10719/85610 entries to perplexity result file (batch 1191/9513)
Processing batch 1192/9513
Perplexity: Written 10728/85610 entries to perplexity result file (batch 1192/9513)
Processing batch 1193/9513
Perplexity: Written 10737/85610 entries to perplexity result file (batch 1193/9513)
Processing batch 1194/9513
Perplexity: Written 10746/85610 entries to perplexity result file (batch 1194/9513)
Processing batch 1195/9513
Perplexity: Written 10755/85610 entries to perplexity result file (batch 1195/9513)
Processing batch 1196/9513
Perplexity: Written 10764/85610 entries to perplexity result file (batch 1196/9513)
Processing batch 1197/9513
Perplexity: Written 10773/85610 entries to perplexity result file (batch 1197/9513)
Processing batch 1198/9513
Perplexity: Written 10782/85610 entries to perplexity result file (batch 1198/9513)
Processing batch 1199/9513
Perplexity: Written 10791/85610 entries to perplexity result file (batch 1199/9513)
Processing batch 1200/9513
Perplexity: Written 10800/85610 entries to perplexity result file (batch 1200/9513)
Processing batch 1201/9513
Perplexity: Written 10809/85610 entries to perplexity result file (batch 1201/9513)
Processing batch 1202/9513
Perplexity: Written 10818/85610 entries to perplexity result file (batch 1202/9513)
Processing batch 1203/9513
Perplexity: Written 10827/85610 entries to perplexity result file (batch 1203/9513)
Processing batch 1204/9513
Perplexity: Written 10836/85610 entries to perplexity result file (batch 1204/9513)
Processing batch 1205/9513
Perplexity: Written 10845/85610 entries to perplexity result file (batch 1205/9513)
Processing batch 1206/9513
Perplexity: Written 10854/85610 entries to perplexity result file (batch 1206/9513)
Processing batch 1207/9513
Perplexity: Written 10863/85610 entries to perplexity result file (batch 1207/9513)
Processing batch 1208/9513
Perplexity: Written 10872/85610 entries to perplexity result file (batch 1208/9513)
Processing batch 1209/9513
Perplexity: Written 10881/85610 entries to perplexity result file (batch 1209/9513)
Processing batch 1210/9513
Perplexity: Written 10890/85610 entries to perplexity result file (batch 1210/9513)
Processing batch 1211/9513
Perplexity: Written 10899/85610 entries to perplexity result file (batch 1211/9513)
Processing batch 1212/9513
Warning: Decoded text differs from trimmed prompt
  Trimmed prompt length: 443, Decoded text length: 442
[DEBUG] First difference at position 421: prompt=' ', decoded='?'
[DEBUG] Context: prompt='the diagnostic threshold for diabetes?\n\n\nPlease CONCISELY answer the question in English WITHOUT reasoning or explanation.<|eot_id|><|start_header_id|>assistant<|end_header_id|>\n\nfasting blood glucose ? 140 mg/dl<|eot_id|>', decoded='the diagnostic threshold for diabetes?\n\n\nPlease CONCISELY answer the question in English WITHOUT reasoning or explanation.<|eot_id|><|start_header_id|>assistant<|end_header_id|>\n\nfasting blood glucose? 140 mg/dl<|eot_id|>'
Perplexity: Written 10908/85610 entries to perplexity result file (batch 1212/9513)
Processing batch 1213/9513
Perplexity: Written 10917/85610 entries to perplexity result file (batch 1213/9513)
Processing batch 1214/9513
Perplexity: Written 10926/85610 entries to perplexity result file (batch 1214/9513)
Processing batch 1215/9513
Perplexity: Written 10935/85610 entries to perplexity result file (batch 1215/9513)
Processing batch 1216/9513
Perplexity: Written 10944/85610 entries to perplexity result file (batch 1216/9513)
Processing batch 1217/9513
Perplexity: Written 10953/85610 entries to perplexity result file (batch 1217/9513)
Processing batch 1218/9513
Perplexity: Written 10962/85610 entries to perplexity result file (batch 1218/9513)
Processing batch 1219/9513
Perplexity: Written 10971/85610 entries to perplexity result file (batch 1219/9513)
Processing batch 1220/9513
Perplexity: Written 10980/85610 entries to perplexity result file (batch 1220/9513)
Processing batch 1221/9513
Perplexity: Written 10989/85610 entries to perplexity result file (batch 1221/9513)
Processing batch 1222/9513
Perplexity: Written 10998/85610 entries to perplexity result file (batch 1222/9513)
Processing batch 1223/9513
Perplexity: Written 11007/85610 entries to perplexity result file (batch 1223/9513)
Processing batch 1224/9513
Perplexity: Written 11016/85610 entries to perplexity result file (batch 1224/9513)
Processing batch 1225/9513
Perplexity: Written 11025/85610 entries to perplexity result file (batch 1225/9513)
Processing batch 1226/9513
Perplexity: Written 11034/85610 entries to perplexity result file (batch 1226/9513)
Processing batch 1227/9513
Perplexity: Written 11043/85610 entries to perplexity result file (batch 1227/9513)
Processing batch 1228/9513
Perplexity: Written 11052/85610 entries to perplexity result file (batch 1228/9513)
Processing batch 1229/9513
Perplexity: Written 11061/85610 entries to perplexity result file (batch 1229/9513)
Processing batch 1230/9513
Perplexity: Written 11070/85610 entries to perplexity result file (batch 1230/9513)
Processing batch 1231/9513
Perplexity: Written 11079/85610 entries to perplexity result file (batch 1231/9513)
Processing batch 1232/9513
Perplexity: Written 11088/85610 entries to perplexity result file (batch 1232/9513)
Processing batch 1233/9513
Perplexity: Written 11097/85610 entries to perplexity result file (batch 1233/9513)
Processing batch 1234/9513
Perplexity: Written 11106/85610 entries to perplexity result file (batch 1234/9513)
Processing batch 1235/9513
Perplexity: Written 11115/85610 entries to perplexity result file (batch 1235/9513)
Processing batch 1236/9513
Perplexity: Written 11124/85610 entries to perplexity result file (batch 1236/9513)
Processing batch 1237/9513
Perplexity: Written 11133/85610 entries to perplexity result file (batch 1237/9513)
Processing batch 1238/9513
Perplexity: Written 11142/85610 entries to perplexity result file (batch 1238/9513)
Processing batch 1239/9513
Perplexity: Written 11151/85610 entries to perplexity result file (batch 1239/9513)
Processing batch 1240/9513
Perplexity: Written 11160/85610 entries to perplexity result file (batch 1240/9513)
Processing batch 1241/9513
Perplexity: Written 11169/85610 entries to perplexity result file (batch 1241/9513)
Processing batch 1242/9513
Perplexity: Written 11178/85610 entries to perplexity result file (batch 1242/9513)
Processing batch 1243/9513
Perplexity: Written 11187/85610 entries to perplexity result file (batch 1243/9513)
Processing batch 1244/9513
Perplexity: Written 11196/85610 entries to perplexity result file (batch 1244/9513)
Processing batch 1245/9513
Perplexity: Written 11205/85610 entries to perplexity result file (batch 1245/9513)
Processing batch 1246/9513
Perplexity: Written 11214/85610 entries to perplexity result file (batch 1246/9513)
Processing batch 1247/9513
Perplexity: Written 11223/85610 entries to perplexity result file (batch 1247/9513)
Processing batch 1248/9513
Perplexity: Written 11232/85610 entries to perplexity result file (batch 1248/9513)
Processing batch 1249/9513
Perplexity: Written 11241/85610 entries to perplexity result file (batch 1249/9513)
Processing batch 1250/9513
Perplexity: Written 11250/85610 entries to perplexity result file (batch 1250/9513)
Processing batch 1251/9513
Perplexity: Written 11259/85610 entries to perplexity result file (batch 1251/9513)
Processing batch 1252/9513
Perplexity: Written 11268/85610 entries to perplexity result file (batch 1252/9513)
Processing batch 1253/9513
Perplexity: Written 11277/85610 entries to perplexity result file (batch 1253/9513)
Processing batch 1254/9513
Perplexity: Written 11286/85610 entries to perplexity result file (batch 1254/9513)
Processing batch 1255/9513
Perplexity: Written 11295/85610 entries to perplexity result file (batch 1255/9513)
Processing batch 1256/9513
Perplexity: Written 11304/85610 entries to perplexity result file (batch 1256/9513)
Processing batch 1257/9513
Perplexity: Written 11313/85610 entries to perplexity result file (batch 1257/9513)
Processing batch 1258/9513
Perplexity: Written 11322/85610 entries to perplexity result file (batch 1258/9513)
Processing batch 1259/9513
Perplexity: Written 11331/85610 entries to perplexity result file (batch 1259/9513)
Processing batch 1260/9513
Perplexity: Written 11340/85610 entries to perplexity result file (batch 1260/9513)
Processing batch 1261/9513
Perplexity: Written 11349/85610 entries to perplexity result file (batch 1261/9513)
Processing batch 1262/9513
Perplexity: Written 11358/85610 entries to perplexity result file (batch 1262/9513)
Processing batch 1263/9513
Perplexity: Written 11367/85610 entries to perplexity result file (batch 1263/9513)
Processing batch 1264/9513
Perplexity: Written 11376/85610 entries to perplexity result file (batch 1264/9513)
Processing batch 1265/9513
Perplexity: Written 11385/85610 entries to perplexity result file (batch 1265/9513)
Processing batch 1266/9513
Perplexity: Written 11394/85610 entries to perplexity result file (batch 1266/9513)
Processing batch 1267/9513
Perplexity: Written 11403/85610 entries to perplexity result file (batch 1267/9513)
Processing batch 1268/9513
Perplexity: Written 11412/85610 entries to perplexity result file (batch 1268/9513)
Processing batch 1269/9513
Perplexity: Written 11421/85610 entries to perplexity result file (batch 1269/9513)
Processing batch 1270/9513
Perplexity: Written 11430/85610 entries to perplexity result file (batch 1270/9513)
Processing batch 1271/9513
Perplexity: Written 11439/85610 entries to perplexity result file (batch 1271/9513)
Processing batch 1272/9513
Perplexity: Written 11448/85610 entries to perplexity result file (batch 1272/9513)
Processing batch 1273/9513
Perplexity: Written 11457/85610 entries to perplexity result file (batch 1273/9513)
Processing batch 1274/9513
Perplexity: Written 11466/85610 entries to perplexity result file (batch 1274/9513)
Processing batch 1275/9513
Perplexity: Written 11475/85610 entries to perplexity result file (batch 1275/9513)
Processing batch 1276/9513
Perplexity: Written 11484/85610 entries to perplexity result file (batch 1276/9513)
Processing batch 1277/9513
Perplexity: Written 11493/85610 entries to perplexity result file (batch 1277/9513)
Processing batch 1278/9513
Perplexity: Written 11502/85610 entries to perplexity result file (batch 1278/9513)
Processing batch 1279/9513
Warning: Decoded text differs from trimmed prompt
  Trimmed prompt length: 1023, Decoded text length: 1020
[DEBUG] First difference at position 452: prompt=' ', decoded='.'
[DEBUG] Context: prompt='n only, and without any assistance of sense, and perseveres until by pure intelligence he arrives at the perception of the absolute good, he at last finds himself at the end of the intellectual world. . . . Dialectic, and dialectic alone, goes directly to the first principle and is the only science which does away with hypotheses in order to make her ground secure."  Here Plato indicates how hypot', decoded='n only, and without any assistance of sense, and perseveres until by pure intelligence he arrives at the perception of the absolute good, he at last finds himself at the end of the intellectual world.... Dialectic, and dialectic alone, goes directly to the first principle and is the only science which does away with hypotheses in order to make her ground secure."  Here Plato indicates how hypothet'
Warning: Decoded text differs from trimmed prompt
  Trimmed prompt length: 1007, Decoded text length: 1004
[DEBUG] First difference at position 452: prompt=' ', decoded='.'
[DEBUG] Context: prompt='n only, and without any assistance of sense, and perseveres until by pure intelligence he arrives at the perception of the absolute good, he at last finds himself at the end of the intellectual world. . . . Dialectic, and dialectic alone, goes directly to the first principle and is the only science which does away with hypotheses in order to make her ground secure."  Here Plato indicates how hypot', decoded='n only, and without any assistance of sense, and perseveres until by pure intelligence he arrives at the perception of the absolute good, he at last finds himself at the end of the intellectual world.... Dialectic, and dialectic alone, goes directly to the first principle and is the only science which does away with hypotheses in order to make her ground secure."  Here Plato indicates how hypothet'
Perplexity: Written 11511/85610 entries to perplexity result file (batch 1279/9513)
Processing batch 1280/9513
Perplexity: Written 11520/85610 entries to perplexity result file (batch 1280/9513)
Processing batch 1281/9513
Perplexity: Written 11529/85610 entries to perplexity result file (batch 1281/9513)
Processing batch 1282/9513
Perplexity: Written 11538/85610 entries to perplexity result file (batch 1282/9513)
Processing batch 1283/9513
Perplexity: Written 11547/85610 entries to perplexity result file (batch 1283/9513)
Processing batch 1284/9513
Perplexity: Written 11556/85610 entries to perplexity result file (batch 1284/9513)
Processing batch 1285/9513
Perplexity: Written 11565/85610 entries to perplexity result file (batch 1285/9513)
Processing batch 1286/9513
Perplexity: Written 11574/85610 entries to perplexity result file (batch 1286/9513)
Processing batch 1287/9513
Perplexity: Written 11583/85610 entries to perplexity result file (batch 1287/9513)
Processing batch 1288/9513
Perplexity: Written 11592/85610 entries to perplexity result file (batch 1288/9513)
Processing batch 1289/9513
Perplexity: Written 11601/85610 entries to perplexity result file (batch 1289/9513)
Processing batch 1290/9513
Perplexity: Written 11610/85610 entries to perplexity result file (batch 1290/9513)
Processing batch 1291/9513
Perplexity: Written 11619/85610 entries to perplexity result file (batch 1291/9513)
Processing batch 1292/9513
Perplexity: Written 11628/85610 entries to perplexity result file (batch 1292/9513)
Processing batch 1293/9513
Perplexity: Written 11637/85610 entries to perplexity result file (batch 1293/9513)
Processing batch 1294/9513
Perplexity: Written 11646/85610 entries to perplexity result file (batch 1294/9513)
Processing batch 1295/9513
Perplexity: Written 11655/85610 entries to perplexity result file (batch 1295/9513)
Processing batch 1296/9513
Perplexity: Written 11664/85610 entries to perplexity result file (batch 1296/9513)
Processing batch 1297/9513
Perplexity: Written 11673/85610 entries to perplexity result file (batch 1297/9513)
Processing batch 1298/9513
Perplexity: Written 11682/85610 entries to perplexity result file (batch 1298/9513)
Processing batch 1299/9513
Perplexity: Written 11691/85610 entries to perplexity result file (batch 1299/9513)
Processing batch 1300/9513
Perplexity: Written 11700/85610 entries to perplexity result file (batch 1300/9513)
Processing batch 1301/9513
Perplexity: Written 11709/85610 entries to perplexity result file (batch 1301/9513)
Processing batch 1302/9513
Perplexity: Written 11718/85610 entries to perplexity result file (batch 1302/9513)
Processing batch 1303/9513
Perplexity: Written 11727/85610 entries to perplexity result file (batch 1303/9513)
Processing batch 1304/9513
Perplexity: Written 11736/85610 entries to perplexity result file (batch 1304/9513)
Processing batch 1305/9513
Perplexity: Written 11745/85610 entries to perplexity result file (batch 1305/9513)
Processing batch 1306/9513
Perplexity: Written 11754/85610 entries to perplexity result file (batch 1306/9513)
Processing batch 1307/9513
Perplexity: Written 11763/85610 entries to perplexity result file (batch 1307/9513)
Processing batch 1308/9513
Perplexity: Written 11772/85610 entries to perplexity result file (batch 1308/9513)
Processing batch 1309/9513
Perplexity: Written 11781/85610 entries to perplexity result file (batch 1309/9513)
Processing batch 1310/9513
Perplexity: Written 11790/85610 entries to perplexity result file (batch 1310/9513)
Processing batch 1311/9513
Perplexity: Written 11799/85610 entries to perplexity result file (batch 1311/9513)
Processing batch 1312/9513
Perplexity: Written 11808/85610 entries to perplexity result file (batch 1312/9513)
Processing batch 1313/9513
Perplexity: Written 11817/85610 entries to perplexity result file (batch 1313/9513)
Processing batch 1314/9513
Perplexity: Written 11826/85610 entries to perplexity result file (batch 1314/9513)
Processing batch 1315/9513
Perplexity: Written 11835/85610 entries to perplexity result file (batch 1315/9513)
Processing batch 1316/9513
Perplexity: Written 11844/85610 entries to perplexity result file (batch 1316/9513)
Processing batch 1317/9513
Perplexity: Written 11853/85610 entries to perplexity result file (batch 1317/9513)
Processing batch 1318/9513
Perplexity: Written 11862/85610 entries to perplexity result file (batch 1318/9513)
Processing batch 1319/9513
Perplexity: Written 11871/85610 entries to perplexity result file (batch 1319/9513)
Processing batch 1320/9513
Perplexity: Written 11880/85610 entries to perplexity result file (batch 1320/9513)
Processing batch 1321/9513
Perplexity: Written 11889/85610 entries to perplexity result file (batch 1321/9513)
Processing batch 1322/9513
Perplexity: Written 11898/85610 entries to perplexity result file (batch 1322/9513)
Processing batch 1323/9513
Perplexity: Written 11907/85610 entries to perplexity result file (batch 1323/9513)
Processing batch 1324/9513
Perplexity: Written 11916/85610 entries to perplexity result file (batch 1324/9513)
Processing batch 1325/9513
Perplexity: Written 11925/85610 entries to perplexity result file (batch 1325/9513)
Processing batch 1326/9513
Perplexity: Written 11934/85610 entries to perplexity result file (batch 1326/9513)
Processing batch 1327/9513
Perplexity: Written 11943/85610 entries to perplexity result file (batch 1327/9513)
Processing batch 1328/9513
Perplexity: Written 11952/85610 entries to perplexity result file (batch 1328/9513)
Processing batch 1329/9513
Perplexity: Written 11961/85610 entries to perplexity result file (batch 1329/9513)
Processing batch 1330/9513
Perplexity: Written 11970/85610 entries to perplexity result file (batch 1330/9513)
Processing batch 1331/9513
Perplexity: Written 11979/85610 entries to perplexity result file (batch 1331/9513)
Processing batch 1332/9513
Perplexity: Written 11988/85610 entries to perplexity result file (batch 1332/9513)
Processing batch 1333/9513
Perplexity: Written 11997/85610 entries to perplexity result file (batch 1333/9513)
Processing batch 1334/9513
Perplexity: Written 12006/85610 entries to perplexity result file (batch 1334/9513)
Processing batch 1335/9513
Perplexity: Written 12015/85610 entries to perplexity result file (batch 1335/9513)
Processing batch 1336/9513
Perplexity: Written 12024/85610 entries to perplexity result file (batch 1336/9513)
Processing batch 1337/9513
Perplexity: Written 12033/85610 entries to perplexity result file (batch 1337/9513)
Processing batch 1338/9513
Perplexity: Written 12042/85610 entries to perplexity result file (batch 1338/9513)
Processing batch 1339/9513
Perplexity: Written 12051/85610 entries to perplexity result file (batch 1339/9513)
Processing batch 1340/9513
Perplexity: Written 12060/85610 entries to perplexity result file (batch 1340/9513)
Processing batch 1341/9513
Perplexity: Written 12069/85610 entries to perplexity result file (batch 1341/9513)
Processing batch 1342/9513
Perplexity: Written 12078/85610 entries to perplexity result file (batch 1342/9513)
Processing batch 1343/9513
Perplexity: Written 12087/85610 entries to perplexity result file (batch 1343/9513)
Processing batch 1344/9513
Perplexity: Written 12096/85610 entries to perplexity result file (batch 1344/9513)
Processing batch 1345/9513
Perplexity: Written 12105/85610 entries to perplexity result file (batch 1345/9513)
Processing batch 1346/9513
Perplexity: Written 12114/85610 entries to perplexity result file (batch 1346/9513)
Processing batch 1347/9513
Perplexity: Written 12123/85610 entries to perplexity result file (batch 1347/9513)
Processing batch 1348/9513
Perplexity: Written 12132/85610 entries to perplexity result file (batch 1348/9513)
Processing batch 1349/9513
Perplexity: Written 12141/85610 entries to perplexity result file (batch 1349/9513)
Processing batch 1350/9513
Perplexity: Written 12150/85610 entries to perplexity result file (batch 1350/9513)
Processing batch 1351/9513
Perplexity: Written 12159/85610 entries to perplexity result file (batch 1351/9513)
Processing batch 1352/9513
Perplexity: Written 12168/85610 entries to perplexity result file (batch 1352/9513)
Processing batch 1353/9513
Perplexity: Written 12177/85610 entries to perplexity result file (batch 1353/9513)
Processing batch 1354/9513
Perplexity: Written 12186/85610 entries to perplexity result file (batch 1354/9513)
Processing batch 1355/9513
Perplexity: Written 12195/85610 entries to perplexity result file (batch 1355/9513)
Processing batch 1356/9513
Perplexity: Written 12204/85610 entries to perplexity result file (batch 1356/9513)
Processing batch 1357/9513
Perplexity: Written 12213/85610 entries to perplexity result file (batch 1357/9513)
Processing batch 1358/9513
Perplexity: Written 12222/85610 entries to perplexity result file (batch 1358/9513)
Processing batch 1359/9513
Perplexity: Written 12231/85610 entries to perplexity result file (batch 1359/9513)
Processing batch 1360/9513
Perplexity: Written 12240/85610 entries to perplexity result file (batch 1360/9513)
Processing batch 1361/9513
Perplexity: Written 12249/85610 entries to perplexity result file (batch 1361/9513)
Processing batch 1362/9513
Warning: Decoded text differs from trimmed prompt
  Trimmed prompt length: 1372, Decoded text length: 1368
[DEBUG] First difference at position 260: prompt=' ', decoded='.'
[DEBUG] Context: prompt='\nCutting Knowledge Date: December 2023\nToday Date: 26 Jul 2024\n\n<|eot_id|><|start_header_id|>user<|end_header_id|>\n\nA man placed the following advertisement in his local newspaper:"Public Auction Sale . . . without reserve December 7, 10:00 a. m. 110 Walnut St. , City, StateEntire furnishings of home must go: antiques, piano, pool table, appliances, tables, stereo system, etc. "On the morning of D', decoded='\nCutting Knowledge Date: December 2023\nToday Date: 26 Jul 2024\n\n<|eot_id|><|start_header_id|>user<|end_header_id|>\n\nA man placed the following advertisement in his local newspaper:"Public Auction Sale... without reserve December 7, 10:00 a. m. 110 Walnut St., City, StateEntire furnishings of home must go: antiques, piano, pool table, appliances, tables, stereo system, etc. "On the morning of Decem'
Warning: Decoded text differs from trimmed prompt
  Trimmed prompt length: 1417, Decoded text length: 1413
[DEBUG] First difference at position 260: prompt=' ', decoded='.'
[DEBUG] Context: prompt='\nCutting Knowledge Date: December 2023\nToday Date: 26 Jul 2024\n\n<|eot_id|><|start_header_id|>user<|end_header_id|>\n\nA man placed the following advertisement in his local newspaper:"Public Auction Sale . . . without reserve December 7, 10:00 a. m. 110 Walnut St. , City, StateEntire furnishings of home must go: antiques, piano, pool table, appliances, tables, stereo system, etc. "On the morning of D', decoded='\nCutting Knowledge Date: December 2023\nToday Date: 26 Jul 2024\n\n<|eot_id|><|start_header_id|>user<|end_header_id|>\n\nA man placed the following advertisement in his local newspaper:"Public Auction Sale... without reserve December 7, 10:00 a. m. 110 Walnut St., City, StateEntire furnishings of home must go: antiques, piano, pool table, appliances, tables, stereo system, etc. "On the morning of Decem'
Perplexity: Written 12258/85610 entries to perplexity result file (batch 1362/9513)
Processing batch 1363/9513
Warning: Decoded text differs from trimmed prompt
  Trimmed prompt length: 1648, Decoded text length: 1642
[DEBUG] First difference at position 831: prompt=' ', decoded='.'
[DEBUG] Context: prompt='ch to the attendees. At the conclusion of his speech, the protestor said, "I\'m sick and tired of the garbage this administration is getting away with. Here\'s what I think about its policy of rebel aid . . . " At which point, the protestor walked over to a trash can and dumped its contents on the ground. As the crowd cheered wildly, the protestor shouted, "No more rebel aid . . . let\'s stop this ga', decoded='ch to the attendees. At the conclusion of his speech, the protestor said, "I\'m sick and tired of the garbage this administration is getting away with. Here\'s what I think about its policy of rebel aid... " At which point, the protestor walked over to a trash can and dumped its contents on the ground. As the crowd cheered wildly, the protestor shouted, "No more rebel aid... let\'s stop this garbage '
Perplexity: Written 12267/85610 entries to perplexity result file (batch 1363/9513)
Processing batch 1364/9513
Warning: Decoded text differs from trimmed prompt
  Trimmed prompt length: 1628, Decoded text length: 1622
[DEBUG] First difference at position 831: prompt=' ', decoded='.'
[DEBUG] Context: prompt='ch to the attendees. At the conclusion of his speech, the protestor said, "I\'m sick and tired of the garbage this administration is getting away with. Here\'s what I think about its policy of rebel aid . . . " At which point, the protestor walked over to a trash can and dumped its contents on the ground. As the crowd cheered wildly, the protestor shouted, "No more rebel aid . . . let\'s stop this ga', decoded='ch to the attendees. At the conclusion of his speech, the protestor said, "I\'m sick and tired of the garbage this administration is getting away with. Here\'s what I think about its policy of rebel aid... " At which point, the protestor walked over to a trash can and dumped its contents on the ground. As the crowd cheered wildly, the protestor shouted, "No more rebel aid... let\'s stop this garbage '
Perplexity: Written 12276/85610 entries to perplexity result file (batch 1364/9513)
Processing batch 1365/9513
Perplexity: Written 12285/85610 entries to perplexity result file (batch 1365/9513)
Processing batch 1366/9513
Perplexity: Written 12294/85610 entries to perplexity result file (batch 1366/9513)
Processing batch 1367/9513
Perplexity: Written 12303/85610 entries to perplexity result file (batch 1367/9513)
Processing batch 1368/9513
Perplexity: Written 12312/85610 entries to perplexity result file (batch 1368/9513)
Processing batch 1369/9513
Perplexity: Written 12321/85610 entries to perplexity result file (batch 1369/9513)
Processing batch 1370/9513
Perplexity: Written 12330/85610 entries to perplexity result file (batch 1370/9513)
Processing batch 1371/9513
Perplexity: Written 12339/85610 entries to perplexity result file (batch 1371/9513)
Processing batch 1372/9513
Perplexity: Written 12348/85610 entries to perplexity result file (batch 1372/9513)
Processing batch 1373/9513
Warning: Decoded text differs from trimmed prompt
  Trimmed prompt length: 2846, Decoded text length: 2844
[DEBUG] First difference at position 1059: prompt=' ', decoded='.'
[DEBUG] Context: prompt='h a yard, garage, and driveway. On May 1, 1999, the boss moved into the house on lot 1. One year later, the co-worker and the boss executed and delivered the following deed instrument to a neighbor ". . . hereby grant to (the neighbor) the northerly 30 feet of lot 1, consisting of the paved driveway now existing, to be used for the ingress and egress of motor vehicles, but should (the neighbor) or', decoded='h a yard, garage, and driveway. On May 1, 1999, the boss moved into the house on lot 1. One year later, the co-worker and the boss executed and delivered the following deed instrument to a neighbor "... hereby grant to (the neighbor) the northerly 30 feet of lot 1, consisting of the paved driveway now existing, to be used for the ingress and egress of motor vehicles, but should (the neighbor) or h'
Warning: Decoded text differs from trimmed prompt
  Trimmed prompt length: 2813, Decoded text length: 2811
[DEBUG] First difference at position 1059: prompt=' ', decoded='.'
[DEBUG] Context: prompt='h a yard, garage, and driveway. On May 1, 1999, the boss moved into the house on lot 1. One year later, the co-worker and the boss executed and delivered the following deed instrument to a neighbor ". . . hereby grant to (the neighbor) the northerly 30 feet of lot 1, consisting of the paved driveway now existing, to be used for the ingress and egress of motor vehicles, but should (the neighbor) or', decoded='h a yard, garage, and driveway. On May 1, 1999, the boss moved into the house on lot 1. One year later, the co-worker and the boss executed and delivered the following deed instrument to a neighbor "... hereby grant to (the neighbor) the northerly 30 feet of lot 1, consisting of the paved driveway now existing, to be used for the ingress and egress of motor vehicles, but should (the neighbor) or h'
Perplexity: Written 12357/85610 entries to perplexity result file (batch 1373/9513)
Processing batch 1374/9513
Perplexity: Written 12366/85610 entries to perplexity result file (batch 1374/9513)
Processing batch 1375/9513
Perplexity: Written 12375/85610 entries to perplexity result file (batch 1375/9513)
Processing batch 1376/9513
Warning: Decoded text differs from trimmed prompt
  Trimmed prompt length: 988, Decoded text length: 986
[DEBUG] First difference at position 581: prompt=' ', decoded='.'
[DEBUG] Context: prompt='ked to the other end of the bar to wait on another customer. As he did so, the customer leaned over the bar and grabbed the gun. The customer pointed the gun at the owner and said, "This is a robbery. . . hand over all your money. "Knowing the gun was unloaded, the owner refused to comply. The customer dropped the gun and ran out of the bar. Besides larceny of the gun, the customer will be convict', decoded='ked to the other end of the bar to wait on another customer. As he did so, the customer leaned over the bar and grabbed the gun. The customer pointed the gun at the owner and said, "This is a robbery... hand over all your money. "Knowing the gun was unloaded, the owner refused to comply. The customer dropped the gun and ran out of the bar. Besides larceny of the gun, the customer will be convicted'
Warning: Decoded text differs from trimmed prompt
  Trimmed prompt length: 978, Decoded text length: 976
[DEBUG] First difference at position 581: prompt=' ', decoded='.'
[DEBUG] Context: prompt='ked to the other end of the bar to wait on another customer. As he did so, the customer leaned over the bar and grabbed the gun. The customer pointed the gun at the owner and said, "This is a robbery. . . hand over all your money. "Knowing the gun was unloaded, the owner refused to comply. The customer dropped the gun and ran out of the bar. Besides larceny of the gun, the customer will be convict', decoded='ked to the other end of the bar to wait on another customer. As he did so, the customer leaned over the bar and grabbed the gun. The customer pointed the gun at the owner and said, "This is a robbery... hand over all your money. "Knowing the gun was unloaded, the owner refused to comply. The customer dropped the gun and ran out of the bar. Besides larceny of the gun, the customer will be convicted'
Perplexity: Written 12384/85610 entries to perplexity result file (batch 1376/9513)
Processing batch 1377/9513
Perplexity: Written 12393/85610 entries to perplexity result file (batch 1377/9513)
Processing batch 1378/9513
Perplexity: Written 12402/85610 entries to perplexity result file (batch 1378/9513)
Processing batch 1379/9513
Perplexity: Written 12411/85610 entries to perplexity result file (batch 1379/9513)
Processing batch 1380/9513
Perplexity: Written 12420/85610 entries to perplexity result file (batch 1380/9513)
Processing batch 1381/9513
Perplexity: Written 12429/85610 entries to perplexity result file (batch 1381/9513)
Processing batch 1382/9513
Perplexity: Written 12438/85610 entries to perplexity result file (batch 1382/9513)
Processing batch 1383/9513
Perplexity: Written 12447/85610 entries to perplexity result file (batch 1383/9513)
Processing batch 1384/9513
Perplexity: Written 12456/85610 entries to perplexity result file (batch 1384/9513)
Processing batch 1385/9513
Perplexity: Written 12465/85610 entries to perplexity result file (batch 1385/9513)
Processing batch 1386/9513
Perplexity: Written 12474/85610 entries to perplexity result file (batch 1386/9513)
Processing batch 1387/9513
Perplexity: Written 12483/85610 entries to perplexity result file (batch 1387/9513)
Processing batch 1388/9513
Perplexity: Written 12492/85610 entries to perplexity result file (batch 1388/9513)
Processing batch 1389/9513
Perplexity: Written 12501/85610 entries to perplexity result file (batch 1389/9513)
Processing batch 1390/9513
Perplexity: Written 12510/85610 entries to perplexity result file (batch 1390/9513)
Processing batch 1391/9513
Perplexity: Written 12519/85610 entries to perplexity result file (batch 1391/9513)
Processing batch 1392/9513
Perplexity: Written 12528/85610 entries to perplexity result file (batch 1392/9513)
Processing batch 1393/9513
Perplexity: Written 12537/85610 entries to perplexity result file (batch 1393/9513)
Processing batch 1394/9513
Perplexity: Written 12546/85610 entries to perplexity result file (batch 1394/9513)
Processing batch 1395/9513
Perplexity: Written 12555/85610 entries to perplexity result file (batch 1395/9513)
Processing batch 1396/9513
Perplexity: Written 12564/85610 entries to perplexity result file (batch 1396/9513)
Processing batch 1397/9513
Perplexity: Written 12573/85610 entries to perplexity result file (batch 1397/9513)
Processing batch 1398/9513
Perplexity: Written 12582/85610 entries to perplexity result file (batch 1398/9513)
Processing batch 1399/9513
Perplexity: Written 12591/85610 entries to perplexity result file (batch 1399/9513)
Processing batch 1400/9513
Perplexity: Written 12600/85610 entries to perplexity result file (batch 1400/9513)
Processing batch 1401/9513
Perplexity: Written 12609/85610 entries to perplexity result file (batch 1401/9513)
Processing batch 1402/9513
Perplexity: Written 12618/85610 entries to perplexity result file (batch 1402/9513)
Processing batch 1403/9513
Perplexity: Written 12627/85610 entries to perplexity result file (batch 1403/9513)
Processing batch 1404/9513
Perplexity: Written 12636/85610 entries to perplexity result file (batch 1404/9513)
Processing batch 1405/9513
Perplexity: Written 12645/85610 entries to perplexity result file (batch 1405/9513)
Processing batch 1406/9513
Perplexity: Written 12654/85610 entries to perplexity result file (batch 1406/9513)
Processing batch 1407/9513
Perplexity: Written 12663/85610 entries to perplexity result file (batch 1407/9513)
Processing batch 1408/9513
Perplexity: Written 12672/85610 entries to perplexity result file (batch 1408/9513)
Processing batch 1409/9513
Perplexity: Written 12681/85610 entries to perplexity result file (batch 1409/9513)
Processing batch 1410/9513
Perplexity: Written 12690/85610 entries to perplexity result file (batch 1410/9513)
Processing batch 1411/9513
Perplexity: Written 12699/85610 entries to perplexity result file (batch 1411/9513)
Processing batch 1412/9513
Perplexity: Written 12708/85610 entries to perplexity result file (batch 1412/9513)
Processing batch 1413/9513
Perplexity: Written 12717/85610 entries to perplexity result file (batch 1413/9513)
Processing batch 1414/9513
Perplexity: Written 12726/85610 entries to perplexity result file (batch 1414/9513)
Processing batch 1415/9513
Perplexity: Written 12735/85610 entries to perplexity result file (batch 1415/9513)
Processing batch 1416/9513
Perplexity: Written 12744/85610 entries to perplexity result file (batch 1416/9513)
Processing batch 1417/9513
Perplexity: Written 12753/85610 entries to perplexity result file (batch 1417/9513)
Processing batch 1418/9513
Perplexity: Written 12762/85610 entries to perplexity result file (batch 1418/9513)
Processing batch 1419/9513
Perplexity: Written 12771/85610 entries to perplexity result file (batch 1419/9513)
Processing batch 1420/9513
Perplexity: Written 12780/85610 entries to perplexity result file (batch 1420/9513)
Processing batch 1421/9513
Perplexity: Written 12789/85610 entries to perplexity result file (batch 1421/9513)
Processing batch 1422/9513
Perplexity: Written 12798/85610 entries to perplexity result file (batch 1422/9513)
Processing batch 1423/9513
Perplexity: Written 12807/85610 entries to perplexity result file (batch 1423/9513)
Processing batch 1424/9513
Perplexity: Written 12816/85610 entries to perplexity result file (batch 1424/9513)
Processing batch 1425/9513
Perplexity: Written 12825/85610 entries to perplexity result file (batch 1425/9513)
Processing batch 1426/9513
Perplexity: Written 12834/85610 entries to perplexity result file (batch 1426/9513)
Processing batch 1427/9513
Perplexity: Written 12843/85610 entries to perplexity result file (batch 1427/9513)
Processing batch 1428/9513
Perplexity: Written 12852/85610 entries to perplexity result file (batch 1428/9513)
Processing batch 1429/9513
Perplexity: Written 12861/85610 entries to perplexity result file (batch 1429/9513)
Processing batch 1430/9513
Perplexity: Written 12870/85610 entries to perplexity result file (batch 1430/9513)
Processing batch 1431/9513
Perplexity: Written 12879/85610 entries to perplexity result file (batch 1431/9513)
Processing batch 1432/9513
Perplexity: Written 12888/85610 entries to perplexity result file (batch 1432/9513)
Processing batch 1433/9513
Perplexity: Written 12897/85610 entries to perplexity result file (batch 1433/9513)
Processing batch 1434/9513
Warning: Decoded text differs from trimmed prompt
  Trimmed prompt length: 1490, Decoded text length: 1489
[DEBUG] First difference at position 463: prompt=' ', decoded=','
[DEBUG] Context: prompt='relatively unspoiled seacoast. Most of the coastline is privately owned by persons who have permanent or vacation residences on their coastal lands. A man purchased a two-acre tract of littoral (i. e. , coastal) land in the state. When the man bought the property, there was a narrow concrete walkway (about 20 feet in length and 5 feet in width) adjoining the land. The walkway, which was designed t', decoded='relatively unspoiled seacoast. Most of the coastline is privately owned by persons who have permanent or vacation residences on their coastal lands. A man purchased a two-acre tract of littoral (i. e., coastal) land in the state. When the man bought the property, there was a narrow concrete walkway (about 20 feet in length and 5 feet in width) adjoining the land. The walkway, which was designed to'
Warning: Decoded text differs from trimmed prompt
  Trimmed prompt length: 1500, Decoded text length: 1499
[DEBUG] First difference at position 463: prompt=' ', decoded=','
[DEBUG] Context: prompt='relatively unspoiled seacoast. Most of the coastline is privately owned by persons who have permanent or vacation residences on their coastal lands. A man purchased a two-acre tract of littoral (i. e. , coastal) land in the state. When the man bought the property, there was a narrow concrete walkway (about 20 feet in length and 5 feet in width) adjoining the land. The walkway, which was designed t', decoded='relatively unspoiled seacoast. Most of the coastline is privately owned by persons who have permanent or vacation residences on their coastal lands. A man purchased a two-acre tract of littoral (i. e., coastal) land in the state. When the man bought the property, there was a narrow concrete walkway (about 20 feet in length and 5 feet in width) adjoining the land. The walkway, which was designed to'
Perplexity: Written 12906/85610 entries to perplexity result file (batch 1434/9513)
Processing batch 1435/9513
Perplexity: Written 12915/85610 entries to perplexity result file (batch 1435/9513)
Processing batch 1436/9513
Perplexity: Written 12924/85610 entries to perplexity result file (batch 1436/9513)
Processing batch 1437/9513
Perplexity: Written 12933/85610 entries to perplexity result file (batch 1437/9513)
Processing batch 1438/9513
Perplexity: Written 12942/85610 entries to perplexity result file (batch 1438/9513)
Processing batch 1439/9513
Perplexity: Written 12951/85610 entries to perplexity result file (batch 1439/9513)
Processing batch 1440/9513
Perplexity: Written 12960/85610 entries to perplexity result file (batch 1440/9513)
Processing batch 1441/9513
Perplexity: Written 12969/85610 entries to perplexity result file (batch 1441/9513)
Processing batch 1442/9513
Perplexity: Written 12978/85610 entries to perplexity result file (batch 1442/9513)
Processing batch 1443/9513
Perplexity: Written 12987/85610 entries to perplexity result file (batch 1443/9513)
Processing batch 1444/9513
Perplexity: Written 12996/85610 entries to perplexity result file (batch 1444/9513)
Processing batch 1445/9513
Perplexity: Written 13005/85610 entries to perplexity result file (batch 1445/9513)
Processing batch 1446/9513
Perplexity: Written 13014/85610 entries to perplexity result file (batch 1446/9513)
Processing batch 1447/9513
Perplexity: Written 13023/85610 entries to perplexity result file (batch 1447/9513)
Processing batch 1448/9513
Perplexity: Written 13032/85610 entries to perplexity result file (batch 1448/9513)
Processing batch 1449/9513
Perplexity: Written 13041/85610 entries to perplexity result file (batch 1449/9513)
Processing batch 1450/9513
Perplexity: Written 13050/85610 entries to perplexity result file (batch 1450/9513)
Processing batch 1451/9513
Perplexity: Written 13059/85610 entries to perplexity result file (batch 1451/9513)
Processing batch 1452/9513
Perplexity: Written 13068/85610 entries to perplexity result file (batch 1452/9513)
Processing batch 1453/9513
Perplexity: Written 13077/85610 entries to perplexity result file (batch 1453/9513)
Processing batch 1454/9513
Perplexity: Written 13086/85610 entries to perplexity result file (batch 1454/9513)
Processing batch 1455/9513
Perplexity: Written 13095/85610 entries to perplexity result file (batch 1455/9513)
Processing batch 1456/9513
Perplexity: Written 13104/85610 entries to perplexity result file (batch 1456/9513)
Processing batch 1457/9513
Perplexity: Written 13113/85610 entries to perplexity result file (batch 1457/9513)
Processing batch 1458/9513
Perplexity: Written 13122/85610 entries to perplexity result file (batch 1458/9513)
Processing batch 1459/9513
Perplexity: Written 13131/85610 entries to perplexity result file (batch 1459/9513)
Processing batch 1460/9513
Perplexity: Written 13140/85610 entries to perplexity result file (batch 1460/9513)
Processing batch 1461/9513
Perplexity: Written 13149/85610 entries to perplexity result file (batch 1461/9513)
Processing batch 1462/9513
Warning: Decoded text differs from trimmed prompt
  Trimmed prompt length: 1994, Decoded text length: 1993
[DEBUG] First difference at position 964: prompt=' ', decoded=','
[DEBUG] Context: prompt='d were made of Kevlar, an extremely tough fiber material with high energy-absorbing qualities that made it stronger in some ways than steel. When the student received her helmet from the Marine Corps. , it was packaged in the original carton supplied by the corporation. On the box, there was a picture that depicted an off-duty marine wearing the helmet while riding a bicycle. One afternoon after t', decoded='d were made of Kevlar, an extremely tough fiber material with high energy-absorbing qualities that made it stronger in some ways than steel. When the student received her helmet from the Marine Corps., it was packaged in the original carton supplied by the corporation. On the box, there was a picture that depicted an off-duty marine wearing the helmet while riding a bicycle. One afternoon after tr'
Warning: Decoded text differs from trimmed prompt
  Trimmed prompt length: 1981, Decoded text length: 1980
[DEBUG] First difference at position 964: prompt=' ', decoded=','
[DEBUG] Context: prompt='d were made of Kevlar, an extremely tough fiber material with high energy-absorbing qualities that made it stronger in some ways than steel. When the student received her helmet from the Marine Corps. , it was packaged in the original carton supplied by the corporation. On the box, there was a picture that depicted an off-duty marine wearing the helmet while riding a bicycle. One afternoon after t', decoded='d were made of Kevlar, an extremely tough fiber material with high energy-absorbing qualities that made it stronger in some ways than steel. When the student received her helmet from the Marine Corps., it was packaged in the original carton supplied by the corporation. On the box, there was a picture that depicted an off-duty marine wearing the helmet while riding a bicycle. One afternoon after tr'
Perplexity: Written 13158/85610 entries to perplexity result file (batch 1462/9513)
Processing batch 1463/9513
Warning: Decoded text differs from trimmed prompt
  Trimmed prompt length: 1111, Decoded text length: 1109
[DEBUG] First difference at position 508: prompt=' ', decoded='.'
[DEBUG] Context: prompt='ming that the defendant ran a red light. In her case-in-chief, the plaintiff testified that immediately after the accident, a bystander, who was a local resident, screamed at the defendant, "You jerk. . . you drove through the red light. " In his case-in-chief, the defendant now calls a police accident investigator to testify that the plaintiff told him that she "didn\'t see the color of the light ', decoded='ming that the defendant ran a red light. In her case-in-chief, the plaintiff testified that immediately after the accident, a bystander, who was a local resident, screamed at the defendant, "You jerk... you drove through the red light. " In his case-in-chief, the defendant now calls a police accident investigator to testify that the plaintiff told him that she "didn\'t see the color of the light wh'
Warning: Decoded text differs from trimmed prompt
  Trimmed prompt length: 1129, Decoded text length: 1127
[DEBUG] First difference at position 508: prompt=' ', decoded='.'
[DEBUG] Context: prompt='ming that the defendant ran a red light. In her case-in-chief, the plaintiff testified that immediately after the accident, a bystander, who was a local resident, screamed at the defendant, "You jerk. . . you drove through the red light. " In his case-in-chief, the defendant now calls a police accident investigator to testify that the plaintiff told him that she "didn\'t see the color of the light ', decoded='ming that the defendant ran a red light. In her case-in-chief, the plaintiff testified that immediately after the accident, a bystander, who was a local resident, screamed at the defendant, "You jerk... you drove through the red light. " In his case-in-chief, the defendant now calls a police accident investigator to testify that the plaintiff told him that she "didn\'t see the color of the light wh'
Perplexity: Written 13167/85610 entries to perplexity result file (batch 1463/9513)
Processing batch 1464/9513
Perplexity: Written 13176/85610 entries to perplexity result file (batch 1464/9513)
Processing batch 1465/9513
Perplexity: Written 13185/85610 entries to perplexity result file (batch 1465/9513)
Processing batch 1466/9513
Warning: Decoded text differs from trimmed prompt
  Trimmed prompt length: 1990, Decoded text length: 1982
[DEBUG] First difference at position 806: prompt=' ', decoded='.'
[DEBUG] Context: prompt='nd immediately started receiving monthly pension checks. Subsequently, the governor signed into law an act, which provided in part:"Section 8. Any member of a state agency\'s staff who is convicted of. . . bribery . . . shall not beentitled to receive any retirement or other benefit or payment of any kind from the state . . . Such conviction shall be considered a breach of the staff member\'s employ', decoded='nd immediately started receiving monthly pension checks. Subsequently, the governor signed into law an act, which provided in part:"Section 8. Any member of a state agency\'s staff who is convicted of... bribery... shall not beentitled to receive any retirement or other benefit or payment of any kind from the state... Such conviction shall be considered a breach of the staff member\'s employment con'
Warning: Decoded text differs from trimmed prompt
  Trimmed prompt length: 1991, Decoded text length: 1983
[DEBUG] First difference at position 806: prompt=' ', decoded='.'
[DEBUG] Context: prompt='nd immediately started receiving monthly pension checks. Subsequently, the governor signed into law an act, which provided in part:"Section 8. Any member of a state agency\'s staff who is convicted of. . . bribery . . . shall not beentitled to receive any retirement or other benefit or payment of any kind from the state . . . Such conviction shall be considered a breach of the staff member\'s employ', decoded='nd immediately started receiving monthly pension checks. Subsequently, the governor signed into law an act, which provided in part:"Section 8. Any member of a state agency\'s staff who is convicted of... bribery... shall not beentitled to receive any retirement or other benefit or payment of any kind from the state... Such conviction shall be considered a breach of the staff member\'s employment con'
Perplexity: Written 13194/85610 entries to perplexity result file (batch 1466/9513)
Processing batch 1467/9513
Perplexity: Written 13203/85610 entries to perplexity result file (batch 1467/9513)
Processing batch 1468/9513
Perplexity: Written 13212/85610 entries to perplexity result file (batch 1468/9513)
Processing batch 1469/9513
Perplexity: Written 13221/85610 entries to perplexity result file (batch 1469/9513)
Processing batch 1470/9513
Perplexity: Written 13230/85610 entries to perplexity result file (batch 1470/9513)
Processing batch 1471/9513
Perplexity: Written 13239/85610 entries to perplexity result file (batch 1471/9513)
Processing batch 1472/9513
Warning: Decoded text differs from trimmed prompt
  Trimmed prompt length: 905, Decoded text length: 903
[DEBUG] First difference at position 434: prompt=' ', decoded='.'
[DEBUG] Context: prompt='al. The victim was found shot to death in his car. The only witness to the shooting was the victim\'s pet parrot, which was found hovering over the victim\'s body repeating over and over, "George don\'t. . . George don\'t. "To prove the identity of the victim\'s killer, the prosecution has a witness testify that about the time of the murder, he was in the area and heard the victim\'s parrot calling Geor', decoded='al. The victim was found shot to death in his car. The only witness to the shooting was the victim\'s pet parrot, which was found hovering over the victim\'s body repeating over and over, "George don\'t... George don\'t. "To prove the identity of the victim\'s killer, the prosecution has a witness testify that about the time of the murder, he was in the area and heard the victim\'s parrot calling George'
Warning: Decoded text differs from trimmed prompt
  Trimmed prompt length: 912, Decoded text length: 910
[DEBUG] First difference at position 434: prompt=' ', decoded='.'
[DEBUG] Context: prompt='al. The victim was found shot to death in his car. The only witness to the shooting was the victim\'s pet parrot, which was found hovering over the victim\'s body repeating over and over, "George don\'t. . . George don\'t. "To prove the identity of the victim\'s killer, the prosecution has a witness testify that about the time of the murder, he was in the area and heard the victim\'s parrot calling Geor', decoded='al. The victim was found shot to death in his car. The only witness to the shooting was the victim\'s pet parrot, which was found hovering over the victim\'s body repeating over and over, "George don\'t... George don\'t. "To prove the identity of the victim\'s killer, the prosecution has a witness testify that about the time of the murder, he was in the area and heard the victim\'s parrot calling George'
Perplexity: Written 13248/85610 entries to perplexity result file (batch 1472/9513)
Processing batch 1473/9513
Perplexity: Written 13257/85610 entries to perplexity result file (batch 1473/9513)
Processing batch 1474/9513
Perplexity: Written 13266/85610 entries to perplexity result file (batch 1474/9513)
Processing batch 1475/9513
Perplexity: Written 13275/85610 entries to perplexity result file (batch 1475/9513)
Processing batch 1476/9513
Perplexity: Written 13284/85610 entries to perplexity result file (batch 1476/9513)
Processing batch 1477/9513
Perplexity: Written 13293/85610 entries to perplexity result file (batch 1477/9513)
Processing batch 1478/9513
Perplexity: Written 13302/85610 entries to perplexity result file (batch 1478/9513)
Processing batch 1479/9513
Perplexity: Written 13311/85610 entries to perplexity result file (batch 1479/9513)
Processing batch 1480/9513
Warning: Decoded text differs from trimmed prompt
  Trimmed prompt length: 2455, Decoded text length: 2452
[DEBUG] First difference at position 889: prompt=' ', decoded='.'
[DEBUG] Context: prompt='ries. " Pursuant to Section 5, the Treasury Department issued a regulation, which provided in part that:"Imports of the following categories of goods from assisting countries are hereby prohibited: \x80¢ . (c) Bulk shipments for resale within the United States of books, pamphlets, flags, decorations or other symbols, excepting, however, scientific, technical, and literary works intended for scholarly', decoded='ries. " Pursuant to Section 5, the Treasury Department issued a regulation, which provided in part that:"Imports of the following categories of goods from assisting countries are hereby prohibited: \x80¢. (c) Bulk shipments for resale within the United States of books, pamphlets, flags, decorations or other symbols, excepting, however, scientific, technical, and literary works intended for scholarly '
Warning: Decoded text differs from trimmed prompt
  Trimmed prompt length: 2432, Decoded text length: 2429
[DEBUG] First difference at position 889: prompt=' ', decoded='.'
[DEBUG] Context: prompt='ries. " Pursuant to Section 5, the Treasury Department issued a regulation, which provided in part that:"Imports of the following categories of goods from assisting countries are hereby prohibited: \x80¢ . (c) Bulk shipments for resale within the United States of books, pamphlets, flags, decorations or other symbols, excepting, however, scientific, technical, and literary works intended for scholarly', decoded='ries. " Pursuant to Section 5, the Treasury Department issued a regulation, which provided in part that:"Imports of the following categories of goods from assisting countries are hereby prohibited: \x80¢. (c) Bulk shipments for resale within the United States of books, pamphlets, flags, decorations or other symbols, excepting, however, scientific, technical, and literary works intended for scholarly '
Perplexity: Written 13320/85610 entries to perplexity result file (batch 1480/9513)
Processing batch 1481/9513
Perplexity: Written 13329/85610 entries to perplexity result file (batch 1481/9513)
Processing batch 1482/9513
Perplexity: Written 13338/85610 entries to perplexity result file (batch 1482/9513)
Processing batch 1483/9513
Perplexity: Written 13347/85610 entries to perplexity result file (batch 1483/9513)
Processing batch 1484/9513
Perplexity: Written 13356/85610 entries to perplexity result file (batch 1484/9513)
Processing batch 1485/9513
Perplexity: Written 13365/85610 entries to perplexity result file (batch 1485/9513)
Processing batch 1486/9513
