✏️ Setting installed package as editable
Acquiring build lock...
Building Rust extension with maturin develop...
Installed Rust extension successfully.
Released build lock.
Loading config from: judge_config_slurm1_vllm.py
This run uses VLLM backend.
Starting preference experiment...
Concatenated two answers dataset for language pairs[("en", "zh_cn"), ("en", "fr_fr"), ("en", "ar_xy"), ("en", "sw_ke")] written to "judge/result/Qwen-Qwen3-30B-A3B/preference_aggregated_input.jsonl"
Dispatching preference results for model: Qwen-Qwen3-30B-A3B, language pairs: [("en", "zh_cn"), ("en", "fr_fr"), ("en", "ar_xy"), ("en", "sw_ke")], input file: judge/result/Qwen-Qwen3-30B-A3B/preference_aggregated_output.jsonl
Dispatched preference results for model: Qwen-Qwen3-30B-A3B, lang1: en, lang2: zh_cn
Dispatched preference results for model: Qwen-Qwen3-30B-A3B, lang1: en, lang2: fr_fr
Dispatched preference results for model: Qwen-Qwen3-30B-A3B, lang1: en, lang2: ar_xy
Dispatched preference results for model: Qwen-Qwen3-30B-A3B, lang1: en, lang2: sw_ke
Removed aggregated output file: judge/result/Qwen-Qwen3-30B-A3B/preference_aggregated_output.jsonl
Preference experiment finished.
Starting perplexity experiment...
Response input dataset for languages ["en", "zh_cn", "fr_fr", "ar_xy", "sw_ke"] written to judge/result/Qwen-Qwen3-30B-A3B/perplexity_response_input.jsonl
Dispatching response results for model: Qwen-Qwen3-30B-A3B, languages: ["en", "zh_cn", "fr_fr", "ar_xy", "sw_ke"], input file: judge/result/Qwen-Qwen3-30B-A3B/perplexity_response_output.jsonl
Dispatched response results for model: Qwen-Qwen3-30B-A3B, lang: en
Dispatched response results for model: Qwen-Qwen3-30B-A3B, lang: zh_cn
Dispatched response results for model: Qwen-Qwen3-30B-A3B, lang: fr_fr
Dispatched response results for model: Qwen-Qwen3-30B-A3B, lang: ar_xy
Dispatched response results for model: Qwen-Qwen3-30B-A3B, lang: sw_ke
Removed aggregated response output file: judge/result/Qwen-Qwen3-30B-A3B/perplexity_response_output.jsonl
Styled answers input dataset for languages ["en", "zh_cn", "fr_fr", "ar_xy", "sw_ke"] written to judge/result/Qwen-Qwen3-30B-A3B/perplexity_styled_answers_input.jsonl
Dispatching styled answers results for model: Qwen-Qwen3-30B-A3B, languages: ["en", "zh_cn", "fr_fr", "ar_xy", "sw_ke"], input file: judge/result/Qwen-Qwen3-30B-A3B/perplexity_styled_answers_output.jsonl
Dispatched styled answers results for model: Qwen-Qwen3-30B-A3B, lang: en
Dispatched styled answers results for model: Qwen-Qwen3-30B-A3B, lang: zh_cn
Dispatched styled answers results for model: Qwen-Qwen3-30B-A3B, lang: fr_fr
Dispatched styled answers results for model: Qwen-Qwen3-30B-A3B, lang: ar_xy
Dispatched styled answers results for model: Qwen-Qwen3-30B-A3B, lang: sw_ke
Removed aggregated styled answers output file: judge/result/Qwen-Qwen3-30B-A3B/perplexity_styled_answers_output.jsonl
Total entries to generate responses: 0
Completed writing all responses to judge/result/Qwen-Qwen3-30B-A3B/perplexity_response_output.jsonl
Total entries to generate styled answers: 0
Completed writing all styled answers to judge/result/Qwen-Qwen3-30B-A3B/perplexity_styled_answers_output.jsonl
Perplexity experiment finished.
✏️ Setting installed package as editable
File "judge/result/Qwen-Qwen3-30B-A3B/perplexity/en_correct.jsonl" does not exist, assuming no completed entries.
File "judge/result/Qwen-Qwen3-30B-A3B/perplexity/en_incorrect.jsonl" does not exist, assuming no completed entries.
File "judge/result/Qwen-Qwen3-30B-A3B/perplexity/zh_cn_correct.jsonl" does not exist, assuming no completed entries.
File "judge/result/Qwen-Qwen3-30B-A3B/perplexity/zh_cn_incorrect.jsonl" does not exist, assuming no completed entries.
File "judge/result/Qwen-Qwen3-30B-A3B/perplexity/fr_fr_correct.jsonl" does not exist, assuming no completed entries.
File "judge/result/Qwen-Qwen3-30B-A3B/perplexity/fr_fr_incorrect.jsonl" does not exist, assuming no completed entries.
File "judge/result/Qwen-Qwen3-30B-A3B/perplexity/ar_xy_correct.jsonl" does not exist, assuming no completed entries.
File "judge/result/Qwen-Qwen3-30B-A3B/perplexity/ar_xy_incorrect.jsonl" does not exist, assuming no completed entries.
File "judge/result/Qwen-Qwen3-30B-A3B/perplexity/sw_ke_correct.jsonl" does not exist, assuming no completed entries.
File "judge/result/Qwen-Qwen3-30B-A3B/perplexity/sw_ke_incorrect.jsonl" does not exist, assuming no completed entries.
Concatenated perplexity dataset for languages ["en", "zh_cn", "fr_fr", "ar_xy", "sw_ke"] written to judge/result/Qwen-Qwen3-30B-A3B/perplexity_aggregated_input.jsonl
Acquiring build lock...
Building Rust extension with maturin develop...
Installed Rust extension successfully.
Released build lock.
Loading config from: judge_config_slurm1_hf.py
Total entries to calculate perplexity: 85610
Using batch size: 21 based on model size, number of GPUs (4), and single GPU memory (40GB)
Processing batch 1/4077
Creating HuggingFace backend for model Qwen/Qwen3-30B-A3B using 4 GPUs and batch size 21...
Creating HuggingFace backend for model Qwen/Qwen3-30B-A3B with batch size 21...
Loading model from HuggingFace...
Found 4 GPUs
GPU 0: 39.49 GB available, using 35 GB
GPU 1: 39.49 GB available, using 35 GB
GPU 2: 39.49 GB available, using 35 GB
GPU 3: 39.49 GB available, using 35 GB
Model loaded, setting to eval mode...
Model in eval mode
Model device map: {'model.embed_tokens': 0, 'model.layers.0': 0, 'model.layers.1': 0, 'model.layers.2': 0, 'model.layers.3': 0, 'model.layers.4': 0, 'model.layers.5': 0, 'model.layers.6': 0, 'model.layers.7': 0, 'model.layers.8': 0, 'model.layers.9': 0, 'model.layers.10': 0, 'model.layers.11': 0, 'model.layers.12': 1, 'model.layers.13': 1, 'model.layers.14': 1, 'model.layers.15': 1, 'model.layers.16': 1, 'model.layers.17': 1, 'model.layers.18': 1, 'model.layers.19': 1, 'model.layers.20': 1, 'model.layers.21': 1, 'model.layers.22': 1, 'model.layers.23': 1, 'model.layers.24': 1, 'model.layers.25': 2, 'model.layers.26': 2, 'model.layers.27': 2, 'model.layers.28': 2, 'model.layers.29': 2, 'model.layers.30': 2, 'model.layers.31': 2, 'model.layers.32': 2, 'model.layers.33': 2, 'model.layers.34': 2, 'model.layers.35': 2, 'model.layers.36': 2, 'model.layers.37': 2, 'model.layers.38': 3, 'model.layers.39': 3, 'model.layers.40': 3, 'model.layers.41': 3, 'model.layers.42': 3, 'model.layers.43': 3, 'model.layers.44': 3, 'model.layers.45': 3, 'model.layers.46': 3, 'model.layers.47': 3, 'model.norm': 3, 'model.rotary_emb': 3, 'lm_head': 3}
HuggingFace backend created successfully for Qwen/Qwen3-30B-A3B
HuggingFace backend created for model Qwen/Qwen3-30B-A3B
Processing batch 2/4077
Processing batch 3/4077
Processing batch 4/4077
Processing batch 5/4077
Processing batch 6/4077
Processing batch 7/4077
Processing batch 8/4077
Processing batch 9/4077
Processing batch 10/4077
Processing batch 11/4077
Processing batch 12/4077
Processing batch 13/4077
Processing batch 14/4077
Processing batch 15/4077
Processing batch 16/4077
Processing batch 17/4077
Processing batch 18/4077
Processing batch 19/4077
Processing batch 20/4077
Perplexity: Written 420/85610 entries to perplexity result file
Processing batch 21/4077
Processing batch 22/4077
Processing batch 23/4077
Processing batch 24/4077
Processing batch 25/4077
Processing batch 26/4077
Processing batch 27/4077
Processing batch 28/4077
Processing batch 29/4077
Processing batch 30/4077
Processing batch 31/4077
Processing batch 32/4077
Processing batch 33/4077
Processing batch 34/4077
Processing batch 35/4077
[WARNING] in lang en, index 563: No tokens were selected by the answer mask for perplexity calculation, setting perplexity to 1.0.
[WARNING] in lang en, index 563: No tokens were selected by the answer mask for perplexity calculation, setting perplexity to 1.0.
Processing batch 36/4077
Processing batch 37/4077
Processing batch 38/4077
Processing batch 39/4077
Processing batch 40/4077
Perplexity: Written 840/85610 entries to perplexity result file
Processing batch 41/4077
Processing batch 42/4077
Processing batch 43/4077
Processing batch 44/4077
Processing batch 45/4077
Processing batch 46/4077
Processing batch 47/4077
Processing batch 48/4077
Processing batch 49/4077
Processing batch 50/4077
Processing batch 51/4077
Processing batch 52/4077
Processing batch 53/4077
Processing batch 54/4077
Processing batch 55/4077
Processing batch 56/4077
Processing batch 57/4077
Processing batch 58/4077
Processing batch 59/4077
Processing batch 60/4077
Perplexity: Written 1260/85610 entries to perplexity result file
Processing batch 61/4077
Processing batch 62/4077
Processing batch 63/4077
Processing batch 64/4077
Processing batch 65/4077
Processing batch 66/4077
Processing batch 67/4077
Processing batch 68/4077
Processing batch 69/4077
Processing batch 70/4077
Processing batch 71/4077
Processing batch 72/4077
Processing batch 73/4077
Processing batch 74/4077
Processing batch 75/4077
Processing batch 76/4077
Processing batch 77/4077
Processing batch 78/4077
Processing batch 79/4077
Processing batch 80/4077
Perplexity: Written 1680/85610 entries to perplexity result file
Processing batch 81/4077
Processing batch 82/4077
Processing batch 83/4077
Processing batch 84/4077
Processing batch 85/4077
Processing batch 86/4077
Processing batch 87/4077
Processing batch 88/4077
Processing batch 89/4077
Processing batch 90/4077
Processing batch 91/4077
Processing batch 92/4077
Processing batch 93/4077
Processing batch 94/4077
Processing batch 95/4077
Processing batch 96/4077
Processing batch 97/4077
Processing batch 98/4077
Processing batch 99/4077
Processing batch 100/4077
Perplexity: Written 2100/85610 entries to perplexity result file
Processing batch 101/4077
Processing batch 102/4077
Processing batch 103/4077
Processing batch 104/4077
Processing batch 105/4077
Processing batch 106/4077
Processing batch 107/4077
Processing batch 108/4077
Processing batch 109/4077
Processing batch 110/4077
Processing batch 111/4077
Processing batch 112/4077
Processing batch 113/4077
Processing batch 114/4077
Processing batch 115/4077
Processing batch 116/4077
Processing batch 117/4077
Processing batch 118/4077
Processing batch 119/4077
Processing batch 120/4077
Perplexity: Written 2520/85610 entries to perplexity result file
Processing batch 121/4077
Processing batch 122/4077
Processing batch 123/4077
Processing batch 124/4077
Processing batch 125/4077
Processing batch 126/4077
Processing batch 127/4077
Processing batch 128/4077
Processing batch 129/4077
Processing batch 130/4077
Processing batch 131/4077
Processing batch 132/4077
Processing batch 133/4077
Processing batch 134/4077
Processing batch 135/4077
Processing batch 136/4077
Processing batch 137/4077
Processing batch 138/4077
Processing batch 139/4077
Processing batch 140/4077
Perplexity: Written 2940/85610 entries to perplexity result file
Processing batch 141/4077
Processing batch 142/4077
Processing batch 143/4077
Processing batch 144/4077
Processing batch 145/4077
Processing batch 146/4077
Processing batch 147/4077
Processing batch 148/4077
Processing batch 149/4077
Processing batch 150/4077
Processing batch 151/4077
Processing batch 152/4077
Processing batch 153/4077
Processing batch 154/4077
Processing batch 155/4077
Processing batch 156/4077
Processing batch 157/4077
Processing batch 158/4077
Processing batch 159/4077
Processing batch 160/4077
Perplexity: Written 3360/85610 entries to perplexity result file
Processing batch 161/4077
Processing batch 162/4077
Processing batch 163/4077
Processing batch 164/4077
Processing batch 165/4077
Processing batch 166/4077
Processing batch 167/4077
Processing batch 168/4077
Processing batch 169/4077
Processing batch 170/4077
Processing batch 171/4077
Processing batch 172/4077
Processing batch 173/4077
Processing batch 174/4077
Processing batch 175/4077
Processing batch 176/4077
Processing batch 177/4077
Processing batch 178/4077
Processing batch 179/4077
Processing batch 180/4077
Perplexity: Written 3780/85610 entries to perplexity result file
Processing batch 181/4077
Processing batch 182/4077
Processing batch 183/4077
Processing batch 184/4077
Processing batch 185/4077
Processing batch 186/4077
Processing batch 187/4077
Processing batch 188/4077
Processing batch 189/4077
Processing batch 190/4077
Processing batch 191/4077
Processing batch 192/4077
Processing batch 193/4077
Processing batch 194/4077
Processing batch 195/4077
Processing batch 196/4077
Processing batch 197/4077
Processing batch 198/4077
Processing batch 199/4077
Processing batch 200/4077
Perplexity: Written 4200/85610 entries to perplexity result file
Processing batch 201/4077
Processing batch 202/4077
Processing batch 203/4077
Processing batch 204/4077
Processing batch 205/4077
Processing batch 206/4077
Processing batch 207/4077
Processing batch 208/4077
Processing batch 209/4077
Processing batch 210/4077
Processing batch 211/4077
Processing batch 212/4077
Processing batch 213/4077
Processing batch 214/4077
Processing batch 215/4077
Processing batch 216/4077
Processing batch 217/4077
Processing batch 218/4077
Processing batch 219/4077
Processing batch 220/4077
Perplexity: Written 4620/85610 entries to perplexity result file
Processing batch 221/4077
Processing batch 222/4077
Processing batch 223/4077
Processing batch 224/4077
Processing batch 225/4077
Processing batch 226/4077
Processing batch 227/4077
Processing batch 228/4077
Processing batch 229/4077
Processing batch 230/4077
Processing batch 231/4077
Processing batch 232/4077
Processing batch 233/4077
Processing batch 234/4077
Processing batch 235/4077
Processing batch 236/4077
Processing batch 237/4077
Processing batch 238/4077
Processing batch 239/4077
Processing batch 240/4077
Perplexity: Written 5040/85610 entries to perplexity result file
Processing batch 241/4077
Processing batch 242/4077
Processing batch 243/4077
Processing batch 244/4077
Processing batch 245/4077
Processing batch 246/4077
Processing batch 247/4077
Processing batch 248/4077
Processing batch 249/4077
Processing batch 250/4077
Processing batch 251/4077
Processing batch 252/4077
Processing batch 253/4077
Processing batch 254/4077
Processing batch 255/4077
Processing batch 256/4077
Processing batch 257/4077
Processing batch 258/4077
Processing batch 259/4077
Processing batch 260/4077
Perplexity: Written 5460/85610 entries to perplexity result file
Processing batch 261/4077
Processing batch 262/4077
Processing batch 263/4077
Processing batch 264/4077
Processing batch 265/4077
Processing batch 266/4077
Processing batch 267/4077
Processing batch 268/4077
Processing batch 269/4077
Processing batch 270/4077
Processing batch 271/4077
Processing batch 272/4077
Processing batch 273/4077
Processing batch 274/4077
Processing batch 275/4077
Processing batch 276/4077
Processing batch 277/4077
Processing batch 278/4077
Processing batch 279/4077
Processing batch 280/4077
Perplexity: Written 5880/85610 entries to perplexity result file
Processing batch 281/4077
Processing batch 282/4077
Processing batch 283/4077
Processing batch 284/4077
Processing batch 285/4077
Processing batch 286/4077
Processing batch 287/4077
Processing batch 288/4077
Processing batch 289/4077
Processing batch 290/4077
Processing batch 291/4077
Processing batch 292/4077
Processing batch 293/4077
Processing batch 294/4077
Processing batch 295/4077
Processing batch 296/4077
Processing batch 297/4077
Processing batch 298/4077
Processing batch 299/4077
Processing batch 300/4077
Perplexity: Written 6300/85610 entries to perplexity result file
Processing batch 301/4077
Processing batch 302/4077
Processing batch 303/4077
Processing batch 304/4077
Processing batch 305/4077
Processing batch 306/4077
Processing batch 307/4077
Processing batch 308/4077
Processing batch 309/4077
Processing batch 310/4077
Processing batch 311/4077
Processing batch 312/4077
Processing batch 313/4077
Processing batch 314/4077
Processing batch 315/4077
Processing batch 316/4077
Processing batch 317/4077
Processing batch 318/4077
Processing batch 319/4077
Processing batch 320/4077
Perplexity: Written 6720/85610 entries to perplexity result file
Processing batch 321/4077
Processing batch 322/4077
Processing batch 323/4077
Processing batch 324/4077
Processing batch 325/4077
Processing batch 326/4077
Processing batch 327/4077
Processing batch 328/4077
Processing batch 329/4077
Processing batch 330/4077
Processing batch 331/4077
Processing batch 332/4077
Processing batch 333/4077
Processing batch 334/4077
Processing batch 335/4077
Processing batch 336/4077
Processing batch 337/4077
Processing batch 338/4077
Processing batch 339/4077
Processing batch 340/4077
Perplexity: Written 7140/85610 entries to perplexity result file
Processing batch 341/4077
Processing batch 342/4077
Processing batch 343/4077
Processing batch 344/4077
Processing batch 345/4077
Processing batch 346/4077
Processing batch 347/4077
Processing batch 348/4077
Processing batch 349/4077
Processing batch 350/4077
Processing batch 351/4077
Processing batch 352/4077
Processing batch 353/4077
Processing batch 354/4077
Processing batch 355/4077
Processing batch 356/4077
Processing batch 357/4077
Processing batch 358/4077
Processing batch 359/4077
Processing batch 360/4077
Perplexity: Written 7560/85610 entries to perplexity result file
Processing batch 361/4077
Processing batch 362/4077
Processing batch 363/4077
Processing batch 364/4077
Processing batch 365/4077
Processing batch 366/4077
Processing batch 367/4077
Processing batch 368/4077
Processing batch 369/4077
Processing batch 370/4077
Processing batch 371/4077
Processing batch 372/4077
Processing batch 373/4077
Processing batch 374/4077
Processing batch 375/4077
Processing batch 376/4077
Processing batch 377/4077
Processing batch 378/4077
Processing batch 379/4077
Processing batch 380/4077
Perplexity: Written 7980/85610 entries to perplexity result file
Processing batch 381/4077
Processing batch 382/4077
Processing batch 383/4077
Processing batch 384/4077
Processing batch 385/4077
Processing batch 386/4077
Processing batch 387/4077
Processing batch 388/4077
Processing batch 389/4077
Processing batch 390/4077
Processing batch 391/4077
Processing batch 392/4077
Processing batch 393/4077
Processing batch 394/4077
Processing batch 395/4077
Processing batch 396/4077
Processing batch 397/4077
Processing batch 398/4077
Processing batch 399/4077
Processing batch 400/4077
Perplexity: Written 8400/85610 entries to perplexity result file
Processing batch 401/4077
Processing batch 402/4077
Processing batch 403/4077
Processing batch 404/4077
Processing batch 405/4077
Processing batch 406/4077
Processing batch 407/4077
Processing batch 408/4077
Processing batch 409/4077
Processing batch 410/4077
Processing batch 411/4077
Processing batch 412/4077
Processing batch 413/4077
Processing batch 414/4077
Processing batch 415/4077
Processing batch 416/4077
Processing batch 417/4077
Processing batch 418/4077
Processing batch 419/4077
Processing batch 420/4077
Perplexity: Written 8820/85610 entries to perplexity result file
Processing batch 421/4077
Processing batch 422/4077
Processing batch 423/4077
Processing batch 424/4077
Processing batch 425/4077
Processing batch 426/4077
Processing batch 427/4077
Processing batch 428/4077
Processing batch 429/4077
Processing batch 430/4077
Processing batch 431/4077
Processing batch 432/4077
Processing batch 433/4077
Processing batch 434/4077
Processing batch 435/4077
Processing batch 436/4077
Processing batch 437/4077
Processing batch 438/4077
Processing batch 439/4077
Processing batch 440/4077
Perplexity: Written 9240/85610 entries to perplexity result file
Processing batch 441/4077
Processing batch 442/4077
Processing batch 443/4077
Processing batch 444/4077
Processing batch 445/4077
Processing batch 446/4077
Processing batch 447/4077
Processing batch 448/4077
Processing batch 449/4077
Processing batch 450/4077
Processing batch 451/4077
Processing batch 452/4077
Processing batch 453/4077
Processing batch 454/4077
Processing batch 455/4077
Processing batch 456/4077
Processing batch 457/4077
Processing batch 458/4077
Processing batch 459/4077
Processing batch 460/4077
Perplexity: Written 9660/85610 entries to perplexity result file
Processing batch 461/4077
Processing batch 462/4077
Processing batch 463/4077
Processing batch 464/4077
Processing batch 465/4077
Processing batch 466/4077
Processing batch 467/4077
Processing batch 468/4077
Processing batch 469/4077
Processing batch 470/4077
Processing batch 471/4077
Processing batch 472/4077
Processing batch 473/4077
Processing batch 474/4077
Processing batch 475/4077
Processing batch 476/4077
Processing batch 477/4077
Processing batch 478/4077
Processing batch 479/4077
Processing batch 480/4077
Perplexity: Written 10080/85610 entries to perplexity result file
Processing batch 481/4077
Processing batch 482/4077
Processing batch 483/4077
Processing batch 484/4077
Processing batch 485/4077
Processing batch 486/4077
Processing batch 487/4077
Processing batch 488/4077
Processing batch 489/4077
Processing batch 490/4077
Processing batch 491/4077
Processing batch 492/4077
Processing batch 493/4077
Processing batch 494/4077
Processing batch 495/4077
Processing batch 496/4077
Processing batch 497/4077
Processing batch 498/4077
Processing batch 499/4077
Processing batch 500/4077
Perplexity: Written 10500/85610 entries to perplexity result file
Processing batch 501/4077
Processing batch 502/4077
Processing batch 503/4077
Processing batch 504/4077
Processing batch 505/4077
Processing batch 506/4077
Processing batch 507/4077
Processing batch 508/4077
Processing batch 509/4077
Processing batch 510/4077
Processing batch 511/4077
Processing batch 512/4077
Processing batch 513/4077
Processing batch 514/4077
Processing batch 515/4077
Processing batch 516/4077
Processing batch 517/4077
Processing batch 518/4077
Processing batch 519/4077
Processing batch 520/4077
Perplexity: Written 10920/85610 entries to perplexity result file
Processing batch 521/4077
Processing batch 522/4077
Processing batch 523/4077
Processing batch 524/4077
Processing batch 525/4077
Processing batch 526/4077
Processing batch 527/4077
Processing batch 528/4077
Processing batch 529/4077
Processing batch 530/4077
Processing batch 531/4077
Processing batch 532/4077
Processing batch 533/4077
Processing batch 534/4077
Processing batch 535/4077
Processing batch 536/4077
Processing batch 537/4077
Processing batch 538/4077
Processing batch 539/4077
Processing batch 540/4077
Perplexity: Written 11340/85610 entries to perplexity result file
Processing batch 541/4077
Processing batch 542/4077
Processing batch 543/4077
Processing batch 544/4077
Processing batch 545/4077
Processing batch 546/4077
Processing batch 547/4077
Processing batch 548/4077
Processing batch 549/4077
Processing batch 550/4077
Processing batch 551/4077
Processing batch 552/4077
Processing batch 553/4077
Processing batch 554/4077
Processing batch 555/4077
Processing batch 556/4077
Processing batch 557/4077
Processing batch 558/4077
Processing batch 559/4077
Processing batch 560/4077
Perplexity: Written 11760/85610 entries to perplexity result file
Processing batch 561/4077
Processing batch 562/4077
Processing batch 563/4077
Processing batch 564/4077
Processing batch 565/4077
Processing batch 566/4077
Processing batch 567/4077
Processing batch 568/4077
Processing batch 569/4077
Processing batch 570/4077
Processing batch 571/4077
Processing batch 572/4077
Processing batch 573/4077
Processing batch 574/4077
Processing batch 575/4077
Processing batch 576/4077
Processing batch 577/4077
Processing batch 578/4077
Processing batch 579/4077
Processing batch 580/4077
Perplexity: Written 12180/85610 entries to perplexity result file
Processing batch 581/4077
Processing batch 582/4077
Processing batch 583/4077
Processing batch 584/4077
Processing batch 585/4077
Processing batch 586/4077
Processing batch 587/4077
Processing batch 588/4077
Processing batch 589/4077
Processing batch 590/4077
Processing batch 591/4077
Processing batch 592/4077
Processing batch 593/4077
Processing batch 594/4077
Processing batch 595/4077
Processing batch 596/4077
Processing batch 597/4077
Processing batch 598/4077
Processing batch 599/4077
Processing batch 600/4077
Perplexity: Written 12600/85610 entries to perplexity result file
Processing batch 601/4077
Processing batch 602/4077
Processing batch 603/4077
Processing batch 604/4077
Processing batch 605/4077
Processing batch 606/4077
Processing batch 607/4077
Processing batch 608/4077
Processing batch 609/4077
Processing batch 610/4077
Processing batch 611/4077
Processing batch 612/4077
Processing batch 613/4077
Processing batch 614/4077
Processing batch 615/4077
Processing batch 616/4077
Processing batch 617/4077
Processing batch 618/4077
Processing batch 619/4077
Processing batch 620/4077
Perplexity: Written 13020/85610 entries to perplexity result file
Processing batch 621/4077
Processing batch 622/4077
Processing batch 623/4077
Processing batch 624/4077
Processing batch 625/4077
Processing batch 626/4077
Processing batch 627/4077
Processing batch 628/4077
Processing batch 629/4077
Processing batch 630/4077
Processing batch 631/4077
Processing batch 632/4077
Processing batch 633/4077
Processing batch 634/4077
Processing batch 635/4077
Processing batch 636/4077
Processing batch 637/4077
Processing batch 638/4077
Processing batch 639/4077
Processing batch 640/4077
Perplexity: Written 13440/85610 entries to perplexity result file
Processing batch 641/4077
Processing batch 642/4077
Processing batch 643/4077
Processing batch 644/4077
Processing batch 645/4077
Processing batch 646/4077
Processing batch 647/4077
Processing batch 648/4077
Processing batch 649/4077
Processing batch 650/4077
Processing batch 651/4077
Processing batch 652/4077
Processing batch 653/4077
Processing batch 654/4077
Processing batch 655/4077
Processing batch 656/4077
Processing batch 657/4077
Processing batch 658/4077
Processing batch 659/4077
Processing batch 660/4077
Perplexity: Written 13860/85610 entries to perplexity result file
Processing batch 661/4077
Processing batch 662/4077
Processing batch 663/4077
Processing batch 664/4077
Processing batch 665/4077
Processing batch 666/4077
Processing batch 667/4077
Processing batch 668/4077
Processing batch 669/4077
Processing batch 670/4077
Processing batch 671/4077
Processing batch 672/4077
Processing batch 673/4077
Processing batch 674/4077
Processing batch 675/4077
Processing batch 676/4077
Processing batch 677/4077
Processing batch 678/4077
Processing batch 679/4077
Processing batch 680/4077
Perplexity: Written 14280/85610 entries to perplexity result file
Processing batch 681/4077
Processing batch 682/4077
Processing batch 683/4077
Processing batch 684/4077
Processing batch 685/4077
Processing batch 686/4077
Processing batch 687/4077
Processing batch 688/4077
Processing batch 689/4077
Processing batch 690/4077
Processing batch 691/4077
Processing batch 692/4077
Processing batch 693/4077
Processing batch 694/4077
Processing batch 695/4077
Processing batch 696/4077
Processing batch 697/4077
Processing batch 698/4077
Processing batch 699/4077
Processing batch 700/4077
Perplexity: Written 14700/85610 entries to perplexity result file
Processing batch 701/4077
Processing batch 702/4077
Processing batch 703/4077
Processing batch 704/4077
Processing batch 705/4077
Processing batch 706/4077
Processing batch 707/4077
Processing batch 708/4077
Processing batch 709/4077
Processing batch 710/4077
Processing batch 711/4077
Processing batch 712/4077
Processing batch 713/4077
Processing batch 714/4077
Processing batch 715/4077
Processing batch 716/4077
Processing batch 717/4077
Processing batch 718/4077
Processing batch 719/4077
Processing batch 720/4077
Perplexity: Written 15120/85610 entries to perplexity result file
Processing batch 721/4077
Processing batch 722/4077
Processing batch 723/4077
Processing batch 724/4077
Processing batch 725/4077
Processing batch 726/4077
Processing batch 727/4077
Processing batch 728/4077
Processing batch 729/4077
Processing batch 730/4077
Processing batch 731/4077
Processing batch 732/4077
Processing batch 733/4077
Processing batch 734/4077
Processing batch 735/4077
Processing batch 736/4077
Processing batch 737/4077
Processing batch 738/4077
Processing batch 739/4077
Processing batch 740/4077
Perplexity: Written 15540/85610 entries to perplexity result file
Processing batch 741/4077
Processing batch 742/4077
Processing batch 743/4077
Processing batch 744/4077
Processing batch 745/4077
Processing batch 746/4077
Processing batch 747/4077
Processing batch 748/4077
Processing batch 749/4077
Processing batch 750/4077
Processing batch 751/4077
Processing batch 752/4077
Processing batch 753/4077
Processing batch 754/4077
Processing batch 755/4077
Processing batch 756/4077
Processing batch 757/4077
Processing batch 758/4077
Processing batch 759/4077
Processing batch 760/4077
Perplexity: Written 15960/85610 entries to perplexity result file
Processing batch 761/4077
Processing batch 762/4077
Processing batch 763/4077
Processing batch 764/4077
Processing batch 765/4077
Processing batch 766/4077
Processing batch 767/4077
Processing batch 768/4077
Processing batch 769/4077
Processing batch 770/4077
Processing batch 771/4077
Processing batch 772/4077
Processing batch 773/4077
Processing batch 774/4077
Processing batch 775/4077
Processing batch 776/4077
Processing batch 777/4077
Processing batch 778/4077
Processing batch 779/4077
Processing batch 780/4077
Perplexity: Written 16380/85610 entries to perplexity result file
Processing batch 781/4077
Processing batch 782/4077
Processing batch 783/4077
Processing batch 784/4077
Processing batch 785/4077
Processing batch 786/4077
Processing batch 787/4077
Processing batch 788/4077
Processing batch 789/4077
Processing batch 790/4077
Processing batch 791/4077
Processing batch 792/4077
Processing batch 793/4077
Processing batch 794/4077
Processing batch 795/4077
Processing batch 796/4077
Processing batch 797/4077
Processing batch 798/4077
Processing batch 799/4077
Processing batch 800/4077
Perplexity: Written 16800/85610 entries to perplexity result file
Processing batch 801/4077
Processing batch 802/4077
Processing batch 803/4077
Processing batch 804/4077
Processing batch 805/4077
Processing batch 806/4077
Processing batch 807/4077
Processing batch 808/4077
Processing batch 809/4077
Processing batch 810/4077
Processing batch 811/4077
Processing batch 812/4077
Processing batch 813/4077
Processing batch 814/4077
Processing batch 815/4077
Processing batch 816/4077
Processing batch 817/4077
Processing batch 818/4077
Processing batch 819/4077
Processing batch 820/4077
Perplexity: Written 17220/85610 entries to perplexity result file
Processing batch 821/4077
Processing batch 822/4077
Processing batch 823/4077
Processing batch 824/4077
Processing batch 825/4077
Processing batch 826/4077
Processing batch 827/4077
Processing batch 828/4077
Processing batch 829/4077
Processing batch 830/4077
Processing batch 831/4077
Processing batch 832/4077
Processing batch 833/4077
Processing batch 834/4077
Processing batch 835/4077
Processing batch 836/4077
Processing batch 837/4077
Processing batch 838/4077
Processing batch 839/4077
Processing batch 840/4077
Perplexity: Written 17640/85610 entries to perplexity result file
Processing batch 841/4077
Processing batch 842/4077
Processing batch 843/4077
Processing batch 844/4077
Processing batch 845/4077
Processing batch 846/4077
Processing batch 847/4077
Processing batch 848/4077
Processing batch 849/4077
Processing batch 850/4077
Processing batch 851/4077
Processing batch 852/4077
Processing batch 853/4077
Processing batch 854/4077
Processing batch 855/4077
Processing batch 856/4077
Processing batch 857/4077
Processing batch 858/4077
Processing batch 859/4077
Processing batch 860/4077
Perplexity: Written 18060/85610 entries to perplexity result file
Processing batch 861/4077
Processing batch 862/4077
Processing batch 863/4077
Processing batch 864/4077
Processing batch 865/4077
Processing batch 866/4077
Processing batch 867/4077
Processing batch 868/4077
Processing batch 869/4077
Processing batch 870/4077
Processing batch 871/4077
Processing batch 872/4077
Processing batch 873/4077
Processing batch 874/4077
Processing batch 875/4077
Processing batch 876/4077
Processing batch 877/4077
Processing batch 878/4077
Processing batch 879/4077
Processing batch 880/4077
Perplexity: Written 18480/85610 entries to perplexity result file
Processing batch 881/4077
Processing batch 882/4077
Processing batch 883/4077
Processing batch 884/4077
Processing batch 885/4077
Processing batch 886/4077
Processing batch 887/4077
Processing batch 888/4077
Processing batch 889/4077
Processing batch 890/4077
Processing batch 891/4077
Processing batch 892/4077
Processing batch 893/4077
Processing batch 894/4077
Processing batch 895/4077
Processing batch 896/4077
Processing batch 897/4077
Processing batch 898/4077
Processing batch 899/4077
Processing batch 900/4077
Perplexity: Written 18900/85610 entries to perplexity result file
Processing batch 901/4077
Processing batch 902/4077
Processing batch 903/4077
Processing batch 904/4077
Processing batch 905/4077
Processing batch 906/4077
Processing batch 907/4077
Processing batch 908/4077
Processing batch 909/4077
Processing batch 910/4077
Processing batch 911/4077
Processing batch 912/4077
Processing batch 913/4077
Processing batch 914/4077
Processing batch 915/4077
Processing batch 916/4077
Processing batch 917/4077
Processing batch 918/4077
Processing batch 919/4077
Processing batch 920/4077
Perplexity: Written 19320/85610 entries to perplexity result file
Processing batch 921/4077
Processing batch 922/4077
Processing batch 923/4077
Processing batch 924/4077
Processing batch 925/4077
Processing batch 926/4077
Processing batch 927/4077
Processing batch 928/4077
Processing batch 929/4077
Processing batch 930/4077
Processing batch 931/4077
Processing batch 932/4077
Processing batch 933/4077
Processing batch 934/4077
Processing batch 935/4077
Processing batch 936/4077
Processing batch 937/4077
Processing batch 938/4077
Processing batch 939/4077
Processing batch 940/4077
Perplexity: Written 19740/85610 entries to perplexity result file
Processing batch 941/4077
Processing batch 942/4077
Processing batch 943/4077
Processing batch 944/4077
Processing batch 945/4077
Processing batch 946/4077
Processing batch 947/4077
Processing batch 948/4077
Processing batch 949/4077
Processing batch 950/4077
Processing batch 951/4077
Processing batch 952/4077
Processing batch 953/4077
Processing batch 954/4077
Processing batch 955/4077
Processing batch 956/4077
Processing batch 957/4077
Processing batch 958/4077
Processing batch 959/4077
Processing batch 960/4077
Perplexity: Written 20160/85610 entries to perplexity result file
Processing batch 961/4077
Processing batch 962/4077
Processing batch 963/4077
Processing batch 964/4077
Processing batch 965/4077
Processing batch 966/4077
Processing batch 967/4077
Processing batch 968/4077
Processing batch 969/4077
Processing batch 970/4077
Processing batch 971/4077
Processing batch 972/4077
Processing batch 973/4077
Processing batch 974/4077
Processing batch 975/4077
Processing batch 976/4077
Processing batch 977/4077
Processing batch 978/4077
Processing batch 979/4077
Processing batch 980/4077
Perplexity: Written 20580/85610 entries to perplexity result file
Processing batch 981/4077
Processing batch 982/4077
Processing batch 983/4077
Processing batch 984/4077
Processing batch 985/4077
Processing batch 986/4077
Processing batch 987/4077
Processing batch 988/4077
Processing batch 989/4077
Processing batch 990/4077
Processing batch 991/4077
Processing batch 992/4077
Processing batch 993/4077
Processing batch 994/4077
Processing batch 995/4077
Processing batch 996/4077
Processing batch 997/4077
Processing batch 998/4077
Processing batch 999/4077
Processing batch 1000/4077
Perplexity: Written 21000/85610 entries to perplexity result file
Processing batch 1001/4077
Processing batch 1002/4077
Processing batch 1003/4077
Processing batch 1004/4077
Processing batch 1005/4077
Processing batch 1006/4077
Processing batch 1007/4077
Processing batch 1008/4077
Processing batch 1009/4077
Processing batch 1010/4077
Processing batch 1011/4077
Processing batch 1012/4077
Processing batch 1013/4077
Processing batch 1014/4077
Processing batch 1015/4077
Processing batch 1016/4077
Processing batch 1017/4077
Processing batch 1018/4077
Processing batch 1019/4077
Processing batch 1020/4077
Perplexity: Written 21420/85610 entries to perplexity result file
Processing batch 1021/4077
Processing batch 1022/4077
Processing batch 1023/4077
Processing batch 1024/4077
Processing batch 1025/4077
Processing batch 1026/4077
Processing batch 1027/4077
Processing batch 1028/4077
Processing batch 1029/4077
Processing batch 1030/4077
Processing batch 1031/4077
Processing batch 1032/4077
Processing batch 1033/4077
Processing batch 1034/4077
Processing batch 1035/4077
Processing batch 1036/4077
Processing batch 1037/4077
Processing batch 1038/4077
Processing batch 1039/4077
Processing batch 1040/4077
Perplexity: Written 21840/85610 entries to perplexity result file
Processing batch 1041/4077
Processing batch 1042/4077
Processing batch 1043/4077
Processing batch 1044/4077
Processing batch 1045/4077
Processing batch 1046/4077
Processing batch 1047/4077
Processing batch 1048/4077
Processing batch 1049/4077
Processing batch 1050/4077
Processing batch 1051/4077
Processing batch 1052/4077
Processing batch 1053/4077
Processing batch 1054/4077
Processing batch 1055/4077
Processing batch 1056/4077
Processing batch 1057/4077
Processing batch 1058/4077
Processing batch 1059/4077
Processing batch 1060/4077
Perplexity: Written 22260/85610 entries to perplexity result file
Processing batch 1061/4077
Processing batch 1062/4077
Processing batch 1063/4077
Processing batch 1064/4077
Processing batch 1065/4077
Processing batch 1066/4077
Processing batch 1067/4077
Processing batch 1068/4077
Processing batch 1069/4077
Processing batch 1070/4077
Processing batch 1071/4077
Processing batch 1072/4077
Processing batch 1073/4077
Processing batch 1074/4077
Processing batch 1075/4077
Processing batch 1076/4077
Processing batch 1077/4077
Processing batch 1078/4077
Processing batch 1079/4077
Processing batch 1080/4077
Perplexity: Written 22680/85610 entries to perplexity result file
Processing batch 1081/4077
Processing batch 1082/4077
Processing batch 1083/4077
Processing batch 1084/4077
Processing batch 1085/4077
Processing batch 1086/4077
Processing batch 1087/4077
Processing batch 1088/4077
Processing batch 1089/4077
Processing batch 1090/4077
Processing batch 1091/4077
Processing batch 1092/4077
Processing batch 1093/4077
Processing batch 1094/4077
Processing batch 1095/4077
Processing batch 1096/4077
Processing batch 1097/4077
Processing batch 1098/4077
Processing batch 1099/4077
Processing batch 1100/4077
Perplexity: Written 23100/85610 entries to perplexity result file
Processing batch 1101/4077
Processing batch 1102/4077
Processing batch 1103/4077
Processing batch 1104/4077
Processing batch 1105/4077
Processing batch 1106/4077
Processing batch 1107/4077
Processing batch 1108/4077
Processing batch 1109/4077
Processing batch 1110/4077
Processing batch 1111/4077
Processing batch 1112/4077
Processing batch 1113/4077
Processing batch 1114/4077
Processing batch 1115/4077
Processing batch 1116/4077
Processing batch 1117/4077
Processing batch 1118/4077
Processing batch 1119/4077
Processing batch 1120/4077
Perplexity: Written 23520/85610 entries to perplexity result file
Processing batch 1121/4077
Processing batch 1122/4077
Processing batch 1123/4077
Processing batch 1124/4077
Processing batch 1125/4077
Processing batch 1126/4077
Processing batch 1127/4077
Processing batch 1128/4077
Processing batch 1129/4077
Processing batch 1130/4077
Processing batch 1131/4077
Processing batch 1132/4077
Processing batch 1133/4077
Processing batch 1134/4077
Processing batch 1135/4077
Processing batch 1136/4077
Processing batch 1137/4077
Processing batch 1138/4077
Processing batch 1139/4077
Processing batch 1140/4077
Perplexity: Written 23940/85610 entries to perplexity result file
Processing batch 1141/4077
Processing batch 1142/4077
Processing batch 1143/4077
Processing batch 1144/4077
Processing batch 1145/4077
Processing batch 1146/4077
Processing batch 1147/4077
Processing batch 1148/4077
Processing batch 1149/4077
Processing batch 1150/4077
Processing batch 1151/4077
Processing batch 1152/4077
Processing batch 1153/4077
Processing batch 1154/4077
Processing batch 1155/4077
Processing batch 1156/4077
Processing batch 1157/4077
Processing batch 1158/4077
Processing batch 1159/4077
Processing batch 1160/4077
Perplexity: Written 24360/85610 entries to perplexity result file
Processing batch 1161/4077
Processing batch 1162/4077
Processing batch 1163/4077
Processing batch 1164/4077
Processing batch 1165/4077
Processing batch 1166/4077
Processing batch 1167/4077
Processing batch 1168/4077
Processing batch 1169/4077
Processing batch 1170/4077
Processing batch 1171/4077
Processing batch 1172/4077
Processing batch 1173/4077
Processing batch 1174/4077
Processing batch 1175/4077
Processing batch 1176/4077
Processing batch 1177/4077
Processing batch 1178/4077
Processing batch 1179/4077
Processing batch 1180/4077
Perplexity: Written 24780/85610 entries to perplexity result file
Processing batch 1181/4077
Processing batch 1182/4077
Processing batch 1183/4077
Processing batch 1184/4077
Processing batch 1185/4077
Processing batch 1186/4077
Processing batch 1187/4077
Processing batch 1188/4077
Processing batch 1189/4077
Processing batch 1190/4077
Processing batch 1191/4077
Processing batch 1192/4077
Processing batch 1193/4077
Processing batch 1194/4077
Processing batch 1195/4077
Processing batch 1196/4077
Processing batch 1197/4077
Processing batch 1198/4077
Processing batch 1199/4077
Processing batch 1200/4077
Perplexity: Written 25200/85610 entries to perplexity result file
Processing batch 1201/4077
Processing batch 1202/4077
Processing batch 1203/4077
Processing batch 1204/4077
Processing batch 1205/4077
Processing batch 1206/4077
Processing batch 1207/4077
Processing batch 1208/4077
Processing batch 1209/4077
Processing batch 1210/4077
Processing batch 1211/4077
Processing batch 1212/4077
Processing batch 1213/4077
Processing batch 1214/4077
Processing batch 1215/4077
Processing batch 1216/4077
Processing batch 1217/4077
Processing batch 1218/4077
Processing batch 1219/4077
Processing batch 1220/4077
Perplexity: Written 25620/85610 entries to perplexity result file
Processing batch 1221/4077
Processing batch 1222/4077
Processing batch 1223/4077
Processing batch 1224/4077
Processing batch 1225/4077
Processing batch 1226/4077
Processing batch 1227/4077
Processing batch 1228/4077
Processing batch 1229/4077
Processing batch 1230/4077
Processing batch 1231/4077
Processing batch 1232/4077
Processing batch 1233/4077
Processing batch 1234/4077
Processing batch 1235/4077
Processing batch 1236/4077
Processing batch 1237/4077
Processing batch 1238/4077
Processing batch 1239/4077
Processing batch 1240/4077
Perplexity: Written 26040/85610 entries to perplexity result file
Processing batch 1241/4077
Processing batch 1242/4077
Processing batch 1243/4077
Processing batch 1244/4077
Processing batch 1245/4077
Processing batch 1246/4077
Processing batch 1247/4077
Processing batch 1248/4077
Processing batch 1249/4077
Processing batch 1250/4077
Processing batch 1251/4077
Processing batch 1252/4077
Processing batch 1253/4077
Processing batch 1254/4077
Processing batch 1255/4077
Processing batch 1256/4077
Processing batch 1257/4077
Processing batch 1258/4077
Processing batch 1259/4077
Processing batch 1260/4077
Perplexity: Written 26460/85610 entries to perplexity result file
Processing batch 1261/4077
Processing batch 1262/4077
Processing batch 1263/4077
Processing batch 1264/4077
Processing batch 1265/4077
Processing batch 1266/4077
Processing batch 1267/4077
Processing batch 1268/4077
Processing batch 1269/4077
Processing batch 1270/4077
Processing batch 1271/4077
Processing batch 1272/4077
Processing batch 1273/4077
Processing batch 1274/4077
Processing batch 1275/4077
Processing batch 1276/4077
Processing batch 1277/4077
Processing batch 1278/4077
Processing batch 1279/4077
Processing batch 1280/4077
Perplexity: Written 26880/85610 entries to perplexity result file
Processing batch 1281/4077
Processing batch 1282/4077
Processing batch 1283/4077
Processing batch 1284/4077
Processing batch 1285/4077
Processing batch 1286/4077
Processing batch 1287/4077
Processing batch 1288/4077
Processing batch 1289/4077
Processing batch 1290/4077
Processing batch 1291/4077
Processing batch 1292/4077
Processing batch 1293/4077
Processing batch 1294/4077
Processing batch 1295/4077
Processing batch 1296/4077
Processing batch 1297/4077
Processing batch 1298/4077
Processing batch 1299/4077
Processing batch 1300/4077
Perplexity: Written 27300/85610 entries to perplexity result file
Processing batch 1301/4077
Processing batch 1302/4077
Processing batch 1303/4077
Processing batch 1304/4077
Processing batch 1305/4077
Processing batch 1306/4077
Processing batch 1307/4077
Processing batch 1308/4077
Processing batch 1309/4077
Processing batch 1310/4077
Processing batch 1311/4077
Processing batch 1312/4077
Processing batch 1313/4077
Processing batch 1314/4077
Processing batch 1315/4077
Processing batch 1316/4077
Processing batch 1317/4077
Processing batch 1318/4077
Processing batch 1319/4077
Processing batch 1320/4077
Perplexity: Written 27720/85610 entries to perplexity result file
Processing batch 1321/4077
Processing batch 1322/4077
Processing batch 1323/4077
Processing batch 1324/4077
[WARNING] in lang zh_cn, index 9360: No tokens were selected by the answer mask for perplexity calculation, setting perplexity to 1.0.
[WARNING] in lang zh_cn, index 9360: No tokens were selected by the answer mask for perplexity calculation, setting perplexity to 1.0.
Processing batch 1325/4077
Processing batch 1326/4077
Processing batch 1327/4077
Processing batch 1328/4077
Processing batch 1329/4077
Processing batch 1330/4077
Processing batch 1331/4077
Processing batch 1332/4077
Processing batch 1333/4077
Processing batch 1334/4077
Processing batch 1335/4077
Processing batch 1336/4077
Processing batch 1337/4077
Processing batch 1338/4077
Processing batch 1339/4077
Processing batch 1340/4077
Perplexity: Written 28140/85610 entries to perplexity result file
Processing batch 1341/4077
Processing batch 1342/4077
Processing batch 1343/4077
Processing batch 1344/4077
Processing batch 1345/4077
Processing batch 1346/4077
Processing batch 1347/4077
Processing batch 1348/4077
Processing batch 1349/4077
Processing batch 1350/4077
Processing batch 1351/4077
Processing batch 1352/4077
Processing batch 1353/4077
Processing batch 1354/4077
Processing batch 1355/4077
Processing batch 1356/4077
Processing batch 1357/4077
Processing batch 1358/4077
Processing batch 1359/4077
Processing batch 1360/4077
Perplexity: Written 28560/85610 entries to perplexity result file
Processing batch 1361/4077
Processing batch 1362/4077
Processing batch 1363/4077
Processing batch 1364/4077
Processing batch 1365/4077
Processing batch 1366/4077
Processing batch 1367/4077
Processing batch 1368/4077
Processing batch 1369/4077
Processing batch 1370/4077
Processing batch 1371/4077
Processing batch 1372/4077
Processing batch 1373/4077
Processing batch 1374/4077
Processing batch 1375/4077
Processing batch 1376/4077
Processing batch 1377/4077
Processing batch 1378/4077
Processing batch 1379/4077
Processing batch 1380/4077
Perplexity: Written 28980/85610 entries to perplexity result file
Processing batch 1381/4077
Processing batch 1382/4077
Processing batch 1383/4077
Processing batch 1384/4077
Processing batch 1385/4077
Processing batch 1386/4077
Processing batch 1387/4077
Processing batch 1388/4077
Processing batch 1389/4077
Processing batch 1390/4077
Processing batch 1391/4077
Processing batch 1392/4077
Processing batch 1393/4077
Processing batch 1394/4077
Processing batch 1395/4077
Processing batch 1396/4077
Processing batch 1397/4077
Processing batch 1398/4077
Processing batch 1399/4077
Processing batch 1400/4077
Perplexity: Written 29400/85610 entries to perplexity result file
Processing batch 1401/4077
Processing batch 1402/4077
Processing batch 1403/4077
Processing batch 1404/4077
Processing batch 1405/4077
Processing batch 1406/4077
Processing batch 1407/4077
Processing batch 1408/4077
Processing batch 1409/4077
Processing batch 1410/4077
Processing batch 1411/4077
Processing batch 1412/4077
Processing batch 1413/4077
Processing batch 1414/4077
Processing batch 1415/4077
Processing batch 1416/4077
Processing batch 1417/4077
Processing batch 1418/4077
Processing batch 1419/4077
Processing batch 1420/4077
Perplexity: Written 29820/85610 entries to perplexity result file
Processing batch 1421/4077
Processing batch 1422/4077
Processing batch 1423/4077
Processing batch 1424/4077
Processing batch 1425/4077
Processing batch 1426/4077
Processing batch 1427/4077
Processing batch 1428/4077
Processing batch 1429/4077
Processing batch 1430/4077
Processing batch 1431/4077
Processing batch 1432/4077
Processing batch 1433/4077
Processing batch 1434/4077
Processing batch 1435/4077
Processing batch 1436/4077
Processing batch 1437/4077
Processing batch 1438/4077
Processing batch 1439/4077
Processing batch 1440/4077
Perplexity: Written 30240/85610 entries to perplexity result file
Processing batch 1441/4077
Processing batch 1442/4077
Processing batch 1443/4077
Processing batch 1444/4077
Processing batch 1445/4077
Processing batch 1446/4077
Processing batch 1447/4077
Processing batch 1448/4077
Processing batch 1449/4077
Processing batch 1450/4077
Processing batch 1451/4077
Processing batch 1452/4077
Processing batch 1453/4077
Processing batch 1454/4077
Processing batch 1455/4077
Processing batch 1456/4077
Processing batch 1457/4077
Processing batch 1458/4077
Processing batch 1459/4077
Processing batch 1460/4077
Perplexity: Written 30660/85610 entries to perplexity result file
Processing batch 1461/4077
Processing batch 1462/4077
Processing batch 1463/4077
Processing batch 1464/4077
Processing batch 1465/4077
Processing batch 1466/4077
Processing batch 1467/4077
Processing batch 1468/4077
Processing batch 1469/4077
Processing batch 1470/4077
Processing batch 1471/4077
Processing batch 1472/4077
Processing batch 1473/4077
Processing batch 1474/4077
Processing batch 1475/4077
Processing batch 1476/4077
Processing batch 1477/4077
Processing batch 1478/4077
Processing batch 1479/4077
Processing batch 1480/4077
Perplexity: Written 31080/85610 entries to perplexity result file
Processing batch 1481/4077
Processing batch 1482/4077
Processing batch 1483/4077
Processing batch 1484/4077
Processing batch 1485/4077
Processing batch 1486/4077
Processing batch 1487/4077
Processing batch 1488/4077
Processing batch 1489/4077
Processing batch 1490/4077
Processing batch 1491/4077
Processing batch 1492/4077
Processing batch 1493/4077
Processing batch 1494/4077
Processing batch 1495/4077
Processing batch 1496/4077
Processing batch 1497/4077
Processing batch 1498/4077
Processing batch 1499/4077
Processing batch 1500/4077
Perplexity: Written 31500/85610 entries to perplexity result file
Processing batch 1501/4077
Processing batch 1502/4077
Processing batch 1503/4077
Processing batch 1504/4077
Processing batch 1505/4077
Processing batch 1506/4077
Processing batch 1507/4077
Processing batch 1508/4077
Processing batch 1509/4077
Processing batch 1510/4077
Processing batch 1511/4077
Processing batch 1512/4077
Processing batch 1513/4077
Processing batch 1514/4077
Processing batch 1515/4077
Processing batch 1516/4077
Processing batch 1517/4077
Processing batch 1518/4077
Processing batch 1519/4077
Processing batch 1520/4077
Perplexity: Written 31920/85610 entries to perplexity result file
Processing batch 1521/4077
Processing batch 1522/4077
Processing batch 1523/4077
Processing batch 1524/4077
Processing batch 1525/4077
Processing batch 1526/4077
Processing batch 1527/4077
Processing batch 1528/4077
Processing batch 1529/4077
Processing batch 1530/4077
Processing batch 1531/4077
Processing batch 1532/4077
Processing batch 1533/4077
Processing batch 1534/4077
Processing batch 1535/4077
Processing batch 1536/4077
Processing batch 1537/4077
Processing batch 1538/4077
Processing batch 1539/4077
Processing batch 1540/4077
Perplexity: Written 32340/85610 entries to perplexity result file
Processing batch 1541/4077
Processing batch 1542/4077
Processing batch 1543/4077
Processing batch 1544/4077
Processing batch 1545/4077
Processing batch 1546/4077
Processing batch 1547/4077
Processing batch 1548/4077
Processing batch 1549/4077
Processing batch 1550/4077
Processing batch 1551/4077
Processing batch 1552/4077
Processing batch 1553/4077
Processing batch 1554/4077
Processing batch 1555/4077
Processing batch 1556/4077
Processing batch 1557/4077
Processing batch 1558/4077
Processing batch 1559/4077
Processing batch 1560/4077
Perplexity: Written 32760/85610 entries to perplexity result file
Processing batch 1561/4077
Processing batch 1562/4077
Processing batch 1563/4077
Processing batch 1564/4077
Processing batch 1565/4077
Processing batch 1566/4077
Processing batch 1567/4077
Processing batch 1568/4077
Processing batch 1569/4077
Processing batch 1570/4077
Processing batch 1571/4077
Processing batch 1572/4077
Processing batch 1573/4077
Processing batch 1574/4077
Processing batch 1575/4077
Processing batch 1576/4077
Processing batch 1577/4077
Processing batch 1578/4077
Processing batch 1579/4077
Processing batch 1580/4077
Perplexity: Written 33180/85610 entries to perplexity result file
Processing batch 1581/4077
Processing batch 1582/4077
Processing batch 1583/4077
Processing batch 1584/4077
Processing batch 1585/4077
Processing batch 1586/4077
Processing batch 1587/4077
Processing batch 1588/4077
Processing batch 1589/4077
Processing batch 1590/4077
Processing batch 1591/4077
Processing batch 1592/4077
Processing batch 1593/4077
Processing batch 1594/4077
Processing batch 1595/4077
Processing batch 1596/4077
Processing batch 1597/4077
Processing batch 1598/4077
Processing batch 1599/4077
Processing batch 1600/4077
Perplexity: Written 33600/85610 entries to perplexity result file
Processing batch 1601/4077
Processing batch 1602/4077
Processing batch 1603/4077
Processing batch 1604/4077
Processing batch 1605/4077
Processing batch 1606/4077
Processing batch 1607/4077
Processing batch 1608/4077
Processing batch 1609/4077
Processing batch 1610/4077
Processing batch 1611/4077
Processing batch 1612/4077
Processing batch 1613/4077
Processing batch 1614/4077
Processing batch 1615/4077
Processing batch 1616/4077
Processing batch 1617/4077
Processing batch 1618/4077
Processing batch 1619/4077
Processing batch 1620/4077
Perplexity: Written 34020/85610 entries to perplexity result file
Processing batch 1621/4077
Processing batch 1622/4077
Processing batch 1623/4077
Processing batch 1624/4077
Processing batch 1625/4077
Processing batch 1626/4077
Processing batch 1627/4077
Processing batch 1628/4077
Processing batch 1629/4077
Processing batch 1630/4077
Processing batch 1631/4077
Processing batch 1632/4077
Processing batch 1633/4077
Processing batch 1634/4077
Processing batch 1635/4077
Processing batch 1636/4077
Processing batch 1637/4077
Processing batch 1638/4077
Processing batch 1639/4077
Processing batch 1640/4077
Perplexity: Written 34440/85610 entries to perplexity result file
Processing batch 1641/4077
Processing batch 1642/4077
Processing batch 1643/4077
Processing batch 1644/4077
Processing batch 1645/4077
Processing batch 1646/4077
Processing batch 1647/4077
Processing batch 1648/4077
Processing batch 1649/4077
Processing batch 1650/4077
Processing batch 1651/4077
Processing batch 1652/4077
Processing batch 1653/4077
Processing batch 1654/4077
Processing batch 1655/4077
Processing batch 1656/4077
Processing batch 1657/4077
Processing batch 1658/4077
Processing batch 1659/4077
Processing batch 1660/4077
Perplexity: Written 34860/85610 entries to perplexity result file
Processing batch 1661/4077
Processing batch 1662/4077
Processing batch 1663/4077
Processing batch 1664/4077
Processing batch 1665/4077
Processing batch 1666/4077
Processing batch 1667/4077
Processing batch 1668/4077
Processing batch 1669/4077
Processing batch 1670/4077
Processing batch 1671/4077
Processing batch 1672/4077
Processing batch 1673/4077
Processing batch 1674/4077
Processing batch 1675/4077
Processing batch 1676/4077
Processing batch 1677/4077
Processing batch 1678/4077
Processing batch 1679/4077
Processing batch 1680/4077
Perplexity: Written 35280/85610 entries to perplexity result file
Processing batch 1681/4077
Processing batch 1682/4077
Processing batch 1683/4077
Processing batch 1684/4077
Processing batch 1685/4077
Processing batch 1686/4077
Processing batch 1687/4077
Processing batch 1688/4077
Processing batch 1689/4077
Processing batch 1690/4077
Processing batch 1691/4077
Processing batch 1692/4077
Processing batch 1693/4077
Processing batch 1694/4077
Processing batch 1695/4077
Processing batch 1696/4077
Processing batch 1697/4077
Processing batch 1698/4077
Processing batch 1699/4077
Processing batch 1700/4077
Perplexity: Written 35700/85610 entries to perplexity result file
Processing batch 1701/4077
Processing batch 1702/4077
Processing batch 1703/4077
Processing batch 1704/4077
Processing batch 1705/4077
Processing batch 1706/4077
Processing batch 1707/4077
Processing batch 1708/4077
Processing batch 1709/4077
Processing batch 1710/4077
Processing batch 1711/4077
Processing batch 1712/4077
Processing batch 1713/4077
Processing batch 1714/4077
Processing batch 1715/4077
Processing batch 1716/4077
Processing batch 1717/4077
Processing batch 1718/4077
Processing batch 1719/4077
Processing batch 1720/4077
Perplexity: Written 36120/85610 entries to perplexity result file
Processing batch 1721/4077
Processing batch 1722/4077
Processing batch 1723/4077
Processing batch 1724/4077
Processing batch 1725/4077
Processing batch 1726/4077
Processing batch 1727/4077
Processing batch 1728/4077
Processing batch 1729/4077
Processing batch 1730/4077
Processing batch 1731/4077
Processing batch 1732/4077
Processing batch 1733/4077
Processing batch 1734/4077
Processing batch 1735/4077
Processing batch 1736/4077
Processing batch 1737/4077
Processing batch 1738/4077
Processing batch 1739/4077
Processing batch 1740/4077
Perplexity: Written 36540/85610 entries to perplexity result file
Processing batch 1741/4077
Processing batch 1742/4077
Processing batch 1743/4077
Processing batch 1744/4077
Processing batch 1745/4077
Processing batch 1746/4077
Processing batch 1747/4077
Processing batch 1748/4077
Processing batch 1749/4077
Processing batch 1750/4077
Processing batch 1751/4077
Processing batch 1752/4077
Processing batch 1753/4077
Processing batch 1754/4077
Processing batch 1755/4077
Processing batch 1756/4077
Processing batch 1757/4077
Processing batch 1758/4077
Processing batch 1759/4077
Processing batch 1760/4077
Perplexity: Written 36960/85610 entries to perplexity result file
Processing batch 1761/4077
Processing batch 1762/4077
Processing batch 1763/4077
Processing batch 1764/4077
Processing batch 1765/4077
Processing batch 1766/4077
Processing batch 1767/4077
Processing batch 1768/4077
Processing batch 1769/4077
Processing batch 1770/4077
Processing batch 1771/4077
Processing batch 1772/4077
Processing batch 1773/4077
Processing batch 1774/4077
Processing batch 1775/4077
Processing batch 1776/4077
Processing batch 1777/4077
Processing batch 1778/4077
Processing batch 1779/4077
Processing batch 1780/4077
Perplexity: Written 37380/85610 entries to perplexity result file
Processing batch 1781/4077
Processing batch 1782/4077
Processing batch 1783/4077
Processing batch 1784/4077
Processing batch 1785/4077
Processing batch 1786/4077
Processing batch 1787/4077
Processing batch 1788/4077
Processing batch 1789/4077
Processing batch 1790/4077
Processing batch 1791/4077
Processing batch 1792/4077
Processing batch 1793/4077
Processing batch 1794/4077
Processing batch 1795/4077
Processing batch 1796/4077
Processing batch 1797/4077
Processing batch 1798/4077
Processing batch 1799/4077
Processing batch 1800/4077
Perplexity: Written 37800/85610 entries to perplexity result file
Processing batch 1801/4077
Processing batch 1802/4077
Processing batch 1803/4077
Processing batch 1804/4077
Processing batch 1805/4077
Processing batch 1806/4077
Processing batch 1807/4077
Processing batch 1808/4077
Processing batch 1809/4077
Processing batch 1810/4077
Processing batch 1811/4077
Processing batch 1812/4077
Processing batch 1813/4077
Processing batch 1814/4077
Processing batch 1815/4077
Processing batch 1816/4077
Processing batch 1817/4077
Processing batch 1818/4077
Processing batch 1819/4077
Processing batch 1820/4077
Perplexity: Written 38220/85610 entries to perplexity result file
Processing batch 1821/4077
Processing batch 1822/4077
Processing batch 1823/4077
Processing batch 1824/4077
Processing batch 1825/4077
Processing batch 1826/4077
Processing batch 1827/4077
Processing batch 1828/4077
Processing batch 1829/4077
Processing batch 1830/4077
Processing batch 1831/4077
Processing batch 1832/4077
Processing batch 1833/4077
Processing batch 1834/4077
Processing batch 1835/4077
Processing batch 1836/4077
Processing batch 1837/4077
Processing batch 1838/4077
Processing batch 1839/4077
Processing batch 1840/4077
Perplexity: Written 38640/85610 entries to perplexity result file
Processing batch 1841/4077
Processing batch 1842/4077
Processing batch 1843/4077
Processing batch 1844/4077
Processing batch 1845/4077
Processing batch 1846/4077
Processing batch 1847/4077
Processing batch 1848/4077
Processing batch 1849/4077
Processing batch 1850/4077
Processing batch 1851/4077
Processing batch 1852/4077
Processing batch 1853/4077
Processing batch 1854/4077
Processing batch 1855/4077
Processing batch 1856/4077
Processing batch 1857/4077
Processing batch 1858/4077
Processing batch 1859/4077
Processing batch 1860/4077
Perplexity: Written 39060/85610 entries to perplexity result file
Processing batch 1861/4077
Processing batch 1862/4077
Processing batch 1863/4077
Processing batch 1864/4077
Processing batch 1865/4077
Processing batch 1866/4077
Processing batch 1867/4077
Processing batch 1868/4077
Processing batch 1869/4077
Processing batch 1870/4077
Processing batch 1871/4077
Processing batch 1872/4077
Processing batch 1873/4077
Processing batch 1874/4077
Processing batch 1875/4077
Processing batch 1876/4077
Processing batch 1877/4077
Processing batch 1878/4077
[WARNING] in lang fr_fr, index 5304: No tokens were selected by the answer mask for perplexity calculation, setting perplexity to 1.0.
[WARNING] in lang fr_fr, index 5304: No tokens were selected by the answer mask for perplexity calculation, setting perplexity to 1.0.
Processing batch 1879/4077
Processing batch 1880/4077
Perplexity: Written 39480/85610 entries to perplexity result file
Processing batch 1881/4077
Processing batch 1882/4077
Processing batch 1883/4077
Processing batch 1884/4077
Processing batch 1885/4077
Processing batch 1886/4077
Processing batch 1887/4077
Processing batch 1888/4077
Processing batch 1889/4077
Processing batch 1890/4077
[WARNING] in lang fr_fr, index 5485: No tokens were selected by the answer mask for perplexity calculation, setting perplexity to 1.0.
[WARNING] in lang fr_fr, index 5485: No tokens were selected by the answer mask for perplexity calculation, setting perplexity to 1.0.
Processing batch 1891/4077
Processing batch 1892/4077
Processing batch 1893/4077
Processing batch 1894/4077
Processing batch 1895/4077
Processing batch 1896/4077
Processing batch 1897/4077
Processing batch 1898/4077
Processing batch 1899/4077
Processing batch 1900/4077
Perplexity: Written 39900/85610 entries to perplexity result file
Processing batch 1901/4077
Processing batch 1902/4077
Processing batch 1903/4077
Processing batch 1904/4077
Processing batch 1905/4077
Processing batch 1906/4077
Processing batch 1907/4077
Processing batch 1908/4077
Processing batch 1909/4077
Processing batch 1910/4077
Processing batch 1911/4077
Processing batch 1912/4077
Processing batch 1913/4077
Processing batch 1914/4077
Processing batch 1915/4077
Processing batch 1916/4077
Processing batch 1917/4077
Processing batch 1918/4077
Processing batch 1919/4077
Processing batch 1920/4077
Perplexity: Written 40320/85610 entries to perplexity result file
Processing batch 1921/4077
Processing batch 1922/4077
Processing batch 1923/4077
Processing batch 1924/4077
Processing batch 1925/4077
Processing batch 1926/4077
Processing batch 1927/4077
Processing batch 1928/4077
Processing batch 1929/4077
Processing batch 1930/4077
Processing batch 1931/4077
Processing batch 1932/4077
Processing batch 1933/4077
Processing batch 1934/4077
Processing batch 1935/4077
Processing batch 1936/4077
Processing batch 1937/4077
Processing batch 1938/4077
Processing batch 1939/4077
Processing batch 1940/4077
Perplexity: Written 40740/85610 entries to perplexity result file
Processing batch 1941/4077
Processing batch 1942/4077
Processing batch 1943/4077
Processing batch 1944/4077
Processing batch 1945/4077
Processing batch 1946/4077
Processing batch 1947/4077
Processing batch 1948/4077
Processing batch 1949/4077
Processing batch 1950/4077
Processing batch 1951/4077
Processing batch 1952/4077
Processing batch 1953/4077
Processing batch 1954/4077
Processing batch 1955/4077
Processing batch 1956/4077
Processing batch 1957/4077
Processing batch 1958/4077
Processing batch 1959/4077
Processing batch 1960/4077
Perplexity: Written 41160/85610 entries to perplexity result file
Processing batch 1961/4077
Processing batch 1962/4077
Processing batch 1963/4077
Processing batch 1964/4077
Processing batch 1965/4077
Processing batch 1966/4077
Processing batch 1967/4077
Processing batch 1968/4077
Processing batch 1969/4077
Processing batch 1970/4077
Processing batch 1971/4077
Processing batch 1972/4077
Processing batch 1973/4077
Processing batch 1974/4077
Processing batch 1975/4077
Processing batch 1976/4077
Processing batch 1977/4077
Processing batch 1978/4077
Processing batch 1979/4077
Processing batch 1980/4077
Perplexity: Written 41580/85610 entries to perplexity result file
Processing batch 1981/4077
Processing batch 1982/4077
Processing batch 1983/4077
Processing batch 1984/4077
Processing batch 1985/4077
Processing batch 1986/4077
Processing batch 1987/4077
Processing batch 1988/4077
Processing batch 1989/4077
Processing batch 1990/4077
Processing batch 1991/4077
Processing batch 1992/4077
Processing batch 1993/4077
Processing batch 1994/4077
Processing batch 1995/4077
Processing batch 1996/4077
Processing batch 1997/4077
Processing batch 1998/4077
Processing batch 1999/4077
Processing batch 2000/4077
Perplexity: Written 42000/85610 entries to perplexity result file
Processing batch 2001/4077
Processing batch 2002/4077
Processing batch 2003/4077
Processing batch 2004/4077
Processing batch 2005/4077
Processing batch 2006/4077
Processing batch 2007/4077
Processing batch 2008/4077
Processing batch 2009/4077
Processing batch 2010/4077
Processing batch 2011/4077
Processing batch 2012/4077
Processing batch 2013/4077
Processing batch 2014/4077
Processing batch 2015/4077
Processing batch 2016/4077
Processing batch 2017/4077
Processing batch 2018/4077
Processing batch 2019/4077
Processing batch 2020/4077
Perplexity: Written 42420/85610 entries to perplexity result file
Processing batch 2021/4077
Processing batch 2022/4077
Processing batch 2023/4077
Processing batch 2024/4077
Processing batch 2025/4077
Processing batch 2026/4077
Processing batch 2027/4077
Processing batch 2028/4077
Processing batch 2029/4077
Processing batch 2030/4077
Processing batch 2031/4077
Processing batch 2032/4077
Processing batch 2033/4077
Processing batch 2034/4077
Processing batch 2035/4077
Processing batch 2036/4077
Processing batch 2037/4077
Processing batch 2038/4077
Processing batch 2039/4077
Processing batch 2040/4077
Perplexity: Written 42840/85610 entries to perplexity result file
Processing batch 2041/4077
Processing batch 2042/4077
Processing batch 2043/4077
Processing batch 2044/4077
Processing batch 2045/4077
Processing batch 2046/4077
Processing batch 2047/4077
Processing batch 2048/4077
Processing batch 2049/4077
Processing batch 2050/4077
Processing batch 2051/4077
Processing batch 2052/4077
Processing batch 2053/4077
Processing batch 2054/4077
Processing batch 2055/4077
Processing batch 2056/4077
Processing batch 2057/4077
Processing batch 2058/4077
Processing batch 2059/4077
Processing batch 2060/4077
Perplexity: Written 43260/85610 entries to perplexity result file
Processing batch 2061/4077
Processing batch 2062/4077
Processing batch 2063/4077
Processing batch 2064/4077
Processing batch 2065/4077
Processing batch 2066/4077
Processing batch 2067/4077
Processing batch 2068/4077
Processing batch 2069/4077
Processing batch 2070/4077
Processing batch 2071/4077
Processing batch 2072/4077
Processing batch 2073/4077
Processing batch 2074/4077
Processing batch 2075/4077
Processing batch 2076/4077
Processing batch 2077/4077
Processing batch 2078/4077
Processing batch 2079/4077
Processing batch 2080/4077
Perplexity: Written 43680/85610 entries to perplexity result file
Processing batch 2081/4077
Processing batch 2082/4077
Processing batch 2083/4077
Processing batch 2084/4077
Processing batch 2085/4077
Processing batch 2086/4077
Processing batch 2087/4077
Processing batch 2088/4077
Processing batch 2089/4077
Processing batch 2090/4077
Processing batch 2091/4077
Processing batch 2092/4077
Processing batch 2093/4077
Processing batch 2094/4077
Processing batch 2095/4077
Processing batch 2096/4077
Processing batch 2097/4077
Processing batch 2098/4077
Processing batch 2099/4077
Processing batch 2100/4077
Perplexity: Written 44100/85610 entries to perplexity result file
Processing batch 2101/4077
Processing batch 2102/4077
Processing batch 2103/4077
Processing batch 2104/4077
Processing batch 2105/4077
Processing batch 2106/4077
Processing batch 2107/4077
Processing batch 2108/4077
Processing batch 2109/4077
Processing batch 2110/4077
Processing batch 2111/4077
Processing batch 2112/4077
Processing batch 2113/4077
Processing batch 2114/4077
Processing batch 2115/4077
Processing batch 2116/4077
Processing batch 2117/4077
Processing batch 2118/4077
Processing batch 2119/4077
Processing batch 2120/4077
Perplexity: Written 44520/85610 entries to perplexity result file
Processing batch 2121/4077
Processing batch 2122/4077
Processing batch 2123/4077
Processing batch 2124/4077
Processing batch 2125/4077
Processing batch 2126/4077
Processing batch 2127/4077
Processing batch 2128/4077
Processing batch 2129/4077
Processing batch 2130/4077
Processing batch 2131/4077
Processing batch 2132/4077
Processing batch 2133/4077
Processing batch 2134/4077
Processing batch 2135/4077
Processing batch 2136/4077
Processing batch 2137/4077
Processing batch 2138/4077
Processing batch 2139/4077
Processing batch 2140/4077
Perplexity: Written 44940/85610 entries to perplexity result file
Processing batch 2141/4077
Processing batch 2142/4077
Processing batch 2143/4077
Processing batch 2144/4077
Processing batch 2145/4077
Processing batch 2146/4077
Processing batch 2147/4077
Processing batch 2148/4077
Processing batch 2149/4077
Processing batch 2150/4077
Processing batch 2151/4077
Processing batch 2152/4077
Processing batch 2153/4077
Processing batch 2154/4077
Processing batch 2155/4077
Processing batch 2156/4077
Processing batch 2157/4077
Processing batch 2158/4077
Processing batch 2159/4077
Processing batch 2160/4077
Perplexity: Written 45360/85610 entries to perplexity result file
Processing batch 2161/4077
Processing batch 2162/4077
Processing batch 2163/4077
Processing batch 2164/4077
Processing batch 2165/4077
Processing batch 2166/4077
Processing batch 2167/4077
Processing batch 2168/4077
Processing batch 2169/4077
Processing batch 2170/4077
Processing batch 2171/4077
Processing batch 2172/4077
Processing batch 2173/4077
Processing batch 2174/4077
Processing batch 2175/4077
Processing batch 2176/4077
Processing batch 2177/4077
Processing batch 2178/4077
Processing batch 2179/4077
Processing batch 2180/4077
Perplexity: Written 45780/85610 entries to perplexity result file
Processing batch 2181/4077
Processing batch 2182/4077
Processing batch 2183/4077
Processing batch 2184/4077
Processing batch 2185/4077
Processing batch 2186/4077
Processing batch 2187/4077
Processing batch 2188/4077
Processing batch 2189/4077
Processing batch 2190/4077
Processing batch 2191/4077
Processing batch 2192/4077
Processing batch 2193/4077
Processing batch 2194/4077
Processing batch 2195/4077
Processing batch 2196/4077
Processing batch 2197/4077
Processing batch 2198/4077
Processing batch 2199/4077
Processing batch 2200/4077
Perplexity: Written 46200/85610 entries to perplexity result file
Processing batch 2201/4077
Processing batch 2202/4077
Processing batch 2203/4077
Processing batch 2204/4077
Processing batch 2205/4077
Processing batch 2206/4077
Processing batch 2207/4077
Processing batch 2208/4077
Processing batch 2209/4077
Processing batch 2210/4077
Processing batch 2211/4077
Processing batch 2212/4077
Processing batch 2213/4077
Processing batch 2214/4077
Processing batch 2215/4077
Processing batch 2216/4077
Processing batch 2217/4077
Processing batch 2218/4077
Processing batch 2219/4077
Processing batch 2220/4077
Perplexity: Written 46620/85610 entries to perplexity result file
Processing batch 2221/4077
Processing batch 2222/4077
Processing batch 2223/4077
Processing batch 2224/4077
Processing batch 2225/4077
Processing batch 2226/4077
Processing batch 2227/4077
Processing batch 2228/4077
Processing batch 2229/4077
Processing batch 2230/4077
Processing batch 2231/4077
Processing batch 2232/4077
Processing batch 2233/4077
Processing batch 2234/4077
Processing batch 2235/4077
Processing batch 2236/4077
Processing batch 2237/4077
Processing batch 2238/4077
Processing batch 2239/4077
Processing batch 2240/4077
Perplexity: Written 47040/85610 entries to perplexity result file
Processing batch 2241/4077
Processing batch 2242/4077
Processing batch 2243/4077
Processing batch 2244/4077
Processing batch 2245/4077
Processing batch 2246/4077
Processing batch 2247/4077
Processing batch 2248/4077
Processing batch 2249/4077
Processing batch 2250/4077
Processing batch 2251/4077
Processing batch 2252/4077
Processing batch 2253/4077
Processing batch 2254/4077
Processing batch 2255/4077
Processing batch 2256/4077
Processing batch 2257/4077
Processing batch 2258/4077
Processing batch 2259/4077
Processing batch 2260/4077
Perplexity: Written 47460/85610 entries to perplexity result file
Processing batch 2261/4077
Processing batch 2262/4077
Processing batch 2263/4077
Processing batch 2264/4077
Processing batch 2265/4077
Processing batch 2266/4077
Processing batch 2267/4077
Processing batch 2268/4077
Processing batch 2269/4077
Processing batch 2270/4077
Processing batch 2271/4077
Processing batch 2272/4077
Processing batch 2273/4077
Processing batch 2274/4077
Processing batch 2275/4077
Processing batch 2276/4077
Processing batch 2277/4077
Processing batch 2278/4077
Processing batch 2279/4077
Processing batch 2280/4077
Perplexity: Written 47880/85610 entries to perplexity result file
Processing batch 2281/4077
Processing batch 2282/4077
Processing batch 2283/4077
Processing batch 2284/4077
Processing batch 2285/4077
Processing batch 2286/4077
Processing batch 2287/4077
Processing batch 2288/4077
Processing batch 2289/4077
Processing batch 2290/4077
Processing batch 2291/4077
Processing batch 2292/4077
Processing batch 2293/4077
Processing batch 2294/4077
Processing batch 2295/4077
Processing batch 2296/4077
Processing batch 2297/4077
Processing batch 2298/4077
Processing batch 2299/4077
Processing batch 2300/4077
Perplexity: Written 48300/85610 entries to perplexity result file
Processing batch 2301/4077
Processing batch 2302/4077
Processing batch 2303/4077
Processing batch 2304/4077
Processing batch 2305/4077
Processing batch 2306/4077
Processing batch 2307/4077
Processing batch 2308/4077
Processing batch 2309/4077
Processing batch 2310/4077
Processing batch 2311/4077
Processing batch 2312/4077
Processing batch 2313/4077
Processing batch 2314/4077
Processing batch 2315/4077
Processing batch 2316/4077
Processing batch 2317/4077
Processing batch 2318/4077
Processing batch 2319/4077
Processing batch 2320/4077
Perplexity: Written 48720/85610 entries to perplexity result file
Processing batch 2321/4077
Processing batch 2322/4077
Processing batch 2323/4077
Processing batch 2324/4077
Processing batch 2325/4077
Processing batch 2326/4077
Processing batch 2327/4077
Processing batch 2328/4077
Processing batch 2329/4077
Processing batch 2330/4077
Processing batch 2331/4077
Processing batch 2332/4077
Processing batch 2333/4077
Processing batch 2334/4077
Processing batch 2335/4077
Processing batch 2336/4077
Processing batch 2337/4077
Processing batch 2338/4077
Processing batch 2339/4077
Processing batch 2340/4077
Perplexity: Written 49140/85610 entries to perplexity result file
Processing batch 2341/4077
Processing batch 2342/4077
Processing batch 2343/4077
Processing batch 2344/4077
Processing batch 2345/4077
Processing batch 2346/4077
Processing batch 2347/4077
Processing batch 2348/4077
Processing batch 2349/4077
Processing batch 2350/4077
Processing batch 2351/4077
Processing batch 2352/4077
Processing batch 2353/4077
Processing batch 2354/4077
Processing batch 2355/4077
Processing batch 2356/4077
Processing batch 2357/4077
Processing batch 2358/4077
Processing batch 2359/4077
Processing batch 2360/4077
Perplexity: Written 49560/85610 entries to perplexity result file
Processing batch 2361/4077
Processing batch 2362/4077
Processing batch 2363/4077
Processing batch 2364/4077
Processing batch 2365/4077
Processing batch 2366/4077
Processing batch 2367/4077
Processing batch 2368/4077
Processing batch 2369/4077
Processing batch 2370/4077
Processing batch 2371/4077
Processing batch 2372/4077
Processing batch 2373/4077
Processing batch 2374/4077
Processing batch 2375/4077
Processing batch 2376/4077
Processing batch 2377/4077
Processing batch 2378/4077
Processing batch 2379/4077
Processing batch 2380/4077
Perplexity: Written 49980/85610 entries to perplexity result file
Processing batch 2381/4077
Processing batch 2382/4077
Processing batch 2383/4077
Processing batch 2384/4077
Processing batch 2385/4077
Processing batch 2386/4077
Processing batch 2387/4077
Processing batch 2388/4077
Processing batch 2389/4077
Processing batch 2390/4077
Processing batch 2391/4077
Processing batch 2392/4077
Processing batch 2393/4077
Processing batch 2394/4077
Processing batch 2395/4077
Processing batch 2396/4077
Processing batch 2397/4077
Processing batch 2398/4077
Processing batch 2399/4077
Processing batch 2400/4077
Perplexity: Written 50400/85610 entries to perplexity result file
Processing batch 2401/4077
Processing batch 2402/4077
Processing batch 2403/4077
Processing batch 2404/4077
Processing batch 2405/4077
Processing batch 2406/4077
Processing batch 2407/4077
Processing batch 2408/4077
Processing batch 2409/4077
Processing batch 2410/4077
Processing batch 2411/4077
Processing batch 2412/4077
Processing batch 2413/4077
Processing batch 2414/4077
Processing batch 2415/4077
Processing batch 2416/4077
Processing batch 2417/4077
Processing batch 2418/4077
Processing batch 2419/4077
Processing batch 2420/4077
Perplexity: Written 50820/85610 entries to perplexity result file
Processing batch 2421/4077
Processing batch 2422/4077
Processing batch 2423/4077
Processing batch 2424/4077
Processing batch 2425/4077
Processing batch 2426/4077
Processing batch 2427/4077
Processing batch 2428/4077
Processing batch 2429/4077
Processing batch 2430/4077
Processing batch 2431/4077
Processing batch 2432/4077
Processing batch 2433/4077
Processing batch 2434/4077
Processing batch 2435/4077
Processing batch 2436/4077
Processing batch 2437/4077
Processing batch 2438/4077
Processing batch 2439/4077
Processing batch 2440/4077
Perplexity: Written 51240/85610 entries to perplexity result file
Processing batch 2441/4077
Processing batch 2442/4077
Processing batch 2443/4077
Processing batch 2444/4077
Processing batch 2445/4077
Processing batch 2446/4077
Processing batch 2447/4077
Processing batch 2448/4077
Processing batch 2449/4077
Processing batch 2450/4077
Processing batch 2451/4077
Processing batch 2452/4077
Processing batch 2453/4077
Processing batch 2454/4077
Processing batch 2455/4077
Processing batch 2456/4077
Processing batch 2457/4077
Processing batch 2458/4077
Processing batch 2459/4077
Processing batch 2460/4077
Perplexity: Written 51660/85610 entries to perplexity result file
Processing batch 2461/4077
Processing batch 2462/4077
Processing batch 2463/4077
Processing batch 2464/4077
Processing batch 2465/4077
Processing batch 2466/4077
Processing batch 2467/4077
Processing batch 2468/4077
Processing batch 2469/4077
Processing batch 2470/4077
Processing batch 2471/4077
Processing batch 2472/4077
Processing batch 2473/4077
Processing batch 2474/4077
Processing batch 2475/4077
Processing batch 2476/4077
Processing batch 2477/4077
Processing batch 2478/4077
Processing batch 2479/4077
Processing batch 2480/4077
Perplexity: Written 52080/85610 entries to perplexity result file
Processing batch 2481/4077
Processing batch 2482/4077
Processing batch 2483/4077
Processing batch 2484/4077
Processing batch 2485/4077
Processing batch 2486/4077
Processing batch 2487/4077
Processing batch 2488/4077
Processing batch 2489/4077
Processing batch 2490/4077
Processing batch 2491/4077
Processing batch 2492/4077
Processing batch 2493/4077
Processing batch 2494/4077
Processing batch 2495/4077
Processing batch 2496/4077
Processing batch 2497/4077
Processing batch 2498/4077
Processing batch 2499/4077
Processing batch 2500/4077
Perplexity: Written 52500/85610 entries to perplexity result file
Processing batch 2501/4077
Processing batch 2502/4077
Processing batch 2503/4077
Processing batch 2504/4077
Processing batch 2505/4077
Processing batch 2506/4077
Processing batch 2507/4077
Processing batch 2508/4077
Processing batch 2509/4077
Processing batch 2510/4077
Processing batch 2511/4077
Processing batch 2512/4077
Processing batch 2513/4077
Processing batch 2514/4077
Processing batch 2515/4077
Processing batch 2516/4077
Processing batch 2517/4077
Processing batch 2518/4077
Processing batch 2519/4077
Processing batch 2520/4077
Perplexity: Written 52920/85610 entries to perplexity result file
Processing batch 2521/4077
Processing batch 2522/4077
Processing batch 2523/4077
Processing batch 2524/4077
Processing batch 2525/4077
Processing batch 2526/4077
Processing batch 2527/4077
Processing batch 2528/4077
Processing batch 2529/4077
Processing batch 2530/4077
Processing batch 2531/4077
Processing batch 2532/4077
Processing batch 2533/4077
Processing batch 2534/4077
Processing batch 2535/4077
Processing batch 2536/4077
Processing batch 2537/4077
Processing batch 2538/4077
Processing batch 2539/4077
Processing batch 2540/4077
Perplexity: Written 53340/85610 entries to perplexity result file
Processing batch 2541/4077
Processing batch 2542/4077
Processing batch 2543/4077
Processing batch 2544/4077
Processing batch 2545/4077
Processing batch 2546/4077
Processing batch 2547/4077
Processing batch 2548/4077
Processing batch 2549/4077
Processing batch 2550/4077
Processing batch 2551/4077
Processing batch 2552/4077
Processing batch 2553/4077
Processing batch 2554/4077
Processing batch 2555/4077
Processing batch 2556/4077
Processing batch 2557/4077
Processing batch 2558/4077
Processing batch 2559/4077
Processing batch 2560/4077
Perplexity: Written 53760/85610 entries to perplexity result file
Processing batch 2561/4077
Processing batch 2562/4077
Processing batch 2563/4077
Processing batch 2564/4077
Processing batch 2565/4077
Processing batch 2566/4077
Processing batch 2567/4077
Processing batch 2568/4077
Processing batch 2569/4077
Processing batch 2570/4077
Processing batch 2571/4077
Processing batch 2572/4077
Processing batch 2573/4077
Processing batch 2574/4077
Processing batch 2575/4077
Processing batch 2576/4077
Processing batch 2577/4077
Processing batch 2578/4077
Processing batch 2579/4077
Processing batch 2580/4077
Perplexity: Written 54180/85610 entries to perplexity result file
Processing batch 2581/4077
Processing batch 2582/4077
Processing batch 2583/4077
Processing batch 2584/4077
Processing batch 2585/4077
Processing batch 2586/4077
Processing batch 2587/4077
Processing batch 2588/4077
Processing batch 2589/4077
Processing batch 2590/4077
Processing batch 2591/4077
Processing batch 2592/4077
Processing batch 2593/4077
Processing batch 2594/4077
Processing batch 2595/4077
Processing batch 2596/4077
Processing batch 2597/4077
Processing batch 2598/4077
Processing batch 2599/4077
Processing batch 2600/4077
Perplexity: Written 54600/85610 entries to perplexity result file
Processing batch 2601/4077
Processing batch 2602/4077
Processing batch 2603/4077
Processing batch 2604/4077
Processing batch 2605/4077
Processing batch 2606/4077
Processing batch 2607/4077
Processing batch 2608/4077
Processing batch 2609/4077
Processing batch 2610/4077
Processing batch 2611/4077
Processing batch 2612/4077
Processing batch 2613/4077
Processing batch 2614/4077
Processing batch 2615/4077
Processing batch 2616/4077
Processing batch 2617/4077
Processing batch 2618/4077
Processing batch 2619/4077
Processing batch 2620/4077
Perplexity: Written 55020/85610 entries to perplexity result file
Processing batch 2621/4077
Processing batch 2622/4077
Processing batch 2623/4077
Processing batch 2624/4077
Processing batch 2625/4077
Processing batch 2626/4077
Processing batch 2627/4077
Processing batch 2628/4077
Processing batch 2629/4077
Processing batch 2630/4077
Processing batch 2631/4077
Processing batch 2632/4077
Processing batch 2633/4077
Processing batch 2634/4077
Processing batch 2635/4077
Processing batch 2636/4077
Processing batch 2637/4077
Processing batch 2638/4077
Processing batch 2639/4077
Processing batch 2640/4077
Perplexity: Written 55440/85610 entries to perplexity result file
Processing batch 2641/4077
Processing batch 2642/4077
Processing batch 2643/4077
Processing batch 2644/4077
Processing batch 2645/4077
Processing batch 2646/4077
Processing batch 2647/4077
Processing batch 2648/4077
Processing batch 2649/4077
Processing batch 2650/4077
Processing batch 2651/4077
Processing batch 2652/4077
Processing batch 2653/4077
Processing batch 2654/4077
Processing batch 2655/4077
Processing batch 2656/4077
Processing batch 2657/4077
Processing batch 2658/4077
Processing batch 2659/4077
Processing batch 2660/4077
Perplexity: Written 55860/85610 entries to perplexity result file
Processing batch 2661/4077
Processing batch 2662/4077
Processing batch 2663/4077
Processing batch 2664/4077
Processing batch 2665/4077
Processing batch 2666/4077
Processing batch 2667/4077
Processing batch 2668/4077
Processing batch 2669/4077
Processing batch 2670/4077
Processing batch 2671/4077
Processing batch 2672/4077
Processing batch 2673/4077
Processing batch 2674/4077
Processing batch 2675/4077
Processing batch 2676/4077
Processing batch 2677/4077
Processing batch 2678/4077
Processing batch 2679/4077
Processing batch 2680/4077
Perplexity: Written 56280/85610 entries to perplexity result file
Processing batch 2681/4077
Processing batch 2682/4077
Processing batch 2683/4077
Processing batch 2684/4077
Processing batch 2685/4077
Processing batch 2686/4077
Processing batch 2687/4077
Processing batch 2688/4077
Processing batch 2689/4077
Processing batch 2690/4077
Processing batch 2691/4077
Processing batch 2692/4077
Processing batch 2693/4077
Processing batch 2694/4077
Processing batch 2695/4077
Processing batch 2696/4077
Processing batch 2697/4077
Processing batch 2698/4077
Processing batch 2699/4077
Processing batch 2700/4077
Perplexity: Written 56700/85610 entries to perplexity result file
Processing batch 2701/4077
Processing batch 2702/4077
Processing batch 2703/4077
Processing batch 2704/4077
Processing batch 2705/4077
Processing batch 2706/4077
Processing batch 2707/4077
Processing batch 2708/4077
Processing batch 2709/4077
Processing batch 2710/4077
Processing batch 2711/4077
Processing batch 2712/4077
Processing batch 2713/4077
Processing batch 2714/4077
Processing batch 2715/4077
Processing batch 2716/4077
Processing batch 2717/4077
Processing batch 2718/4077
Processing batch 2719/4077
Processing batch 2720/4077
Perplexity: Written 57120/85610 entries to perplexity result file
Processing batch 2721/4077
Processing batch 2722/4077
Processing batch 2723/4077
Processing batch 2724/4077
Processing batch 2725/4077
Processing batch 2726/4077
Processing batch 2727/4077
Processing batch 2728/4077
Processing batch 2729/4077
Processing batch 2730/4077
Processing batch 2731/4077
Processing batch 2732/4077
Processing batch 2733/4077
Processing batch 2734/4077
Processing batch 2735/4077
Processing batch 2736/4077
Processing batch 2737/4077
Processing batch 2738/4077
Processing batch 2739/4077
Processing batch 2740/4077
Perplexity: Written 57540/85610 entries to perplexity result file
Processing batch 2741/4077
Processing batch 2742/4077
Processing batch 2743/4077
Processing batch 2744/4077
Processing batch 2745/4077
Processing batch 2746/4077
Processing batch 2747/4077
Processing batch 2748/4077
Processing batch 2749/4077
Processing batch 2750/4077
Processing batch 2751/4077
Processing batch 2752/4077
Processing batch 2753/4077
Processing batch 2754/4077
Processing batch 2755/4077
Processing batch 2756/4077
Processing batch 2757/4077
Processing batch 2758/4077
Processing batch 2759/4077
Processing batch 2760/4077
Perplexity: Written 57960/85610 entries to perplexity result file
Processing batch 2761/4077
Processing batch 2762/4077
Processing batch 2763/4077
Processing batch 2764/4077
Processing batch 2765/4077
Processing batch 2766/4077
Processing batch 2767/4077
Processing batch 2768/4077
Processing batch 2769/4077
Processing batch 2770/4077
Processing batch 2771/4077
Processing batch 2772/4077
Processing batch 2773/4077
Processing batch 2774/4077
Processing batch 2775/4077
Processing batch 2776/4077
Processing batch 2777/4077
Processing batch 2778/4077
Processing batch 2779/4077
Processing batch 2780/4077
Perplexity: Written 58380/85610 entries to perplexity result file
Processing batch 2781/4077
Processing batch 2782/4077
Processing batch 2783/4077
Processing batch 2784/4077
Processing batch 2785/4077
Processing batch 2786/4077
Processing batch 2787/4077
Processing batch 2788/4077
Processing batch 2789/4077
Processing batch 2790/4077
Processing batch 2791/4077
Processing batch 2792/4077
Processing batch 2793/4077
Processing batch 2794/4077
Processing batch 2795/4077
Processing batch 2796/4077
Processing batch 2797/4077
Processing batch 2798/4077
Processing batch 2799/4077
Processing batch 2800/4077
Perplexity: Written 58800/85610 entries to perplexity result file
Processing batch 2801/4077
Processing batch 2802/4077
Processing batch 2803/4077
Processing batch 2804/4077
Processing batch 2805/4077
Processing batch 2806/4077
Processing batch 2807/4077
Processing batch 2808/4077
Processing batch 2809/4077
Processing batch 2810/4077
Processing batch 2811/4077
Processing batch 2812/4077
Processing batch 2813/4077
Processing batch 2814/4077
Processing batch 2815/4077
Processing batch 2816/4077
Processing batch 2817/4077
Processing batch 2818/4077
Processing batch 2819/4077
Processing batch 2820/4077
Perplexity: Written 59220/85610 entries to perplexity result file
Processing batch 2821/4077
Processing batch 2822/4077
Processing batch 2823/4077
Processing batch 2824/4077
Processing batch 2825/4077
Processing batch 2826/4077
Processing batch 2827/4077
Processing batch 2828/4077
Processing batch 2829/4077
Processing batch 2830/4077
Processing batch 2831/4077
Processing batch 2832/4077
Processing batch 2833/4077
Processing batch 2834/4077
Processing batch 2835/4077
Processing batch 2836/4077
Processing batch 2837/4077
Processing batch 2838/4077
Processing batch 2839/4077
Processing batch 2840/4077
Perplexity: Written 59640/85610 entries to perplexity result file
Processing batch 2841/4077
Processing batch 2842/4077
Processing batch 2843/4077
Processing batch 2844/4077
Processing batch 2845/4077
Processing batch 2846/4077
Processing batch 2847/4077
Processing batch 2848/4077
Processing batch 2849/4077
Processing batch 2850/4077
Processing batch 2851/4077
Processing batch 2852/4077
Processing batch 2853/4077
Processing batch 2854/4077
Processing batch 2855/4077
Processing batch 2856/4077
Processing batch 2857/4077
Processing batch 2858/4077
Processing batch 2859/4077
Processing batch 2860/4077
Perplexity: Written 60060/85610 entries to perplexity result file
Processing batch 2861/4077
Processing batch 2862/4077
Processing batch 2863/4077
Processing batch 2864/4077
Processing batch 2865/4077
Processing batch 2866/4077
Processing batch 2867/4077
Processing batch 2868/4077
Processing batch 2869/4077
Processing batch 2870/4077
Processing batch 2871/4077
Processing batch 2872/4077
Processing batch 2873/4077
Processing batch 2874/4077
Processing batch 2875/4077
Processing batch 2876/4077
Processing batch 2877/4077
Processing batch 2878/4077
Processing batch 2879/4077
Processing batch 2880/4077
Perplexity: Written 60480/85610 entries to perplexity result file
Processing batch 2881/4077
Processing batch 2882/4077
Processing batch 2883/4077
Processing batch 2884/4077
Processing batch 2885/4077
Processing batch 2886/4077
Processing batch 2887/4077
Processing batch 2888/4077
Processing batch 2889/4077
Processing batch 2890/4077
Processing batch 2891/4077
Processing batch 2892/4077
Processing batch 2893/4077
Processing batch 2894/4077
Processing batch 2895/4077
Processing batch 2896/4077
Processing batch 2897/4077
Processing batch 2898/4077
Processing batch 2899/4077
Processing batch 2900/4077
Perplexity: Written 60900/85610 entries to perplexity result file
Processing batch 2901/4077
Processing batch 2902/4077
Processing batch 2903/4077
Processing batch 2904/4077
Processing batch 2905/4077
Processing batch 2906/4077
Processing batch 2907/4077
Processing batch 2908/4077
Processing batch 2909/4077
Processing batch 2910/4077
Processing batch 2911/4077
Processing batch 2912/4077
Processing batch 2913/4077
Processing batch 2914/4077
Processing batch 2915/4077
Processing batch 2916/4077
Processing batch 2917/4077
Processing batch 2918/4077
Processing batch 2919/4077
Processing batch 2920/4077
Perplexity: Written 61320/85610 entries to perplexity result file
Processing batch 2921/4077
Processing batch 2922/4077
Processing batch 2923/4077
Processing batch 2924/4077
Processing batch 2925/4077
Processing batch 2926/4077
Processing batch 2927/4077
Processing batch 2928/4077
Processing batch 2929/4077
Processing batch 2930/4077
Processing batch 2931/4077
Processing batch 2932/4077
Processing batch 2933/4077
Processing batch 2934/4077
Processing batch 2935/4077
Processing batch 2936/4077
Processing batch 2937/4077
Processing batch 2938/4077
Processing batch 2939/4077
Processing batch 2940/4077
Perplexity: Written 61740/85610 entries to perplexity result file
Processing batch 2941/4077
Processing batch 2942/4077
Processing batch 2943/4077
Processing batch 2944/4077
Processing batch 2945/4077
Processing batch 2946/4077
Processing batch 2947/4077
Processing batch 2948/4077
Processing batch 2949/4077
Processing batch 2950/4077
Processing batch 2951/4077
Processing batch 2952/4077
Processing batch 2953/4077
Processing batch 2954/4077
Processing batch 2955/4077
Processing batch 2956/4077
Processing batch 2957/4077
Processing batch 2958/4077
Processing batch 2959/4077
Processing batch 2960/4077
Perplexity: Written 62160/85610 entries to perplexity result file
Processing batch 2961/4077
Processing batch 2962/4077
Processing batch 2963/4077
Processing batch 2964/4077
Processing batch 2965/4077
Processing batch 2966/4077
Processing batch 2967/4077
Processing batch 2968/4077
Processing batch 2969/4077
Processing batch 2970/4077
Processing batch 2971/4077
Processing batch 2972/4077
Processing batch 2973/4077
Processing batch 2974/4077
Processing batch 2975/4077
Processing batch 2976/4077
Processing batch 2977/4077
Processing batch 2978/4077
Processing batch 2979/4077
Processing batch 2980/4077
Perplexity: Written 62580/85610 entries to perplexity result file
Processing batch 2981/4077
Processing batch 2982/4077
Processing batch 2983/4077
Processing batch 2984/4077
Processing batch 2985/4077
Processing batch 2986/4077
Processing batch 2987/4077
Processing batch 2988/4077
Processing batch 2989/4077
Processing batch 2990/4077
Processing batch 2991/4077
Processing batch 2992/4077
Processing batch 2993/4077
Processing batch 2994/4077
Processing batch 2995/4077
Processing batch 2996/4077
Processing batch 2997/4077
Processing batch 2998/4077
Processing batch 2999/4077
Processing batch 3000/4077
Perplexity: Written 63000/85610 entries to perplexity result file
Processing batch 3001/4077
Processing batch 3002/4077
Processing batch 3003/4077
Processing batch 3004/4077
Processing batch 3005/4077
Processing batch 3006/4077
Processing batch 3007/4077
Processing batch 3008/4077
Processing batch 3009/4077
Processing batch 3010/4077
Processing batch 3011/4077
Processing batch 3012/4077
Processing batch 3013/4077
Processing batch 3014/4077
Processing batch 3015/4077
Processing batch 3016/4077
Processing batch 3017/4077
Processing batch 3018/4077
Processing batch 3019/4077
Processing batch 3020/4077
Perplexity: Written 63420/85610 entries to perplexity result file
Processing batch 3021/4077
Processing batch 3022/4077
Processing batch 3023/4077
Processing batch 3024/4077
Processing batch 3025/4077
Processing batch 3026/4077
Processing batch 3027/4077
Processing batch 3028/4077
Processing batch 3029/4077
Processing batch 3030/4077
Processing batch 3031/4077
Processing batch 3032/4077
Processing batch 3033/4077
Processing batch 3034/4077
Processing batch 3035/4077
Processing batch 3036/4077
Processing batch 3037/4077
Processing batch 3038/4077
Processing batch 3039/4077
Processing batch 3040/4077
Perplexity: Written 63840/85610 entries to perplexity result file
Processing batch 3041/4077
Processing batch 3042/4077
Processing batch 3043/4077
Processing batch 3044/4077
Processing batch 3045/4077
Processing batch 3046/4077
Processing batch 3047/4077
Processing batch 3048/4077
Processing batch 3049/4077
Processing batch 3050/4077
Processing batch 3051/4077
Processing batch 3052/4077
Processing batch 3053/4077
Processing batch 3054/4077
Processing batch 3055/4077
Processing batch 3056/4077
Processing batch 3057/4077
Processing batch 3058/4077
Processing batch 3059/4077
Processing batch 3060/4077
Perplexity: Written 64260/85610 entries to perplexity result file
Processing batch 3061/4077
Processing batch 3062/4077
Processing batch 3063/4077
Processing batch 3064/4077
Processing batch 3065/4077
Processing batch 3066/4077
Processing batch 3067/4077
Processing batch 3068/4077
Processing batch 3069/4077
Processing batch 3070/4077
Processing batch 3071/4077
Processing batch 3072/4077
Processing batch 3073/4077
Processing batch 3074/4077
Processing batch 3075/4077
Processing batch 3076/4077
Processing batch 3077/4077
Processing batch 3078/4077
Processing batch 3079/4077
Processing batch 3080/4077
Perplexity: Written 64680/85610 entries to perplexity result file
Processing batch 3081/4077
Processing batch 3082/4077
Processing batch 3083/4077
Processing batch 3084/4077
Processing batch 3085/4077
Processing batch 3086/4077
Processing batch 3087/4077
Processing batch 3088/4077
Processing batch 3089/4077
Processing batch 3090/4077
Processing batch 3091/4077
Processing batch 3092/4077
Processing batch 3093/4077
Processing batch 3094/4077
Processing batch 3095/4077
Processing batch 3096/4077
Processing batch 3097/4077
Processing batch 3098/4077
Processing batch 3099/4077
Processing batch 3100/4077
Perplexity: Written 65100/85610 entries to perplexity result file
Processing batch 3101/4077
Processing batch 3102/4077
Processing batch 3103/4077
Processing batch 3104/4077
Processing batch 3105/4077
Processing batch 3106/4077
Processing batch 3107/4077
Processing batch 3108/4077
Processing batch 3109/4077
Processing batch 3110/4077
Processing batch 3111/4077
Processing batch 3112/4077
Processing batch 3113/4077
Processing batch 3114/4077
Processing batch 3115/4077
Processing batch 3116/4077
Processing batch 3117/4077
Processing batch 3118/4077
Processing batch 3119/4077
Processing batch 3120/4077
Perplexity: Written 65520/85610 entries to perplexity result file
Processing batch 3121/4077
Processing batch 3122/4077
Processing batch 3123/4077
Processing batch 3124/4077
Processing batch 3125/4077
Processing batch 3126/4077
Processing batch 3127/4077
Processing batch 3128/4077
Processing batch 3129/4077
Processing batch 3130/4077
Processing batch 3131/4077
Processing batch 3132/4077
Processing batch 3133/4077
Processing batch 3134/4077
Processing batch 3135/4077
Processing batch 3136/4077
Processing batch 3137/4077
Processing batch 3138/4077
Processing batch 3139/4077
Processing batch 3140/4077
Perplexity: Written 65940/85610 entries to perplexity result file
Processing batch 3141/4077
Processing batch 3142/4077
Processing batch 3143/4077
Processing batch 3144/4077
Processing batch 3145/4077
Processing batch 3146/4077
Processing batch 3147/4077
Processing batch 3148/4077
Processing batch 3149/4077
Processing batch 3150/4077
Processing batch 3151/4077
Processing batch 3152/4077
Processing batch 3153/4077
Processing batch 3154/4077
Processing batch 3155/4077
Processing batch 3156/4077
Processing batch 3157/4077
Processing batch 3158/4077
Processing batch 3159/4077
Processing batch 3160/4077
Perplexity: Written 66360/85610 entries to perplexity result file
Processing batch 3161/4077
Processing batch 3162/4077
Processing batch 3163/4077
Processing batch 3164/4077
Processing batch 3165/4077
Processing batch 3166/4077
Processing batch 3167/4077
Processing batch 3168/4077
Processing batch 3169/4077
Processing batch 3170/4077
Processing batch 3171/4077
Processing batch 3172/4077
Processing batch 3173/4077
Processing batch 3174/4077
Processing batch 3175/4077
Processing batch 3176/4077
Processing batch 3177/4077
Processing batch 3178/4077
Processing batch 3179/4077
Processing batch 3180/4077
Perplexity: Written 66780/85610 entries to perplexity result file
Processing batch 3181/4077
Processing batch 3182/4077
Processing batch 3183/4077
Processing batch 3184/4077
Processing batch 3185/4077
Processing batch 3186/4077
Processing batch 3187/4077
Processing batch 3188/4077
Processing batch 3189/4077
Processing batch 3190/4077
Processing batch 3191/4077
Processing batch 3192/4077
Processing batch 3193/4077
Processing batch 3194/4077
Processing batch 3195/4077
Processing batch 3196/4077
Processing batch 3197/4077
Processing batch 3198/4077
Processing batch 3199/4077
Processing batch 3200/4077
Perplexity: Written 67200/85610 entries to perplexity result file
Processing batch 3201/4077
Processing batch 3202/4077
Processing batch 3203/4077
Processing batch 3204/4077
Processing batch 3205/4077
Processing batch 3206/4077
Processing batch 3207/4077
Processing batch 3208/4077
Processing batch 3209/4077
Processing batch 3210/4077
Processing batch 3211/4077
Processing batch 3212/4077
Processing batch 3213/4077
Processing batch 3214/4077
Processing batch 3215/4077
Processing batch 3216/4077
Processing batch 3217/4077
Processing batch 3218/4077
Processing batch 3219/4077
Processing batch 3220/4077
Perplexity: Written 67620/85610 entries to perplexity result file
Processing batch 3221/4077
Processing batch 3222/4077
Processing batch 3223/4077
Processing batch 3224/4077
Processing batch 3225/4077
Processing batch 3226/4077
Processing batch 3227/4077
Processing batch 3228/4077
Processing batch 3229/4077
Processing batch 3230/4077
Processing batch 3231/4077
Processing batch 3232/4077
Processing batch 3233/4077
Processing batch 3234/4077
Processing batch 3235/4077
Processing batch 3236/4077
Processing batch 3237/4077
Processing batch 3238/4077
Processing batch 3239/4077
Processing batch 3240/4077
Perplexity: Written 68040/85610 entries to perplexity result file
Processing batch 3241/4077
Processing batch 3242/4077
Processing batch 3243/4077
Processing batch 3244/4077
Processing batch 3245/4077
Processing batch 3246/4077
Processing batch 3247/4077
Processing batch 3248/4077
Processing batch 3249/4077
Processing batch 3250/4077
Processing batch 3251/4077
Processing batch 3252/4077
Processing batch 3253/4077
Processing batch 3254/4077
Processing batch 3255/4077
Processing batch 3256/4077
Processing batch 3257/4077
Processing batch 3258/4077
Processing batch 3259/4077
Processing batch 3260/4077
Perplexity: Written 68460/85610 entries to perplexity result file
Processing batch 3261/4077
Processing batch 3262/4077
Processing batch 3263/4077
Processing batch 3264/4077
Processing batch 3265/4077
Processing batch 3266/4077
Processing batch 3267/4077
Processing batch 3268/4077
Processing batch 3269/4077
Processing batch 3270/4077
Processing batch 3271/4077
Processing batch 3272/4077
Processing batch 3273/4077
Processing batch 3274/4077
Processing batch 3275/4077
Processing batch 3276/4077
Processing batch 3277/4077
Processing batch 3278/4077
Processing batch 3279/4077
Processing batch 3280/4077
Perplexity: Written 68880/85610 entries to perplexity result file
Processing batch 3281/4077
Processing batch 3282/4077
Processing batch 3283/4077
Processing batch 3284/4077
Processing batch 3285/4077
Processing batch 3286/4077
Processing batch 3287/4077
Processing batch 3288/4077
Processing batch 3289/4077
Processing batch 3290/4077
Processing batch 3291/4077
Processing batch 3292/4077
Processing batch 3293/4077
Processing batch 3294/4077
Processing batch 3295/4077
Processing batch 3296/4077
Processing batch 3297/4077
Processing batch 3298/4077
Processing batch 3299/4077
Processing batch 3300/4077
Perplexity: Written 69300/85610 entries to perplexity result file
Processing batch 3301/4077
Processing batch 3302/4077
Processing batch 3303/4077
Processing batch 3304/4077
Processing batch 3305/4077
Processing batch 3306/4077
Processing batch 3307/4077
Processing batch 3308/4077
Processing batch 3309/4077
Processing batch 3310/4077
Processing batch 3311/4077
Processing batch 3312/4077
Processing batch 3313/4077
Processing batch 3314/4077
Processing batch 3315/4077
Processing batch 3316/4077
Processing batch 3317/4077
Processing batch 3318/4077
Processing batch 3319/4077
Processing batch 3320/4077
Perplexity: Written 69720/85610 entries to perplexity result file
Processing batch 3321/4077
Processing batch 3322/4077
Processing batch 3323/4077
Processing batch 3324/4077
Processing batch 3325/4077
Processing batch 3326/4077
Processing batch 3327/4077
Processing batch 3328/4077
Processing batch 3329/4077
Processing batch 3330/4077
Processing batch 3331/4077
Processing batch 3332/4077
Processing batch 3333/4077
Processing batch 3334/4077
Processing batch 3335/4077
Processing batch 3336/4077
Processing batch 3337/4077
Processing batch 3338/4077
Processing batch 3339/4077
Processing batch 3340/4077
Perplexity: Written 70140/85610 entries to perplexity result file
Processing batch 3341/4077
Processing batch 3342/4077
Processing batch 3343/4077
Processing batch 3344/4077
Processing batch 3345/4077
Processing batch 3346/4077
Processing batch 3347/4077
Processing batch 3348/4077
Processing batch 3349/4077
Processing batch 3350/4077
Processing batch 3351/4077
Processing batch 3352/4077
Processing batch 3353/4077
Processing batch 3354/4077
Processing batch 3355/4077
Processing batch 3356/4077
Processing batch 3357/4077
Processing batch 3358/4077
Processing batch 3359/4077
Processing batch 3360/4077
Perplexity: Written 70560/85610 entries to perplexity result file
Processing batch 3361/4077
Processing batch 3362/4077
Processing batch 3363/4077
Processing batch 3364/4077
Processing batch 3365/4077
Processing batch 3366/4077
Processing batch 3367/4077
Processing batch 3368/4077
Processing batch 3369/4077
Processing batch 3370/4077
Processing batch 3371/4077
Processing batch 3372/4077
Processing batch 3373/4077
Processing batch 3374/4077
Processing batch 3375/4077
Processing batch 3376/4077
Processing batch 3377/4077
Processing batch 3378/4077
Processing batch 3379/4077
Processing batch 3380/4077
Perplexity: Written 70980/85610 entries to perplexity result file
Processing batch 3381/4077
Processing batch 3382/4077
Processing batch 3383/4077
Processing batch 3384/4077
Processing batch 3385/4077
Processing batch 3386/4077
Processing batch 3387/4077
Processing batch 3388/4077
Processing batch 3389/4077
Processing batch 3390/4077
Processing batch 3391/4077
Processing batch 3392/4077
Processing batch 3393/4077
Processing batch 3394/4077
Processing batch 3395/4077
Processing batch 3396/4077
Processing batch 3397/4077
Processing batch 3398/4077
Processing batch 3399/4077
Processing batch 3400/4077
Perplexity: Written 71400/85610 entries to perplexity result file
Processing batch 3401/4077
Processing batch 3402/4077
Processing batch 3403/4077
Processing batch 3404/4077
Processing batch 3405/4077
Processing batch 3406/4077
Processing batch 3407/4077
Processing batch 3408/4077
Processing batch 3409/4077
Processing batch 3410/4077
Processing batch 3411/4077
Processing batch 3412/4077
Processing batch 3413/4077
Processing batch 3414/4077
Processing batch 3415/4077
Processing batch 3416/4077
Processing batch 3417/4077
Processing batch 3418/4077
Processing batch 3419/4077
Processing batch 3420/4077
Perplexity: Written 71820/85610 entries to perplexity result file
Processing batch 3421/4077
Processing batch 3422/4077
Processing batch 3423/4077
Processing batch 3424/4077
Processing batch 3425/4077
Processing batch 3426/4077
Processing batch 3427/4077
Processing batch 3428/4077
Processing batch 3429/4077
Processing batch 3430/4077
Processing batch 3431/4077
Processing batch 3432/4077
Processing batch 3433/4077
Processing batch 3434/4077
Processing batch 3435/4077
Processing batch 3436/4077
Processing batch 3437/4077
Processing batch 3438/4077
Processing batch 3439/4077
Processing batch 3440/4077
Perplexity: Written 72240/85610 entries to perplexity result file
Processing batch 3441/4077
Processing batch 3442/4077
Processing batch 3443/4077
Processing batch 3444/4077
Processing batch 3445/4077
Processing batch 3446/4077
Processing batch 3447/4077
Processing batch 3448/4077
Processing batch 3449/4077
Processing batch 3450/4077
Processing batch 3451/4077
Processing batch 3452/4077
Processing batch 3453/4077
Processing batch 3454/4077
Processing batch 3455/4077
Processing batch 3456/4077
Processing batch 3457/4077
Processing batch 3458/4077
Processing batch 3459/4077
Processing batch 3460/4077
Perplexity: Written 72660/85610 entries to perplexity result file
Processing batch 3461/4077
Processing batch 3462/4077
Processing batch 3463/4077
Processing batch 3464/4077
Processing batch 3465/4077
Processing batch 3466/4077
Processing batch 3467/4077
Processing batch 3468/4077
Processing batch 3469/4077
Processing batch 3470/4077
Processing batch 3471/4077
Processing batch 3472/4077
Processing batch 3473/4077
Processing batch 3474/4077
Processing batch 3475/4077
Processing batch 3476/4077
Processing batch 3477/4077
Processing batch 3478/4077
Processing batch 3479/4077
Processing batch 3480/4077
Perplexity: Written 73080/85610 entries to perplexity result file
Processing batch 3481/4077
Processing batch 3482/4077
Processing batch 3483/4077
Processing batch 3484/4077
Processing batch 3485/4077
Processing batch 3486/4077
Processing batch 3487/4077
Processing batch 3488/4077
Processing batch 3489/4077
Processing batch 3490/4077
Processing batch 3491/4077
Processing batch 3492/4077
Processing batch 3493/4077
Processing batch 3494/4077
Processing batch 3495/4077
Processing batch 3496/4077
Processing batch 3497/4077
Processing batch 3498/4077
Processing batch 3499/4077
Processing batch 3500/4077
Perplexity: Written 73500/85610 entries to perplexity result file
Processing batch 3501/4077
Processing batch 3502/4077
Processing batch 3503/4077
Processing batch 3504/4077
Processing batch 3505/4077
Processing batch 3506/4077
Processing batch 3507/4077
Processing batch 3508/4077
Processing batch 3509/4077
Processing batch 3510/4077
Processing batch 3511/4077
Processing batch 3512/4077
Processing batch 3513/4077
Processing batch 3514/4077
Processing batch 3515/4077
Processing batch 3516/4077
Processing batch 3517/4077
Processing batch 3518/4077
Processing batch 3519/4077
Processing batch 3520/4077
Perplexity: Written 73920/85610 entries to perplexity result file
Processing batch 3521/4077
Processing batch 3522/4077
Processing batch 3523/4077
Processing batch 3524/4077
Processing batch 3525/4077
Processing batch 3526/4077
Processing batch 3527/4077
Processing batch 3528/4077
Processing batch 3529/4077
Processing batch 3530/4077
Processing batch 3531/4077
Processing batch 3532/4077
Processing batch 3533/4077
Processing batch 3534/4077
Processing batch 3535/4077
Processing batch 3536/4077
Processing batch 3537/4077
Processing batch 3538/4077
Processing batch 3539/4077
Processing batch 3540/4077
Perplexity: Written 74340/85610 entries to perplexity result file
Processing batch 3541/4077
Processing batch 3542/4077
Processing batch 3543/4077
Processing batch 3544/4077
Processing batch 3545/4077
Processing batch 3546/4077
Processing batch 3547/4077
Processing batch 3548/4077
Processing batch 3549/4077
Processing batch 3550/4077
Processing batch 3551/4077
Processing batch 3552/4077
Processing batch 3553/4077
Processing batch 3554/4077
Processing batch 3555/4077
Processing batch 3556/4077
Processing batch 3557/4077
Processing batch 3558/4077
Processing batch 3559/4077
Processing batch 3560/4077
Perplexity: Written 74760/85610 entries to perplexity result file
Processing batch 3561/4077
Processing batch 3562/4077
Processing batch 3563/4077
Processing batch 3564/4077
Processing batch 3565/4077
Processing batch 3566/4077
Processing batch 3567/4077
Processing batch 3568/4077
Processing batch 3569/4077
Processing batch 3570/4077
Processing batch 3571/4077
Processing batch 3572/4077
Processing batch 3573/4077
Processing batch 3574/4077
Processing batch 3575/4077
Processing batch 3576/4077
Processing batch 3577/4077
Processing batch 3578/4077
Processing batch 3579/4077
Processing batch 3580/4077
Perplexity: Written 75180/85610 entries to perplexity result file
Processing batch 3581/4077
Processing batch 3582/4077
Processing batch 3583/4077
Processing batch 3584/4077
Processing batch 3585/4077
Processing batch 3586/4077
Processing batch 3587/4077
Processing batch 3588/4077
Processing batch 3589/4077
Processing batch 3590/4077
Processing batch 3591/4077
Processing batch 3592/4077
Processing batch 3593/4077
Processing batch 3594/4077
Processing batch 3595/4077
Processing batch 3596/4077
Processing batch 3597/4077
Processing batch 3598/4077
Processing batch 3599/4077
Processing batch 3600/4077
Perplexity: Written 75600/85610 entries to perplexity result file
Processing batch 3601/4077
Processing batch 3602/4077
Processing batch 3603/4077
Processing batch 3604/4077
Processing batch 3605/4077
Processing batch 3606/4077
Processing batch 3607/4077
Processing batch 3608/4077
Processing batch 3609/4077
Processing batch 3610/4077
Processing batch 3611/4077
Processing batch 3612/4077
Processing batch 3613/4077
Processing batch 3614/4077
Processing batch 3615/4077
Processing batch 3616/4077
Processing batch 3617/4077
Processing batch 3618/4077
Processing batch 3619/4077
Processing batch 3620/4077
Perplexity: Written 76020/85610 entries to perplexity result file
Processing batch 3621/4077
Processing batch 3622/4077
Processing batch 3623/4077
Processing batch 3624/4077
Processing batch 3625/4077
Processing batch 3626/4077
Processing batch 3627/4077
Processing batch 3628/4077
Processing batch 3629/4077
Processing batch 3630/4077
Processing batch 3631/4077
Processing batch 3632/4077
Processing batch 3633/4077
Processing batch 3634/4077
Processing batch 3635/4077
Processing batch 3636/4077
Processing batch 3637/4077
Processing batch 3638/4077
Processing batch 3639/4077
Processing batch 3640/4077
Perplexity: Written 76440/85610 entries to perplexity result file
Processing batch 3641/4077
Processing batch 3642/4077
Processing batch 3643/4077
Processing batch 3644/4077
Processing batch 3645/4077
Processing batch 3646/4077
Processing batch 3647/4077
Processing batch 3648/4077
Processing batch 3649/4077
Processing batch 3650/4077
Processing batch 3651/4077
Processing batch 3652/4077
Processing batch 3653/4077
Processing batch 3654/4077
Processing batch 3655/4077
Processing batch 3656/4077
Processing batch 3657/4077
Processing batch 3658/4077
Processing batch 3659/4077
Processing batch 3660/4077
Perplexity: Written 76860/85610 entries to perplexity result file
Processing batch 3661/4077
Processing batch 3662/4077
Processing batch 3663/4077
Processing batch 3664/4077
Processing batch 3665/4077
Processing batch 3666/4077
Processing batch 3667/4077
Processing batch 3668/4077
Processing batch 3669/4077
Processing batch 3670/4077
Processing batch 3671/4077
Processing batch 3672/4077
Processing batch 3673/4077
Processing batch 3674/4077
Processing batch 3675/4077
Processing batch 3676/4077
Processing batch 3677/4077
Processing batch 3678/4077
Processing batch 3679/4077
Processing batch 3680/4077
Perplexity: Written 77280/85610 entries to perplexity result file
Processing batch 3681/4077
Processing batch 3682/4077
Processing batch 3683/4077
Processing batch 3684/4077
Processing batch 3685/4077
Processing batch 3686/4077
Processing batch 3687/4077
Processing batch 3688/4077
Processing batch 3689/4077
Processing batch 3690/4077
Processing batch 3691/4077
Processing batch 3692/4077
Processing batch 3693/4077
Processing batch 3694/4077
Processing batch 3695/4077
Processing batch 3696/4077
Processing batch 3697/4077
Processing batch 3698/4077
Processing batch 3699/4077
Processing batch 3700/4077
Perplexity: Written 77700/85610 entries to perplexity result file
Processing batch 3701/4077
Processing batch 3702/4077
Processing batch 3703/4077
Processing batch 3704/4077
Processing batch 3705/4077
Processing batch 3706/4077
Processing batch 3707/4077
Processing batch 3708/4077
Processing batch 3709/4077
Processing batch 3710/4077
Processing batch 3711/4077
Processing batch 3712/4077
Processing batch 3713/4077
Processing batch 3714/4077
Processing batch 3715/4077
Processing batch 3716/4077
Processing batch 3717/4077
Processing batch 3718/4077
Processing batch 3719/4077
Processing batch 3720/4077
Perplexity: Written 78120/85610 entries to perplexity result file
Processing batch 3721/4077
Processing batch 3722/4077
Processing batch 3723/4077
Processing batch 3724/4077
Processing batch 3725/4077
Processing batch 3726/4077
Processing batch 3727/4077
Processing batch 3728/4077
Processing batch 3729/4077
Processing batch 3730/4077
Processing batch 3731/4077
Processing batch 3732/4077
Processing batch 3733/4077
Processing batch 3734/4077
Processing batch 3735/4077
Processing batch 3736/4077
Processing batch 3737/4077
Processing batch 3738/4077
Processing batch 3739/4077
Processing batch 3740/4077
Perplexity: Written 78540/85610 entries to perplexity result file
Processing batch 3741/4077
Processing batch 3742/4077
Processing batch 3743/4077
Processing batch 3744/4077
Processing batch 3745/4077
Processing batch 3746/4077
Processing batch 3747/4077
Processing batch 3748/4077
Processing batch 3749/4077
Processing batch 3750/4077
Processing batch 3751/4077
Processing batch 3752/4077
Processing batch 3753/4077
Processing batch 3754/4077
Processing batch 3755/4077
Processing batch 3756/4077
Processing batch 3757/4077
Processing batch 3758/4077
Processing batch 3759/4077
Processing batch 3760/4077
Perplexity: Written 78960/85610 entries to perplexity result file
Processing batch 3761/4077
Processing batch 3762/4077
Processing batch 3763/4077
Processing batch 3764/4077
Processing batch 3765/4077
Processing batch 3766/4077
Processing batch 3767/4077
Processing batch 3768/4077
Processing batch 3769/4077
Processing batch 3770/4077
Processing batch 3771/4077
Processing batch 3772/4077
Processing batch 3773/4077
Processing batch 3774/4077
Processing batch 3775/4077
Processing batch 3776/4077
Processing batch 3777/4077
Processing batch 3778/4077
Processing batch 3779/4077
Processing batch 3780/4077
Perplexity: Written 79380/85610 entries to perplexity result file
Processing batch 3781/4077
Processing batch 3782/4077
Processing batch 3783/4077
Processing batch 3784/4077
Processing batch 3785/4077
Processing batch 3786/4077
Processing batch 3787/4077
Processing batch 3788/4077
Processing batch 3789/4077
Processing batch 3790/4077
Processing batch 3791/4077
Processing batch 3792/4077
Processing batch 3793/4077
Processing batch 3794/4077
Processing batch 3795/4077
Processing batch 3796/4077
Processing batch 3797/4077
Processing batch 3798/4077
Processing batch 3799/4077
Processing batch 3800/4077
Perplexity: Written 79800/85610 entries to perplexity result file
Processing batch 3801/4077
Processing batch 3802/4077
Processing batch 3803/4077
Processing batch 3804/4077
Processing batch 3805/4077
Processing batch 3806/4077
Processing batch 3807/4077
Processing batch 3808/4077
Processing batch 3809/4077
Processing batch 3810/4077
Processing batch 3811/4077
Processing batch 3812/4077
Processing batch 3813/4077
Processing batch 3814/4077
Processing batch 3815/4077
Processing batch 3816/4077
Processing batch 3817/4077
Processing batch 3818/4077
Processing batch 3819/4077
Processing batch 3820/4077
Perplexity: Written 80220/85610 entries to perplexity result file
Processing batch 3821/4077
Processing batch 3822/4077
Processing batch 3823/4077
Processing batch 3824/4077
Processing batch 3825/4077
Processing batch 3826/4077
Processing batch 3827/4077
Processing batch 3828/4077
Processing batch 3829/4077
Processing batch 3830/4077
Processing batch 3831/4077
Processing batch 3832/4077
Processing batch 3833/4077
Processing batch 3834/4077
Processing batch 3835/4077
Processing batch 3836/4077
Processing batch 3837/4077
Processing batch 3838/4077
Processing batch 3839/4077
Processing batch 3840/4077
Perplexity: Written 80640/85610 entries to perplexity result file
Processing batch 3841/4077
Processing batch 3842/4077
Processing batch 3843/4077
Processing batch 3844/4077
Processing batch 3845/4077
Processing batch 3846/4077
Processing batch 3847/4077
Processing batch 3848/4077
Processing batch 3849/4077
Processing batch 3850/4077
Processing batch 3851/4077
Processing batch 3852/4077
Processing batch 3853/4077
Processing batch 3854/4077
Processing batch 3855/4077
Processing batch 3856/4077
Processing batch 3857/4077
Processing batch 3858/4077
Processing batch 3859/4077
Processing batch 3860/4077
Perplexity: Written 81060/85610 entries to perplexity result file
Processing batch 3861/4077
Processing batch 3862/4077
Processing batch 3863/4077
Processing batch 3864/4077
Processing batch 3865/4077
Processing batch 3866/4077
Processing batch 3867/4077
Processing batch 3868/4077
Processing batch 3869/4077
Processing batch 3870/4077
Processing batch 3871/4077
Processing batch 3872/4077
Processing batch 3873/4077
Processing batch 3874/4077
Processing batch 3875/4077
Processing batch 3876/4077
Processing batch 3877/4077
Processing batch 3878/4077
Processing batch 3879/4077
Processing batch 3880/4077
Perplexity: Written 81480/85610 entries to perplexity result file
Processing batch 3881/4077
Processing batch 3882/4077
Processing batch 3883/4077
Processing batch 3884/4077
Processing batch 3885/4077
Processing batch 3886/4077
Processing batch 3887/4077
Processing batch 3888/4077
Processing batch 3889/4077
Processing batch 3890/4077
Processing batch 3891/4077
Processing batch 3892/4077
Processing batch 3893/4077
Processing batch 3894/4077
Processing batch 3895/4077
Processing batch 3896/4077
Processing batch 3897/4077
Processing batch 3898/4077
Processing batch 3899/4077
Processing batch 3900/4077
Perplexity: Written 81900/85610 entries to perplexity result file
Processing batch 3901/4077
Processing batch 3902/4077
Processing batch 3903/4077
Processing batch 3904/4077
Processing batch 3905/4077
Processing batch 3906/4077
Processing batch 3907/4077
Processing batch 3908/4077
Processing batch 3909/4077
Processing batch 3910/4077
Processing batch 3911/4077
Processing batch 3912/4077
Processing batch 3913/4077
Processing batch 3914/4077
Processing batch 3915/4077
Processing batch 3916/4077
Processing batch 3917/4077
Processing batch 3918/4077
Processing batch 3919/4077
Processing batch 3920/4077
Perplexity: Written 82320/85610 entries to perplexity result file
Processing batch 3921/4077
Processing batch 3922/4077
Processing batch 3923/4077
Processing batch 3924/4077
Processing batch 3925/4077
Processing batch 3926/4077
Processing batch 3927/4077
Processing batch 3928/4077
Processing batch 3929/4077
Processing batch 3930/4077
Processing batch 3931/4077
Processing batch 3932/4077
Processing batch 3933/4077
Processing batch 3934/4077
Processing batch 3935/4077
Processing batch 3936/4077
Processing batch 3937/4077
Processing batch 3938/4077
Processing batch 3939/4077
Processing batch 3940/4077
Perplexity: Written 82740/85610 entries to perplexity result file
Processing batch 3941/4077
Processing batch 3942/4077
Processing batch 3943/4077
Processing batch 3944/4077
Processing batch 3945/4077
Processing batch 3946/4077
Processing batch 3947/4077
Processing batch 3948/4077
Processing batch 3949/4077
Processing batch 3950/4077
Processing batch 3951/4077
Processing batch 3952/4077
Processing batch 3953/4077
Processing batch 3954/4077
Processing batch 3955/4077
Processing batch 3956/4077
Processing batch 3957/4077
Processing batch 3958/4077
Processing batch 3959/4077
Processing batch 3960/4077
Perplexity: Written 83160/85610 entries to perplexity result file
Processing batch 3961/4077
Processing batch 3962/4077
Processing batch 3963/4077
Processing batch 3964/4077
Processing batch 3965/4077
Processing batch 3966/4077
Processing batch 3967/4077
Processing batch 3968/4077
Processing batch 3969/4077
Processing batch 3970/4077
Processing batch 3971/4077
Processing batch 3972/4077
Processing batch 3973/4077
Processing batch 3974/4077
Processing batch 3975/4077
Processing batch 3976/4077
Processing batch 3977/4077
Processing batch 3978/4077
Processing batch 3979/4077
Processing batch 3980/4077
Perplexity: Written 83580/85610 entries to perplexity result file
Processing batch 3981/4077
Processing batch 3982/4077
Processing batch 3983/4077
Processing batch 3984/4077
Processing batch 3985/4077
Processing batch 3986/4077
Processing batch 3987/4077
Processing batch 3988/4077
Processing batch 3989/4077
Processing batch 3990/4077
Processing batch 3991/4077
Processing batch 3992/4077
Processing batch 3993/4077
Processing batch 3994/4077
Processing batch 3995/4077
Processing batch 3996/4077
Processing batch 3997/4077
Processing batch 3998/4077
Processing batch 3999/4077
Processing batch 4000/4077
Perplexity: Written 84000/85610 entries to perplexity result file
Processing batch 4001/4077
Processing batch 4002/4077
Processing batch 4003/4077
Processing batch 4004/4077
Processing batch 4005/4077
Processing batch 4006/4077
Processing batch 4007/4077
Processing batch 4008/4077
Processing batch 4009/4077
Processing batch 4010/4077
Processing batch 4011/4077
Processing batch 4012/4077
Processing batch 4013/4077
Processing batch 4014/4077
Processing batch 4015/4077
Processing batch 4016/4077
Processing batch 4017/4077
Processing batch 4018/4077
Processing batch 4019/4077
Processing batch 4020/4077
Perplexity: Written 84420/85610 entries to perplexity result file
Processing batch 4021/4077
Processing batch 4022/4077
Processing batch 4023/4077
Processing batch 4024/4077
Processing batch 4025/4077
Processing batch 4026/4077
Processing batch 4027/4077
Processing batch 4028/4077
Processing batch 4029/4077
Processing batch 4030/4077
Processing batch 4031/4077
Processing batch 4032/4077
Processing batch 4033/4077
Processing batch 4034/4077
Processing batch 4035/4077
Processing batch 4036/4077
Processing batch 4037/4077
Processing batch 4038/4077
Processing batch 4039/4077
Processing batch 4040/4077
Perplexity: Written 84840/85610 entries to perplexity result file
Processing batch 4041/4077
Processing batch 4042/4077
Processing batch 4043/4077
Processing batch 4044/4077
Processing batch 4045/4077
Processing batch 4046/4077
Processing batch 4047/4077
Processing batch 4048/4077
Processing batch 4049/4077
Processing batch 4050/4077
Processing batch 4051/4077
Processing batch 4052/4077
Processing batch 4053/4077
Processing batch 4054/4077
Processing batch 4055/4077
Processing batch 4056/4077
Processing batch 4057/4077
Processing batch 4058/4077
Processing batch 4059/4077
Processing batch 4060/4077
Perplexity: Written 85260/85610 entries to perplexity result file
Processing batch 4061/4077
Processing batch 4062/4077
Processing batch 4063/4077
Processing batch 4064/4077
Processing batch 4065/4077
Processing batch 4066/4077
Processing batch 4067/4077
Processing batch 4068/4077
Processing batch 4069/4077
Processing batch 4070/4077
Processing batch 4071/4077
Processing batch 4072/4077
Processing batch 4073/4077
Processing batch 4074/4077
Processing batch 4075/4077
Processing batch 4076/4077
Processing batch 4077/4077
Dispatching perplexity results for model: Qwen-Qwen3-30B-A3B, languages: ["en", "zh_cn", "fr_fr", "ar_xy", "sw_ke"], input file: judge/result/Qwen-Qwen3-30B-A3B/perplexity_aggregated_output.jsonl
Cannot open file: Unable to open file judge/result/Qwen-Qwen3-30B-A3B/perplexity/en_correct.jsonl: No such file or directory (os error 2), assuming empty result file
Cannot open file: Unable to open file judge/result/Qwen-Qwen3-30B-A3B/perplexity/en_incorrect.jsonl: No such file or directory (os error 2), assuming empty result file
Dispatched perplexity results for model: Qwen-Qwen3-30B-A3B, lang: en
Cannot open file: Unable to open file judge/result/Qwen-Qwen3-30B-A3B/perplexity/zh_cn_correct.jsonl: No such file or directory (os error 2), assuming empty result file
Cannot open file: Unable to open file judge/result/Qwen-Qwen3-30B-A3B/perplexity/zh_cn_incorrect.jsonl: No such file or directory (os error 2), assuming empty result file
Dispatched perplexity results for model: Qwen-Qwen3-30B-A3B, lang: zh_cn
Cannot open file: Unable to open file judge/result/Qwen-Qwen3-30B-A3B/perplexity/fr_fr_correct.jsonl: No such file or directory (os error 2), assuming empty result file
Cannot open file: Unable to open file judge/result/Qwen-Qwen3-30B-A3B/perplexity/fr_fr_incorrect.jsonl: No such file or directory (os error 2), assuming empty result file
Dispatched perplexity results for model: Qwen-Qwen3-30B-A3B, lang: fr_fr
Cannot open file: Unable to open file judge/result/Qwen-Qwen3-30B-A3B/perplexity/ar_xy_correct.jsonl: No such file or directory (os error 2), assuming empty result file
Cannot open file: Unable to open file judge/result/Qwen-Qwen3-30B-A3B/perplexity/ar_xy_incorrect.jsonl: No such file or directory (os error 2), assuming empty result file
Dispatched perplexity results for model: Qwen-Qwen3-30B-A3B, lang: ar_xy
Cannot open file: Unable to open file judge/result/Qwen-Qwen3-30B-A3B/perplexity/sw_ke_correct.jsonl: No such file or directory (os error 2), assuming empty result file
Cannot open file: Unable to open file judge/result/Qwen-Qwen3-30B-A3B/perplexity/sw_ke_incorrect.jsonl: No such file or directory (os error 2), assuming empty result file
Dispatched perplexity results for model: Qwen-Qwen3-30B-A3B, lang: sw_ke
Removed aggregated perplexity output file: judge/result/Qwen-Qwen3-30B-A3B/perplexity_aggregated_output.jsonl
Completed writing all 85610 perplexity results to judge/result/Qwen-Qwen3-30B-A3B/perplexity_aggregated_output.jsonl
