✏️ Setting installed package as editable
Acquiring build lock...
Building Rust extension with maturin develop...
Installed Rust extension successfully.
Released build lock.
Loading config from: judge_config_slurm6_vllm.py
This run uses VLLM backend.
Starting preference experiment...
Concatenated two answers dataset for language pairs[("en", "zh_cn"), ("en", "fr_fr"), ("en", "ar_xy"), ("en", "sw_ke")] written to "judge/result/prometheus-eval-prometheus-8x7b-v2.0/preference_aggregated_input.jsonl"
Dispatching preference results for model: prometheus-eval-prometheus-8x7b-v2.0, language pairs: [("en", "zh_cn"), ("en", "fr_fr"), ("en", "ar_xy"), ("en", "sw_ke")], input file: judge/result/prometheus-eval-prometheus-8x7b-v2.0/preference_aggregated_output.jsonl
Dispatched preference results for model: prometheus-eval-prometheus-8x7b-v2.0, lang1: en, lang2: zh_cn
Dispatched preference results for model: prometheus-eval-prometheus-8x7b-v2.0, lang1: en, lang2: fr_fr
Dispatched preference results for model: prometheus-eval-prometheus-8x7b-v2.0, lang1: en, lang2: ar_xy
Dispatched preference results for model: prometheus-eval-prometheus-8x7b-v2.0, lang1: en, lang2: sw_ke
Removed aggregated output file: judge/result/prometheus-eval-prometheus-8x7b-v2.0/preference_aggregated_output.jsonl
Preference experiment finished.
Starting perplexity experiment...
Response input dataset for languages ["en", "zh_cn", "fr_fr", "ar_xy", "sw_ke"] written to judge/result/prometheus-eval-prometheus-8x7b-v2.0/perplexity_response_input.jsonl
Dispatching response results for model: prometheus-eval-prometheus-8x7b-v2.0, languages: ["en", "zh_cn", "fr_fr", "ar_xy", "sw_ke"], input file: judge/result/prometheus-eval-prometheus-8x7b-v2.0/perplexity_response_output.jsonl
Dispatched response results for model: prometheus-eval-prometheus-8x7b-v2.0, lang: en
Dispatched response results for model: prometheus-eval-prometheus-8x7b-v2.0, lang: zh_cn
Dispatched response results for model: prometheus-eval-prometheus-8x7b-v2.0, lang: fr_fr
Dispatched response results for model: prometheus-eval-prometheus-8x7b-v2.0, lang: ar_xy
Dispatched response results for model: prometheus-eval-prometheus-8x7b-v2.0, lang: sw_ke
Removed aggregated response output file: judge/result/prometheus-eval-prometheus-8x7b-v2.0/perplexity_response_output.jsonl
Styled answers input dataset for languages ["en", "zh_cn", "fr_fr", "ar_xy", "sw_ke"] written to judge/result/prometheus-eval-prometheus-8x7b-v2.0/perplexity_styled_answers_input.jsonl
Dispatching styled answers results for model: prometheus-eval-prometheus-8x7b-v2.0, languages: ["en", "zh_cn", "fr_fr", "ar_xy", "sw_ke"], input file: judge/result/prometheus-eval-prometheus-8x7b-v2.0/perplexity_styled_answers_output.jsonl
Dispatched styled answers results for model: prometheus-eval-prometheus-8x7b-v2.0, lang: en
Dispatched styled answers results for model: prometheus-eval-prometheus-8x7b-v2.0, lang: zh_cn
Dispatched styled answers results for model: prometheus-eval-prometheus-8x7b-v2.0, lang: fr_fr
Dispatched styled answers results for model: prometheus-eval-prometheus-8x7b-v2.0, lang: ar_xy
Dispatched styled answers results for model: prometheus-eval-prometheus-8x7b-v2.0, lang: sw_ke
Removed aggregated styled answers output file: judge/result/prometheus-eval-prometheus-8x7b-v2.0/perplexity_styled_answers_output.jsonl
Total entries to generate responses: 0
Completed writing all responses to judge/result/prometheus-eval-prometheus-8x7b-v2.0/perplexity_response_output.jsonl
Total entries to generate styled answers: 0
Completed writing all styled answers to judge/result/prometheus-eval-prometheus-8x7b-v2.0/perplexity_styled_answers_output.jsonl
Perplexity experiment finished.
✏️ Setting installed package as editable
File "judge/result/prometheus-eval-prometheus-8x7b-v2.0/perplexity/en_correct.jsonl" does not exist, assuming no completed entries.
File "judge/result/prometheus-eval-prometheus-8x7b-v2.0/perplexity/en_incorrect.jsonl" does not exist, assuming no completed entries.
File "judge/result/prometheus-eval-prometheus-8x7b-v2.0/perplexity/zh_cn_correct.jsonl" does not exist, assuming no completed entries.
File "judge/result/prometheus-eval-prometheus-8x7b-v2.0/perplexity/zh_cn_incorrect.jsonl" does not exist, assuming no completed entries.
File "judge/result/prometheus-eval-prometheus-8x7b-v2.0/perplexity/fr_fr_correct.jsonl" does not exist, assuming no completed entries.
File "judge/result/prometheus-eval-prometheus-8x7b-v2.0/perplexity/fr_fr_incorrect.jsonl" does not exist, assuming no completed entries.
File "judge/result/prometheus-eval-prometheus-8x7b-v2.0/perplexity/ar_xy_correct.jsonl" does not exist, assuming no completed entries.
File "judge/result/prometheus-eval-prometheus-8x7b-v2.0/perplexity/ar_xy_incorrect.jsonl" does not exist, assuming no completed entries.
File "judge/result/prometheus-eval-prometheus-8x7b-v2.0/perplexity/sw_ke_correct.jsonl" does not exist, assuming no completed entries.
File "judge/result/prometheus-eval-prometheus-8x7b-v2.0/perplexity/sw_ke_incorrect.jsonl" does not exist, assuming no completed entries.
Concatenated perplexity dataset for languages ["en", "zh_cn", "fr_fr", "ar_xy", "sw_ke"] written to judge/result/prometheus-eval-prometheus-8x7b-v2.0/perplexity_aggregated_input.jsonl
Acquiring build lock...
Building Rust extension with maturin develop...
Installed Rust extension successfully.
Released build lock.
Loading config from: judge_config_slurm6_hf.py
Total entries to calculate perplexity: 85610
Using batch size: 6 based on model size, number of GPUs (2), and single GPU memory (40GB)
Processing batch 1/14269
Creating HuggingFace backend for model prometheus-eval/prometheus-8x7b-v2.0 using 2 GPUs and batch size 6...
Creating HuggingFace backend for model prometheus-eval/prometheus-8x7b-v2.0 with batch size 6...
Loading model from HuggingFace...
Found 2 GPUs
GPU 0: 39.49 GB available, using 35 GB
GPU 1: 39.49 GB available, using 35 GB
Model loaded, setting to eval mode...
Model in eval mode
Model device map: {'model.embed_tokens': 0, 'model.layers.0': 0, 'model.layers.1': 0, 'model.layers.2': 0, 'model.layers.3': 0, 'model.layers.4': 0, 'model.layers.5': 0, 'model.layers.6': 0, 'model.layers.7': 0, 'model.layers.8': 0, 'model.layers.9': 0, 'model.layers.10': 1, 'model.layers.11': 1, 'model.layers.12': 1, 'model.layers.13': 1, 'model.layers.14': 1, 'model.layers.15': 1, 'model.layers.16': 1, 'model.layers.17': 1, 'model.layers.18': 1, 'model.layers.19': 1, 'model.layers.20': 1, 'model.layers.21': 1, 'model.layers.22': 'disk', 'model.layers.23': 'disk', 'model.layers.24': 'disk', 'model.layers.25': 'disk', 'model.layers.26': 'disk', 'model.layers.27': 'disk', 'model.layers.28': 'disk', 'model.layers.29': 'disk', 'model.layers.30': 'disk', 'model.layers.31': 'disk', 'model.norm': 'disk', 'model.rotary_emb': 'disk', 'lm_head': 'disk'}
HuggingFace backend created successfully for prometheus-eval/prometheus-8x7b-v2.0
HuggingFace backend created for model prometheus-eval/prometheus-8x7b-v2.0
WARNING: Unpadded sequence not found in padded sequence for entry 3 (lang: en)
  Error: Unpadded sequence (len=94) not found as contiguous subsequence in padded sequence (len=94). First 10 unpadded: [1, 733, 16289, 28793, 28055, 28705, 28740, 342, 330, 6999], padded: [2, 2, 2, 2, 2, 2, 2, 1, 733, 16289, 28793, 28055, 28705, 28740, 342, 330, 6999, 2071, 302, 264, 1843, 28733, 6570, 301, 753, 2071, 349, 1843, 28733, 6570, 301, 753, 28723, 28055, 28705, 28750, 342, 1047, 524, 349, 264, 4123, 1083, 3063, 302, 382, 304, 382, 349, 264, 4123, 1083, 3063, 302, 420, 28725, 868, 524, 349, 264, 4123, 1083, 3063, 302, 420, 28723, 13, 13, 12069, 4192, 5726, 1151, 9880, 4372, 272, 2996, 297, 4300, 8292, 24685, 442, 13268, 28723, 733, 28748, 16289, 28793, 9299, 28705, 28740, 349, 1341, 28723, 13]
  Decoded unpadded text (328 chars):
    '<s> [INST] Statement 1 | A factor group of a non-Abelian group is non-Abelian. Statement 2 | If K is a normal subgroup of H and H is a normal subgroup of G, then K is a normal subgroup of G.\n\nPlease CONCISELY answer the question in English WITHOUT reasoning or explanation. [/INST]Statement 1 is false.\nStatement 2 is false.</s>'
  Decoded padded text (331 chars):
    '</s></s></s></s></s></s></s><s> [INST] Statement 1 | A factor group of a non-Abelian group is non-Abelian. Statement 2 | If K is a normal subgroup of H and H is a normal subgroup of G, then K is a normal subgroup of G.\n\nPlease CONCISELY answer the question in English WITHOUT reasoning or explanation. [/INST]Statement 1 is false.\n'
  Setting perplexity to 1.0
WARNING: Unpadded sequence not found in padded sequence for entry 3 (lang: en)
  Error: Unpadded sequence (len=94) not found as contiguous subsequence in padded sequence (len=94). First 10 unpadded: [1, 733, 16289, 28793, 28055, 28705, 28740, 342, 330, 6999], padded: [2, 2, 2, 2, 2, 2, 2, 1, 733, 16289, 28793, 28055, 28705, 28740, 342, 330, 6999, 2071, 302, 264, 1843, 28733, 6570, 301, 753, 2071, 349, 1843, 28733, 6570, 301, 753, 28723, 28055, 28705, 28750, 342, 1047, 524, 349, 264, 4123, 1083, 3063, 302, 382, 304, 382, 349, 264, 4123, 1083, 3063, 302, 420, 28725, 868, 524, 349, 264, 4123, 1083, 3063, 302, 420, 28723, 13, 13, 12069, 4192, 5726, 1151, 9880, 4372, 272, 2996, 297, 4300, 8292, 24685, 442, 13268, 28723, 733, 28748, 16289, 28793, 9299, 28705, 28740, 349, 1132, 28723, 13]
  Decoded unpadded text (327 chars):
    '<s> [INST] Statement 1 | A factor group of a non-Abelian group is non-Abelian. Statement 2 | If K is a normal subgroup of H and H is a normal subgroup of G, then K is a normal subgroup of G.\n\nPlease CONCISELY answer the question in English WITHOUT reasoning or explanation. [/INST]Statement 1 is true.\nStatement 2 is false.</s>'
  Decoded padded text (330 chars):
    '</s></s></s></s></s></s></s><s> [INST] Statement 1 | A factor group of a non-Abelian group is non-Abelian. Statement 2 | If K is a normal subgroup of H and H is a normal subgroup of G, then K is a normal subgroup of G.\n\nPlease CONCISELY answer the question in English WITHOUT reasoning or explanation. [/INST]Statement 1 is true.\n'
  Setting perplexity to 1.0
WARNING: Unpadded sequence not found in padded sequence for entry 6 (lang: en)
  Error: Unpadded sequence (len=79) not found as contiguous subsequence in padded sequence (len=79). First 10 unpadded: [1, 733, 16289, 28793, 28055, 28705, 28740, 342, 4203, 3153], padded: [2, 2, 2, 2, 2, 2, 2, 2, 2, 2, 2, 2, 2, 2, 2, 2, 2, 2, 2, 2, 2, 2, 1, 733, 16289, 28793, 28055, 28705, 28740, 342, 4203, 3153, 22631, 3469, 302, 264, 2071, 420, 349, 349, 22631, 298, 264, 6999, 2071, 302, 420, 28723, 28055, 28705, 28750, 342, 415, 3153, 22631, 6203, 302, 264, 2071, 420, 460, 272, 1348, 325, 715, 298, 349, 19906, 28731, 390, 272, 6999, 4938, 302, 420, 28723, 13, 13, 12069]
  Decoded unpadded text (314 chars):
    '<s> [INST] Statement 1 | Every homomorphic image of a group G is isomorphic to a factor group of G. Statement 2 | The homomorphic images of a group G are the same (up to isomorphism) as the factor groups of G.\n\nPlease CONCISELY answer the question in English WITHOUT reasoning or explanation. [/INST]true, true</s>'
  Decoded padded text (305 chars):
    '</s></s></s></s></s></s></s></s></s></s></s></s></s></s></s></s></s></s></s></s></s></s><s> [INST] Statement 1 | Every homomorphic image of a group G is isomorphic to a factor group of G. Statement 2 | The homomorphic images of a group G are the same (up to isomorphism) as the factor groups of G.\n\nPlease'
  Setting perplexity to 1.0
WARNING: Unpadded sequence not found in padded sequence for entry 6 (lang: en)
  Error: Unpadded sequence (len=79) not found as contiguous subsequence in padded sequence (len=79). First 10 unpadded: [1, 733, 16289, 28793, 28055, 28705, 28740, 342, 4203, 3153], padded: [2, 2, 2, 2, 2, 2, 2, 2, 2, 2, 2, 2, 2, 2, 2, 2, 2, 2, 2, 2, 2, 2, 1, 733, 16289, 28793, 28055, 28705, 28740, 342, 4203, 3153, 22631, 3469, 302, 264, 2071, 420, 349, 349, 22631, 298, 264, 6999, 2071, 302, 420, 28723, 28055, 28705, 28750, 342, 415, 3153, 22631, 6203, 302, 264, 2071, 420, 460, 272, 1348, 325, 715, 298, 349, 19906, 28731, 390, 272, 6999, 4938, 302, 420, 28723, 13, 13, 12069]
  Decoded unpadded text (316 chars):
    '<s> [INST] Statement 1 | Every homomorphic image of a group G is isomorphic to a factor group of G. Statement 2 | The homomorphic images of a group G are the same (up to isomorphism) as the factor groups of G.\n\nPlease CONCISELY answer the question in English WITHOUT reasoning or explanation. [/INST]false, false</s>'
  Decoded padded text (305 chars):
    '</s></s></s></s></s></s></s></s></s></s></s></s></s></s></s></s></s></s></s></s></s></s><s> [INST] Statement 1 | Every homomorphic image of a group G is isomorphic to a factor group of G. Statement 2 | The homomorphic images of a group G are the same (up to isomorphism) as the factor groups of G.\n\nPlease'
  Setting perplexity to 1.0
Perplexity: Written 6/85610 entries to perplexity result file (batch 1/14269)
Processing batch 2/14269
WARNING: Unpadded sequence not found in padded sequence for entry 7 (lang: en)
  Error: Unpadded sequence (len=66) not found as contiguous subsequence in padded sequence (len=66). First 10 unpadded: [1, 733, 16289, 28793, 28055, 28705, 28740, 342, 330, 6791], padded: [2, 2, 2, 2, 2, 2, 2, 2, 2, 2, 2, 2, 2, 2, 2, 2, 2, 2, 2, 2, 2, 2, 2, 2, 2, 2, 2, 2, 2, 2, 2, 2, 2, 2, 2, 2, 2, 2, 2, 2, 2, 2, 2, 2, 2, 2, 1, 733, 16289, 28793, 28055, 28705, 28740, 342, 330, 6791, 3153, 19906, 349, 624, 298, 624, 513, 304, 865, 513]
  Decoded unpadded text (252 chars):
    '<s> [INST] Statement 1 | A ring homomorphism is one to one if and only if the kernel is {0}. Statement 2 | Q is an ideal in R.\n\nPlease CONCISELY answer the question in English WITHOUT reasoning or explanation. [/INST]The statements are false, true.</s>'
  Decoded padded text (257 chars):
    '</s></s></s></s></s></s></s></s></s></s></s></s></s></s></s></s></s></s></s></s></s></s></s></s></s></s></s></s></s></s></s></s></s></s></s></s></s></s></s></s></s></s></s></s></s></s><s> [INST] Statement 1 | A ring homomorphism is one to one if and only if'
  Setting perplexity to 1.0
WARNING: Unpadded sequence not found in padded sequence for entry 7 (lang: en)
  Error: Unpadded sequence (len=66) not found as contiguous subsequence in padded sequence (len=66). First 10 unpadded: [1, 733, 16289, 28793, 28055, 28705, 28740, 342, 330, 6791], padded: [2, 2, 2, 2, 2, 2, 2, 2, 2, 2, 2, 2, 2, 2, 2, 2, 2, 2, 2, 2, 2, 2, 2, 2, 2, 2, 2, 2, 2, 2, 2, 2, 2, 2, 2, 2, 2, 2, 2, 2, 2, 2, 2, 2, 2, 2, 1, 733, 16289, 28793, 28055, 28705, 28740, 342, 330, 6791, 3153, 19906, 349, 624, 298, 624, 513, 304, 865, 513]
  Decoded unpadded text (251 chars):
    '<s> [INST] Statement 1 | A ring homomorphism is one to one if and only if the kernel is {0}. Statement 2 | Q is an ideal in R.\n\nPlease CONCISELY answer the question in English WITHOUT reasoning or explanation. [/INST]The statements are true, true.</s>'
  Decoded padded text (257 chars):
    '</s></s></s></s></s></s></s></s></s></s></s></s></s></s></s></s></s></s></s></s></s></s></s></s></s></s></s></s></s></s></s></s></s></s></s></s></s></s></s></s></s></s></s></s></s></s><s> [INST] Statement 1 | A ring homomorphism is one to one if and only if'
  Setting perplexity to 1.0
WARNING: Unpadded sequence not found in padded sequence for entry 10 (lang: en)
  Error: Unpadded sequence (len=97) not found as contiguous subsequence in padded sequence (len=97). First 10 unpadded: [1, 733, 16289, 28793, 28055, 28705, 28740, 342, 1047, 382], padded: [2, 2, 2, 2, 2, 2, 2, 2, 2, 2, 2, 2, 2, 2, 2, 1, 733, 16289, 28793, 28055, 28705, 28740, 342, 1047, 382, 349, 264, 1083, 3063, 302, 420, 304, 264, 17827, 298, 420, 868, 342, 28708, 28769, 28766, 327, 342, 26135, 28766, 28723, 28055, 28705, 28750, 342, 1047, 382, 349, 264, 1083, 3063, 302, 420, 304, 264, 304, 287, 6847, 298, 420, 28725, 868, 264, 28769, 304, 382, 28726, 460, 15792, 442, 704, 16858, 28723, 13, 13, 12069, 4192, 5726, 1151, 9880, 4372, 272, 2996, 297, 4300, 8292, 24685, 442, 13268, 28723, 733, 28748]
  Decoded unpadded text (327 chars):
    '<s> [INST] Statement 1 | If H is a subgroup of G and a belongs to G then |aH| = |Ha|. Statement 2 | If H is a subgroup of G and a and b belong to G, then aH and Hb are identical or disjoint.\n\nPlease CONCISELY answer the question in English WITHOUT reasoning or explanation. [/INST]Statement 1 is true. Statement 2 is false.</s>'
  Decoded padded text (336 chars):
    '</s></s></s></s></s></s></s></s></s></s></s></s></s></s></s><s> [INST] Statement 1 | If H is a subgroup of G and a belongs to G then |aH| = |Ha|. Statement 2 | If H is a subgroup of G and a and b belong to G, then aH and Hb are identical or disjoint.\n\nPlease CONCISELY answer the question in English WITHOUT reasoning or explanation. [/'
  Setting perplexity to 1.0
WARNING: Unpadded sequence not found in padded sequence for entry 10 (lang: en)
  Error: Unpadded sequence (len=97) not found as contiguous subsequence in padded sequence (len=97). First 10 unpadded: [1, 733, 16289, 28793, 28055, 28705, 28740, 342, 1047, 382], padded: [2, 2, 2, 2, 2, 2, 2, 2, 2, 2, 2, 2, 2, 2, 2, 1, 733, 16289, 28793, 28055, 28705, 28740, 342, 1047, 382, 349, 264, 1083, 3063, 302, 420, 304, 264, 17827, 298, 420, 868, 342, 28708, 28769, 28766, 327, 342, 26135, 28766, 28723, 28055, 28705, 28750, 342, 1047, 382, 349, 264, 1083, 3063, 302, 420, 304, 264, 304, 287, 6847, 298, 420, 28725, 868, 264, 28769, 304, 382, 28726, 460, 15792, 442, 704, 16858, 28723, 13, 13, 12069, 4192, 5726, 1151, 9880, 4372, 272, 2996, 297, 4300, 8292, 24685, 442, 13268, 28723, 733, 28748]
  Decoded unpadded text (327 chars):
    '<s> [INST] Statement 1 | If H is a subgroup of G and a belongs to G then |aH| = |Ha|. Statement 2 | If H is a subgroup of G and a and b belong to G, then aH and Hb are identical or disjoint.\n\nPlease CONCISELY answer the question in English WITHOUT reasoning or explanation. [/INST]Statement 1 is false. Statement 2 is true.</s>'
  Decoded padded text (336 chars):
    '</s></s></s></s></s></s></s></s></s></s></s></s></s></s></s><s> [INST] Statement 1 | If H is a subgroup of G and a belongs to G then |aH| = |Ha|. Statement 2 | If H is a subgroup of G and a and b belong to G, then aH and Hb are identical or disjoint.\n\nPlease CONCISELY answer the question in English WITHOUT reasoning or explanation. [/'
  Setting perplexity to 1.0
WARNING: Unpadded sequence not found in padded sequence for entry 11 (lang: en)
  Error: Unpadded sequence (len=109) not found as contiguous subsequence in padded sequence (len=109). First 10 unpadded: [1, 733, 16289, 28793, 1047, 330, 327, 371, 28740, 28725], padded: [2, 2, 2, 1, 733, 16289, 28793, 1047, 330, 327, 371, 28740, 28725, 28705, 28750, 28725, 28705, 28770, 28752, 868, 9378, 318, 327, 371, 28732, 28740, 28725, 28705, 28740, 557, 325, 28750, 28725, 28705, 28750, 3460, 349, 13, 13, 12069, 4192, 5726, 1151, 9880, 4372, 272, 2996, 297, 4300, 8292, 24685, 442, 13268, 28723, 733, 28748, 16289, 28793, 1014, 9378, 318, 349, 264, 19804, 302, 330, 1318, 330, 28725, 970, 330, 1318, 330, 349, 272, 13870, 17754, 2093, 302, 330, 395, 3837, 28723, 560, 456, 1222, 28725, 330, 1318, 330, 5876, 3522, 8346, 12690, 28725, 304, 318, 5876, 865, 989, 302, 706, 28723, 318, 349, 835, 396, 7907, 636]
  Decoded unpadded text (367 chars):
    '<s> [INST] If A = {1, 2, 3} then relation S = {(1, 1), (2, 2)} is\n\nPlease CONCISELY answer the question in English WITHOUT reasoning or explanation. [/INST]The relation S is a subset of A x A, where A x A is the Cartesian product of A with itself. In this case, A x A contains six ordered pairs, and S contains only two of them. S is also an equivalence relation.</s>'
  Decoded padded text (365 chars):
    '</s></s></s><s> [INST] If A = {1, 2, 3} then relation S = {(1, 1), (2, 2)} is\n\nPlease CONCISELY answer the question in English WITHOUT reasoning or explanation. [/INST]The relation S is a subset of A x A, where A x A is the Cartesian product of A with itself. In this case, A x A contains six ordered pairs, and S contains only two of them. S is also an equivalence'
  Setting perplexity to 1.0
Perplexity: Written 12/85610 entries to perplexity result file (batch 2/14269)
Processing batch 3/14269
WARNING: Unpadded sequence not found in padded sequence for entry 15 (lang: en)
  Error: Unpadded sequence (len=58) not found as contiguous subsequence in padded sequence (len=58). First 10 unpadded: [1, 733, 16289, 28793, 28055, 28705, 28740, 342, 399, 349], padded: [2, 2, 2, 2, 2, 2, 2, 2, 2, 2, 2, 2, 2, 2, 2, 2, 2, 2, 2, 2, 2, 2, 2, 2, 2, 2, 2, 2, 2, 2, 2, 2, 2, 2, 2, 2, 2, 2, 2, 2, 2, 2, 2, 2, 2, 2, 2, 2, 2, 2, 2, 2, 2, 2, 2, 2, 2, 1]
  Decoded unpadded text (230 chars):
    '<s> [INST] Statement 1 | R is a splitting field of some polynomial over Q. Statement 2 | There is a field with 60 elements.\n\nPlease CONCISELY answer the question in English WITHOUT reasoning or explanation. [/INST]false, false</s>'
  Decoded padded text (231 chars):
    '</s></s></s></s></s></s></s></s></s></s></s></s></s></s></s></s></s></s></s></s></s></s></s></s></s></s></s></s></s></s></s></s></s></s></s></s></s></s></s></s></s></s></s></s></s></s></s></s></s></s></s></s></s></s></s></s></s><s>'
  Setting perplexity to 1.0
WARNING: Unpadded sequence not found in padded sequence for entry 15 (lang: en)
  Error: Unpadded sequence (len=58) not found as contiguous subsequence in padded sequence (len=58). First 10 unpadded: [1, 733, 16289, 28793, 28055, 28705, 28740, 342, 399, 349], padded: [2, 2, 2, 2, 2, 2, 2, 2, 2, 2, 2, 2, 2, 2, 2, 2, 2, 2, 2, 2, 2, 2, 2, 2, 2, 2, 2, 2, 2, 2, 2, 2, 2, 2, 2, 2, 2, 2, 2, 2, 2, 2, 2, 2, 2, 2, 2, 2, 2, 2, 2, 2, 2, 2, 2, 2, 2, 1]
  Decoded unpadded text (229 chars):
    '<s> [INST] Statement 1 | R is a splitting field of some polynomial over Q. Statement 2 | There is a field with 60 elements.\n\nPlease CONCISELY answer the question in English WITHOUT reasoning or explanation. [/INST]true, false</s>'
  Decoded padded text (231 chars):
    '</s></s></s></s></s></s></s></s></s></s></s></s></s></s></s></s></s></s></s></s></s></s></s></s></s></s></s></s></s></s></s></s></s></s></s></s></s></s></s></s></s></s></s></s></s></s></s></s></s></s></s></s></s></s></s></s></s><s>'
  Setting perplexity to 1.0
WARNING: Unpadded sequence not found in padded sequence for entry 18 (lang: en)
  Error: Unpadded sequence (len=65) not found as contiguous subsequence in padded sequence (len=65). First 10 unpadded: [1, 733, 16289, 28793, 415, 808, 302, 544, 1353, 5551], padded: [2, 2, 2, 2, 2, 2, 2, 2, 2, 2, 2, 2, 2, 2, 2, 2, 2, 2, 2, 2, 2, 2, 2, 2, 2, 2, 2, 2, 2, 2, 2, 2, 2, 2, 2, 2, 2, 2, 2, 2, 2, 2, 2, 2, 2, 2, 2, 2, 2, 2, 1, 733, 16289, 28793, 415, 808, 302, 544, 1353, 5551, 916, 272, 8434, 6079, 2459]
  Decoded unpadded text (307 chars):
    '<s> [INST] The set of all real numbers under the usual multiplication operation is not a group since\n\nPlease CONCISELY answer the question in English WITHOUT reasoning or explanation. [/INST]The set of all real numbers under the usual multiplication operation is not a group because zero has no inverse.</s>'
  Decoded padded text (269 chars):
    '</s></s></s></s></s></s></s></s></s></s></s></s></s></s></s></s></s></s></s></s></s></s></s></s></s></s></s></s></s></s></s></s></s></s></s></s></s></s></s></s></s></s></s></s></s></s></s></s></s></s><s> [INST] The set of all real numbers under the usual multiplication'
  Setting perplexity to 1.0
WARNING: Unpadded sequence not found in padded sequence for entry 18 (lang: en)
  Error: Unpadded sequence (len=68) not found as contiguous subsequence in padded sequence (len=68). First 10 unpadded: [1, 733, 16289, 28793, 415, 808, 302, 544, 1353, 5551], padded: [2, 2, 2, 2, 2, 2, 2, 2, 2, 2, 2, 2, 2, 2, 2, 2, 2, 2, 2, 2, 2, 2, 2, 2, 2, 2, 2, 2, 2, 2, 2, 2, 2, 2, 2, 2, 2, 2, 2, 2, 2, 2, 2, 2, 2, 2, 2, 1, 733, 16289, 28793, 415, 808, 302, 544, 1353, 5551, 916, 272, 8434, 6079, 2459, 5225, 349, 459, 264, 2071, 1854]
  Decoded unpadded text (328 chars):
    '<s> [INST] The set of all real numbers under the usual multiplication operation is not a group since\n\nPlease CONCISELY answer the question in English WITHOUT reasoning or explanation. [/INST]The set of all real numbers under the usual multiplication operation is not a group because multiplication is not a binary operation.</s>'
  Decoded padded text (288 chars):
    '</s></s></s></s></s></s></s></s></s></s></s></s></s></s></s></s></s></s></s></s></s></s></s></s></s></s></s></s></s></s></s></s></s></s></s></s></s></s></s></s></s></s></s></s></s></s></s><s> [INST] The set of all real numbers under the usual multiplication operation is not a group since'
  Setting perplexity to 1.0
Perplexity: Written 18/85610 entries to perplexity result file (batch 3/14269)
Processing batch 4/14269
WARNING: Unpadded sequence not found in padded sequence for entry 22 (lang: en)
  Error: Unpadded sequence (len=96) not found as contiguous subsequence in padded sequence (len=96). First 10 unpadded: [1, 733, 16289, 28793, 28055, 28705, 28740, 342, 4922, 808], padded: [2, 2, 2, 2, 2, 2, 2, 2, 2, 2, 2, 2, 2, 1, 733, 16289, 28793, 28055, 28705, 28740, 342, 4922, 808, 302, 989, 20419, 297, 399, 28815, 28750, 349, 1407, 1617, 7126, 28723, 28055, 28705, 28750, 342, 1047, 550, 327, 12363, 28732, 28728, 28740, 28725, 3850, 1200, 363, 28729, 28731, 304, 371, 28728, 28740, 28725, 3850, 1200, 363, 28729, 28752, 460, 1407, 1617, 7126, 28725, 868, 3987, 28732, 28790, 28731, 327, 446, 28723, 13, 13, 12069, 4192, 5726, 1151, 9880, 4372, 272, 2996, 297, 4300, 8292, 24685, 442, 13268, 28723, 733, 28748, 16289, 28793]
  Decoded unpadded text (318 chars):
    '<s> [INST] Statement 1 | Any set of two vectors in R^2 is linearly independent. Statement 2 | If V = span(v1, ... , vk) and {v1, ... , vk} are linearly independent, then dim(V) = k.\n\nPlease CONCISELY answer the question in English WITHOUT reasoning or explanation. [/INST]Statement 1 is false. Statement 2 is true.</s>'
  Decoded padded text (324 chars):
    '</s></s></s></s></s></s></s></s></s></s></s></s></s><s> [INST] Statement 1 | Any set of two vectors in R^2 is linearly independent. Statement 2 | If V = span(v1, ... , vk) and {v1, ... , vk} are linearly independent, then dim(V) = k.\n\nPlease CONCISELY answer the question in English WITHOUT reasoning or explanation. [/INST]'
  Setting perplexity to 1.0
WARNING: Unpadded sequence not found in padded sequence for entry 22 (lang: en)
  Error: Unpadded sequence (len=96) not found as contiguous subsequence in padded sequence (len=96). First 10 unpadded: [1, 733, 16289, 28793, 28055, 28705, 28740, 342, 4922, 808], padded: [2, 2, 2, 2, 2, 2, 2, 2, 2, 2, 2, 2, 2, 1, 733, 16289, 28793, 28055, 28705, 28740, 342, 4922, 808, 302, 989, 20419, 297, 399, 28815, 28750, 349, 1407, 1617, 7126, 28723, 28055, 28705, 28750, 342, 1047, 550, 327, 12363, 28732, 28728, 28740, 28725, 3850, 1200, 363, 28729, 28731, 304, 371, 28728, 28740, 28725, 3850, 1200, 363, 28729, 28752, 460, 1407, 1617, 7126, 28725, 868, 3987, 28732, 28790, 28731, 327, 446, 28723, 13, 13, 12069, 4192, 5726, 1151, 9880, 4372, 272, 2996, 297, 4300, 8292, 24685, 442, 13268, 28723, 733, 28748, 16289, 28793]
  Decoded unpadded text (317 chars):
    '<s> [INST] Statement 1 | Any set of two vectors in R^2 is linearly independent. Statement 2 | If V = span(v1, ... , vk) and {v1, ... , vk} are linearly independent, then dim(V) = k.\n\nPlease CONCISELY answer the question in English WITHOUT reasoning or explanation. [/INST]Statement 1 is true. Statement 2 is true.</s>'
  Decoded padded text (324 chars):
    '</s></s></s></s></s></s></s></s></s></s></s></s></s><s> [INST] Statement 1 | Any set of two vectors in R^2 is linearly independent. Statement 2 | If V = span(v1, ... , vk) and {v1, ... , vk} are linearly independent, then dim(V) = k.\n\nPlease CONCISELY answer the question in English WITHOUT reasoning or explanation. [/INST]'
  Setting perplexity to 1.0
WARNING: Unpadded sequence not found in padded sequence for entry 23 (lang: en)
  Error: Unpadded sequence (len=69) not found as contiguous subsequence in padded sequence (len=69). First 10 unpadded: [1, 733, 16289, 28793, 415, 808, 302, 544, 307, 362], padded: [2, 2, 2, 2, 2, 2, 2, 2, 2, 2, 2, 2, 2, 2, 2, 2, 2, 2, 2, 2, 2, 2, 2, 2, 2, 2, 2, 2, 2, 2, 2, 2, 2, 2, 2, 2, 2, 2, 2, 2, 1, 733, 16289, 28793, 415, 808, 302, 544, 307, 362, 14766, 302, 23712, 916, 6079, 2459, 302, 4630, 5551, 1221, 264, 28748, 276, 13, 13, 12069, 4192, 5726, 1151]
  Decoded unpadded text (287 chars):
    '<s> [INST] The set of all nth roots of unity under multiplication of complex numbers form a/an\n\nPlease CONCISELY answer the question in English WITHOUT reasoning or explanation. [/INST]The set of all nth roots of unity under multiplication of complex numbers form a/an abelian group.</s>'
  Decoded padded text (270 chars):
    '</s></s></s></s></s></s></s></s></s></s></s></s></s></s></s></s></s></s></s></s></s></s></s></s></s></s></s></s></s></s></s></s></s></s></s></s></s></s></s></s><s> [INST] The set of all nth roots of unity under multiplication of complex numbers form a/an\n\nPlease CONCISE'
  Setting perplexity to 1.0
WARNING: Unpadded sequence not found in padded sequence for entry 23 (lang: en)
  Error: Unpadded sequence (len=69) not found as contiguous subsequence in padded sequence (len=69). First 10 unpadded: [1, 733, 16289, 28793, 415, 808, 302, 544, 307, 362], padded: [2, 2, 2, 2, 2, 2, 2, 2, 2, 2, 2, 2, 2, 2, 2, 2, 2, 2, 2, 2, 2, 2, 2, 2, 2, 2, 2, 2, 2, 2, 2, 2, 2, 2, 2, 2, 2, 2, 2, 2, 1, 733, 16289, 28793, 415, 808, 302, 544, 307, 362, 14766, 302, 23712, 916, 6079, 2459, 302, 4630, 5551, 1221, 264, 28748, 276, 13, 13, 12069, 4192, 5726, 1151]
  Decoded unpadded text (298 chars):
    '<s> [INST] The set of all nth roots of unity under multiplication of complex numbers form a/an\n\nPlease CONCISELY answer the question in English WITHOUT reasoning or explanation. [/INST]The set of all nth roots of unity under multiplication of complex numbers form a/an semi group with identity.</s>'
  Decoded padded text (270 chars):
    '</s></s></s></s></s></s></s></s></s></s></s></s></s></s></s></s></s></s></s></s></s></s></s></s></s></s></s></s></s></s></s></s></s></s></s></s></s></s></s></s><s> [INST] The set of all nth roots of unity under multiplication of complex numbers form a/an\n\nPlease CONCISE'
  Setting perplexity to 1.0
Perplexity: Written 24/85610 entries to perplexity result file (batch 4/14269)
Processing batch 5/14269
WARNING: Unpadded sequence not found in padded sequence for entry 25 (lang: en)
  Error: Unpadded sequence (len=71) not found as contiguous subsequence in padded sequence (len=71). First 10 unpadded: [1, 733, 16289, 28793, 3169, 420, 28176, 272, 808, 302], padded: [2, 2, 2, 2, 2, 2, 2, 2, 2, 2, 2, 2, 1, 733, 16289, 28793, 3169, 420, 28176, 272, 808, 302, 544, 307, 1318, 307, 1843, 28733, 11601, 1098, 21512, 395, 15202, 5551, 390, 11507, 28723, 2479, 916, 6079, 2459, 420, 349, 264, 28748, 276, 13, 13, 12069, 4192, 5726, 1151, 9880, 4372, 272, 2996, 297, 4300, 8292, 24685, 442, 13268, 28723, 733, 28748, 16289, 28793, 28777, 349, 396, 16538]
  Decoded unpadded text (296 chars):
    '<s> [INST] Let G denoted the set of all n x n non-singular matrices with rational numbers as entries. Then under multiplication G is a/an\n\nPlease CONCISELY answer the question in English WITHOUT reasoning or explanation. [/INST]G is an infinite, non abelian group under matrix multiplication.</s>'
  Decoded padded text (292 chars):
    '</s></s></s></s></s></s></s></s></s></s></s></s><s> [INST] Let G denoted the set of all n x n non-singular matrices with rational numbers as entries. Then under multiplication G is a/an\n\nPlease CONCISELY answer the question in English WITHOUT reasoning or explanation. [/INST]G is an infinite'
  Setting perplexity to 1.0
WARNING: Unpadded sequence not found in padded sequence for entry 25 (lang: en)
  Error: Unpadded sequence (len=70) not found as contiguous subsequence in padded sequence (len=70). First 10 unpadded: [1, 733, 16289, 28793, 3169, 420, 28176, 272, 808, 302], padded: [2, 2, 2, 2, 2, 2, 2, 2, 2, 2, 2, 2, 2, 1, 733, 16289, 28793, 3169, 420, 28176, 272, 808, 302, 544, 307, 1318, 307, 1843, 28733, 11601, 1098, 21512, 395, 15202, 5551, 390, 11507, 28723, 2479, 916, 6079, 2459, 420, 349, 264, 28748, 276, 13, 13, 12069, 4192, 5726, 1151, 9880, 4372, 272, 2996, 297, 4300, 8292, 24685, 442, 13268, 28723, 733, 28748, 16289, 28793, 28777, 349]
  Decoded unpadded text (292 chars):
    '<s> [INST] Let G denoted the set of all n x n non-singular matrices with rational numbers as entries. Then under multiplication G is a/an\n\nPlease CONCISELY answer the question in English WITHOUT reasoning or explanation. [/INST]G is an infinite, abelian group under matrix multiplication.</s>'
  Decoded padded text (284 chars):
    '</s></s></s></s></s></s></s></s></s></s></s></s></s><s> [INST] Let G denoted the set of all n x n non-singular matrices with rational numbers as entries. Then under multiplication G is a/an\n\nPlease CONCISELY answer the question in English WITHOUT reasoning or explanation. [/INST]G is'
  Setting perplexity to 1.0
WARNING: Unpadded sequence not found in padded sequence for entry 26 (lang: en)
  Error: Unpadded sequence (len=81) not found as contiguous subsequence in padded sequence (len=81). First 10 unpadded: [1, 733, 16289, 28793, 28055, 28705, 28740, 342, 4203, 2071], padded: [2, 2, 1, 733, 16289, 28793, 28055, 28705, 28740, 342, 4203, 2071, 302, 1745, 28705, 28781, 28750, 659, 264, 4123, 1083, 3063, 302, 1745, 28705, 28787, 28723, 28055, 28705, 28750, 342, 4203, 2071, 302, 1745, 28705, 28781, 28750, 659, 264, 4123, 1083, 3063, 302, 1745, 28705, 28783, 28723, 13, 13, 12069, 4192, 5726, 1151, 9880, 4372, 272, 2996, 297, 4300, 8292, 24685, 442, 13268, 28723, 733, 28748, 16289, 28793, 9299, 28705, 28740, 349, 1132, 28725, 304, 6251, 28705, 28750, 349, 1341]
  Decoded unpadded text (295 chars):
    '<s> [INST] Statement 1 | Every group of order 42 has a normal subgroup of order 7. Statement 2 | Every group of order 42 has a normal subgroup of order 8.\n\nPlease CONCISELY answer the question in English WITHOUT reasoning or explanation. [/INST]Statement 1 is true, and statement 2 is false.</s>'
  Decoded padded text (298 chars):
    '</s></s><s> [INST] Statement 1 | Every group of order 42 has a normal subgroup of order 7. Statement 2 | Every group of order 42 has a normal subgroup of order 8.\n\nPlease CONCISELY answer the question in English WITHOUT reasoning or explanation. [/INST]Statement 1 is true, and statement 2 is false'
  Setting perplexity to 1.0
WARNING: Unpadded sequence not found in padded sequence for entry 26 (lang: en)
  Error: Unpadded sequence (len=81) not found as contiguous subsequence in padded sequence (len=81). First 10 unpadded: [1, 733, 16289, 28793, 28055, 28705, 28740, 342, 4203, 2071], padded: [2, 2, 1, 733, 16289, 28793, 28055, 28705, 28740, 342, 4203, 2071, 302, 1745, 28705, 28781, 28750, 659, 264, 4123, 1083, 3063, 302, 1745, 28705, 28787, 28723, 28055, 28705, 28750, 342, 4203, 2071, 302, 1745, 28705, 28781, 28750, 659, 264, 4123, 1083, 3063, 302, 1745, 28705, 28783, 28723, 13, 13, 12069, 4192, 5726, 1151, 9880, 4372, 272, 2996, 297, 4300, 8292, 24685, 442, 13268, 28723, 733, 28748, 16289, 28793, 9299, 28705, 28740, 349, 1341, 28725, 304, 6251, 28705, 28750, 349, 1132]
  Decoded unpadded text (295 chars):
    '<s> [INST] Statement 1 | Every group of order 42 has a normal subgroup of order 7. Statement 2 | Every group of order 42 has a normal subgroup of order 8.\n\nPlease CONCISELY answer the question in English WITHOUT reasoning or explanation. [/INST]Statement 1 is false, and statement 2 is true.</s>'
  Decoded padded text (298 chars):
    '</s></s><s> [INST] Statement 1 | Every group of order 42 has a normal subgroup of order 7. Statement 2 | Every group of order 42 has a normal subgroup of order 8.\n\nPlease CONCISELY answer the question in English WITHOUT reasoning or explanation. [/INST]Statement 1 is false, and statement 2 is true'
  Setting perplexity to 1.0
Perplexity: Written 30/85610 entries to perplexity result file (batch 5/14269)
Processing batch 6/14269
WARNING: Unpadded sequence not found in padded sequence for entry 27 (lang: en)
  Error: Unpadded sequence (len=75) not found as contiguous subsequence in padded sequence (len=75). First 10 unpadded: [1, 733, 16289, 28793, 5158, 21824, 3161, 272, 22879, 297], padded: [2, 2, 2, 2, 2, 2, 2, 2, 2, 2, 2, 2, 1, 733, 16289, 28793, 5158, 21824, 3161, 272, 22879, 297, 1054, 28792, 28744, 28793, 19546, 396, 20924, 6559, 3190, 263, 296, 354, 14872, 6014, 3032, 754, 1186, 28723, 28705, 28783, 28744, 28815, 28770, 648, 28705, 28784, 28744, 28815, 28750, 387, 28705, 28774, 28744, 648, 28705, 28750, 28781, 13, 13, 12069, 4192, 5726, 1151, 9880, 4372, 272, 2996, 297, 4300, 8292, 24685, 442, 13268]
  Decoded unpadded text (242 chars):
    '<s> [INST] Determine whether the polynomial in Z[x] satisfies an Eisenstein criterion for irreducibility over Q. 8x^3 + 6x^2 - 9x + 24\n\nPlease CONCISELY answer the question in English WITHOUT reasoning or explanation. [/INST]yes, with p=3</s>'
  Decoded padded text (264 chars):
    '</s></s></s></s></s></s></s></s></s></s></s></s><s> [INST] Determine whether the polynomial in Z[x] satisfies an Eisenstein criterion for irreducibility over Q. 8x^3 + 6x^2 - 9x + 24\n\nPlease CONCISELY answer the question in English WITHOUT reasoning or explanation'
  Setting perplexity to 1.0
WARNING: Unpadded sequence not found in padded sequence for entry 27 (lang: en)
  Error: Unpadded sequence (len=75) not found as contiguous subsequence in padded sequence (len=75). First 10 unpadded: [1, 733, 16289, 28793, 5158, 21824, 3161, 272, 22879, 297], padded: [2, 2, 2, 2, 2, 2, 2, 2, 2, 2, 2, 2, 1, 733, 16289, 28793, 5158, 21824, 3161, 272, 22879, 297, 1054, 28792, 28744, 28793, 19546, 396, 20924, 6559, 3190, 263, 296, 354, 14872, 6014, 3032, 754, 1186, 28723, 28705, 28783, 28744, 28815, 28770, 648, 28705, 28784, 28744, 28815, 28750, 387, 28705, 28774, 28744, 648, 28705, 28750, 28781, 13, 13, 12069, 4192, 5726, 1151, 9880, 4372, 272, 2996, 297, 4300, 8292, 24685, 442, 13268]
  Decoded unpadded text (242 chars):
    '<s> [INST] Determine whether the polynomial in Z[x] satisfies an Eisenstein criterion for irreducibility over Q. 8x^3 + 6x^2 - 9x + 24\n\nPlease CONCISELY answer the question in English WITHOUT reasoning or explanation. [/INST]yes, with p=5</s>'
  Decoded padded text (264 chars):
    '</s></s></s></s></s></s></s></s></s></s></s></s><s> [INST] Determine whether the polynomial in Z[x] satisfies an Eisenstein criterion for irreducibility over Q. 8x^3 + 6x^2 - 9x + 24\n\nPlease CONCISELY answer the question in English WITHOUT reasoning or explanation'
  Setting perplexity to 1.0
WARNING: Unpadded sequence not found in padded sequence for entry 29 (lang: en)
  Error: Unpadded sequence (len=75) not found as contiguous subsequence in padded sequence (len=75). First 10 unpadded: [1, 733, 16289, 28793, 28055, 28705, 28740, 342, 415, 3153], padded: [2, 2, 2, 2, 2, 2, 2, 2, 2, 2, 2, 2, 1, 733, 16289, 28793, 28055, 28705, 28740, 342, 415, 3153, 22631, 3469, 302, 264, 14211, 294, 2071, 349, 14211, 294, 28723, 28055, 28705, 28750, 342, 415, 3153, 22631, 3469, 302, 396, 2484, 301, 753, 2071, 349, 2484, 301, 753, 28723, 13, 13, 12069, 4192, 5726, 1151, 9880, 4372, 272, 2996, 297, 4300, 8292, 24685, 442, 13268, 28723, 733, 28748, 16289, 28793, 9299, 28705]
  Decoded unpadded text (279 chars):
    '<s> [INST] Statement 1 | The homomorphic image of a cyclic group is cyclic. Statement 2 | The homomorphic image of an Abelian group is Abelian.\n\nPlease CONCISELY answer the question in English WITHOUT reasoning or explanation. [/INST]Statement 1 is true.\nStatement 2 is true.</s>'
  Decoded padded text (292 chars):
    '</s></s></s></s></s></s></s></s></s></s></s></s><s> [INST] Statement 1 | The homomorphic image of a cyclic group is cyclic. Statement 2 | The homomorphic image of an Abelian group is Abelian.\n\nPlease CONCISELY answer the question in English WITHOUT reasoning or explanation. [/INST]Statement '
  Setting perplexity to 1.0
WARNING: Unpadded sequence not found in padded sequence for entry 29 (lang: en)
  Error: Unpadded sequence (len=75) not found as contiguous subsequence in padded sequence (len=75). First 10 unpadded: [1, 733, 16289, 28793, 28055, 28705, 28740, 342, 415, 3153], padded: [2, 2, 2, 2, 2, 2, 2, 2, 2, 2, 2, 2, 1, 733, 16289, 28793, 28055, 28705, 28740, 342, 415, 3153, 22631, 3469, 302, 264, 14211, 294, 2071, 349, 14211, 294, 28723, 28055, 28705, 28750, 342, 415, 3153, 22631, 3469, 302, 396, 2484, 301, 753, 2071, 349, 2484, 301, 753, 28723, 13, 13, 12069, 4192, 5726, 1151, 9880, 4372, 272, 2996, 297, 4300, 8292, 24685, 442, 13268, 28723, 733, 28748, 16289, 28793, 9299, 28705]
  Decoded unpadded text (281 chars):
    '<s> [INST] Statement 1 | The homomorphic image of a cyclic group is cyclic. Statement 2 | The homomorphic image of an Abelian group is Abelian.\n\nPlease CONCISELY answer the question in English WITHOUT reasoning or explanation. [/INST]Statement 1 is false.\nStatement 2 is false.</s>'
  Decoded padded text (292 chars):
    '</s></s></s></s></s></s></s></s></s></s></s></s><s> [INST] Statement 1 | The homomorphic image of a cyclic group is cyclic. Statement 2 | The homomorphic image of an Abelian group is Abelian.\n\nPlease CONCISELY answer the question in English WITHOUT reasoning or explanation. [/INST]Statement '
  Setting perplexity to 1.0
Perplexity: Written 36/85610 entries to perplexity result file (batch 6/14269)
Processing batch 7/14269
WARNING: Unpadded sequence not found in padded sequence for entry 30 (lang: en)
  Error: Unpadded sequence (len=91) not found as contiguous subsequence in padded sequence (len=91). First 10 unpadded: [1, 733, 16289, 28793, 28055, 28705, 28740, 342, 1047, 382], padded: [2, 2, 2, 2, 1, 733, 16289, 28793, 28055, 28705, 28740, 342, 1047, 382, 349, 264, 1083, 3063, 302, 264, 2071, 420, 304, 264, 17827, 298, 420, 28725, 868, 264, 28769, 327, 7737, 28723, 28055, 28705, 28750, 342, 1047, 382, 349, 4123, 302, 420, 304, 264, 17827, 298, 420, 28725, 868, 27069, 327, 3631, 354, 544, 295, 297, 382, 28723, 13, 13, 12069, 4192, 5726, 1151, 9880, 4372, 272, 2996, 297, 4300, 8292, 24685, 442, 13268, 28723, 733, 28748, 16289, 28793, 9299, 28705, 28740, 349, 1341, 28725, 1312, 28055, 28705, 28750]
  Decoded unpadded text (317 chars):
    '<s> [INST] Statement 1 | If H is a subgroup of a group G and a belongs to G, then aH = Ha. Statement 2 | If H is normal of G and a belongs to G, then ah = ha for all h in H.\n\nPlease CONCISELY answer the question in English WITHOUT reasoning or explanation. [/INST]Statement 1 is false, while Statement 2 is false.</s>'
  Decoded padded text (319 chars):
    '</s></s></s></s><s> [INST] Statement 1 | If H is a subgroup of a group G and a belongs to G, then aH = Ha. Statement 2 | If H is normal of G and a belongs to G, then ah = ha for all h in H.\n\nPlease CONCISELY answer the question in English WITHOUT reasoning or explanation. [/INST]Statement 1 is false, while Statement 2'
  Setting perplexity to 1.0
WARNING: Unpadded sequence not found in padded sequence for entry 30 (lang: en)
  Error: Unpadded sequence (len=91) not found as contiguous subsequence in padded sequence (len=91). First 10 unpadded: [1, 733, 16289, 28793, 28055, 28705, 28740, 342, 1047, 382], padded: [2, 2, 2, 2, 1, 733, 16289, 28793, 28055, 28705, 28740, 342, 1047, 382, 349, 264, 1083, 3063, 302, 264, 2071, 420, 304, 264, 17827, 298, 420, 28725, 868, 264, 28769, 327, 7737, 28723, 28055, 28705, 28750, 342, 1047, 382, 349, 4123, 302, 420, 304, 264, 17827, 298, 420, 28725, 868, 27069, 327, 3631, 354, 544, 295, 297, 382, 28723, 13, 13, 12069, 4192, 5726, 1151, 9880, 4372, 272, 2996, 297, 4300, 8292, 24685, 442, 13268, 28723, 733, 28748, 16289, 28793, 9299, 28705, 28740, 349, 1132, 28725, 1312, 28055, 28705, 28750]
  Decoded unpadded text (316 chars):
    '<s> [INST] Statement 1 | If H is a subgroup of a group G and a belongs to G, then aH = Ha. Statement 2 | If H is normal of G and a belongs to G, then ah = ha for all h in H.\n\nPlease CONCISELY answer the question in English WITHOUT reasoning or explanation. [/INST]Statement 1 is true, while Statement 2 is false.</s>'
  Decoded padded text (318 chars):
    '</s></s></s></s><s> [INST] Statement 1 | If H is a subgroup of a group G and a belongs to G, then aH = Ha. Statement 2 | If H is normal of G and a belongs to G, then ah = ha for all h in H.\n\nPlease CONCISELY answer the question in English WITHOUT reasoning or explanation. [/INST]Statement 1 is true, while Statement 2'
  Setting perplexity to 1.0
WARNING: Unpadded sequence not found in padded sequence for entry 31 (lang: en)
  Error: Unpadded sequence (len=67) not found as contiguous subsequence in padded sequence (len=67). First 10 unpadded: [1, 733, 16289, 28793, 1047, 325, 28777, 28725, 842, 28731], padded: [2, 2, 2, 2, 2, 2, 2, 2, 2, 2, 2, 2, 2, 2, 2, 2, 2, 2, 2, 2, 2, 2, 2, 2, 2, 2, 2, 2, 1, 733, 16289, 28793, 1047, 325, 28777, 28725, 842, 28731, 349, 264, 2071, 1259, 369, 325, 375, 7981, 28733, 28740, 327, 264, 18092, 28740, 28726, 18092, 28740, 28725, 354, 544, 264, 28725, 287, 297, 420, 28725, 868, 420, 349]
  Decoded unpadded text (203 chars):
    '<s> [INST] If (G, .) is a group such that (ab)^-1 = a^-1b^-1, for all a, b in G, then G is a/an\n\nPlease CONCISELY answer the question in English WITHOUT reasoning or explanation. [/INST]abelian group</s>'
  Decoded padded text (202 chars):
    '</s></s></s></s></s></s></s></s></s></s></s></s></s></s></s></s></s></s></s></s></s></s></s></s></s></s></s></s><s> [INST] If (G, .) is a group such that (ab)^-1 = a^-1b^-1, for all a, b in G, then G is'
  Setting perplexity to 1.0
WARNING: Unpadded sequence not found in padded sequence for entry 31 (lang: en)
  Error: Unpadded sequence (len=69) not found as contiguous subsequence in padded sequence (len=69). First 10 unpadded: [1, 733, 16289, 28793, 1047, 325, 28777, 28725, 842, 28731], padded: [2, 2, 2, 2, 2, 2, 2, 2, 2, 2, 2, 2, 2, 2, 2, 2, 2, 2, 2, 2, 2, 2, 2, 2, 2, 2, 1, 733, 16289, 28793, 1047, 325, 28777, 28725, 842, 28731, 349, 264, 2071, 1259, 369, 325, 375, 7981, 28733, 28740, 327, 264, 18092, 28740, 28726, 18092, 28740, 28725, 354, 544, 264, 28725, 287, 297, 420, 28725, 868, 420, 349, 264, 28748, 276, 13]
  Decoded unpadded text (207 chars):
    '<s> [INST] If (G, .) is a group such that (ab)^-1 = a^-1b^-1, for all a, b in G, then G is a/an\n\nPlease CONCISELY answer the question in English WITHOUT reasoning or explanation. [/INST]non-abelian group</s>'
  Decoded padded text (200 chars):
    '</s></s></s></s></s></s></s></s></s></s></s></s></s></s></s></s></s></s></s></s></s></s></s></s></s></s><s> [INST] If (G, .) is a group such that (ab)^-1 = a^-1b^-1, for all a, b in G, then G is a/an\n'
  Setting perplexity to 1.0
Perplexity: Written 42/85610 entries to perplexity result file (batch 7/14269)
Processing batch 8/14269
WARNING: Unpadded sequence not found in padded sequence for entry 37 (lang: en)
  Error: Unpadded sequence (len=91) not found as contiguous subsequence in padded sequence (len=91). First 10 unpadded: [1, 733, 16289, 28793, 5158, 21824, 3161, 272, 22879, 297], padded: [2, 2, 2, 2, 2, 2, 2, 2, 2, 2, 2, 2, 2, 2, 2, 2, 2, 1, 733, 16289, 28793, 5158, 21824, 3161, 272, 22879, 297, 1054, 28792, 28744, 28793, 19546, 396, 20924, 6559, 3190, 263, 296, 354, 14872, 6014, 3032, 754, 1186, 28723, 1318, 28815, 28750, 387, 28705, 28740, 28750, 13, 13, 12069, 4192, 5726, 1151, 9880, 4372, 272, 2996, 297, 4300, 8292, 24685, 442, 13268, 28723, 733, 28748, 16289, 28793, 2501, 28725, 272, 22879, 1318, 28815, 28750, 387, 28705, 28740, 28750, 1235, 459, 15836, 396, 20924, 6559, 3190]
  Decoded unpadded text (326 chars):
    '<s> [INST] Determine whether the polynomial in Z[x] satisfies an Eisenstein criterion for irreducibility over Q. x^2 - 12\n\nPlease CONCISELY answer the question in English WITHOUT reasoning or explanation. [/INST]No, the polynomial x^2 - 12 does not satisfy an Eisenstein criterion for irreducibility over Q. Yes, with p=3.</s>'
  Decoded padded text (343 chars):
    '</s></s></s></s></s></s></s></s></s></s></s></s></s></s></s></s></s><s> [INST] Determine whether the polynomial in Z[x] satisfies an Eisenstein criterion for irreducibility over Q. x^2 - 12\n\nPlease CONCISELY answer the question in English WITHOUT reasoning or explanation. [/INST]No, the polynomial x^2 - 12 does not satisfy an Eisenstein crit'
  Setting perplexity to 1.0
WARNING: Unpadded sequence not found in padded sequence for entry 37 (lang: en)
  Error: Unpadded sequence (len=91) not found as contiguous subsequence in padded sequence (len=91). First 10 unpadded: [1, 733, 16289, 28793, 5158, 21824, 3161, 272, 22879, 297], padded: [2, 2, 2, 2, 2, 2, 2, 2, 2, 2, 2, 2, 2, 2, 2, 2, 2, 1, 733, 16289, 28793, 5158, 21824, 3161, 272, 22879, 297, 1054, 28792, 28744, 28793, 19546, 396, 20924, 6559, 3190, 263, 296, 354, 14872, 6014, 3032, 754, 1186, 28723, 1318, 28815, 28750, 387, 28705, 28740, 28750, 13, 13, 12069, 4192, 5726, 1151, 9880, 4372, 272, 2996, 297, 4300, 8292, 24685, 442, 13268, 28723, 733, 28748, 16289, 28793, 2501, 28725, 272, 22879, 1318, 28815, 28750, 387, 28705, 28740, 28750, 1235, 459, 15836, 396, 20924, 6559, 3190]
  Decoded unpadded text (326 chars):
    '<s> [INST] Determine whether the polynomial in Z[x] satisfies an Eisenstein criterion for irreducibility over Q. x^2 - 12\n\nPlease CONCISELY answer the question in English WITHOUT reasoning or explanation. [/INST]No, the polynomial x^2 - 12 does not satisfy an Eisenstein criterion for irreducibility over Q. Yes, with p=5.</s>'
  Decoded padded text (343 chars):
    '</s></s></s></s></s></s></s></s></s></s></s></s></s></s></s></s></s><s> [INST] Determine whether the polynomial in Z[x] satisfies an Eisenstein criterion for irreducibility over Q. x^2 - 12\n\nPlease CONCISELY answer the question in English WITHOUT reasoning or explanation. [/INST]No, the polynomial x^2 - 12 does not satisfy an Eisenstein crit'
  Setting perplexity to 1.0
WARNING: Unpadded sequence not found in padded sequence for entry 39 (lang: en)
  Error: Unpadded sequence (len=62) not found as contiguous subsequence in padded sequence (len=62). First 10 unpadded: [1, 733, 16289, 28793, 28055, 28705, 28740, 342, 4203, 660], padded: [2, 2, 2, 2, 2, 2, 2, 2, 2, 2, 2, 2, 2, 2, 2, 2, 2, 2, 2, 2, 2, 2, 2, 2, 2, 2, 2, 2, 2, 2, 2, 2, 2, 2, 2, 2, 2, 2, 2, 2, 2, 2, 2, 2, 2, 2, 1, 733, 16289, 28793, 28055, 28705, 28740, 342, 4203, 660, 3244, 352, 349, 264, 10061, 28723]
  Decoded unpadded text (252 chars):
    '<s> [INST] Statement 1 | Every permutation is a cycle. Statement 2 | Every cycle is a permutation.\n\nPlease CONCISELY answer the question in English WITHOUT reasoning or explanation. [/INST]The first statement is false. The second statement is true.</s>'
  Decoded padded text (238 chars):
    '</s></s></s></s></s></s></s></s></s></s></s></s></s></s></s></s></s></s></s></s></s></s></s></s></s></s></s></s></s></s></s></s></s></s></s></s></s></s></s></s></s></s></s></s></s></s><s> [INST] Statement 1 | Every permutation is a cycle.'
  Setting perplexity to 1.0
WARNING: Unpadded sequence not found in padded sequence for entry 39 (lang: en)
  Error: Unpadded sequence (len=62) not found as contiguous subsequence in padded sequence (len=62). First 10 unpadded: [1, 733, 16289, 28793, 28055, 28705, 28740, 342, 4203, 660], padded: [2, 2, 2, 2, 2, 2, 2, 2, 2, 2, 2, 2, 2, 2, 2, 2, 2, 2, 2, 2, 2, 2, 2, 2, 2, 2, 2, 2, 2, 2, 2, 2, 2, 2, 2, 2, 2, 2, 2, 2, 2, 2, 2, 2, 2, 2, 1, 733, 16289, 28793, 28055, 28705, 28740, 342, 4203, 660, 3244, 352, 349, 264, 10061, 28723]
  Decoded unpadded text (251 chars):
    '<s> [INST] Statement 1 | Every permutation is a cycle. Statement 2 | Every cycle is a permutation.\n\nPlease CONCISELY answer the question in English WITHOUT reasoning or explanation. [/INST]The first statement is true. The second statement is true.</s>'
  Decoded padded text (238 chars):
    '</s></s></s></s></s></s></s></s></s></s></s></s></s></s></s></s></s></s></s></s></s></s></s></s></s></s></s></s></s></s></s></s></s></s></s></s></s></s></s></s></s></s></s></s></s></s><s> [INST] Statement 1 | Every permutation is a cycle.'
  Setting perplexity to 1.0
Perplexity: Written 48/85610 entries to perplexity result file (batch 8/14269)
Processing batch 9/14269
WARNING: Unpadded sequence not found in padded sequence for entry 43 (lang: en)
  Error: Unpadded sequence (len=65) not found as contiguous subsequence in padded sequence (len=65). First 10 unpadded: [1, 733, 16289, 28793, 28055, 28705, 28740, 342, 4203, 15558], padded: [2, 2, 2, 2, 2, 2, 2, 2, 2, 2, 2, 2, 2, 2, 2, 2, 2, 2, 2, 2, 2, 2, 2, 2, 2, 2, 2, 2, 2, 2, 2, 2, 2, 2, 2, 2, 2, 2, 2, 1, 733, 16289, 28793, 28055, 28705, 28740, 342, 4203, 15558, 7966, 395, 17845, 28705, 28734, 349, 16538, 28723, 28055, 28705, 28750, 342, 4203, 15558, 7966, 395]
  Decoded unpadded text (291 chars):
    '<s> [INST] Statement 1 | Every integral domain with characteristic 0 is infinite. Statement 2 | Every integral domain with prime characteristic is finite.\n\nPlease CONCISELY answer the question in English WITHOUT reasoning or explanation. [/INST]Statement 1 is true. Statement 2 is false.</s>'
  Decoded padded text (278 chars):
    '</s></s></s></s></s></s></s></s></s></s></s></s></s></s></s></s></s></s></s></s></s></s></s></s></s></s></s></s></s></s></s></s></s></s></s></s></s></s></s><s> [INST] Statement 1 | Every integral domain with characteristic 0 is infinite. Statement 2 | Every integral domain with'
  Setting perplexity to 1.0
WARNING: Unpadded sequence not found in padded sequence for entry 43 (lang: en)
  Error: Unpadded sequence (len=65) not found as contiguous subsequence in padded sequence (len=65). First 10 unpadded: [1, 733, 16289, 28793, 28055, 28705, 28740, 342, 4203, 15558], padded: [2, 2, 2, 2, 2, 2, 2, 2, 2, 2, 2, 2, 2, 2, 2, 2, 2, 2, 2, 2, 2, 2, 2, 2, 2, 2, 2, 2, 2, 2, 2, 2, 2, 2, 2, 2, 2, 2, 2, 1, 733, 16289, 28793, 28055, 28705, 28740, 342, 4203, 15558, 7966, 395, 17845, 28705, 28734, 349, 16538, 28723, 28055, 28705, 28750, 342, 4203, 15558, 7966, 395]
  Decoded unpadded text (291 chars):
    '<s> [INST] Statement 1 | Every integral domain with characteristic 0 is infinite. Statement 2 | Every integral domain with prime characteristic is finite.\n\nPlease CONCISELY answer the question in English WITHOUT reasoning or explanation. [/INST]Statement 1 is false. Statement 2 is true.</s>'
  Decoded padded text (278 chars):
    '</s></s></s></s></s></s></s></s></s></s></s></s></s></s></s></s></s></s></s></s></s></s></s></s></s></s></s></s></s></s></s></s></s></s></s></s></s></s></s><s> [INST] Statement 1 | Every integral domain with characteristic 0 is infinite. Statement 2 | Every integral domain with'
  Setting perplexity to 1.0
WARNING: Unpadded sequence not found in padded sequence for entry 44 (lang: en)
  Error: Unpadded sequence (len=103) not found as contiguous subsequence in padded sequence (len=103). First 10 unpadded: [1, 733, 16289, 28793, 3169, 330, 304, 365, 347, 6491], padded: [2, 1, 733, 16289, 28793, 3169, 330, 304, 365, 347, 6491, 28725, 285, 28747, 330, 3193, 365, 304, 319, 28747, 365, 3193, 330, 347, 5572, 1259, 369, 354, 544, 264, 414, 262, 330, 28725, 319, 28732, 28722, 28732, 28708, 743, 327, 264, 28723, 28055, 28705, 28740, 342, 415, 908, 285, 1580, 11867, 347, 16453, 495, 28723, 28055, 28705, 28750, 342, 415, 908, 285, 1580, 11867, 347, 1147, 664, 495, 28723, 13, 13, 12069, 4192, 5726, 1151, 9880, 4372, 272, 2996, 297, 4300, 8292, 24685, 442, 13268, 28723, 733, 28748, 16289, 28793, 9299, 28705, 28740, 349, 1132, 28723, 28055, 28705, 28750, 349, 1341, 28723]
  Decoded unpadded text (366 chars):
    '<s> [INST] Let A and B be sets, f: A -> B and g: B -> A be functions such that for all a \\in A, g(f(a)) = a. Statement 1 | The function f must necessarily be injective. Statement 2 | The function f must necessarily be surjective.\n\nPlease CONCISELY answer the question in English WITHOUT reasoning or explanation. [/INST]Statement 1 is true. Statement 2 is false.</s>'
  Decoded padded text (366 chars):
    '</s><s> [INST] Let A and B be sets, f: A -> B and g: B -> A be functions such that for all a \\in A, g(f(a)) = a. Statement 1 | The function f must necessarily be injective. Statement 2 | The function f must necessarily be surjective.\n\nPlease CONCISELY answer the question in English WITHOUT reasoning or explanation. [/INST]Statement 1 is true. Statement 2 is false.'
  Setting perplexity to 1.0
WARNING: Unpadded sequence not found in padded sequence for entry 44 (lang: en)
  Error: Unpadded sequence (len=103) not found as contiguous subsequence in padded sequence (len=103). First 10 unpadded: [1, 733, 16289, 28793, 3169, 330, 304, 365, 347, 6491], padded: [2, 1, 733, 16289, 28793, 3169, 330, 304, 365, 347, 6491, 28725, 285, 28747, 330, 3193, 365, 304, 319, 28747, 365, 3193, 330, 347, 5572, 1259, 369, 354, 544, 264, 414, 262, 330, 28725, 319, 28732, 28722, 28732, 28708, 743, 327, 264, 28723, 28055, 28705, 28740, 342, 415, 908, 285, 1580, 11867, 347, 16453, 495, 28723, 28055, 28705, 28750, 342, 415, 908, 285, 1580, 11867, 347, 1147, 664, 495, 28723, 13, 13, 12069, 4192, 5726, 1151, 9880, 4372, 272, 2996, 297, 4300, 8292, 24685, 442, 13268, 28723, 733, 28748, 16289, 28793, 9299, 28705, 28740, 349, 1341, 28723, 28055, 28705, 28750, 349, 1132, 28723]
  Decoded unpadded text (366 chars):
    '<s> [INST] Let A and B be sets, f: A -> B and g: B -> A be functions such that for all a \\in A, g(f(a)) = a. Statement 1 | The function f must necessarily be injective. Statement 2 | The function f must necessarily be surjective.\n\nPlease CONCISELY answer the question in English WITHOUT reasoning or explanation. [/INST]Statement 1 is false. Statement 2 is true.</s>'
  Decoded padded text (366 chars):
    '</s><s> [INST] Let A and B be sets, f: A -> B and g: B -> A be functions such that for all a \\in A, g(f(a)) = a. Statement 1 | The function f must necessarily be injective. Statement 2 | The function f must necessarily be surjective.\n\nPlease CONCISELY answer the question in English WITHOUT reasoning or explanation. [/INST]Statement 1 is false. Statement 2 is true.'
  Setting perplexity to 1.0
Perplexity: Written 54/85610 entries to perplexity result file (batch 9/14269)
Processing batch 10/14269
WARNING: Unpadded sequence not found in padded sequence for entry 45 (lang: en)
  Error: Unpadded sequence (len=77) not found as contiguous subsequence in padded sequence (len=77). First 10 unpadded: [1, 733, 16289, 28793, 28055, 28705, 28740, 342, 1263, 707], padded: [2, 2, 2, 2, 2, 2, 2, 2, 2, 2, 2, 2, 2, 2, 2, 2, 2, 2, 2, 2, 2, 2, 2, 2, 2, 2, 2, 2, 2, 2, 2, 1, 733, 16289, 28793, 28055, 28705, 28740, 342, 1263, 707, 989, 4938, 420, 304, 420, 647, 736, 6608, 264, 3153, 19906, 302, 420, 778, 420, 4135, 28055, 28705, 28750, 342, 4203, 3153, 19906, 349, 264, 624, 28733, 532, 28733, 538, 3341, 28723, 13, 13, 12069, 4192]
  Decoded unpadded text (290 chars):
    "<s> [INST] Statement 1 | For any two groups G and G', there exists a homomorphism of G into G'. Statement 2 | Every homomorphism is a one-to-one map.\n\nPlease CONCISELY answer the question in English WITHOUT reasoning or explanation. [/INST]Statement 1 is true, and Statement 2 is false.</s>"
  Decoded padded text (285 chars):
    "</s></s></s></s></s></s></s></s></s></s></s></s></s></s></s></s></s></s></s></s></s></s></s></s></s></s></s></s></s></s></s><s> [INST] Statement 1 | For any two groups G and G', there exists a homomorphism of G into G'. Statement 2 | Every homomorphism is a one-to-one map.\n\nPlease CON"
  Setting perplexity to 1.0
WARNING: Unpadded sequence not found in padded sequence for entry 45 (lang: en)
  Error: Unpadded sequence (len=77) not found as contiguous subsequence in padded sequence (len=77). First 10 unpadded: [1, 733, 16289, 28793, 28055, 28705, 28740, 342, 1263, 707], padded: [2, 2, 2, 2, 2, 2, 2, 2, 2, 2, 2, 2, 2, 2, 2, 2, 2, 2, 2, 2, 2, 2, 2, 2, 2, 2, 2, 2, 2, 2, 2, 1, 733, 16289, 28793, 28055, 28705, 28740, 342, 1263, 707, 989, 4938, 420, 304, 420, 647, 736, 6608, 264, 3153, 19906, 302, 420, 778, 420, 4135, 28055, 28705, 28750, 342, 4203, 3153, 19906, 349, 264, 624, 28733, 532, 28733, 538, 3341, 28723, 13, 13, 12069, 4192]
  Decoded unpadded text (290 chars):
    "<s> [INST] Statement 1 | For any two groups G and G', there exists a homomorphism of G into G'. Statement 2 | Every homomorphism is a one-to-one map.\n\nPlease CONCISELY answer the question in English WITHOUT reasoning or explanation. [/INST]Statement 1 is false, and Statement 2 is true.</s>"
  Decoded padded text (285 chars):
    "</s></s></s></s></s></s></s></s></s></s></s></s></s></s></s></s></s></s></s></s></s></s></s></s></s></s></s></s></s></s></s><s> [INST] Statement 1 | For any two groups G and G', there exists a homomorphism of G into G'. Statement 2 | Every homomorphism is a one-to-one map.\n\nPlease CON"
  Setting perplexity to 1.0
WARNING: Unpadded sequence not found in padded sequence for entry 46 (lang: en)
  Error: Unpadded sequence (len=76) not found as contiguous subsequence in padded sequence (len=76). First 10 unpadded: [1, 733, 16289, 28793, 28055, 28705, 28740, 342, 330, 3153], padded: [2, 2, 2, 2, 2, 2, 2, 2, 2, 2, 2, 2, 2, 2, 2, 2, 2, 2, 2, 2, 2, 2, 2, 2, 2, 2, 2, 2, 2, 2, 2, 2, 1, 733, 16289, 28793, 28055, 28705, 28740, 342, 330, 3153, 19906, 993, 506, 396, 4606, 13653, 28723, 28055, 28705, 28750, 342, 661, 349, 459, 2572, 298, 506, 264, 307, 677, 14805, 3153, 19906, 302, 741, 10789, 2071, 778, 741, 16538, 2071, 28723, 13, 13]
  Decoded unpadded text (317 chars):
    '<s> [INST] Statement 1 | A homomorphism may have an empty kernel. Statement 2 | It is not possible to have a nontrivial homomorphism of some finite group into some infinite group.\n\nPlease CONCISELY answer the question in English WITHOUT reasoning or explanation. [/INST]Statement 1 is false. Statement 2 is false.</s>'
  Decoded padded text (309 chars):
    '</s></s></s></s></s></s></s></s></s></s></s></s></s></s></s></s></s></s></s></s></s></s></s></s></s></s></s></s></s></s></s></s><s> [INST] Statement 1 | A homomorphism may have an empty kernel. Statement 2 | It is not possible to have a nontrivial homomorphism of some finite group into some infinite group.\n\n'
  Setting perplexity to 1.0
WARNING: Unpadded sequence not found in padded sequence for entry 46 (lang: en)
  Error: Unpadded sequence (len=76) not found as contiguous subsequence in padded sequence (len=76). First 10 unpadded: [1, 733, 16289, 28793, 28055, 28705, 28740, 342, 330, 3153], padded: [2, 2, 2, 2, 2, 2, 2, 2, 2, 2, 2, 2, 2, 2, 2, 2, 2, 2, 2, 2, 2, 2, 2, 2, 2, 2, 2, 2, 2, 2, 2, 2, 1, 733, 16289, 28793, 28055, 28705, 28740, 342, 330, 3153, 19906, 993, 506, 396, 4606, 13653, 28723, 28055, 28705, 28750, 342, 661, 349, 459, 2572, 298, 506, 264, 307, 677, 14805, 3153, 19906, 302, 741, 10789, 2071, 778, 741, 16538, 2071, 28723, 13, 13]
  Decoded unpadded text (316 chars):
    '<s> [INST] Statement 1 | A homomorphism may have an empty kernel. Statement 2 | It is not possible to have a nontrivial homomorphism of some finite group into some infinite group.\n\nPlease CONCISELY answer the question in English WITHOUT reasoning or explanation. [/INST]Statement 1 is true. Statement 2 is false.</s>'
  Decoded padded text (309 chars):
    '</s></s></s></s></s></s></s></s></s></s></s></s></s></s></s></s></s></s></s></s></s></s></s></s></s></s></s></s></s></s></s></s><s> [INST] Statement 1 | A homomorphism may have an empty kernel. Statement 2 | It is not possible to have a nontrivial homomorphism of some finite group into some infinite group.\n\n'
  Setting perplexity to 1.0
Perplexity: Written 60/85610 entries to perplexity result file (batch 10/14269)
Processing batch 11/14269
WARNING: Unpadded sequence not found in padded sequence for entry 50 (lang: en)
  Error: Unpadded sequence (len=66) not found as contiguous subsequence in padded sequence (len=66). First 10 unpadded: [1, 733, 16289, 28793, 28055, 28705, 28740, 342, 4203, 2128], padded: [2, 2, 2, 2, 2, 2, 2, 2, 2, 2, 2, 2, 2, 2, 2, 2, 2, 2, 2, 2, 2, 2, 2, 2, 2, 2, 2, 2, 2, 2, 2, 2, 2, 2, 2, 2, 2, 1, 733, 16289, 28793, 28055, 28705, 28740, 342, 4203, 2128, 28728, 522, 2071, 349, 302, 8139, 28733, 6468, 1745, 28723, 28055, 28705, 28750, 342, 4203, 2071, 302, 8139, 28733]
  Decoded unpadded text (260 chars):
    '<s> [INST] Statement 1 | Every solvable group is of prime-power order. Statement 2 | Every group of prime-power order is solvable.\n\nPlease CONCISELY answer the question in English WITHOUT reasoning or explanation. [/INST]The two statements are false, true.</s>'
  Decoded padded text (254 chars):
    '</s></s></s></s></s></s></s></s></s></s></s></s></s></s></s></s></s></s></s></s></s></s></s></s></s></s></s></s></s></s></s></s></s></s></s></s></s><s> [INST] Statement 1 | Every solvable group is of prime-power order. Statement 2 | Every group of prime-'
  Setting perplexity to 1.0
WARNING: Unpadded sequence not found in padded sequence for entry 50 (lang: en)
  Error: Unpadded sequence (len=66) not found as contiguous subsequence in padded sequence (len=66). First 10 unpadded: [1, 733, 16289, 28793, 28055, 28705, 28740, 342, 4203, 2128], padded: [2, 2, 2, 2, 2, 2, 2, 2, 2, 2, 2, 2, 2, 2, 2, 2, 2, 2, 2, 2, 2, 2, 2, 2, 2, 2, 2, 2, 2, 2, 2, 2, 2, 2, 2, 2, 2, 1, 733, 16289, 28793, 28055, 28705, 28740, 342, 4203, 2128, 28728, 522, 2071, 349, 302, 8139, 28733, 6468, 1745, 28723, 28055, 28705, 28750, 342, 4203, 2071, 302, 8139, 28733]
  Decoded unpadded text (259 chars):
    '<s> [INST] Statement 1 | Every solvable group is of prime-power order. Statement 2 | Every group of prime-power order is solvable.\n\nPlease CONCISELY answer the question in English WITHOUT reasoning or explanation. [/INST]The two statements are true, true.</s>'
  Decoded padded text (254 chars):
    '</s></s></s></s></s></s></s></s></s></s></s></s></s></s></s></s></s></s></s></s></s></s></s></s></s></s></s></s></s></s></s></s></s></s></s></s></s><s> [INST] Statement 1 | Every solvable group is of prime-power order. Statement 2 | Every group of prime-'
  Setting perplexity to 1.0
WARNING: Unpadded sequence not found in padded sequence for entry 55 (lang: en)
  Error: Unpadded sequence (len=80) not found as contiguous subsequence in padded sequence (len=80). First 10 unpadded: [1, 733, 16289, 28793, 28055, 28705, 28740, 342, 4203, 1933], padded: [2, 2, 2, 2, 2, 2, 2, 2, 2, 2, 2, 2, 2, 2, 2, 2, 2, 2, 2, 2, 2, 2, 2, 1, 733, 16289, 28793, 28055, 28705, 28740, 342, 4203, 1933, 534, 301, 753, 2071, 349, 261, 734, 296, 1933, 28723, 28055, 28705, 28750, 342, 4203, 854, 279, 723, 7138, 261, 734, 296, 28733, 3669, 534, 301, 753, 2071, 349, 264, 1933, 534, 301, 753, 2071, 28723, 13, 13, 12069, 4192, 5726, 1151, 9880, 4372, 272, 2996, 297]
  Decoded unpadded text (293 chars):
    '<s> [INST] Statement 1 | Every free abelian group is torsion free. Statement 2 | Every finitely generated torsion-free abelian group is a free abelian group.\n\nPlease CONCISELY answer the question in English WITHOUT reasoning or explanation. [/INST]Statement 1 is true. Statement 2 is true.</s>'
  Decoded padded text (290 chars):
    '</s></s></s></s></s></s></s></s></s></s></s></s></s></s></s></s></s></s></s></s></s></s></s><s> [INST] Statement 1 | Every free abelian group is torsion free. Statement 2 | Every finitely generated torsion-free abelian group is a free abelian group.\n\nPlease CONCISELY answer the question in'
  Setting perplexity to 1.0
WARNING: Unpadded sequence not found in padded sequence for entry 55 (lang: en)
  Error: Unpadded sequence (len=80) not found as contiguous subsequence in padded sequence (len=80). First 10 unpadded: [1, 733, 16289, 28793, 28055, 28705, 28740, 342, 4203, 1933], padded: [2, 2, 2, 2, 2, 2, 2, 2, 2, 2, 2, 2, 2, 2, 2, 2, 2, 2, 2, 2, 2, 2, 2, 1, 733, 16289, 28793, 28055, 28705, 28740, 342, 4203, 1933, 534, 301, 753, 2071, 349, 261, 734, 296, 1933, 28723, 28055, 28705, 28750, 342, 4203, 854, 279, 723, 7138, 261, 734, 296, 28733, 3669, 534, 301, 753, 2071, 349, 264, 1933, 534, 301, 753, 2071, 28723, 13, 13, 12069, 4192, 5726, 1151, 9880, 4372, 272, 2996, 297]
  Decoded unpadded text (295 chars):
    '<s> [INST] Statement 1 | Every free abelian group is torsion free. Statement 2 | Every finitely generated torsion-free abelian group is a free abelian group.\n\nPlease CONCISELY answer the question in English WITHOUT reasoning or explanation. [/INST]Statement 1 is false. Statement 2 is false.</s>'
  Decoded padded text (290 chars):
    '</s></s></s></s></s></s></s></s></s></s></s></s></s></s></s></s></s></s></s></s></s></s></s><s> [INST] Statement 1 | Every free abelian group is torsion free. Statement 2 | Every finitely generated torsion-free abelian group is a free abelian group.\n\nPlease CONCISELY answer the question in'
  Setting perplexity to 1.0
Perplexity: Written 66/85610 entries to perplexity result file (batch 11/14269)
Processing batch 12/14269
WARNING: Unpadded sequence not found in padded sequence for entry 56 (lang: en)
  Error: Unpadded sequence (len=72) not found as contiguous subsequence in padded sequence (len=72). First 10 unpadded: [1, 733, 16289, 28793, 28055, 28705, 28740, 342, 28705, 28781], padded: [2, 2, 2, 2, 2, 2, 2, 2, 2, 2, 2, 2, 2, 2, 2, 2, 2, 2, 2, 2, 2, 2, 1, 733, 16289, 28793, 28055, 28705, 28740, 342, 28705, 28781, 28744, 387, 28705, 28750, 349, 14872, 6014, 1070, 754, 1054, 28723, 28055, 28705, 28750, 342, 28705, 28781, 28744, 387, 28705, 28750, 349, 14872, 6014, 1070, 754, 1186, 28723, 13, 13, 12069, 4192, 5726, 1151, 9880, 4372, 272, 2996, 297, 4300]
  Decoded unpadded text (252 chars):
    '<s> [INST] Statement 1 | 4x - 2 is irreducible over Z. Statement 2 | 4x - 2 is irreducible over Q.\n\nPlease CONCISELY answer the question in English WITHOUT reasoning or explanation. [/INST]The first statement is false. The second statement is true.</s>'
  Decoded padded text (235 chars):
    '</s></s></s></s></s></s></s></s></s></s></s></s></s></s></s></s></s></s></s></s></s></s><s> [INST] Statement 1 | 4x - 2 is irreducible over Z. Statement 2 | 4x - 2 is irreducible over Q.\n\nPlease CONCISELY answer the question in English'
  Setting perplexity to 1.0
WARNING: Unpadded sequence not found in padded sequence for entry 56 (lang: en)
  Error: Unpadded sequence (len=72) not found as contiguous subsequence in padded sequence (len=72). First 10 unpadded: [1, 733, 16289, 28793, 28055, 28705, 28740, 342, 28705, 28781], padded: [2, 2, 2, 2, 2, 2, 2, 2, 2, 2, 2, 2, 2, 2, 2, 2, 2, 2, 2, 2, 2, 2, 1, 733, 16289, 28793, 28055, 28705, 28740, 342, 28705, 28781, 28744, 387, 28705, 28750, 349, 14872, 6014, 1070, 754, 1054, 28723, 28055, 28705, 28750, 342, 28705, 28781, 28744, 387, 28705, 28750, 349, 14872, 6014, 1070, 754, 1186, 28723, 13, 13, 12069, 4192, 5726, 1151, 9880, 4372, 272, 2996, 297, 4300]
  Decoded unpadded text (251 chars):
    '<s> [INST] Statement 1 | 4x - 2 is irreducible over Z. Statement 2 | 4x - 2 is irreducible over Q.\n\nPlease CONCISELY answer the question in English WITHOUT reasoning or explanation. [/INST]The first statement is true. The second statement is true.</s>'
  Decoded padded text (235 chars):
    '</s></s></s></s></s></s></s></s></s></s></s></s></s></s></s></s></s></s></s></s></s></s><s> [INST] Statement 1 | 4x - 2 is irreducible over Z. Statement 2 | 4x - 2 is irreducible over Q.\n\nPlease CONCISELY answer the question in English'
  Setting perplexity to 1.0
WARNING: Unpadded sequence not found in padded sequence for entry 58 (lang: en)
  Error: Unpadded sequence (len=77) not found as contiguous subsequence in padded sequence (len=77). First 10 unpadded: [1, 733, 16289, 28793, 28055, 28705, 28740, 342, 4203, 2071], padded: [2, 2, 2, 2, 2, 2, 2, 2, 2, 2, 2, 2, 2, 2, 2, 2, 2, 1, 733, 16289, 28793, 28055, 28705, 28740, 342, 4203, 2071, 302, 1745, 28705, 28740, 28782, 28774, 349, 14211, 294, 28723, 28055, 28705, 28750, 342, 4203, 2071, 302, 1745, 28705, 28740, 28734, 28750, 659, 264, 307, 677, 14805, 4979, 4123, 1083, 3063, 28723, 13, 13, 12069, 4192, 5726, 1151, 9880, 4372, 272, 2996, 297, 4300, 8292, 24685, 442, 13268, 28723, 733]
  Decoded unpadded text (280 chars):
    '<s> [INST] Statement 1 | Every group of order 159 is cyclic. Statement 2 | Every group of order 102 has a nontrivial proper normal subgroup.\n\nPlease CONCISELY answer the question in English WITHOUT reasoning or explanation. [/INST]Statement 1 is true, and Statement 2 is true.</s>'
  Decoded padded text (293 chars):
    '</s></s></s></s></s></s></s></s></s></s></s></s></s></s></s></s></s><s> [INST] Statement 1 | Every group of order 159 is cyclic. Statement 2 | Every group of order 102 has a nontrivial proper normal subgroup.\n\nPlease CONCISELY answer the question in English WITHOUT reasoning or explanation. ['
  Setting perplexity to 1.0
WARNING: Unpadded sequence not found in padded sequence for entry 58 (lang: en)
  Error: Unpadded sequence (len=77) not found as contiguous subsequence in padded sequence (len=77). First 10 unpadded: [1, 733, 16289, 28793, 28055, 28705, 28740, 342, 4203, 2071], padded: [2, 2, 2, 2, 2, 2, 2, 2, 2, 2, 2, 2, 2, 2, 2, 2, 2, 1, 733, 16289, 28793, 28055, 28705, 28740, 342, 4203, 2071, 302, 1745, 28705, 28740, 28782, 28774, 349, 14211, 294, 28723, 28055, 28705, 28750, 342, 4203, 2071, 302, 1745, 28705, 28740, 28734, 28750, 659, 264, 307, 677, 14805, 4979, 4123, 1083, 3063, 28723, 13, 13, 12069, 4192, 5726, 1151, 9880, 4372, 272, 2996, 297, 4300, 8292, 24685, 442, 13268, 28723, 733]
  Decoded unpadded text (282 chars):
    '<s> [INST] Statement 1 | Every group of order 159 is cyclic. Statement 2 | Every group of order 102 has a nontrivial proper normal subgroup.\n\nPlease CONCISELY answer the question in English WITHOUT reasoning or explanation. [/INST]Statement 1 is false, and Statement 2 is false.</s>'
  Decoded padded text (293 chars):
    '</s></s></s></s></s></s></s></s></s></s></s></s></s></s></s></s></s><s> [INST] Statement 1 | Every group of order 159 is cyclic. Statement 2 | Every group of order 102 has a nontrivial proper normal subgroup.\n\nPlease CONCISELY answer the question in English WITHOUT reasoning or explanation. ['
  Setting perplexity to 1.0
Perplexity: Written 72/85610 entries to perplexity result file (batch 12/14269)
Processing batch 13/14269
WARNING: Unpadded sequence not found in padded sequence for entry 60 (lang: en)
  Error: Unpadded sequence (len=71) not found as contiguous subsequence in padded sequence (len=71). First 10 unpadded: [1, 733, 16289, 28793, 28055, 28705, 28740, 342, 415, 23712], padded: [2, 2, 2, 2, 2, 2, 2, 2, 2, 2, 2, 2, 2, 2, 2, 2, 2, 2, 2, 2, 2, 2, 2, 2, 2, 2, 1, 733, 16289, 28793, 28055, 28705, 28740, 342, 415, 23712, 302, 264, 1083, 699, 1580, 347, 272, 1348, 390, 272, 23712, 302, 272, 6791, 28723, 28055, 28705, 28750, 342, 4203, 1834, 349, 396, 15558, 7966, 28723, 13, 13, 12069, 4192, 5726, 1151, 9880, 4372, 272]
  Decoded unpadded text (276 chars):
    '<s> [INST] Statement 1 | The unity of a subring must be the same as the unity of the ring. Statement 2 | Every field is an integral domain.\n\nPlease CONCISELY answer the question in English WITHOUT reasoning or explanation. [/INST]Statement 1 is false.\nStatement 2 is true.</s>'
  Decoded padded text (272 chars):
    '</s></s></s></s></s></s></s></s></s></s></s></s></s></s></s></s></s></s></s></s></s></s></s></s></s></s><s> [INST] Statement 1 | The unity of a subring must be the same as the unity of the ring. Statement 2 | Every field is an integral domain.\n\nPlease CONCISELY answer the'
  Setting perplexity to 1.0
WARNING: Unpadded sequence not found in padded sequence for entry 60 (lang: en)
  Error: Unpadded sequence (len=71) not found as contiguous subsequence in padded sequence (len=71). First 10 unpadded: [1, 733, 16289, 28793, 28055, 28705, 28740, 342, 415, 23712], padded: [2, 2, 2, 2, 2, 2, 2, 2, 2, 2, 2, 2, 2, 2, 2, 2, 2, 2, 2, 2, 2, 2, 2, 2, 2, 2, 1, 733, 16289, 28793, 28055, 28705, 28740, 342, 415, 23712, 302, 264, 1083, 699, 1580, 347, 272, 1348, 390, 272, 23712, 302, 272, 6791, 28723, 28055, 28705, 28750, 342, 4203, 1834, 349, 396, 15558, 7966, 28723, 13, 13, 12069, 4192, 5726, 1151, 9880, 4372, 272]
  Decoded unpadded text (275 chars):
    '<s> [INST] Statement 1 | The unity of a subring must be the same as the unity of the ring. Statement 2 | Every field is an integral domain.\n\nPlease CONCISELY answer the question in English WITHOUT reasoning or explanation. [/INST]Statement 1 is true.\nStatement 2 is true.</s>'
  Decoded padded text (272 chars):
    '</s></s></s></s></s></s></s></s></s></s></s></s></s></s></s></s></s></s></s></s></s></s></s></s></s></s><s> [INST] Statement 1 | The unity of a subring must be the same as the unity of the ring. Statement 2 | Every field is an integral domain.\n\nPlease CONCISELY answer the'
  Setting perplexity to 1.0
WARNING: Unpadded sequence not found in padded sequence for entry 62 (lang: en)
  Error: Unpadded sequence (len=87) not found as contiguous subsequence in padded sequence (len=87). First 10 unpadded: [1, 733, 16289, 28793, 28055, 28705, 28740, 342, 4203, 17528], padded: [2, 2, 2, 2, 2, 2, 2, 2, 2, 2, 1, 733, 16289, 28793, 28055, 28705, 28740, 342, 4203, 17528, 722, 6791, 302, 1012, 24659, 1197, 6791, 349, 1076, 264, 24659, 1197, 6791, 28723, 28055, 28705, 28750, 342, 1094, 8184, 418, 297, 264, 6791, 399, 395, 23712, 28705, 28740, 349, 544, 302, 399, 513, 304, 865, 513, 28705, 28740, 297, 418, 28723, 13, 13, 12069, 4192, 5726, 1151, 9880, 4372, 272, 2996, 297, 4300, 8292, 24685, 442, 13268, 28723, 733, 28748, 16289, 28793, 9299, 28705, 28740, 349]
  Decoded unpadded text (321 chars):
    '<s> [INST] Statement 1 | Every quotient ring of every commutative ring is again a commutative ring. Statement 2 | An ideal N in a ring R with unity 1 is all of R if and only if 1 in N.\n\nPlease CONCISELY answer the question in English WITHOUT reasoning or explanation. [/INST]Statement 1 is true.\nStatement 2 is false.</s>'
  Decoded padded text (329 chars):
    '</s></s></s></s></s></s></s></s></s></s><s> [INST] Statement 1 | Every quotient ring of every commutative ring is again a commutative ring. Statement 2 | An ideal N in a ring R with unity 1 is all of R if and only if 1 in N.\n\nPlease CONCISELY answer the question in English WITHOUT reasoning or explanation. [/INST]Statement 1 is'
  Setting perplexity to 1.0
WARNING: Unpadded sequence not found in padded sequence for entry 62 (lang: en)
  Error: Unpadded sequence (len=87) not found as contiguous subsequence in padded sequence (len=87). First 10 unpadded: [1, 733, 16289, 28793, 28055, 28705, 28740, 342, 4203, 17528], padded: [2, 2, 2, 2, 2, 2, 2, 2, 2, 2, 1, 733, 16289, 28793, 28055, 28705, 28740, 342, 4203, 17528, 722, 6791, 302, 1012, 24659, 1197, 6791, 349, 1076, 264, 24659, 1197, 6791, 28723, 28055, 28705, 28750, 342, 1094, 8184, 418, 297, 264, 6791, 399, 395, 23712, 28705, 28740, 349, 544, 302, 399, 513, 304, 865, 513, 28705, 28740, 297, 418, 28723, 13, 13, 12069, 4192, 5726, 1151, 9880, 4372, 272, 2996, 297, 4300, 8292, 24685, 442, 13268, 28723, 733, 28748, 16289, 28793, 9299, 28705, 28740, 349]
  Decoded unpadded text (321 chars):
    '<s> [INST] Statement 1 | Every quotient ring of every commutative ring is again a commutative ring. Statement 2 | An ideal N in a ring R with unity 1 is all of R if and only if 1 in N.\n\nPlease CONCISELY answer the question in English WITHOUT reasoning or explanation. [/INST]Statement 1 is false.\nStatement 2 is true.</s>'
  Decoded padded text (329 chars):
    '</s></s></s></s></s></s></s></s></s></s><s> [INST] Statement 1 | Every quotient ring of every commutative ring is again a commutative ring. Statement 2 | An ideal N in a ring R with unity 1 is all of R if and only if 1 in N.\n\nPlease CONCISELY answer the question in English WITHOUT reasoning or explanation. [/INST]Statement 1 is'
  Setting perplexity to 1.0
Perplexity: Written 78/85610 entries to perplexity result file (batch 13/14269)
Processing batch 14/14269
WARNING: Unpadded sequence not found in padded sequence for entry 65 (lang: en)
  Error: Unpadded sequence (len=62) not found as contiguous subsequence in padded sequence (len=62). First 10 unpadded: [1, 733, 16289, 28793, 28055, 28705, 28740, 342, 4203, 1834], padded: [2, 2, 2, 2, 2, 2, 2, 2, 2, 2, 2, 2, 2, 2, 2, 2, 2, 2, 2, 2, 2, 2, 2, 2, 2, 2, 2, 2, 2, 2, 2, 2, 2, 2, 2, 2, 2, 2, 2, 2, 2, 2, 2, 2, 2, 2, 1, 733, 16289, 28793, 28055, 28705, 28740, 342, 4203, 1834, 349, 835, 264, 6791, 28723, 28055]
  Decoded unpadded text (262 chars):
    '<s> [INST] Statement 1 | Every field is also a ring. Statement 2 | Every ring has a multiplicative identity.\n\nPlease CONCISELY answer the question in English WITHOUT reasoning or explanation. [/INST]The first statement is true. The second statement is false.</s>'
  Decoded padded text (246 chars):
    '</s></s></s></s></s></s></s></s></s></s></s></s></s></s></s></s></s></s></s></s></s></s></s></s></s></s></s></s></s></s></s></s></s></s></s></s></s></s></s></s></s></s></s></s></s></s><s> [INST] Statement 1 | Every field is also a ring. Statement'
  Setting perplexity to 1.0
WARNING: Unpadded sequence not found in padded sequence for entry 65 (lang: en)
  Error: Unpadded sequence (len=62) not found as contiguous subsequence in padded sequence (len=62). First 10 unpadded: [1, 733, 16289, 28793, 28055, 28705, 28740, 342, 4203, 1834], padded: [2, 2, 2, 2, 2, 2, 2, 2, 2, 2, 2, 2, 2, 2, 2, 2, 2, 2, 2, 2, 2, 2, 2, 2, 2, 2, 2, 2, 2, 2, 2, 2, 2, 2, 2, 2, 2, 2, 2, 2, 2, 2, 2, 2, 2, 2, 1, 733, 16289, 28793, 28055, 28705, 28740, 342, 4203, 1834, 349, 835, 264, 6791, 28723, 28055]
  Decoded unpadded text (262 chars):
    '<s> [INST] Statement 1 | Every field is also a ring. Statement 2 | Every ring has a multiplicative identity.\n\nPlease CONCISELY answer the question in English WITHOUT reasoning or explanation. [/INST]The first statement is false. The second statement is true.</s>'
  Decoded padded text (246 chars):
    '</s></s></s></s></s></s></s></s></s></s></s></s></s></s></s></s></s></s></s></s></s></s></s></s></s></s></s></s></s></s></s></s></s></s></s></s></s></s></s></s></s></s></s></s></s></s><s> [INST] Statement 1 | Every field is also a ring. Statement'
  Setting perplexity to 1.0
WARNING: Unpadded sequence not found in padded sequence for entry 69 (lang: en)
  Error: Unpadded sequence (len=90) not found as contiguous subsequence in padded sequence (len=90). First 10 unpadded: [1, 733, 16289, 28793, 28055, 28705, 28740, 342, 1387, 6608], padded: [2, 2, 2, 2, 2, 2, 2, 2, 2, 2, 2, 2, 2, 2, 2, 2, 2, 2, 1, 733, 16289, 28793, 28055, 28705, 28740, 342, 1387, 6608, 264, 1933, 534, 301, 753, 2071, 302, 1012, 5278, 11584, 6593, 28723, 28055, 28705, 28750, 342, 330, 854, 279, 723, 7138, 534, 301, 753, 2071, 349, 1933, 534, 301, 753, 513, 871, 365, 15275, 1474, 21588, 272, 1474, 302, 5176, 297, 741, 20365, 808, 28723, 13, 13, 12069, 4192, 5726, 1151, 9880, 4372, 272, 2996, 297, 4300, 8292, 24685, 442, 13268, 28723]
  Decoded unpadded text (369 chars):
    '<s> [INST] Statement 1 | There exists a free abelian group of every positive integer rank. Statement 2 | A finitely generated abelian group is free abelian if its Betti number equals the number of elements in some generating set.\n\nPlease CONCISELY answer the question in English WITHOUT reasoning or explanation. [/INST]Statement 1 is true, and Statement 2 is true.</s>'
  Decoded padded text (384 chars):
    '</s></s></s></s></s></s></s></s></s></s></s></s></s></s></s></s></s></s><s> [INST] Statement 1 | There exists a free abelian group of every positive integer rank. Statement 2 | A finitely generated abelian group is free abelian if its Betti number equals the number of elements in some generating set.\n\nPlease CONCISELY answer the question in English WITHOUT reasoning or explanation.'
  Setting perplexity to 1.0
WARNING: Unpadded sequence not found in padded sequence for entry 69 (lang: en)
  Error: Unpadded sequence (len=90) not found as contiguous subsequence in padded sequence (len=90). First 10 unpadded: [1, 733, 16289, 28793, 28055, 28705, 28740, 342, 1387, 6608], padded: [2, 2, 2, 2, 2, 2, 2, 2, 2, 2, 2, 2, 2, 2, 2, 2, 2, 2, 1, 733, 16289, 28793, 28055, 28705, 28740, 342, 1387, 6608, 264, 1933, 534, 301, 753, 2071, 302, 1012, 5278, 11584, 6593, 28723, 28055, 28705, 28750, 342, 330, 854, 279, 723, 7138, 534, 301, 753, 2071, 349, 1933, 534, 301, 753, 513, 871, 365, 15275, 1474, 21588, 272, 1474, 302, 5176, 297, 741, 20365, 808, 28723, 13, 13, 12069, 4192, 5726, 1151, 9880, 4372, 272, 2996, 297, 4300, 8292, 24685, 442, 13268, 28723]
  Decoded unpadded text (371 chars):
    '<s> [INST] Statement 1 | There exists a free abelian group of every positive integer rank. Statement 2 | A finitely generated abelian group is free abelian if its Betti number equals the number of elements in some generating set.\n\nPlease CONCISELY answer the question in English WITHOUT reasoning or explanation. [/INST]Statement 1 is false, and Statement 2 is false.</s>'
  Decoded padded text (384 chars):
    '</s></s></s></s></s></s></s></s></s></s></s></s></s></s></s></s></s></s><s> [INST] Statement 1 | There exists a free abelian group of every positive integer rank. Statement 2 | A finitely generated abelian group is free abelian if its Betti number equals the number of elements in some generating set.\n\nPlease CONCISELY answer the question in English WITHOUT reasoning or explanation.'
  Setting perplexity to 1.0
Perplexity: Written 84/85610 entries to perplexity result file (batch 14/14269)
Processing batch 15/14269
WARNING: Unpadded sequence not found in padded sequence for entry 74 (lang: en)
  Error: Unpadded sequence (len=93) not found as contiguous subsequence in padded sequence (len=93). First 10 unpadded: [1, 733, 16289, 28793, 28055, 28705, 28740, 342, 1047, 264], padded: [2, 2, 2, 2, 2, 2, 2, 2, 2, 2, 2, 2, 2, 1, 733, 16289, 28793, 28055, 28705, 28740, 342, 1047, 264, 304, 287, 460, 5176, 302, 264, 2071, 304, 264, 349, 459, 6530, 298, 287, 28725, 868, 264, 28815, 28750, 349, 459, 6530, 298, 287, 28815, 28750, 28723, 28055, 28705, 28750, 342, 415, 808, 302, 6580, 697, 297, 264, 890, 19749, 2071, 1221, 264, 14211, 294, 1083, 3063, 28723, 13, 13, 12069, 4192, 5726, 1151, 9880, 4372, 272, 2996, 297, 4300, 8292, 24685, 442, 13268, 28723, 733, 28748, 16289, 28793, 9299]
  Decoded unpadded text (330 chars):
    '<s> [INST] Statement 1 | If a and b are elements of a group and a is not equal to b, then a^2 is not equal to b^2. Statement 2 | The set of rotations in a dihedral group form a cyclic subgroup.\n\nPlease CONCISELY answer the question in English WITHOUT reasoning or explanation. [/INST]Statement 1 is false.\nStatement 2 is true.</s>'
  Decoded padded text (345 chars):
    '</s></s></s></s></s></s></s></s></s></s></s></s></s><s> [INST] Statement 1 | If a and b are elements of a group and a is not equal to b, then a^2 is not equal to b^2. Statement 2 | The set of rotations in a dihedral group form a cyclic subgroup.\n\nPlease CONCISELY answer the question in English WITHOUT reasoning or explanation. [/INST]Statement'
  Setting perplexity to 1.0
WARNING: Unpadded sequence not found in padded sequence for entry 74 (lang: en)
  Error: Unpadded sequence (len=93) not found as contiguous subsequence in padded sequence (len=93). First 10 unpadded: [1, 733, 16289, 28793, 28055, 28705, 28740, 342, 1047, 264], padded: [2, 2, 2, 2, 2, 2, 2, 2, 2, 2, 2, 2, 2, 1, 733, 16289, 28793, 28055, 28705, 28740, 342, 1047, 264, 304, 287, 460, 5176, 302, 264, 2071, 304, 264, 349, 459, 6530, 298, 287, 28725, 868, 264, 28815, 28750, 349, 459, 6530, 298, 287, 28815, 28750, 28723, 28055, 28705, 28750, 342, 415, 808, 302, 6580, 697, 297, 264, 890, 19749, 2071, 1221, 264, 14211, 294, 1083, 3063, 28723, 13, 13, 12069, 4192, 5726, 1151, 9880, 4372, 272, 2996, 297, 4300, 8292, 24685, 442, 13268, 28723, 733, 28748, 16289, 28793, 9299]
  Decoded unpadded text (329 chars):
    '<s> [INST] Statement 1 | If a and b are elements of a group and a is not equal to b, then a^2 is not equal to b^2. Statement 2 | The set of rotations in a dihedral group form a cyclic subgroup.\n\nPlease CONCISELY answer the question in English WITHOUT reasoning or explanation. [/INST]Statement 1 is true.\nStatement 2 is true.</s>'
  Decoded padded text (345 chars):
    '</s></s></s></s></s></s></s></s></s></s></s></s></s><s> [INST] Statement 1 | If a and b are elements of a group and a is not equal to b, then a^2 is not equal to b^2. Statement 2 | The set of rotations in a dihedral group form a cyclic subgroup.\n\nPlease CONCISELY answer the question in English WITHOUT reasoning or explanation. [/INST]Statement'
  Setting perplexity to 1.0
WARNING: Unpadded sequence not found in padded sequence for entry 75 (lang: en)
  Error: Unpadded sequence (len=104) not found as contiguous subsequence in padded sequence (len=104). First 10 unpadded: [1, 733, 16289, 28793, 28055, 28705, 28740, 342, 560, 264], padded: [2, 2, 1, 733, 16289, 28793, 28055, 28705, 28740, 342, 560, 264, 2071, 325, 375, 22816, 28750, 28752, 327, 287, 3918, 28750, 28752, 28708, 3918, 28750, 2051, 28055, 28705, 28750, 342, 560, 264, 2071, 325, 375, 7981, 28711, 327, 264, 28815, 8611, 28815, 28711, 28723, 13, 13, 12069, 4192, 5726, 1151, 9880, 4372, 272, 2996, 297, 4300, 8292, 24685, 442, 13268, 28723, 733, 28748, 16289, 28793, 9299, 28705, 28740, 304, 28055, 28705, 28750, 460, 1560, 1341, 297, 264, 2071, 916, 272, 4644, 369, 272, 2071, 5225, 349, 3509, 1197, 304, 272, 2071, 5176, 264, 304, 287, 901, 1723, 28725, 5746, 369, 534, 327, 15771]
  Decoded unpadded text (373 chars):
    '<s> [INST] Statement 1 | In a group (ab)^{-2} = b^{-2}a^{-2}. Statement 2 | In a group (ab)^n = a^nb^n.\n\nPlease CONCISELY answer the question in English WITHOUT reasoning or explanation. [/INST]Statement 1 and Statement 2 are both false in a group under the condition that the group operation is associative and the group elements a and b commute, meaning that ab = ba.</s>'
  Decoded padded text (376 chars):
    '</s></s><s> [INST] Statement 1 | In a group (ab)^{-2} = b^{-2}a^{-2}. Statement 2 | In a group (ab)^n = a^nb^n.\n\nPlease CONCISELY answer the question in English WITHOUT reasoning or explanation. [/INST]Statement 1 and Statement 2 are both false in a group under the condition that the group operation is associative and the group elements a and b commute, meaning that ab = ba'
  Setting perplexity to 1.0
WARNING: Unpadded sequence not found in padded sequence for entry 76 (lang: en)
  Error: Unpadded sequence (len=102) not found as contiguous subsequence in padded sequence (len=102). First 10 unpadded: [1, 733, 16289, 28793, 28055, 28705, 28740, 342, 318, 28730], padded: [2, 2, 2, 2, 1, 733, 16289, 28793, 28055, 28705, 28740, 342, 318, 28730, 28711, 349, 1843, 28733, 6570, 301, 753, 354, 544, 307, 3966, 28705, 28770, 28723, 28055, 28705, 28750, 342, 1047, 264, 349, 264, 660, 3244, 352, 369, 349, 396, 290, 28733, 15660, 304, 287, 349, 264, 660, 3244, 352, 369, 349, 396, 307, 28733, 15660, 28725, 868, 342, 375, 28766, 327, 305, 4200, 28732, 28719, 28725, 28711, 609, 13, 13, 12069, 4192, 5726, 1151, 9880, 4372, 272, 2996, 297, 4300, 8292, 24685, 442, 13268, 28723, 733, 28748, 16289, 28793, 9299, 28705, 28740, 349, 1132, 28723, 13, 9299, 28705, 28750]
  Decoded unpadded text (316 chars):
    '<s> [INST] Statement 1 | S_n is non-Abelian for all n >= 3. Statement 2 | If a is a permutation that is an m-cycle and b is a permutation that is an n-cycle, then |ab| = lcm(m,n).\n\nPlease CONCISELY answer the question in English WITHOUT reasoning or explanation. [/INST]Statement 1 is true.\nStatement 2 is false.</s>'
  Decoded padded text (318 chars):
    '</s></s></s></s><s> [INST] Statement 1 | S_n is non-Abelian for all n >= 3. Statement 2 | If a is a permutation that is an m-cycle and b is a permutation that is an n-cycle, then |ab| = lcm(m,n).\n\nPlease CONCISELY answer the question in English WITHOUT reasoning or explanation. [/INST]Statement 1 is true.\nStatement 2'
  Setting perplexity to 1.0
WARNING: Unpadded sequence not found in padded sequence for entry 76 (lang: en)
  Error: Unpadded sequence (len=102) not found as contiguous subsequence in padded sequence (len=102). First 10 unpadded: [1, 733, 16289, 28793, 28055, 28705, 28740, 342, 318, 28730], padded: [2, 2, 2, 2, 1, 733, 16289, 28793, 28055, 28705, 28740, 342, 318, 28730, 28711, 349, 1843, 28733, 6570, 301, 753, 354, 544, 307, 3966, 28705, 28770, 28723, 28055, 28705, 28750, 342, 1047, 264, 349, 264, 660, 3244, 352, 369, 349, 396, 290, 28733, 15660, 304, 287, 349, 264, 660, 3244, 352, 369, 349, 396, 307, 28733, 15660, 28725, 868, 342, 375, 28766, 327, 305, 4200, 28732, 28719, 28725, 28711, 609, 13, 13, 12069, 4192, 5726, 1151, 9880, 4372, 272, 2996, 297, 4300, 8292, 24685, 442, 13268, 28723, 733, 28748, 16289, 28793, 9299, 28705, 28740, 349, 1341, 28723, 13, 9299, 28705, 28750]
  Decoded unpadded text (316 chars):
    '<s> [INST] Statement 1 | S_n is non-Abelian for all n >= 3. Statement 2 | If a is a permutation that is an m-cycle and b is a permutation that is an n-cycle, then |ab| = lcm(m,n).\n\nPlease CONCISELY answer the question in English WITHOUT reasoning or explanation. [/INST]Statement 1 is false.\nStatement 2 is true.</s>'
  Decoded padded text (319 chars):
    '</s></s></s></s><s> [INST] Statement 1 | S_n is non-Abelian for all n >= 3. Statement 2 | If a is a permutation that is an m-cycle and b is a permutation that is an n-cycle, then |ab| = lcm(m,n).\n\nPlease CONCISELY answer the question in English WITHOUT reasoning or explanation. [/INST]Statement 1 is false.\nStatement 2'
  Setting perplexity to 1.0
Perplexity: Written 90/85610 entries to perplexity result file (batch 15/14269)
Processing batch 16/14269
WARNING: Unpadded sequence not found in padded sequence for entry 78 (lang: en)
  Error: Unpadded sequence (len=95) not found as contiguous subsequence in padded sequence (len=95). First 10 unpadded: [1, 733, 16289, 28793, 28055, 28705, 28740, 342, 1263, 307], padded: [2, 2, 2, 2, 2, 2, 2, 2, 2, 1, 733, 16289, 28793, 28055, 28705, 28740, 342, 1263, 307, 876, 28705, 28740, 28725, 272, 808, 371, 28740, 28725, 28750, 28725, 3850, 28725, 307, 28733, 28740, 28752, 349, 264, 2071, 916, 6079, 2459, 968, 10010, 307, 28723, 28055, 28705, 28750, 342, 1387, 349, 396, 11584, 1318, 1259, 369, 28705, 28784, 28770, 28744, 968, 28705, 28740, 28734, 28734, 327, 28705, 28740, 28723, 13, 13, 12069, 4192, 5726, 1151, 9880, 4372, 272, 2996, 297, 4300, 8292, 24685, 442, 13268, 28723, 733, 28748, 16289, 28793, 9299, 28705, 28740, 349]
  Decoded unpadded text (301 chars):
    '<s> [INST] Statement 1 | For n > 1, the set {1,2, ..., n-1} is a group under multiplication modulo n. Statement 2 | There is an integer x such that 63x mod 100 = 1.\n\nPlease CONCISELY answer the question in English WITHOUT reasoning or explanation. [/INST]Statement 1 is false. Statement 2 is true.</s>'
  Decoded padded text (305 chars):
    '</s></s></s></s></s></s></s></s></s><s> [INST] Statement 1 | For n > 1, the set {1,2, ..., n-1} is a group under multiplication modulo n. Statement 2 | There is an integer x such that 63x mod 100 = 1.\n\nPlease CONCISELY answer the question in English WITHOUT reasoning or explanation. [/INST]Statement 1 is'
  Setting perplexity to 1.0
WARNING: Unpadded sequence not found in padded sequence for entry 78 (lang: en)
  Error: Unpadded sequence (len=95) not found as contiguous subsequence in padded sequence (len=95). First 10 unpadded: [1, 733, 16289, 28793, 28055, 28705, 28740, 342, 1263, 307], padded: [2, 2, 2, 2, 2, 2, 2, 2, 2, 1, 733, 16289, 28793, 28055, 28705, 28740, 342, 1263, 307, 876, 28705, 28740, 28725, 272, 808, 371, 28740, 28725, 28750, 28725, 3850, 28725, 307, 28733, 28740, 28752, 349, 264, 2071, 916, 6079, 2459, 968, 10010, 307, 28723, 28055, 28705, 28750, 342, 1387, 349, 396, 11584, 1318, 1259, 369, 28705, 28784, 28770, 28744, 968, 28705, 28740, 28734, 28734, 327, 28705, 28740, 28723, 13, 13, 12069, 4192, 5726, 1151, 9880, 4372, 272, 2996, 297, 4300, 8292, 24685, 442, 13268, 28723, 733, 28748, 16289, 28793, 9299, 28705, 28740, 349]
  Decoded unpadded text (300 chars):
    '<s> [INST] Statement 1 | For n > 1, the set {1,2, ..., n-1} is a group under multiplication modulo n. Statement 2 | There is an integer x such that 63x mod 100 = 1.\n\nPlease CONCISELY answer the question in English WITHOUT reasoning or explanation. [/INST]Statement 1 is true. Statement 2 is true.</s>'
  Decoded padded text (305 chars):
    '</s></s></s></s></s></s></s></s></s><s> [INST] Statement 1 | For n > 1, the set {1,2, ..., n-1} is a group under multiplication modulo n. Statement 2 | There is an integer x such that 63x mod 100 = 1.\n\nPlease CONCISELY answer the question in English WITHOUT reasoning or explanation. [/INST]Statement 1 is'
  Setting perplexity to 1.0
WARNING: Unpadded sequence not found in padded sequence for entry 80 (lang: en)
  Error: Unpadded sequence (len=79) not found as contiguous subsequence in padded sequence (len=79). First 10 unpadded: [1, 733, 16289, 28793, 28055, 28705, 28740, 342, 415, 9354], padded: [2, 2, 2, 2, 2, 2, 2, 2, 2, 2, 2, 2, 2, 2, 2, 2, 2, 2, 2, 2, 2, 2, 2, 2, 2, 1, 733, 16289, 28793, 28055, 28705, 28740, 342, 415, 9354, 1863, 2093, 302, 14211, 294, 4938, 349, 14211, 294, 28723, 28055, 28705, 28750, 342, 415, 9354, 1863, 2093, 302, 384, 28730, 28770, 304, 384, 28730, 28781, 349, 349, 22631, 298, 384, 28730, 28740, 28750, 28723, 13, 13, 12069, 4192, 5726, 1151, 9880, 4372, 272]
  Decoded unpadded text (298 chars):
    '<s> [INST] Statement 1 | The external direct product of cyclic groups is cyclic. Statement 2 | The external direct product of D_3 and D_4 is isomorphic to D_12.\n\nPlease CONCISELY answer the question in English WITHOUT reasoning or explanation. [/INST]Statement 1 is false. Statement 2 is false.</s>'
  Decoded padded text (289 chars):
    '</s></s></s></s></s></s></s></s></s></s></s></s></s></s></s></s></s></s></s></s></s></s></s></s></s><s> [INST] Statement 1 | The external direct product of cyclic groups is cyclic. Statement 2 | The external direct product of D_3 and D_4 is isomorphic to D_12.\n\nPlease CONCISELY answer the'
  Setting perplexity to 1.0
WARNING: Unpadded sequence not found in padded sequence for entry 80 (lang: en)
  Error: Unpadded sequence (len=79) not found as contiguous subsequence in padded sequence (len=79). First 10 unpadded: [1, 733, 16289, 28793, 28055, 28705, 28740, 342, 415, 9354], padded: [2, 2, 2, 2, 2, 2, 2, 2, 2, 2, 2, 2, 2, 2, 2, 2, 2, 2, 2, 2, 2, 2, 2, 2, 2, 1, 733, 16289, 28793, 28055, 28705, 28740, 342, 415, 9354, 1863, 2093, 302, 14211, 294, 4938, 349, 14211, 294, 28723, 28055, 28705, 28750, 342, 415, 9354, 1863, 2093, 302, 384, 28730, 28770, 304, 384, 28730, 28781, 349, 349, 22631, 298, 384, 28730, 28740, 28750, 28723, 13, 13, 12069, 4192, 5726, 1151, 9880, 4372, 272]
  Decoded unpadded text (297 chars):
    '<s> [INST] Statement 1 | The external direct product of cyclic groups is cyclic. Statement 2 | The external direct product of D_3 and D_4 is isomorphic to D_12.\n\nPlease CONCISELY answer the question in English WITHOUT reasoning or explanation. [/INST]Statement 1 is true. Statement 2 is false.</s>'
  Decoded padded text (289 chars):
    '</s></s></s></s></s></s></s></s></s></s></s></s></s></s></s></s></s></s></s></s></s></s></s></s></s><s> [INST] Statement 1 | The external direct product of cyclic groups is cyclic. Statement 2 | The external direct product of D_3 and D_4 is isomorphic to D_12.\n\nPlease CONCISELY answer the'
  Setting perplexity to 1.0
Perplexity: Written 96/85610 entries to perplexity result file (batch 16/14269)
Processing batch 17/14269
WARNING: Unpadded sequence not found in padded sequence for entry 81 (lang: en)
  Error: Unpadded sequence (len=76) not found as contiguous subsequence in padded sequence (len=76). First 10 unpadded: [1, 733, 16289, 28793, 28055, 28705, 28740, 342, 4203, 1843], padded: [2, 2, 2, 2, 2, 2, 2, 2, 2, 2, 2, 2, 2, 2, 2, 2, 2, 2, 2, 2, 2, 2, 2, 2, 2, 2, 1, 733, 16289, 28793, 28055, 28705, 28740, 342, 4203, 1843, 8981, 1933, 534, 301, 753, 2071, 659, 396, 16538, 1474, 302, 20201, 28723, 28055, 28705, 28750, 342, 4203, 1933, 534, 301, 753, 2071, 302, 6593, 438, 2429, 28705, 28750, 659, 396, 16538, 1474, 302, 20201, 28723, 13, 13, 12069, 4192]
  Decoded unpadded text (308 chars):
    '<s> [INST] Statement 1 | Every nonzero free abelian group has an infinite number of bases. Statement 2 | Every free abelian group of rank at least 2 has an infinite number of bases.\n\nPlease CONCISELY answer the question in English WITHOUT reasoning or explanation. [/INST]Both statements are false, true.</s>'
  Decoded padded text (297 chars):
    '</s></s></s></s></s></s></s></s></s></s></s></s></s></s></s></s></s></s></s></s></s></s></s></s></s></s><s> [INST] Statement 1 | Every nonzero free abelian group has an infinite number of bases. Statement 2 | Every free abelian group of rank at least 2 has an infinite number of bases.\n\nPlease CON'
  Setting perplexity to 1.0
WARNING: Unpadded sequence not found in padded sequence for entry 81 (lang: en)
  Error: Unpadded sequence (len=76) not found as contiguous subsequence in padded sequence (len=76). First 10 unpadded: [1, 733, 16289, 28793, 28055, 28705, 28740, 342, 4203, 1843], padded: [2, 2, 2, 2, 2, 2, 2, 2, 2, 2, 2, 2, 2, 2, 2, 2, 2, 2, 2, 2, 2, 2, 2, 2, 2, 2, 1, 733, 16289, 28793, 28055, 28705, 28740, 342, 4203, 1843, 8981, 1933, 534, 301, 753, 2071, 659, 396, 16538, 1474, 302, 20201, 28723, 28055, 28705, 28750, 342, 4203, 1933, 534, 301, 753, 2071, 302, 6593, 438, 2429, 28705, 28750, 659, 396, 16538, 1474, 302, 20201, 28723, 13, 13, 12069, 4192]
  Decoded unpadded text (307 chars):
    '<s> [INST] Statement 1 | Every nonzero free abelian group has an infinite number of bases. Statement 2 | Every free abelian group of rank at least 2 has an infinite number of bases.\n\nPlease CONCISELY answer the question in English WITHOUT reasoning or explanation. [/INST]Both statements are true, true.</s>'
  Decoded padded text (297 chars):
    '</s></s></s></s></s></s></s></s></s></s></s></s></s></s></s></s></s></s></s></s></s></s></s></s></s></s><s> [INST] Statement 1 | Every nonzero free abelian group has an infinite number of bases. Statement 2 | Every free abelian group of rank at least 2 has an infinite number of bases.\n\nPlease CON'
  Setting perplexity to 1.0
WARNING: Unpadded sequence not found in padded sequence for entry 82 (lang: en)
  Error: Unpadded sequence (len=82) not found as contiguous subsequence in padded sequence (len=82). First 10 unpadded: [1, 733, 16289, 28793, 28055, 28705, 28740, 342, 1263, 1012], padded: [2, 2, 2, 2, 2, 2, 2, 2, 2, 2, 2, 2, 2, 2, 2, 2, 2, 2, 2, 2, 1, 733, 16289, 28793, 28055, 28705, 28740, 342, 1263, 1012, 5278, 11584, 307, 736, 349, 264, 14211, 294, 2071, 302, 1745, 307, 28723, 28055, 28705, 28750, 342, 4203, 10789, 14211, 294, 2071, 5876, 396, 2442, 302, 1012, 1745, 369, 2901, 1926, 272, 1745, 302, 272, 2071, 28723, 13, 13, 12069, 4192, 5726, 1151, 9880, 4372, 272, 2996, 297, 4300, 8292, 24685, 442]
  Decoded unpadded text (346 chars):
    '<s> [INST] Statement 1 | For every positive integer n there is a cyclic group of order n. Statement 2 | Every finite cyclic group contains an element of every order that divides the order of the group.\n\nPlease CONCISELY answer the question in English WITHOUT reasoning or explanation. [/INST]Statement 1 does not imply Statement 2. True, True</s>'
  Decoded padded text (351 chars):
    '</s></s></s></s></s></s></s></s></s></s></s></s></s></s></s></s></s></s></s></s><s> [INST] Statement 1 | For every positive integer n there is a cyclic group of order n. Statement 2 | Every finite cyclic group contains an element of every order that divides the order of the group.\n\nPlease CONCISELY answer the question in English WITHOUT reasoning or'
  Setting perplexity to 1.0
WARNING: Unpadded sequence not found in padded sequence for entry 82 (lang: en)
  Error: Unpadded sequence (len=82) not found as contiguous subsequence in padded sequence (len=82). First 10 unpadded: [1, 733, 16289, 28793, 28055, 28705, 28740, 342, 1263, 1012], padded: [2, 2, 2, 2, 2, 2, 2, 2, 2, 2, 2, 2, 2, 2, 2, 2, 2, 2, 2, 2, 1, 733, 16289, 28793, 28055, 28705, 28740, 342, 1263, 1012, 5278, 11584, 307, 736, 349, 264, 14211, 294, 2071, 302, 1745, 307, 28723, 28055, 28705, 28750, 342, 4203, 10789, 14211, 294, 2071, 5876, 396, 2442, 302, 1012, 1745, 369, 2901, 1926, 272, 1745, 302, 272, 2071, 28723, 13, 13, 12069, 4192, 5726, 1151, 9880, 4372, 272, 2996, 297, 4300, 8292, 24685, 442]
  Decoded unpadded text (348 chars):
    '<s> [INST] Statement 1 | For every positive integer n there is a cyclic group of order n. Statement 2 | Every finite cyclic group contains an element of every order that divides the order of the group.\n\nPlease CONCISELY answer the question in English WITHOUT reasoning or explanation. [/INST]Statement 1 does not imply Statement 2. False, False</s>'
  Decoded padded text (351 chars):
    '</s></s></s></s></s></s></s></s></s></s></s></s></s></s></s></s></s></s></s></s><s> [INST] Statement 1 | For every positive integer n there is a cyclic group of order n. Statement 2 | Every finite cyclic group contains an element of every order that divides the order of the group.\n\nPlease CONCISELY answer the question in English WITHOUT reasoning or'
  Setting perplexity to 1.0
Perplexity: Written 102/85610 entries to perplexity result file (batch 17/14269)
Processing batch 18/14269
WARNING: Unpadded sequence not found in padded sequence for entry 85 (lang: en)
  Error: Unpadded sequence (len=85) not found as contiguous subsequence in padded sequence (len=85). First 10 unpadded: [1, 733, 16289, 28793, 28055, 28705, 28740, 342, 330, 3153], padded: [2, 2, 2, 2, 2, 2, 2, 2, 2, 2, 2, 2, 2, 2, 2, 2, 2, 2, 1, 733, 16289, 28793, 28055, 28705, 28740, 342, 330, 3153, 19906, 349, 624, 298, 624, 513, 304, 865, 513, 272, 13653, 12335, 302, 272, 8208, 2442, 4411, 28723, 28055, 28705, 28750, 342, 415, 3469, 302, 264, 2071, 302, 28705, 28784, 5176, 916, 741, 3153, 19906, 993, 506, 28705, 28781, 5176, 28723, 13, 13, 12069, 4192, 5726, 1151, 9880, 4372, 272, 2996, 297, 4300, 8292, 24685, 442, 13268]
  Decoded unpadded text (350 chars):
    '<s> [INST] Statement 1 | A homomorphism is one to one if and only if the kernel consists of the identity element alone. Statement 2 | The image of a group of 6 elements under some homomorphism may have 4 elements.\n\nPlease CONCISELY answer the question in English WITHOUT reasoning or explanation. [/INST]Statement 1 is true. Statement 2 is false.</s>'
  Decoded padded text (367 chars):
    '</s></s></s></s></s></s></s></s></s></s></s></s></s></s></s></s></s></s><s> [INST] Statement 1 | A homomorphism is one to one if and only if the kernel consists of the identity element alone. Statement 2 | The image of a group of 6 elements under some homomorphism may have 4 elements.\n\nPlease CONCISELY answer the question in English WITHOUT reasoning or explanation'
  Setting perplexity to 1.0
WARNING: Unpadded sequence not found in padded sequence for entry 85 (lang: en)
  Error: Unpadded sequence (len=85) not found as contiguous subsequence in padded sequence (len=85). First 10 unpadded: [1, 733, 16289, 28793, 28055, 28705, 28740, 342, 330, 3153], padded: [2, 2, 2, 2, 2, 2, 2, 2, 2, 2, 2, 2, 2, 2, 2, 2, 2, 2, 1, 733, 16289, 28793, 28055, 28705, 28740, 342, 330, 3153, 19906, 349, 624, 298, 624, 513, 304, 865, 513, 272, 13653, 12335, 302, 272, 8208, 2442, 4411, 28723, 28055, 28705, 28750, 342, 415, 3469, 302, 264, 2071, 302, 28705, 28784, 5176, 916, 741, 3153, 19906, 993, 506, 28705, 28781, 5176, 28723, 13, 13, 12069, 4192, 5726, 1151, 9880, 4372, 272, 2996, 297, 4300, 8292, 24685, 442, 13268]
  Decoded unpadded text (350 chars):
    '<s> [INST] Statement 1 | A homomorphism is one to one if and only if the kernel consists of the identity element alone. Statement 2 | The image of a group of 6 elements under some homomorphism may have 4 elements.\n\nPlease CONCISELY answer the question in English WITHOUT reasoning or explanation. [/INST]Statement 1 is false. Statement 2 is true.</s>'
  Decoded padded text (367 chars):
    '</s></s></s></s></s></s></s></s></s></s></s></s></s></s></s></s></s></s><s> [INST] Statement 1 | A homomorphism is one to one if and only if the kernel consists of the identity element alone. Statement 2 | The image of a group of 6 elements under some homomorphism may have 4 elements.\n\nPlease CONCISELY answer the question in English WITHOUT reasoning or explanation'
  Setting perplexity to 1.0
WARNING: Unpadded sequence not found in padded sequence for entry 86 (lang: en)
  Error: Unpadded sequence (len=100) not found as contiguous subsequence in padded sequence (len=100). First 10 unpadded: [1, 733, 16289, 28793, 28055, 28705, 28740, 342, 1047, 382], padded: [2, 2, 2, 1, 733, 16289, 28793, 28055, 28705, 28740, 342, 1047, 382, 304, 524, 460, 1083, 12420, 302, 264, 2071, 420, 28725, 868, 342, 28769, 28796, 28766, 327, 342, 28769, 9173, 28796, 28766, 28748, 28766, 28769, 19837, 524, 28766, 28723, 28055, 28705, 28750, 342, 330, 2071, 302, 1745, 28705, 28750, 28720, 970, 284, 349, 396, 6939, 8139, 349, 14211, 294, 442, 349, 22631, 298, 384, 28730, 28720, 28723, 13, 13, 12069, 4192, 5726, 1151, 9880, 4372, 272, 2996, 297, 4300, 8292, 24685, 442, 13268, 28723, 733, 28748, 16289, 28793, 9299, 28705, 28740, 349, 1132, 28723, 28055, 28705, 28750, 349]
  Decoded unpadded text (328 chars):
    '<s> [INST] Statement 1 | If H and K are subgroups of a group G, then |HK| = |H||K|/|H intersection K|. Statement 2 | A group of order 2p where p is an odd prime is cyclic or isomorphic to D_p.\n\nPlease CONCISELY answer the question in English WITHOUT reasoning or explanation. [/INST]Statement 1 is true. Statement 2 is true.</s>'
  Decoded padded text (330 chars):
    '</s></s></s><s> [INST] Statement 1 | If H and K are subgroups of a group G, then |HK| = |H||K|/|H intersection K|. Statement 2 | A group of order 2p where p is an odd prime is cyclic or isomorphic to D_p.\n\nPlease CONCISELY answer the question in English WITHOUT reasoning or explanation. [/INST]Statement 1 is true. Statement 2 is'
  Setting perplexity to 1.0
WARNING: Unpadded sequence not found in padded sequence for entry 86 (lang: en)
  Error: Unpadded sequence (len=100) not found as contiguous subsequence in padded sequence (len=100). First 10 unpadded: [1, 733, 16289, 28793, 28055, 28705, 28740, 342, 1047, 382], padded: [2, 2, 2, 1, 733, 16289, 28793, 28055, 28705, 28740, 342, 1047, 382, 304, 524, 460, 1083, 12420, 302, 264, 2071, 420, 28725, 868, 342, 28769, 28796, 28766, 327, 342, 28769, 9173, 28796, 28766, 28748, 28766, 28769, 19837, 524, 28766, 28723, 28055, 28705, 28750, 342, 330, 2071, 302, 1745, 28705, 28750, 28720, 970, 284, 349, 396, 6939, 8139, 349, 14211, 294, 442, 349, 22631, 298, 384, 28730, 28720, 28723, 13, 13, 12069, 4192, 5726, 1151, 9880, 4372, 272, 2996, 297, 4300, 8292, 24685, 442, 13268, 28723, 733, 28748, 16289, 28793, 9299, 28705, 28740, 349, 1341, 28723, 28055, 28705, 28750, 349]
  Decoded unpadded text (330 chars):
    '<s> [INST] Statement 1 | If H and K are subgroups of a group G, then |HK| = |H||K|/|H intersection K|. Statement 2 | A group of order 2p where p is an odd prime is cyclic or isomorphic to D_p.\n\nPlease CONCISELY answer the question in English WITHOUT reasoning or explanation. [/INST]Statement 1 is false. Statement 2 is false.</s>'
  Decoded padded text (331 chars):
    '</s></s></s><s> [INST] Statement 1 | If H and K are subgroups of a group G, then |HK| = |H||K|/|H intersection K|. Statement 2 | A group of order 2p where p is an odd prime is cyclic or isomorphic to D_p.\n\nPlease CONCISELY answer the question in English WITHOUT reasoning or explanation. [/INST]Statement 1 is false. Statement 2 is'
  Setting perplexity to 1.0
Perplexity: Written 108/85610 entries to perplexity result file (batch 18/14269)
Processing batch 19/14269
WARNING: Unpadded sequence not found in padded sequence for entry 89 (lang: en)
  Error: Unpadded sequence (len=77) not found as contiguous subsequence in padded sequence (len=77). First 10 unpadded: [1, 733, 16289, 28793, 28055, 28705, 28740, 342, 4203, 660], padded: [2, 2, 2, 2, 2, 2, 2, 2, 2, 2, 2, 2, 2, 2, 2, 2, 2, 1, 733, 16289, 28793, 28055, 28705, 28740, 342, 4203, 660, 3244, 352, 349, 264, 624, 28733, 532, 28733, 538, 908, 28723, 28055, 28705, 28750, 342, 4203, 908, 349, 264, 660, 3244, 352, 513, 304, 865, 513, 378, 349, 624, 298, 624, 28723, 13, 13, 12069, 4192, 5726, 1151, 9880, 4372, 272, 2996, 297, 4300, 8292, 24685, 442, 13268, 28723, 733]
  Decoded unpadded text (284 chars):
    '<s> [INST] Statement 1 | Every permutation is a one-to-one function. Statement 2 | Every function is a permutation if and only if it is one to one.\n\nPlease CONCISELY answer the question in English WITHOUT reasoning or explanation. [/INST]Statement 1 is true.\nStatement 2 is false.</s>'
  Decoded padded text (300 chars):
    '</s></s></s></s></s></s></s></s></s></s></s></s></s></s></s></s></s><s> [INST] Statement 1 | Every permutation is a one-to-one function. Statement 2 | Every function is a permutation if and only if it is one to one.\n\nPlease CONCISELY answer the question in English WITHOUT reasoning or explanation. ['
  Setting perplexity to 1.0
WARNING: Unpadded sequence not found in padded sequence for entry 89 (lang: en)
  Error: Unpadded sequence (len=77) not found as contiguous subsequence in padded sequence (len=77). First 10 unpadded: [1, 733, 16289, 28793, 28055, 28705, 28740, 342, 4203, 660], padded: [2, 2, 2, 2, 2, 2, 2, 2, 2, 2, 2, 2, 2, 2, 2, 2, 2, 1, 733, 16289, 28793, 28055, 28705, 28740, 342, 4203, 660, 3244, 352, 349, 264, 624, 28733, 532, 28733, 538, 908, 28723, 28055, 28705, 28750, 342, 4203, 908, 349, 264, 660, 3244, 352, 513, 304, 865, 513, 378, 349, 624, 298, 624, 28723, 13, 13, 12069, 4192, 5726, 1151, 9880, 4372, 272, 2996, 297, 4300, 8292, 24685, 442, 13268, 28723, 733]
  Decoded unpadded text (284 chars):
    '<s> [INST] Statement 1 | Every permutation is a one-to-one function. Statement 2 | Every function is a permutation if and only if it is one to one.\n\nPlease CONCISELY answer the question in English WITHOUT reasoning or explanation. [/INST]Statement 1 is false.\nStatement 2 is true.</s>'
  Decoded padded text (300 chars):
    '</s></s></s></s></s></s></s></s></s></s></s></s></s></s></s></s></s><s> [INST] Statement 1 | Every permutation is a one-to-one function. Statement 2 | Every function is a permutation if and only if it is one to one.\n\nPlease CONCISELY answer the question in English WITHOUT reasoning or explanation. ['
  Setting perplexity to 1.0
WARNING: Unpadded sequence not found in padded sequence for entry 90 (lang: en)
  Error: Unpadded sequence (len=90) not found as contiguous subsequence in padded sequence (len=90). First 10 unpadded: [1, 733, 16289, 28793, 28055, 28705, 28740, 342, 1047, 264], padded: [2, 2, 2, 2, 1, 733, 16289, 28793, 28055, 28705, 28740, 342, 1047, 264, 10789, 2071, 659, 1745, 307, 868, 272, 2071, 5876, 264, 1083, 3063, 302, 1745, 281, 354, 1012, 5278, 21707, 271, 281, 302, 307, 28723, 28055, 28705, 28750, 342, 1047, 264, 17827, 298, 264, 10789, 2071, 868, 342, 28708, 28766, 2901, 1926, 342, 28777, 28766, 28723, 13, 13, 12069, 4192, 5726, 1151, 9880, 4372, 272, 2996, 297, 4300, 8292, 24685, 442, 13268, 28723, 733, 28748, 16289, 28793, 9299, 28705, 28740, 349, 1341, 28723, 28055, 28705, 28750, 349]
  Decoded unpadded text (344 chars):
    '<s> [INST] Statement 1 | If a finite group has order n then the group contains a subgroup of order d for every positive divisor d of n. Statement 2 | If a belongs to a finite group then |a| divides |G|.\n\nPlease CONCISELY answer the question in English WITHOUT reasoning or explanation. [/INST]Statement 1 is false. Statement 2 is also true.</s>'
  Decoded padded text (345 chars):
    '</s></s></s></s><s> [INST] Statement 1 | If a finite group has order n then the group contains a subgroup of order d for every positive divisor d of n. Statement 2 | If a belongs to a finite group then |a| divides |G|.\n\nPlease CONCISELY answer the question in English WITHOUT reasoning or explanation. [/INST]Statement 1 is false. Statement 2 is'
  Setting perplexity to 1.0
WARNING: Unpadded sequence not found in padded sequence for entry 90 (lang: en)
  Error: Unpadded sequence (len=90) not found as contiguous subsequence in padded sequence (len=90). First 10 unpadded: [1, 733, 16289, 28793, 28055, 28705, 28740, 342, 1047, 264], padded: [2, 2, 2, 2, 1, 733, 16289, 28793, 28055, 28705, 28740, 342, 1047, 264, 10789, 2071, 659, 1745, 307, 868, 272, 2071, 5876, 264, 1083, 3063, 302, 1745, 281, 354, 1012, 5278, 21707, 271, 281, 302, 307, 28723, 28055, 28705, 28750, 342, 1047, 264, 17827, 298, 264, 10789, 2071, 868, 342, 28708, 28766, 2901, 1926, 342, 28777, 28766, 28723, 13, 13, 12069, 4192, 5726, 1151, 9880, 4372, 272, 2996, 297, 4300, 8292, 24685, 442, 13268, 28723, 733, 28748, 16289, 28793, 9299, 28705, 28740, 349, 1132, 28723, 28055, 28705, 28750, 349]
  Decoded unpadded text (343 chars):
    '<s> [INST] Statement 1 | If a finite group has order n then the group contains a subgroup of order d for every positive divisor d of n. Statement 2 | If a belongs to a finite group then |a| divides |G|.\n\nPlease CONCISELY answer the question in English WITHOUT reasoning or explanation. [/INST]Statement 1 is true. Statement 2 is also true.</s>'
  Decoded padded text (344 chars):
    '</s></s></s></s><s> [INST] Statement 1 | If a finite group has order n then the group contains a subgroup of order d for every positive divisor d of n. Statement 2 | If a belongs to a finite group then |a| divides |G|.\n\nPlease CONCISELY answer the question in English WITHOUT reasoning or explanation. [/INST]Statement 1 is true. Statement 2 is'
  Setting perplexity to 1.0
Perplexity: Written 114/85610 entries to perplexity result file (batch 19/14269)
Processing batch 20/14269
WARNING: Unpadded sequence not found in padded sequence for entry 99 (lang: en)
  Error: Unpadded sequence (len=73) not found as contiguous subsequence in padded sequence (len=73). First 10 unpadded: [1, 733, 16289, 28793, 28055, 28705, 28740, 342, 4203, 8184], padded: [2, 2, 2, 2, 2, 2, 2, 2, 2, 2, 2, 2, 2, 2, 2, 2, 2, 2, 2, 2, 2, 2, 2, 2, 2, 2, 2, 2, 2, 2, 2, 2, 2, 2, 1, 733, 16289, 28793, 28055, 28705, 28740, 342, 4203, 8184, 297, 264, 6791, 349, 264, 1083, 699, 302, 272, 6791, 28723, 28055, 28705, 28750, 342, 4203, 1083, 699, 302, 1012, 6791, 349, 396, 8184, 302, 272, 6791, 28723, 13]
  Decoded unpadded text (280 chars):
    '<s> [INST] Statement 1 | Every ideal in a ring is a subring of the ring. Statement 2 | Every subring of every ring is an ideal of the ring.\n\nPlease CONCISELY answer the question in English WITHOUT reasoning or explanation. [/INST]Statement 1 is true, and Statement 2 is false.</s>'
  Decoded padded text (276 chars):
    '</s></s></s></s></s></s></s></s></s></s></s></s></s></s></s></s></s></s></s></s></s></s></s></s></s></s></s></s></s></s></s></s></s></s><s> [INST] Statement 1 | Every ideal in a ring is a subring of the ring. Statement 2 | Every subring of every ring is an ideal of the ring.\n'
  Setting perplexity to 1.0
WARNING: Unpadded sequence not found in padded sequence for entry 99 (lang: en)
  Error: Unpadded sequence (len=73) not found as contiguous subsequence in padded sequence (len=73). First 10 unpadded: [1, 733, 16289, 28793, 28055, 28705, 28740, 342, 4203, 8184], padded: [2, 2, 2, 2, 2, 2, 2, 2, 2, 2, 2, 2, 2, 2, 2, 2, 2, 2, 2, 2, 2, 2, 2, 2, 2, 2, 2, 2, 2, 2, 2, 2, 2, 2, 1, 733, 16289, 28793, 28055, 28705, 28740, 342, 4203, 8184, 297, 264, 6791, 349, 264, 1083, 699, 302, 272, 6791, 28723, 28055, 28705, 28750, 342, 4203, 1083, 699, 302, 1012, 6791, 349, 396, 8184, 302, 272, 6791, 28723, 13]
  Decoded unpadded text (280 chars):
    '<s> [INST] Statement 1 | Every ideal in a ring is a subring of the ring. Statement 2 | Every subring of every ring is an ideal of the ring.\n\nPlease CONCISELY answer the question in English WITHOUT reasoning or explanation. [/INST]Statement 1 is false, and Statement 2 is true.</s>'
  Decoded padded text (276 chars):
    '</s></s></s></s></s></s></s></s></s></s></s></s></s></s></s></s></s></s></s></s></s></s></s></s></s></s></s></s></s></s></s></s></s></s><s> [INST] Statement 1 | Every ideal in a ring is a subring of the ring. Statement 2 | Every subring of every ring is an ideal of the ring.\n'
  Setting perplexity to 1.0
WARNING: Unpadded sequence not found in padded sequence for entry 100 (lang: en)
  Error: Unpadded sequence (len=57) not found as contiguous subsequence in padded sequence (len=57). First 10 unpadded: [1, 733, 16289, 28793, 330, 1514, 296, 13098, 25242, 302], padded: [2, 2, 2, 2, 2, 2, 2, 2, 2, 2, 2, 2, 2, 2, 2, 2, 2, 2, 2, 2, 2, 2, 2, 2, 2, 2, 2, 2, 2, 2, 2, 2, 2, 2, 2, 2, 2, 2, 2, 2, 2, 2, 2, 2, 2, 2, 2, 2, 2, 2, 1, 733, 16289, 28793, 330, 1514, 296]
  Decoded unpadded text (236 chars):
    '<s> [INST] A lesion causing compression of the facial nerve at the stylomastoid foramen will cause ipsilateral\n\nPlease CONCISELY answer the question in English WITHOUT reasoning or explanation. [/INST]paralysis of the facial muscles</s>'
  Decoded padded text (219 chars):
    '</s></s></s></s></s></s></s></s></s></s></s></s></s></s></s></s></s></s></s></s></s></s></s></s></s></s></s></s></s></s></s></s></s></s></s></s></s></s></s></s></s></s></s></s></s></s></s></s></s></s><s> [INST] A lesion'
  Setting perplexity to 1.0
WARNING: Unpadded sequence not found in padded sequence for entry 100 (lang: en)
  Error: Unpadded sequence (len=61) not found as contiguous subsequence in padded sequence (len=61). First 10 unpadded: [1, 733, 16289, 28793, 330, 1514, 296, 13098, 25242, 302], padded: [2, 2, 2, 2, 2, 2, 2, 2, 2, 2, 2, 2, 2, 2, 2, 2, 2, 2, 2, 2, 2, 2, 2, 2, 2, 2, 2, 2, 2, 2, 2, 2, 2, 2, 2, 2, 2, 2, 2, 2, 2, 2, 2, 2, 2, 2, 1, 733, 16289, 28793, 330, 1514, 296, 13098, 25242, 302, 272, 27187, 23284, 438, 272]
  Decoded unpadded text (254 chars):
    '<s> [INST] A lesion causing compression of the facial nerve at the stylomastoid foramen will cause ipsilateral\n\nPlease CONCISELY answer the question in English WITHOUT reasoning or explanation. [/INST]paralysis of the facial muscles and loss of taste</s>'
  Decoded padded text (250 chars):
    '</s></s></s></s></s></s></s></s></s></s></s></s></s></s></s></s></s></s></s></s></s></s></s></s></s></s></s></s></s></s></s></s></s></s></s></s></s></s></s></s></s></s></s></s></s></s><s> [INST] A lesion causing compression of the facial nerve at the'
  Setting perplexity to 1.0
Perplexity: Written 120/85610 entries to perplexity result file (batch 20/14269)
Processing batch 21/14269
WARNING: Unpadded sequence not found in padded sequence for entry 101 (lang: en)
  Error: Unpadded sequence (len=74) not found as contiguous subsequence in padded sequence (len=74). First 10 unpadded: [1, 733, 16289, 28793, 330, 345, 28715, 1497, 2105, 28739], padded: [2, 2, 2, 2, 2, 2, 1, 733, 16289, 28793, 330, 345, 28715, 1497, 2105, 28739, 7741, 349, 2608, 5363, 395, 13, 13, 12069, 4192, 5726, 1151, 9880, 4372, 272, 2996, 297, 4300, 8292, 24685, 442, 13268, 28723, 733, 28748, 16289, 28793, 28741, 345, 28715, 1497, 2105, 28739, 7741, 349, 2608, 5363, 395, 396, 481, 20832, 286, 2778, 282, 14056, 2940, 298, 15208, 358, 721, 8910, 28723, 851, 27187, 4693, 541, 347, 7975, 390]
  Decoded unpadded text (308 chars):
    '<s> [INST] A "dished face" profile is often associated with\n\nPlease CONCISELY answer the question in English WITHOUT reasoning or explanation. [/INST]A "dished face" profile is often associated with an enlarged frontal bone due to hydrocephaly. This facial structure can be observed as a concave profile.</s>'
  Decoded padded text (309 chars):
    '</s></s></s></s></s></s><s> [INST] A "dished face" profile is often associated with\n\nPlease CONCISELY answer the question in English WITHOUT reasoning or explanation. [/INST]A "dished face" profile is often associated with an enlarged frontal bone due to hydrocephaly. This facial structure can be observed as'
  Setting perplexity to 1.0
WARNING: Unpadded sequence not found in padded sequence for entry 102 (lang: en)
  Error: Unpadded sequence (len=64) not found as contiguous subsequence in padded sequence (len=64). First 10 unpadded: [1, 733, 16289, 28793, 9595, 302, 272, 2296, 1489, 13966], padded: [2, 2, 2, 2, 2, 2, 2, 2, 2, 2, 2, 2, 2, 2, 2, 2, 1, 733, 16289, 28793, 9595, 302, 272, 2296, 1489, 13966, 272, 4693, 369, 5902, 28713, 4273, 473, 297, 272, 2187, 28804, 13, 13, 12069, 4192, 5726, 1151, 9880, 4372, 272, 2996, 297, 4300, 8292, 24685, 442, 13268, 28723, 733, 28748, 16289, 28793, 1014, 4273, 3239, 843, 316, 826]
  Decoded unpadded text (267 chars):
    '<s> [INST] Which of the following best describes the structure that collects urine in the body?\n\nPlease CONCISELY answer the question in English WITHOUT reasoning or explanation. [/INST]The urinary bladder is the structure that collects urine in the body. Bladder</s>'
  Decoded padded text (269 chars):
    '</s></s></s></s></s></s></s></s></s></s></s></s></s></s></s></s><s> [INST] Which of the following best describes the structure that collects urine in the body?\n\nPlease CONCISELY answer the question in English WITHOUT reasoning or explanation. [/INST]The urinary bladder'
  Setting perplexity to 1.0
WARNING: Unpadded sequence not found in padded sequence for entry 102 (lang: en)
  Error: Unpadded sequence (len=63) not found as contiguous subsequence in padded sequence (len=63). First 10 unpadded: [1, 733, 16289, 28793, 9595, 302, 272, 2296, 1489, 13966], padded: [2, 2, 2, 2, 2, 2, 2, 2, 2, 2, 2, 2, 2, 2, 2, 2, 2, 1, 733, 16289, 28793, 9595, 302, 272, 2296, 1489, 13966, 272, 4693, 369, 5902, 28713, 4273, 473, 297, 272, 2187, 28804, 13, 13, 12069, 4192, 5726, 1151, 9880, 4372, 272, 2996, 297, 4300, 8292, 24685, 442, 13268, 28723, 733, 28748, 16289, 28793, 1014, 4273, 3239, 843]
  Decoded unpadded text (266 chars):
    '<s> [INST] Which of the following best describes the structure that collects urine in the body?\n\nPlease CONCISELY answer the question in English WITHOUT reasoning or explanation. [/INST]The urinary bladder is the structure that collects urine in the body. Kidney</s>'
  Decoded padded text (268 chars):
    '</s></s></s></s></s></s></s></s></s></s></s></s></s></s></s></s></s><s> [INST] Which of the following best describes the structure that collects urine in the body?\n\nPlease CONCISELY answer the question in English WITHOUT reasoning or explanation. [/INST]The urinary bl'
  Setting perplexity to 1.0
WARNING: Unpadded sequence not found in padded sequence for entry 104 (lang: en)
  Error: Unpadded sequence (len=52) not found as contiguous subsequence in padded sequence (len=52). First 10 unpadded: [1, 733, 16289, 28793, 9595, 302, 272, 2296, 13966, 272], padded: [2, 2, 2, 2, 2, 2, 2, 2, 2, 2, 2, 2, 2, 2, 2, 2, 2, 2, 2, 2, 2, 2, 2, 2, 2, 2, 2, 2, 1, 733, 16289, 28793, 9595, 302, 272, 2296, 13966, 272, 9194, 302, 4242, 2058, 425, 4838, 1419, 297, 1430, 435, 721, 1689, 297, 272]
  Decoded unpadded text (218 chars):
    '<s> [INST] Which of the following describes the cluster of blood capillaries found in each nephron in the kidney?\n\nPlease CONCISELY answer the question in English WITHOUT reasoning or explanation. [/INST]Glomerulus</s>'
  Decoded padded text (217 chars):
    '</s></s></s></s></s></s></s></s></s></s></s></s></s></s></s></s></s></s></s></s></s></s></s></s></s></s></s></s><s> [INST] Which of the following describes the cluster of blood capillaries found in each nephron in the'
  Setting perplexity to 1.0
WARNING: Unpadded sequence not found in padded sequence for entry 104 (lang: en)
  Error: Unpadded sequence (len=53) not found as contiguous subsequence in padded sequence (len=53). First 10 unpadded: [1, 733, 16289, 28793, 9595, 302, 272, 2296, 13966, 272], padded: [2, 2, 2, 2, 2, 2, 2, 2, 2, 2, 2, 2, 2, 2, 2, 2, 2, 2, 2, 2, 2, 2, 2, 2, 2, 2, 2, 1, 733, 16289, 28793, 9595, 302, 272, 2296, 13966, 272, 9194, 302, 4242, 2058, 425, 4838, 1419, 297, 1430, 435, 721, 1689, 297, 272, 6371, 2705]
  Decoded unpadded text (221 chars):
    '<s> [INST] Which of the following describes the cluster of blood capillaries found in each nephron in the kidney?\n\nPlease CONCISELY answer the question in English WITHOUT reasoning or explanation. [/INST]Loop of Henle</s>'
  Decoded padded text (220 chars):
    '</s></s></s></s></s></s></s></s></s></s></s></s></s></s></s></s></s></s></s></s></s></s></s></s></s></s></s><s> [INST] Which of the following describes the cluster of blood capillaries found in each nephron in the kidney'
  Setting perplexity to 1.0
Perplexity: Written 126/85610 entries to perplexity result file (batch 21/14269)
Processing batch 22/14269
WARNING: Unpadded sequence not found in padded sequence for entry 105 (lang: en)
  Error: Unpadded sequence (len=114) not found as contiguous subsequence in padded sequence (len=114). First 10 unpadded: [1, 733, 16289, 28793, 330, 7749, 3510, 404, 264, 7098], padded: [2, 2, 2, 1, 733, 16289, 28793, 330, 7749, 3510, 404, 264, 7098, 7215, 395, 6544, 298, 272, 668, 1475, 16732, 438, 272, 2184, 302, 272, 20865, 277, 784, 745, 1429, 424, 10675, 28723, 13, 13, 12069, 4192, 5726, 1151, 9880, 4372, 272, 2996, 297, 4300, 8292, 24685, 442, 13268, 28723, 733, 28748, 16289, 28793, 1014, 7749, 682, 3917, 2659, 12618, 373, 792, 28721, 515, 28725, 442, 940, 282, 4088, 302, 544, 2132, 1816, 28725, 304, 4320, 302, 23413, 304, 25009, 294, 908, 3624, 272, 2184, 302, 272, 11254, 28723, 1306, 682, 2699, 8061, 309, 1028, 1760, 354, 14232, 304, 15313, 312, 23005, 5174, 1656, 28723, 415, 7749, 622, 865, 347, 2358, 298, 20445]
  Decoded unpadded text (506 chars):
    '<s> [INST] A patient suffers a broken neck with damage to the spinal cord at the level of the sixth cervical vertebra.\n\nPlease CONCISELY answer the question in English WITHOUT reasoning or explanation. [/INST]The patient would likely experience quadriplegia, or paralysis of all limbs, and loss of sensation and autonomic function below the level of the injury. They would require ventilator support for breathing and comprehensive rehabilitation care. The patient will only be able to breathe quietly.</s>'
  Decoded padded text (505 chars):
    '</s></s></s><s> [INST] A patient suffers a broken neck with damage to the spinal cord at the level of the sixth cervical vertebra.\n\nPlease CONCISELY answer the question in English WITHOUT reasoning or explanation. [/INST]The patient would likely experience quadriplegia, or paralysis of all limbs, and loss of sensation and autonomic function below the level of the injury. They would require ventilator support for breathing and comprehensive rehabilitation care. The patient will only be able to breathe'
  Setting perplexity to 1.0
WARNING: Unpadded sequence not found in padded sequence for entry 106 (lang: en)
  Error: Unpadded sequence (len=74) not found as contiguous subsequence in padded sequence (len=74). First 10 unpadded: [1, 733, 16289, 28793, 9595, 302, 272, 2296, 396, 16739], padded: [2, 2, 2, 2, 2, 2, 2, 2, 2, 2, 2, 2, 2, 2, 2, 2, 2, 2, 2, 2, 2, 2, 2, 2, 2, 2, 2, 2, 2, 2, 2, 2, 2, 2, 2, 2, 2, 2, 2, 2, 2, 2, 2, 1, 733, 16289, 28793, 9595, 302, 272, 2296, 396, 16739, 745, 10542, 302, 534, 2920, 269, 10427, 776, 1255, 282, 298, 272, 26890, 383, 28804, 13, 13, 12069, 4192, 5726, 1151]
  Decoded unpadded text (290 chars):
    '<s> [INST] Which of the following anatomical regions of abdomen lies just distal to the sternum?\n\nPlease CONCISELY answer the question in English WITHOUT reasoning or explanation. [/INST]The anatomical region of the abdomen that lies just distal to the sternum is the epigastric region.</s>'
  Decoded padded text (284 chars):
    '</s></s></s></s></s></s></s></s></s></s></s></s></s></s></s></s></s></s></s></s></s></s></s></s></s></s></s></s></s></s></s></s></s></s></s></s></s></s></s></s></s></s></s><s> [INST] Which of the following anatomical regions of abdomen lies just distal to the sternum?\n\nPlease CONCISE'
  Setting perplexity to 1.0
WARNING: Unpadded sequence not found in padded sequence for entry 106 (lang: en)
  Error: Unpadded sequence (len=75) not found as contiguous subsequence in padded sequence (len=75). First 10 unpadded: [1, 733, 16289, 28793, 9595, 302, 272, 2296, 396, 16739], padded: [2, 2, 2, 2, 2, 2, 2, 2, 2, 2, 2, 2, 2, 2, 2, 2, 2, 2, 2, 2, 2, 2, 2, 2, 2, 2, 2, 2, 2, 2, 2, 2, 2, 2, 2, 2, 2, 2, 2, 2, 2, 2, 1, 733, 16289, 28793, 9595, 302, 272, 2296, 396, 16739, 745, 10542, 302, 534, 2920, 269, 10427, 776, 1255, 282, 298, 272, 26890, 383, 28804, 13, 13, 12069, 4192, 5726, 1151, 9880, 4372]
  Decoded unpadded text (293 chars):
    '<s> [INST] Which of the following anatomical regions of abdomen lies just distal to the sternum?\n\nPlease CONCISELY answer the question in English WITHOUT reasoning or explanation. [/INST]The anatomical region of the abdomen that lies just distal to the sternum is the hypochondriac region.</s>'
  Decoded padded text (289 chars):
    '</s></s></s></s></s></s></s></s></s></s></s></s></s></s></s></s></s></s></s></s></s></s></s></s></s></s></s></s></s></s></s></s></s></s></s></s></s></s></s></s></s></s><s> [INST] Which of the following anatomical regions of abdomen lies just distal to the sternum?\n\nPlease CONCISELY answer'
  Setting perplexity to 1.0
WARNING: Unpadded sequence not found in padded sequence for entry 108 (lang: en)
  Error: Unpadded sequence (len=54) not found as contiguous subsequence in padded sequence (len=54). First 10 unpadded: [1, 733, 16289, 28793, 415, 4785, 270, 473, 9537, 2839], padded: [2, 2, 2, 2, 2, 2, 2, 2, 2, 2, 2, 2, 2, 2, 2, 2, 2, 2, 2, 2, 2, 2, 2, 2, 2, 2, 2, 2, 2, 2, 2, 2, 2, 2, 2, 2, 2, 2, 2, 2, 2, 2, 2, 2, 2, 2, 2, 2, 2, 2, 2, 2, 2, 2]
  Decoded unpadded text (214 chars):
    '<s> [INST] The palatine processes begin to fuse at\n\nPlease CONCISELY answer the question in English WITHOUT reasoning or explanation. [/INST]The palatine processes begin to fuse at ten weeks post-fertilization.</s>'
  Decoded padded text (216 chars):
    '</s></s></s></s></s></s></s></s></s></s></s></s></s></s></s></s></s></s></s></s></s></s></s></s></s></s></s></s></s></s></s></s></s></s></s></s></s></s></s></s></s></s></s></s></s></s></s></s></s></s></s></s></s></s>'
  Setting perplexity to 1.0
WARNING: Unpadded sequence not found in padded sequence for entry 108 (lang: en)
  Error: Unpadded sequence (len=54) not found as contiguous subsequence in padded sequence (len=54). First 10 unpadded: [1, 733, 16289, 28793, 415, 4785, 270, 473, 9537, 2839], padded: [2, 2, 2, 2, 2, 2, 2, 2, 2, 2, 2, 2, 2, 2, 2, 2, 2, 2, 2, 2, 2, 2, 2, 2, 2, 2, 2, 2, 2, 2, 2, 2, 2, 2, 2, 2, 2, 2, 2, 2, 2, 2, 2, 2, 2, 2, 2, 2, 2, 2, 2, 2, 2, 2]
  Decoded unpadded text (217 chars):
    '<s> [INST] The palatine processes begin to fuse at\n\nPlease CONCISELY answer the question in English WITHOUT reasoning or explanation. [/INST]The palatine processes begin to fuse at twelve weeks post-fertilization.</s>'
  Decoded padded text (216 chars):
    '</s></s></s></s></s></s></s></s></s></s></s></s></s></s></s></s></s></s></s></s></s></s></s></s></s></s></s></s></s></s></s></s></s></s></s></s></s></s></s></s></s></s></s></s></s></s></s></s></s></s></s></s></s></s>'
  Setting perplexity to 1.0
Perplexity: Written 132/85610 entries to perplexity result file (batch 22/14269)
Processing batch 23/14269
WARNING: Unpadded sequence not found in padded sequence for entry 109 (lang: en)
  Error: Unpadded sequence (len=85) not found as contiguous subsequence in padded sequence (len=85). First 10 unpadded: [1, 733, 16289, 28793, 25938, 8609, 16779, 720, 6355, 2903], padded: [2, 2, 2, 2, 2, 2, 2, 2, 2, 2, 2, 2, 2, 2, 2, 2, 2, 2, 2, 2, 2, 2, 2, 2, 2, 2, 2, 2, 2, 2, 2, 2, 2, 2, 2, 2, 2, 2, 1, 733, 16289, 28793, 25938, 8609, 16779, 720, 6355, 2903, 297, 13, 13, 12069, 4192, 5726, 1151, 9880, 4372, 272, 2996, 297, 4300, 8292, 24685, 442, 13268, 28723, 733, 28748, 16289, 28793, 1014, 6258, 8609, 16779, 720, 349, 7332, 354, 8756, 1077, 304, 24148, 21522, 628, 15071]
  Decoded unpadded text (419 chars):
    '<s> [INST] Primary motor cortex activity results in\n\nPlease CONCISELY answer the question in English WITHOUT reasoning or explanation. [/INST]The primary motor cortex is responsible for initiating and controlling voluntary movements. It sends signals to the spinal cord and other parts of the brain to coordinate muscle contractions and produce movements, specifically contraction of contralateral limb musculature.</s>'
  Decoded padded text (384 chars):
    '</s></s></s></s></s></s></s></s></s></s></s></s></s></s></s></s></s></s></s></s></s></s></s></s></s></s></s></s></s></s></s></s></s></s></s></s></s></s><s> [INST] Primary motor cortex activity results in\n\nPlease CONCISELY answer the question in English WITHOUT reasoning or explanation. [/INST]The primary motor cortex is responsible for initiating and controlling voluntary movements'
  Setting perplexity to 1.0
WARNING: Unpadded sequence not found in padded sequence for entry 109 (lang: en)
  Error: Unpadded sequence (len=85) not found as contiguous subsequence in padded sequence (len=85). First 10 unpadded: [1, 733, 16289, 28793, 25938, 8609, 16779, 720, 6355, 2903], padded: [2, 2, 2, 2, 2, 2, 2, 2, 2, 2, 2, 2, 2, 2, 2, 2, 2, 2, 2, 2, 2, 2, 2, 2, 2, 2, 2, 2, 2, 2, 2, 2, 2, 2, 2, 2, 2, 2, 1, 733, 16289, 28793, 25938, 8609, 16779, 720, 6355, 2903, 297, 13, 13, 12069, 4192, 5726, 1151, 9880, 4372, 272, 2996, 297, 4300, 8292, 24685, 442, 13268, 28723, 733, 28748, 16289, 28793, 1014, 6258, 8609, 16779, 720, 349, 7332, 354, 8756, 1077, 304, 24148, 21522, 628, 15071]
  Decoded unpadded text (423 chars):
    '<s> [INST] Primary motor cortex activity results in\n\nPlease CONCISELY answer the question in English WITHOUT reasoning or explanation. [/INST]The primary motor cortex is responsible for initiating and controlling voluntary movements. It sends signals to the spinal cord and other parts of the brain to coordinate muscle contractions and produce movements, specifically bilateral contraction of antigravity limb muscles.</s>'
  Decoded padded text (384 chars):
    '</s></s></s></s></s></s></s></s></s></s></s></s></s></s></s></s></s></s></s></s></s></s></s></s></s></s></s></s></s></s></s></s></s></s></s></s></s></s><s> [INST] Primary motor cortex activity results in\n\nPlease CONCISELY answer the question in English WITHOUT reasoning or explanation. [/INST]The primary motor cortex is responsible for initiating and controlling voluntary movements'
  Setting perplexity to 1.0
WARNING: Unpadded sequence not found in padded sequence for entry 111 (lang: en)
  Error: Unpadded sequence (len=73) not found as contiguous subsequence in padded sequence (len=73). First 10 unpadded: [1, 733, 16289, 28793, 330, 7749, 3510, 404, 6544, 298], padded: [2, 2, 2, 2, 2, 2, 2, 2, 2, 2, 2, 2, 2, 2, 2, 2, 2, 2, 2, 2, 2, 2, 2, 2, 2, 2, 2, 2, 2, 2, 2, 2, 2, 2, 2, 2, 2, 2, 2, 2, 2, 2, 2, 2, 2, 2, 2, 2, 2, 2, 1, 733, 16289, 28793, 330, 7749, 3510, 404, 6544, 298, 272, 18547, 297, 264, 3878, 8475, 10824, 10503, 297, 6544, 298, 272, 4008]
  Decoded unpadded text (309 chars):
    '<s> [INST] A patient suffers damage to the orbit in a road traffic incident resulting in damage to the third cranial nerve. Which of the following signs will be present?\n\nPlease CONCISELY answer the question in English WITHOUT reasoning or explanation. [/INST]pupillary dilatation and a lateral strabismus</s>'
  Decoded padded text (308 chars):
    '</s></s></s></s></s></s></s></s></s></s></s></s></s></s></s></s></s></s></s></s></s></s></s></s></s></s></s></s></s></s></s></s></s></s></s></s></s></s></s></s></s></s></s></s></s></s></s></s></s></s><s> [INST] A patient suffers damage to the orbit in a road traffic incident resulting in damage to the third'
  Setting perplexity to 1.0
WARNING: Unpadded sequence not found in padded sequence for entry 111 (lang: en)
  Error: Unpadded sequence (len=72) not found as contiguous subsequence in padded sequence (len=72). First 10 unpadded: [1, 733, 16289, 28793, 330, 7749, 3510, 404, 6544, 298], padded: [2, 2, 2, 2, 2, 2, 2, 2, 2, 2, 2, 2, 2, 2, 2, 2, 2, 2, 2, 2, 2, 2, 2, 2, 2, 2, 2, 2, 2, 2, 2, 2, 2, 2, 2, 2, 2, 2, 2, 2, 2, 2, 2, 2, 2, 2, 2, 2, 2, 2, 2, 1, 733, 16289, 28793, 330, 7749, 3510, 404, 6544, 298, 272, 18547, 297, 264, 3878, 8475, 10824, 10503, 297, 6544, 298]
  Decoded unpadded text (310 chars):
    '<s> [INST] A patient suffers damage to the orbit in a road traffic incident resulting in damage to the third cranial nerve. Which of the following signs will be present?\n\nPlease CONCISELY answer the question in English WITHOUT reasoning or explanation. [/INST]pupillary constriction and a medial strabismus</s>'
  Decoded padded text (302 chars):
    '</s></s></s></s></s></s></s></s></s></s></s></s></s></s></s></s></s></s></s></s></s></s></s></s></s></s></s></s></s></s></s></s></s></s></s></s></s></s></s></s></s></s></s></s></s></s></s></s></s></s></s><s> [INST] A patient suffers damage to the orbit in a road traffic incident resulting in damage to'
  Setting perplexity to 1.0
WARNING: Unpadded sequence not found in padded sequence for entry 113 (lang: en)
  Error: Unpadded sequence (len=121) not found as contiguous subsequence in padded sequence (len=121). First 10 unpadded: [1, 733, 16289, 28793, 393, 628, 817, 385, 11917, 294], padded: [2, 2, 1, 733, 16289, 28793, 393, 628, 817, 385, 11917, 294, 20976, 302, 272, 18272, 285, 4858, 1024, 18648, 18901, 1114, 305, 628, 28711, 490, 282, 23284, 6544, 4312, 4370, 369, 272, 18272, 10068, 356, 272, 15714, 2081, 349, 261, 6616, 304, 297, 396, 22602, 2840, 1444, 616, 670, 445, 304, 534, 670, 445, 28723, 851, 349, 1096, 13, 13, 12069, 4192, 5726, 1151, 9880, 4372, 272, 2996, 297, 4300, 8292, 24685, 442, 13268, 28723, 733, 28748, 16289, 28793, 1014, 18272, 10068, 356, 272, 15714, 2081, 349, 261, 6616, 304, 297, 396, 22602, 2840, 1444, 616, 670, 445, 304, 534, 670, 445, 2940, 298, 1439, 294, 18478, 2938, 14540, 349, 1309, 14573, 562, 272, 791, 628, 1210, 17653, 460, 6334]
  Decoded unpadded text (533 chars):
    '<s> [INST] Laryngoscopic examination of the vocal folds after suspected recurrent laryngeal nerve damage usually shows that the vocal fold on the injured side is tensed and in an intermediate position between adduction and abduction. This is because\n\nPlease CONCISELY answer the question in English WITHOUT reasoning or explanation. [/INST]The vocal fold on the injured side is tensed and in an intermediate position between adduction and abduction due to cricothyroid muscle is still functional but the interarytenoids are weak.</s>'
  Decoded padded text (536 chars):
    '</s></s><s> [INST] Laryngoscopic examination of the vocal folds after suspected recurrent laryngeal nerve damage usually shows that the vocal fold on the injured side is tensed and in an intermediate position between adduction and abduction. This is because\n\nPlease CONCISELY answer the question in English WITHOUT reasoning or explanation. [/INST]The vocal fold on the injured side is tensed and in an intermediate position between adduction and abduction due to cricothyroid muscle is still functional but the interarytenoids are weak'
  Setting perplexity to 1.0
Perplexity: Written 138/85610 entries to perplexity result file (batch 23/14269)
Processing batch 24/14269
WARNING: Unpadded sequence not found in padded sequence for entry 116 (lang: en)
  Error: Unpadded sequence (len=54) not found as contiguous subsequence in padded sequence (len=54). First 10 unpadded: [1, 733, 16289, 28793, 9595, 15922, 460, 12336, 5038, 1938], padded: [2, 2, 2, 2, 2, 2, 2, 2, 2, 2, 2, 2, 2, 2, 1, 733, 16289, 28793, 9595, 15922, 460, 12336, 5038, 1938, 5883, 16463, 28804, 13, 13, 12069, 4192, 5726, 1151, 9880, 4372, 272, 2996, 297, 4300, 8292, 24685, 442, 13268, 28723, 733, 28748, 16289, 28793, 1014, 890, 377, 2176, 357, 28719]
  Decoded unpadded text (257 chars):
    '<s> [INST] Which muscles are normally active during quiet inspiration?\n\nPlease CONCISELY answer the question in English WITHOUT reasoning or explanation. [/INST]The diaphragm and external intercostal muscles are normally active during quiet inspiration.</s>'
  Decoded padded text (230 chars):
    '</s></s></s></s></s></s></s></s></s></s></s></s></s></s><s> [INST] Which muscles are normally active during quiet inspiration?\n\nPlease CONCISELY answer the question in English WITHOUT reasoning or explanation. [/INST]The diaphragm'
  Setting perplexity to 1.0
WARNING: Unpadded sequence not found in padded sequence for entry 116 (lang: en)
  Error: Unpadded sequence (len=54) not found as contiguous subsequence in padded sequence (len=54). First 10 unpadded: [1, 733, 16289, 28793, 9595, 15922, 460, 12336, 5038, 1938], padded: [2, 2, 2, 2, 2, 2, 2, 2, 2, 2, 2, 2, 2, 2, 1, 733, 16289, 28793, 9595, 15922, 460, 12336, 5038, 1938, 5883, 16463, 28804, 13, 13, 12069, 4192, 5726, 1151, 9880, 4372, 272, 2996, 297, 4300, 8292, 24685, 442, 13268, 28723, 733, 28748, 16289, 28793, 1014, 890, 377, 2176, 357, 28719]
  Decoded unpadded text (257 chars):
    '<s> [INST] Which muscles are normally active during quiet inspiration?\n\nPlease CONCISELY answer the question in English WITHOUT reasoning or explanation. [/INST]The diaphragm and internal intercostal muscles are normally active during quiet inspiration.</s>'
  Decoded padded text (230 chars):
    '</s></s></s></s></s></s></s></s></s></s></s></s></s></s><s> [INST] Which muscles are normally active during quiet inspiration?\n\nPlease CONCISELY answer the question in English WITHOUT reasoning or explanation. [/INST]The diaphragm'
  Setting perplexity to 1.0
WARNING: Unpadded sequence not found in padded sequence for entry 117 (lang: en)
  Error: Unpadded sequence (len=67) not found as contiguous subsequence in padded sequence (len=67). First 10 unpadded: [1, 733, 16289, 28793, 23304, 19115, 2402, 460, 6763, 486], padded: [2, 1, 733, 16289, 28793, 23304, 19115, 2402, 460, 6763, 486, 690, 302, 272, 2296, 28804, 13, 13, 12069, 4192, 5726, 1151, 9880, 4372, 272, 2996, 297, 4300, 8292, 24685, 442, 13268, 28723, 733, 28748, 16289, 28793, 28755, 883, 19115, 2402, 28725, 442, 304, 9617, 596, 28725, 460, 13395, 6763, 486, 272, 3735, 274, 28723, 415, 1080, 1162, 28733, 4717, 304, 25502, 349, 1369, 8731, 538, 28723]
  Decoded unpadded text (271 chars):
    '<s> [INST] Male hormones are produced by which of the following?\n\nPlease CONCISELY answer the question in English WITHOUT reasoning or explanation. [/INST]Male hormones, or androgens, are primarily produced by the Testes. The most well-known androgen is testosterone.</s>'
  Decoded padded text (271 chars):
    '</s><s> [INST] Male hormones are produced by which of the following?\n\nPlease CONCISELY answer the question in English WITHOUT reasoning or explanation. [/INST]Male hormones, or androgens, are primarily produced by the Testes. The most well-known androgen is testosterone.'
  Setting perplexity to 1.0
WARNING: Unpadded sequence not found in padded sequence for entry 118 (lang: en)
  Error: Unpadded sequence (len=56) not found as contiguous subsequence in padded sequence (len=56). First 10 unpadded: [1, 733, 16289, 28793, 451, 19303, 601, 4242, 349, 7158], padded: [2, 2, 2, 2, 2, 2, 2, 2, 2, 2, 2, 2, 1, 733, 16289, 28793, 451, 19303, 601, 4242, 349, 7158, 298, 272, 3031, 486, 690, 302, 272, 2296, 11294, 28804, 13, 13, 12069, 4192, 5726, 1151, 9880, 4372, 272, 2996, 297, 4300, 8292, 24685, 442, 13268, 28723, 733, 28748, 16289, 28793, 1014, 10021, 2640]
  Decoded unpadded text (240 chars):
    '<s> [INST] Oxygenated blood is carried to the heart by which of the following structures?\n\nPlease CONCISELY answer the question in English WITHOUT reasoning or explanation. [/INST]The pulmonary veins carry oxygenated blood to the heart.</s>'
  Decoded padded text (238 chars):
    '</s></s></s></s></s></s></s></s></s></s></s></s><s> [INST] Oxygenated blood is carried to the heart by which of the following structures?\n\nPlease CONCISELY answer the question in English WITHOUT reasoning or explanation. [/INST]The pulmon'
  Setting perplexity to 1.0
WARNING: Unpadded sequence not found in padded sequence for entry 118 (lang: en)
  Error: Unpadded sequence (len=54) not found as contiguous subsequence in padded sequence (len=54). First 10 unpadded: [1, 733, 16289, 28793, 451, 19303, 601, 4242, 349, 7158], padded: [2, 2, 2, 2, 2, 2, 2, 2, 2, 2, 2, 2, 2, 2, 1, 733, 16289, 28793, 451, 19303, 601, 4242, 349, 7158, 298, 272, 3031, 486, 690, 302, 272, 2296, 11294, 28804, 13, 13, 12069, 4192, 5726, 1151, 9880, 4372, 272, 2996, 297, 4300, 8292, 24685, 442, 13268, 28723, 733, 28748, 16289]
  Decoded unpadded text (230 chars):
    '<s> [INST] Oxygenated blood is carried to the heart by which of the following structures?\n\nPlease CONCISELY answer the question in English WITHOUT reasoning or explanation. [/INST]The aorta carry oxygenated blood to the heart.</s>'
  Decoded padded text (235 chars):
    '</s></s></s></s></s></s></s></s></s></s></s></s></s></s><s> [INST] Oxygenated blood is carried to the heart by which of the following structures?\n\nPlease CONCISELY answer the question in English WITHOUT reasoning or explanation. [/INST'
  Setting perplexity to 1.0
Perplexity: Written 144/85610 entries to perplexity result file (batch 24/14269)
Processing batch 25/14269
WARNING: Unpadded sequence not found in padded sequence for entry 119 (lang: en)
  Error: Unpadded sequence (len=65) not found as contiguous subsequence in padded sequence (len=65). First 10 unpadded: [1, 733, 16289, 28793, 9595, 302, 272, 2296, 5976, 2423], padded: [2, 1, 733, 16289, 28793, 9595, 302, 272, 2296, 5976, 2423, 298, 1455, 778, 272, 25195, 28804, 13, 13, 12069, 4192, 5726, 1151, 9880, 4372, 272, 2996, 297, 4300, 8292, 24685, 442, 13268, 28723, 733, 28748, 16289, 28793, 1014, 467, 1344, 28708, 28725, 835, 2651, 390, 272, 5535, 12911, 28725, 349, 272, 17735, 369, 5976, 2423, 298, 1455, 778, 272, 25195, 28723, 1319, 1344, 28708]
  Decoded unpadded text (263 chars):
    '<s> [INST] Which of the following allows air to pass into the lungs?\n\nPlease CONCISELY answer the question in English WITHOUT reasoning or explanation. [/INST]The trachea, also known as the windpipe, is the tube that allows air to pass into the lungs. Trachea</s>'
  Decoded padded text (263 chars):
    '</s><s> [INST] Which of the following allows air to pass into the lungs?\n\nPlease CONCISELY answer the question in English WITHOUT reasoning or explanation. [/INST]The trachea, also known as the windpipe, is the tube that allows air to pass into the lungs. Trachea'
  Setting perplexity to 1.0
WARNING: Unpadded sequence not found in padded sequence for entry 120 (lang: en)
  Error: Unpadded sequence (len=65) not found as contiguous subsequence in padded sequence (len=65). First 10 unpadded: [1, 733, 16289, 28793, 6926, 349, 272, 268, 2164, 270], padded: [2, 1, 733, 16289, 28793, 6926, 349, 272, 268, 2164, 270, 6144, 3179, 5651, 28804, 13, 13, 12069, 4192, 5726, 1151, 9880, 4372, 272, 2996, 297, 4300, 8292, 24685, 442, 13268, 28723, 733, 28748, 16289, 28793, 1014, 268, 2164, 270, 6144, 3179, 349, 5651, 297, 272, 7280, 3500, 302, 272, 1103, 438, 16988, 28725, 3065, 272, 12675, 302, 272, 11352, 363, 3594, 277, 1750, 28723]
  Decoded unpadded text (257 chars):
    '<s> [INST] Where is the sinoatrial node located?\n\nPlease CONCISELY answer the question in English WITHOUT reasoning or explanation. [/INST]The sinoatrial node is located in the upper wall of the right atrium, near the entrance of the superior vena cava.</s>'
  Decoded padded text (257 chars):
    '</s><s> [INST] Where is the sinoatrial node located?\n\nPlease CONCISELY answer the question in English WITHOUT reasoning or explanation. [/INST]The sinoatrial node is located in the upper wall of the right atrium, near the entrance of the superior vena cava.'
  Setting perplexity to 1.0
WARNING: Unpadded sequence not found in padded sequence for entry 121 (lang: en)
  Error: Unpadded sequence (len=63) not found as contiguous subsequence in padded sequence (len=63). First 10 unpadded: [1, 733, 16289, 28793, 560, 9378, 298, 272, 13147, 28725], padded: [2, 2, 2, 1, 733, 16289, 28793, 560, 9378, 298, 272, 13147, 28725, 272, 7606, 791, 14174, 282, 23284, 10427, 13, 13, 12069, 4192, 5726, 1151, 9880, 4372, 272, 2996, 297, 4300, 8292, 24685, 442, 13268, 28723, 733, 28748, 16289, 28793, 1014, 791, 14174, 282, 23284, 10427, 297, 272, 1348, 791, 14174, 282, 2764, 390, 272, 7606, 13147, 28725, 3534, 298, 871, 24797]
  Decoded unpadded text (281 chars):
    '<s> [INST] In relation to the rib, the corresponding intercostal nerve lies\n\nPlease CONCISELY answer the question in English WITHOUT reasoning or explanation. [/INST]The intercostal nerve lies in the same intercostal space as the corresponding rib, deep to its inferior border.</s>'
  Decoded padded text (281 chars):
    '</s></s></s><s> [INST] In relation to the rib, the corresponding intercostal nerve lies\n\nPlease CONCISELY answer the question in English WITHOUT reasoning or explanation. [/INST]The intercostal nerve lies in the same intercostal space as the corresponding rib, deep to its inferior'
  Setting perplexity to 1.0
WARNING: Unpadded sequence not found in padded sequence for entry 121 (lang: en)
  Error: Unpadded sequence (len=65) not found as contiguous subsequence in padded sequence (len=65). First 10 unpadded: [1, 733, 16289, 28793, 560, 9378, 298, 272, 13147, 28725], padded: [2, 1, 733, 16289, 28793, 560, 9378, 298, 272, 13147, 28725, 272, 7606, 791, 14174, 282, 23284, 10427, 13, 13, 12069, 4192, 5726, 1151, 9880, 4372, 272, 2996, 297, 4300, 8292, 24685, 442, 13268, 28723, 733, 28748, 16289, 28793, 1014, 791, 14174, 282, 23284, 10427, 297, 272, 1348, 791, 14174, 282, 2764, 390, 272, 7606, 13147, 28725, 2195, 28722, 5867, 298, 871, 24797, 6765, 28723]
  Decoded unpadded text (288 chars):
    '<s> [INST] In relation to the rib, the corresponding intercostal nerve lies\n\nPlease CONCISELY answer the question in English WITHOUT reasoning or explanation. [/INST]The intercostal nerve lies in the same intercostal space as the corresponding rib, superficial to its inferior border.</s>'
  Decoded padded text (288 chars):
    '</s><s> [INST] In relation to the rib, the corresponding intercostal nerve lies\n\nPlease CONCISELY answer the question in English WITHOUT reasoning or explanation. [/INST]The intercostal nerve lies in the same intercostal space as the corresponding rib, superficial to its inferior border.'
  Setting perplexity to 1.0
Perplexity: Written 150/85610 entries to perplexity result file (batch 25/14269)
Processing batch 26/14269
WARNING: Unpadded sequence not found in padded sequence for entry 122 (lang: en)
  Error: Unpadded sequence (len=85) not found as contiguous subsequence in padded sequence (len=85). First 10 unpadded: [1, 733, 16289, 28793, 415, 11908, 305, 1082, 721, 1711], padded: [2, 1, 733, 16289, 28793, 415, 11908, 305, 1082, 721, 1711, 18946, 465, 302, 272, 1749, 2081, 302, 272, 7230, 302, 272, 13821, 349, 298, 272, 13, 13, 12069, 4192, 5726, 1151, 9880, 4372, 272, 2996, 297, 4300, 8292, 24685, 442, 13268, 28723, 733, 28748, 16289, 28793, 1014, 1749, 2081, 302, 272, 7230, 302, 272, 13821, 1605, 1606, 298, 272, 1749, 1083, 20478, 593, 1098, 305, 1082, 721, 3179, 28725, 690, 460, 5651, 297, 272, 1083, 20478, 593, 1098, 24411, 4424, 302, 272, 7215, 28723]
  Decoded unpadded text (340 chars):
    '<s> [INST] The regional lymphatic drainage of the left side of the tip of the tongue is to the\n\nPlease CONCISELY answer the question in English WITHOUT reasoning or explanation. [/INST]The left side of the tip of the tongue drains to the left submandibular lymph node, which are located in the submandibular triangle region of the neck.</s>'
  Decoded padded text (340 chars):
    '</s><s> [INST] The regional lymphatic drainage of the left side of the tip of the tongue is to the\n\nPlease CONCISELY answer the question in English WITHOUT reasoning or explanation. [/INST]The left side of the tip of the tongue drains to the left submandibular lymph node, which are located in the submandibular triangle region of the neck.'
  Setting perplexity to 1.0
WARNING: Unpadded sequence not found in padded sequence for entry 126 (lang: en)
  Error: Unpadded sequence (len=52) not found as contiguous subsequence in padded sequence (len=52). First 10 unpadded: [1, 733, 16289, 28793, 9595, 302, 272, 2296, 4331, 349], padded: [2, 2, 2, 2, 2, 2, 2, 2, 2, 2, 2, 2, 2, 2, 2, 2, 2, 2, 2, 2, 2, 2, 2, 2, 2, 2, 2, 2, 2, 2, 2, 2, 2, 2, 1, 733, 16289, 28793, 9595, 302, 272, 2296, 4331, 349, 23100, 486, 272, 6703, 302, 6371, 2705, 17388]
  Decoded unpadded text (221 chars):
    '<s> [INST] Which of the following conditions is characterized by the presence of kidney stones (renal calculi)?\n\nPlease CONCISELY answer the question in English WITHOUT reasoning or explanation. [/INST]Nephrolithiasis</s>'
  Decoded padded text (230 chars):
    '</s></s></s></s></s></s></s></s></s></s></s></s></s></s></s></s></s></s></s></s></s></s></s></s></s></s></s></s></s></s></s></s></s></s><s> [INST] Which of the following conditions is characterized by the presence of kidney stones'
  Setting perplexity to 1.0
WARNING: Unpadded sequence not found in padded sequence for entry 126 (lang: en)
  Error: Unpadded sequence (len=52) not found as contiguous subsequence in padded sequence (len=52). First 10 unpadded: [1, 733, 16289, 28793, 9595, 302, 272, 2296, 4331, 349], padded: [2, 2, 2, 2, 2, 2, 2, 2, 2, 2, 2, 2, 2, 2, 2, 2, 2, 2, 2, 2, 2, 2, 2, 2, 2, 2, 2, 2, 2, 2, 2, 2, 2, 2, 1, 733, 16289, 28793, 9595, 302, 272, 2296, 4331, 349, 23100, 486, 272, 6703, 302, 6371, 2705, 17388]
  Decoded unpadded text (223 chars):
    '<s> [INST] Which of the following conditions is characterized by the presence of kidney stones (renal calculi)?\n\nPlease CONCISELY answer the question in English WITHOUT reasoning or explanation. [/INST]Polycystic kidney</s>'
  Decoded padded text (230 chars):
    '</s></s></s></s></s></s></s></s></s></s></s></s></s></s></s></s></s></s></s></s></s></s></s></s></s></s></s></s></s></s></s></s></s></s><s> [INST] Which of the following conditions is characterized by the presence of kidney stones'
  Setting perplexity to 1.0
WARNING: Unpadded sequence not found in padded sequence for entry 127 (lang: en)
  Error: Unpadded sequence (len=48) not found as contiguous subsequence in padded sequence (len=48). First 10 unpadded: [1, 733, 16289, 28793, 330, 20984, 993, 347, 2770, 356], padded: [2, 2, 2, 2, 2, 2, 2, 2, 2, 2, 2, 2, 2, 2, 2, 2, 2, 2, 2, 2, 2, 2, 2, 2, 2, 2, 2, 2, 2, 2, 2, 2, 2, 2, 2, 2, 2, 2, 1, 733, 16289, 28793, 330, 20984, 993, 347, 2770, 356]
  Decoded unpadded text (189 chars):
    "<s> [INST] A pulse may be felt on a patient's face where the\n\nPlease CONCISELY answer the question in English WITHOUT reasoning or explanation. [/INST]facial artery crosses the mandible</s>"
  Decoded padded text (185 chars):
    '</s></s></s></s></s></s></s></s></s></s></s></s></s></s></s></s></s></s></s></s></s></s></s></s></s></s></s></s></s></s></s></s></s></s></s></s></s></s><s> [INST] A pulse may be felt on'
  Setting perplexity to 1.0
WARNING: Unpadded sequence not found in padded sequence for entry 127 (lang: en)
  Error: Unpadded sequence (len=48) not found as contiguous subsequence in padded sequence (len=48). First 10 unpadded: [1, 733, 16289, 28793, 330, 20984, 993, 347, 2770, 356], padded: [2, 2, 2, 2, 2, 2, 2, 2, 2, 2, 2, 2, 2, 2, 2, 2, 2, 2, 2, 2, 2, 2, 2, 2, 2, 2, 2, 2, 2, 2, 2, 2, 2, 2, 2, 2, 2, 2, 1, 733, 16289, 28793, 330, 20984, 993, 347, 2770, 356]
  Decoded unpadded text (188 chars):
    "<s> [INST] A pulse may be felt on a patient's face where the\n\nPlease CONCISELY answer the question in English WITHOUT reasoning or explanation. [/INST]facial artery crosses the maxilla</s>"
  Decoded padded text (185 chars):
    '</s></s></s></s></s></s></s></s></s></s></s></s></s></s></s></s></s></s></s></s></s></s></s></s></s></s></s></s></s></s></s></s></s></s></s></s></s></s><s> [INST] A pulse may be felt on'
  Setting perplexity to 1.0
Perplexity: Written 156/85610 entries to perplexity result file (batch 26/14269)
Processing batch 27/14269
WARNING: Unpadded sequence not found in padded sequence for entry 128 (lang: en)
  Error: Unpadded sequence (len=74) not found as contiguous subsequence in padded sequence (len=74). First 10 unpadded: [1, 733, 16289, 28793, 330, 7749, 8131, 1606, 13645, 843], padded: [2, 2, 2, 2, 2, 2, 2, 2, 2, 2, 2, 2, 2, 2, 2, 2, 2, 2, 2, 2, 2, 2, 2, 2, 2, 2, 2, 2, 2, 2, 2, 2, 2, 2, 2, 2, 2, 2, 2, 2, 2, 2, 2, 2, 1, 733, 16289, 28793, 330, 7749, 8131, 1606, 13645, 843, 2794, 24815, 298, 272, 1749, 7280, 534, 2920, 269, 304, 6948, 13301, 28723, 9595, 624, 302, 272, 2296, 2247, 509]
  Decoded unpadded text (321 chars):
    '<s> [INST] A patient sustains severe blunt trauma to the left upper abdomen and requires surgery. Which one of the following organs is most likely to be involved?\n\nPlease CONCISELY answer the question in English WITHOUT reasoning or explanation. [/INST]The most likely organ to be involved in this scenario is Spleen.</s>'
  Decoded padded text (307 chars):
    '</s></s></s></s></s></s></s></s></s></s></s></s></s></s></s></s></s></s></s></s></s></s></s></s></s></s></s></s></s></s></s></s></s></s></s></s></s></s></s></s></s></s></s></s><s> [INST] A patient sustains severe blunt trauma to the left upper abdomen and requires surgery. Which one of the following organs'
  Setting perplexity to 1.0
WARNING: Unpadded sequence not found in padded sequence for entry 128 (lang: en)
  Error: Unpadded sequence (len=76) not found as contiguous subsequence in padded sequence (len=76). First 10 unpadded: [1, 733, 16289, 28793, 330, 7749, 8131, 1606, 13645, 843], padded: [2, 2, 2, 2, 2, 2, 2, 2, 2, 2, 2, 2, 2, 2, 2, 2, 2, 2, 2, 2, 2, 2, 2, 2, 2, 2, 2, 2, 2, 2, 2, 2, 2, 2, 2, 2, 2, 2, 2, 2, 2, 2, 1, 733, 16289, 28793, 330, 7749, 8131, 1606, 13645, 843, 2794, 24815, 298, 272, 1749, 7280, 534, 2920, 269, 304, 6948, 13301, 28723, 9595, 624, 302, 272, 2296, 2247, 509, 349, 1080, 3917, 298]
  Decoded unpadded text (330 chars):
    '<s> [INST] A patient sustains severe blunt trauma to the left upper abdomen and requires surgery. Which one of the following organs is most likely to be involved?\n\nPlease CONCISELY answer the question in English WITHOUT reasoning or explanation. [/INST]The most likely organ to be involved in this scenario is Urinary bladder.</s>'
  Decoded padded text (317 chars):
    '</s></s></s></s></s></s></s></s></s></s></s></s></s></s></s></s></s></s></s></s></s></s></s></s></s></s></s></s></s></s></s></s></s></s></s></s></s></s></s></s></s></s><s> [INST] A patient sustains severe blunt trauma to the left upper abdomen and requires surgery. Which one of the following organs is most likely to'
  Setting perplexity to 1.0
WARNING: Unpadded sequence not found in padded sequence for entry 129 (lang: en)
  Error: Unpadded sequence (len=117) not found as contiguous subsequence in padded sequence (len=117). First 10 unpadded: [1, 733, 16289, 28793, 9595, 6251, 15942, 272, 438, 373], padded: [2, 1, 733, 16289, 28793, 9595, 6251, 15942, 272, 438, 373, 626, 27053, 1098, 15484, 349, 4714, 28804, 13, 13, 12069, 4192, 5726, 1151, 9880, 4372, 272, 2996, 297, 4300, 8292, 24685, 442, 13268, 28723, 733, 28748, 16289, 28793, 1014, 438, 373, 626, 27053, 1098, 15484, 28725, 835, 2651, 390, 272, 15484, 302, 2354, 28725, 349, 264, 744, 302, 272, 17828, 8667, 445, 1587, 302, 272, 3031, 369, 27179, 1046, 17828, 2824, 353, 6065, 477, 272, 438, 373, 626, 27053, 1098, 3179, 298, 272, 8061, 1491, 867, 28725, 13098, 706, 298, 5001, 28723, 661, 349, 8723, 302, 25009, 294, 23284, 9537, 304, 6967, 624, 302, 2856, 17828, 12284, 1444, 272, 438, 3931, 304, 8061, 1491, 867, 568]
  Decoded unpadded text (528 chars):
    '<s> [INST] Which statement concerning the atrioventricular bundle is correct?\n\nPlease CONCISELY answer the question in English WITHOUT reasoning or explanation. [/INST]The atrioventricular bundle, also known as the bundle of His, is a part of the electrical conduction system of the heart that transmits electrical impulses from the atrioventricular node to the ventricles, causing them to contract. It is formed of autonomic nerve processes and forms one of several electrical connections between the atria and ventricles..</s>'
  Decoded padded text (528 chars):
    '</s><s> [INST] Which statement concerning the atrioventricular bundle is correct?\n\nPlease CONCISELY answer the question in English WITHOUT reasoning or explanation. [/INST]The atrioventricular bundle, also known as the bundle of His, is a part of the electrical conduction system of the heart that transmits electrical impulses from the atrioventricular node to the ventricles, causing them to contract. It is formed of autonomic nerve processes and forms one of several electrical connections between the atria and ventricles..'
  Setting perplexity to 1.0
WARNING: Unpadded sequence not found in padded sequence for entry 130 (lang: en)
  Error: Unpadded sequence (len=51) not found as contiguous subsequence in padded sequence (len=51). First 10 unpadded: [1, 733, 16289, 28793, 9595, 302, 272, 2296, 3471, 13966], padded: [2, 2, 2, 2, 2, 2, 2, 2, 2, 2, 2, 2, 2, 2, 2, 2, 2, 2, 2, 2, 2, 2, 2, 2, 2, 2, 2, 2, 2, 2, 2, 2, 2, 2, 2, 2, 2, 2, 2, 2, 2, 2, 2, 2, 2, 2, 2, 2, 2, 2, 2]
  Decoded unpadded text (217 chars):
    '<s> [INST] Which of the following terms describes the motion of bending the forearm toward the body?\n\nPlease CONCISELY answer the question in English WITHOUT reasoning or explanation. [/INST]The answer is Flexion.</s>'
  Decoded padded text (204 chars):
    '</s></s></s></s></s></s></s></s></s></s></s></s></s></s></s></s></s></s></s></s></s></s></s></s></s></s></s></s></s></s></s></s></s></s></s></s></s></s></s></s></s></s></s></s></s></s></s></s></s></s></s>'
  Setting perplexity to 1.0
WARNING: Unpadded sequence not found in padded sequence for entry 130 (lang: en)
  Error: Unpadded sequence (len=51) not found as contiguous subsequence in padded sequence (len=51). First 10 unpadded: [1, 733, 16289, 28793, 9595, 302, 272, 2296, 3471, 13966], padded: [2, 2, 2, 2, 2, 2, 2, 2, 2, 2, 2, 2, 2, 2, 2, 2, 2, 2, 2, 2, 2, 2, 2, 2, 2, 2, 2, 2, 2, 2, 2, 2, 2, 2, 2, 2, 2, 2, 2, 2, 2, 2, 2, 2, 2, 2, 2, 2, 2, 2, 2]
  Decoded unpadded text (219 chars):
    '<s> [INST] Which of the following terms describes the motion of bending the forearm toward the body?\n\nPlease CONCISELY answer the question in English WITHOUT reasoning or explanation. [/INST]The answer is Pronation.</s>'
  Decoded padded text (204 chars):
    '</s></s></s></s></s></s></s></s></s></s></s></s></s></s></s></s></s></s></s></s></s></s></s></s></s></s></s></s></s></s></s></s></s></s></s></s></s></s></s></s></s></s></s></s></s></s></s></s></s></s></s>'
  Setting perplexity to 1.0
Perplexity: Written 162/85610 entries to perplexity result file (batch 27/14269)
Processing batch 28/14269
WARNING: Unpadded sequence not found in padded sequence for entry 131 (lang: en)
  Error: Unpadded sequence (len=89) not found as contiguous subsequence in padded sequence (len=89). First 10 unpadded: [1, 733, 16289, 28793, 11435, 349, 26492, 477, 15435, 272], padded: [2, 1, 733, 16289, 28793, 11435, 349, 26492, 477, 15435, 272, 305, 628, 19736, 1938, 272, 1108, 628, 28711, 490, 282, 6896, 302, 25993, 288, 486, 13, 13, 12069, 4192, 5726, 1151, 9880, 4372, 272, 2996, 297, 4300, 8292, 24685, 442, 13268, 28723, 733, 28748, 16289, 28793, 1014, 3769, 326, 28714, 1562, 278, 12784, 272, 305, 628, 19736, 298, 5297, 2887, 477, 15435, 1938, 272, 1108, 628, 28711, 490, 282, 6896, 302, 25993, 288, 28723, 851, 349, 12011, 486, 25246, 6249, 302, 272, 3769, 326, 28714, 1562, 278, 28723]
  Decoded unpadded text (353 chars):
    '<s> [INST] Food is prevented from entering the larynx during the pharyngeal phase of swallowing by\n\nPlease CONCISELY answer the question in English WITHOUT reasoning or explanation. [/INST]The epiglottis covers the larynx to prevent food from entering during the pharyngeal phase of swallowing. This is achieved by upward movement of the epiglottis.</s>'
  Decoded padded text (353 chars):
    '</s><s> [INST] Food is prevented from entering the larynx during the pharyngeal phase of swallowing by\n\nPlease CONCISELY answer the question in English WITHOUT reasoning or explanation. [/INST]The epiglottis covers the larynx to prevent food from entering during the pharyngeal phase of swallowing. This is achieved by upward movement of the epiglottis.'
  Setting perplexity to 1.0
WARNING: Unpadded sequence not found in padded sequence for entry 132 (lang: en)
  Error: Unpadded sequence (len=54) not found as contiguous subsequence in padded sequence (len=54). First 10 unpadded: [1, 733, 16289, 28793, 1794, 690, 302, 272, 2296, 11293], padded: [2, 2, 2, 2, 2, 2, 2, 2, 2, 2, 2, 2, 2, 2, 2, 2, 2, 2, 2, 2, 2, 2, 2, 2, 2, 2, 2, 2, 2, 2, 2, 2, 2, 2, 2, 2, 1, 733, 16289, 28793, 1794, 690, 302, 272, 2296, 11293, 1235, 287, 546, 5870, 272, 18922, 495, 25180]
  Decoded unpadded text (226 chars):
    '<s> [INST] At which of the following locations does bile enter the digestive tract?\n\nPlease CONCISELY answer the question in English WITHOUT reasoning or explanation. [/INST]Bile enters the digestive tract in the duodenum.</s>'
  Decoded padded text (226 chars):
    '</s></s></s></s></s></s></s></s></s></s></s></s></s></s></s></s></s></s></s></s></s></s></s></s></s></s></s></s></s></s></s></s></s></s></s></s><s> [INST] At which of the following locations does bile enter the digestive tract'
  Setting perplexity to 1.0
WARNING: Unpadded sequence not found in padded sequence for entry 132 (lang: en)
  Error: Unpadded sequence (len=57) not found as contiguous subsequence in padded sequence (len=57). First 10 unpadded: [1, 733, 16289, 28793, 1794, 690, 302, 272, 2296, 11293], padded: [2, 2, 2, 2, 2, 2, 2, 2, 2, 2, 2, 2, 2, 2, 2, 2, 2, 2, 2, 2, 2, 2, 2, 2, 2, 2, 2, 2, 2, 2, 2, 2, 2, 1, 733, 16289, 28793, 1794, 690, 302, 272, 2296, 11293, 1235, 287, 546, 5870, 272, 18922, 495, 25180, 28804, 13, 13, 12069, 4192, 5726]
  Decoded unpadded text (227 chars):
    '<s> [INST] At which of the following locations does bile enter the digestive tract?\n\nPlease CONCISELY answer the question in English WITHOUT reasoning or explanation. [/INST]Bile enters the digestive tract in the ileocecum.</s>'
  Decoded padded text (229 chars):
    '</s></s></s></s></s></s></s></s></s></s></s></s></s></s></s></s></s></s></s></s></s></s></s></s></s></s></s></s></s></s></s></s></s><s> [INST] At which of the following locations does bile enter the digestive tract?\n\nPlease CONCI'
  Setting perplexity to 1.0
WARNING: Unpadded sequence not found in padded sequence for entry 134 (lang: en)
  Error: Unpadded sequence (len=70) not found as contiguous subsequence in padded sequence (len=70). First 10 unpadded: [1, 733, 16289, 28793, 21929, 16037, 21034, 1544, 632, 4785], padded: [2, 2, 2, 2, 2, 2, 2, 2, 2, 2, 2, 2, 2, 2, 2, 2, 2, 2, 2, 2, 1, 733, 16289, 28793, 21929, 16037, 21034, 1544, 632, 4785, 380, 349, 2940, 298, 7719, 302, 22104, 302, 272, 13, 13, 12069, 4192, 5726, 1151, 9880, 4372, 272, 2996, 297, 4300, 8292, 24685, 442, 13268, 28723, 733, 28748, 16289, 28793, 14928, 16037, 21034, 1544, 632, 4785, 380, 349, 2940, 298]
  Decoded unpadded text (291 chars):
    '<s> [INST] Complete bilateral cleft palate is due to failure of fusion of the\n\nPlease CONCISELY answer the question in English WITHOUT reasoning or explanation. [/INST]Complete bilateral cleft palate is due to failure of fusion of the palatine, frontonasal and secondary nasal processes.</s>'
  Decoded padded text (289 chars):
    '</s></s></s></s></s></s></s></s></s></s></s></s></s></s></s></s></s></s></s></s><s> [INST] Complete bilateral cleft palate is due to failure of fusion of the\n\nPlease CONCISELY answer the question in English WITHOUT reasoning or explanation. [/INST]Complete bilateral cleft palate is due to'
  Setting perplexity to 1.0
WARNING: Unpadded sequence not found in padded sequence for entry 134 (lang: en)
  Error: Unpadded sequence (len=75) not found as contiguous subsequence in padded sequence (len=75). First 10 unpadded: [1, 733, 16289, 28793, 21929, 16037, 21034, 1544, 632, 4785], padded: [2, 2, 2, 2, 2, 2, 2, 2, 2, 2, 2, 2, 2, 2, 2, 1, 733, 16289, 28793, 21929, 16037, 21034, 1544, 632, 4785, 380, 349, 2940, 298, 7719, 302, 22104, 302, 272, 13, 13, 12069, 4192, 5726, 1151, 9880, 4372, 272, 2996, 297, 4300, 8292, 24685, 442, 13268, 28723, 733, 28748, 16289, 28793, 14928, 16037, 21034, 1544, 632, 4785, 380, 349, 2940, 298, 7719, 302, 22104, 302, 272, 4785, 270, 473, 28725, 2778]
  Decoded unpadded text (313 chars):
    '<s> [INST] Complete bilateral cleft palate is due to failure of fusion of the\n\nPlease CONCISELY answer the question in English WITHOUT reasoning or explanation. [/INST]Complete bilateral cleft palate is due to failure of fusion of the palatine, frontonasal, secondary nasal processes and mandibular processes.</s>'
  Decoded padded text (310 chars):
    '</s></s></s></s></s></s></s></s></s></s></s></s></s></s></s><s> [INST] Complete bilateral cleft palate is due to failure of fusion of the\n\nPlease CONCISELY answer the question in English WITHOUT reasoning or explanation. [/INST]Complete bilateral cleft palate is due to failure of fusion of the palatine, front'
  Setting perplexity to 1.0
Perplexity: Written 168/85610 entries to perplexity result file (batch 28/14269)
Processing batch 29/14269
WARNING: Unpadded sequence not found in padded sequence for entry 136 (lang: en)
  Error: Unpadded sequence (len=87) not found as contiguous subsequence in padded sequence (len=87). First 10 unpadded: [1, 733, 16289, 28793, 9595, 302, 272, 2296, 349, 272], padded: [2, 2, 1, 733, 16289, 28793, 9595, 302, 272, 2296, 349, 272, 305, 1082, 721, 806, 2170, 369, 349, 264, 6047, 7236, 354, 2760, 4242, 8894, 304, 17123, 2170, 10821, 477, 272, 4242, 28804, 13, 13, 12069, 4192, 5726, 1151, 9880, 4372, 272, 2996, 297, 4300, 8292, 24685, 442, 13268, 28723, 733, 28748, 16289, 28793, 1014, 668, 26943, 349, 272, 305, 1082, 721, 806, 2170, 369, 11900, 390, 264, 6047, 7236, 354, 2760, 4242, 8894, 304, 17123, 2170, 10821, 477, 272, 4242, 28723, 415, 4372, 349, 26589]
  Decoded unpadded text (367 chars):
    '<s> [INST] Which of the following is the lymphoid organ that is a reservoir for red blood cells and filters organisms from the blood?\n\nPlease CONCISELY answer the question in English WITHOUT reasoning or explanation. [/INST]The spleen is the lymphoid organ that acts as a reservoir for red blood cells and filters organisms from the blood. The answer is Appendix.</s>'
  Decoded padded text (370 chars):
    '</s></s><s> [INST] Which of the following is the lymphoid organ that is a reservoir for red blood cells and filters organisms from the blood?\n\nPlease CONCISELY answer the question in English WITHOUT reasoning or explanation. [/INST]The spleen is the lymphoid organ that acts as a reservoir for red blood cells and filters organisms from the blood. The answer is Appendix'
  Setting perplexity to 1.0
WARNING: Unpadded sequence not found in padded sequence for entry 137 (lang: en)
  Error: Unpadded sequence (len=63) not found as contiguous subsequence in padded sequence (len=63). First 10 unpadded: [1, 733, 16289, 28793, 9595, 302, 272, 2296, 25553, 1218], padded: [2, 2, 2, 2, 2, 2, 2, 2, 2, 2, 2, 2, 2, 2, 2, 2, 2, 2, 2, 2, 2, 2, 2, 2, 2, 2, 1, 733, 16289, 28793, 9595, 302, 272, 2296, 25553, 1218, 460, 14700, 486, 272, 890, 377, 2176, 357, 28719, 28804, 13, 13, 12069, 4192, 5726, 1151, 9880, 4372, 272, 2996, 297, 4300, 8292, 24685, 442, 13268, 28723]
  Decoded unpadded text (236 chars):
    '<s> [INST] Which of the following cavities are separated by the diaphragm?\n\nPlease CONCISELY answer the question in English WITHOUT reasoning or explanation. [/INST]The thoracic and abdominal cavities are separated by the diaphragm.</s>'
  Decoded padded text (261 chars):
    '</s></s></s></s></s></s></s></s></s></s></s></s></s></s></s></s></s></s></s></s></s></s></s></s></s></s><s> [INST] Which of the following cavities are separated by the diaphragm?\n\nPlease CONCISELY answer the question in English WITHOUT reasoning or explanation.'
  Setting perplexity to 1.0
WARNING: Unpadded sequence not found in padded sequence for entry 137 (lang: en)
  Error: Unpadded sequence (len=62) not found as contiguous subsequence in padded sequence (len=62). First 10 unpadded: [1, 733, 16289, 28793, 9595, 302, 272, 2296, 25553, 1218], padded: [2, 2, 2, 2, 2, 2, 2, 2, 2, 2, 2, 2, 2, 2, 2, 2, 2, 2, 2, 2, 2, 2, 2, 2, 2, 2, 2, 1, 733, 16289, 28793, 9595, 302, 272, 2296, 25553, 1218, 460, 14700, 486, 272, 890, 377, 2176, 357, 28719, 28804, 13, 13, 12069, 4192, 5726, 1151, 9880, 4372, 272, 2996, 297, 4300, 8292, 24685, 442]
  Decoded unpadded text (237 chars):
    '<s> [INST] Which of the following cavities are separated by the diaphragm?\n\nPlease CONCISELY answer the question in English WITHOUT reasoning or explanation. [/INST]The pericardial and pleural cavities are separated by the diaphragm.</s>'
  Decoded padded text (252 chars):
    '</s></s></s></s></s></s></s></s></s></s></s></s></s></s></s></s></s></s></s></s></s></s></s></s></s></s></s><s> [INST] Which of the following cavities are separated by the diaphragm?\n\nPlease CONCISELY answer the question in English WITHOUT reasoning or'
  Setting perplexity to 1.0
WARNING: Unpadded sequence not found in padded sequence for entry 138 (lang: en)
  Error: Unpadded sequence (len=52) not found as contiguous subsequence in padded sequence (len=52). First 10 unpadded: [1, 733, 16289, 28793, 415, 8133, 302, 14153, 4416, 4721], padded: [2, 2, 2, 2, 2, 2, 2, 2, 2, 2, 2, 2, 2, 2, 2, 2, 2, 2, 2, 2, 2, 2, 2, 2, 2, 2, 2, 2, 2, 2, 2, 2, 2, 2, 2, 2, 2, 1, 733, 16289, 28793, 415, 8133, 302, 14153, 4416, 4721, 7001, 13, 13, 12069, 4192]
  Decoded unpadded text (212 chars):
    '<s> [INST] The walls of bronchioles contain\n\nPlease CONCISELY answer the question in English WITHOUT reasoning or explanation. [/INST]The walls of bronchioles contain smooth muscle and respiratory epithelium.</s>'
  Decoded padded text (203 chars):
    '</s></s></s></s></s></s></s></s></s></s></s></s></s></s></s></s></s></s></s></s></s></s></s></s></s></s></s></s></s></s></s></s></s></s></s></s></s><s> [INST] The walls of bronchioles contain\n\nPlease CON'
  Setting perplexity to 1.0
WARNING: Unpadded sequence not found in padded sequence for entry 138 (lang: en)
  Error: Unpadded sequence (len=56) not found as contiguous subsequence in padded sequence (len=56). First 10 unpadded: [1, 733, 16289, 28793, 415, 8133, 302, 14153, 4416, 4721], padded: [2, 2, 2, 2, 2, 2, 2, 2, 2, 2, 2, 2, 2, 2, 2, 2, 2, 2, 2, 2, 2, 2, 2, 2, 2, 2, 2, 2, 2, 2, 2, 2, 2, 1, 733, 16289, 28793, 415, 8133, 302, 14153, 4416, 4721, 7001, 13, 13, 12069, 4192, 5726, 1151, 9880, 4372, 272, 2996, 297, 4300]
  Decoded unpadded text (223 chars):
    '<s> [INST] The walls of bronchioles contain\n\nPlease CONCISELY answer the question in English WITHOUT reasoning or explanation. [/INST]The walls of bronchioles contain cartilage, smooth muscle and respiratory epithelium.</s>'
  Decoded padded text (224 chars):
    '</s></s></s></s></s></s></s></s></s></s></s></s></s></s></s></s></s></s></s></s></s></s></s></s></s></s></s></s></s></s></s></s></s><s> [INST] The walls of bronchioles contain\n\nPlease CONCISELY answer the question in English'
  Setting perplexity to 1.0
Perplexity: Written 174/85610 entries to perplexity result file (batch 29/14269)
Processing batch 30/14269
WARNING: Unpadded sequence not found in padded sequence for entry 139 (lang: en)
  Error: Unpadded sequence (len=107) not found as contiguous subsequence in padded sequence (len=107). First 10 unpadded: [1, 733, 16289, 28793, 9595, 302, 272, 2296, 2247, 509], padded: [2, 1, 733, 16289, 28793, 9595, 302, 272, 2296, 2247, 509, 1003, 8803, 16037, 361, 437, 262, 477, 272, 4242, 28725, 6298, 1238, 28141, 2096, 1126, 28725, 304, 349, 5290, 395, 272, 4885, 302, 430, 362, 436, 5721, 304, 285, 2792, 262, 8371, 28804, 13, 13, 12069, 4192, 5726, 1151, 9880, 4372, 272, 2996, 297, 4300, 8292, 24685, 442, 13268, 28723, 733, 28748, 16289, 28793, 1014, 24824, 25597, 544, 302, 1167, 5572, 28723, 661, 1003, 8803, 16037, 361, 437, 262, 477, 272, 4242, 28725, 6298, 1238, 28141, 2096, 1126, 28725, 304, 349, 5290, 395, 272, 4885, 302, 430, 362, 436, 5721, 304, 285, 2792, 262, 8371, 28723]
  Decoded unpadded text (442 chars):
    '<s> [INST] Which of the following organs removes bilirubin from the blood, manufactures plasma proteins, and is involved with the production of prothrombin and fibrinogen?\n\nPlease CONCISELY answer the question in English WITHOUT reasoning or explanation. [/INST]The liver performs all of these functions. It removes bilirubin from the blood, manufactures plasma proteins, and is involved with the production of prothrombin and fibrinogen.</s>'
  Decoded padded text (442 chars):
    '</s><s> [INST] Which of the following organs removes bilirubin from the blood, manufactures plasma proteins, and is involved with the production of prothrombin and fibrinogen?\n\nPlease CONCISELY answer the question in English WITHOUT reasoning or explanation. [/INST]The liver performs all of these functions. It removes bilirubin from the blood, manufactures plasma proteins, and is involved with the production of prothrombin and fibrinogen.'
  Setting perplexity to 1.0
WARNING: Unpadded sequence not found in padded sequence for entry 140 (lang: en)
  Error: Unpadded sequence (len=58) not found as contiguous subsequence in padded sequence (len=58). First 10 unpadded: [1, 733, 16289, 28793, 9595, 302, 272, 2296, 4331, 349], padded: [2, 2, 2, 2, 2, 2, 2, 2, 2, 2, 2, 2, 2, 2, 2, 2, 2, 2, 2, 2, 2, 2, 2, 2, 2, 2, 2, 2, 2, 2, 2, 2, 2, 2, 2, 2, 2, 2, 2, 2, 2, 2, 2, 2, 2, 2, 2, 2, 2, 2, 1, 733, 16289, 28793, 9595, 302, 272, 2296]
  Decoded unpadded text (232 chars):
    '<s> [INST] Which of the following conditions is characterized by incompetence of the esophageal sphincter?\n\nPlease CONCISELY answer the question in English WITHOUT reasoning or explanation. [/INST]Gastroesophageal reflux disease</s>'
  Decoded padded text (233 chars):
    '</s></s></s></s></s></s></s></s></s></s></s></s></s></s></s></s></s></s></s></s></s></s></s></s></s></s></s></s></s></s></s></s></s></s></s></s></s></s></s></s></s></s></s></s></s></s></s></s></s></s><s> [INST] Which of the following'
  Setting perplexity to 1.0
WARNING: Unpadded sequence not found in padded sequence for entry 140 (lang: en)
  Error: Unpadded sequence (len=54) not found as contiguous subsequence in padded sequence (len=54). First 10 unpadded: [1, 733, 16289, 28793, 9595, 302, 272, 2296, 4331, 349], padded: [2, 2, 2, 2, 2, 2, 2, 2, 2, 2, 2, 2, 2, 2, 2, 2, 2, 2, 2, 2, 2, 2, 2, 2, 2, 2, 2, 2, 2, 2, 2, 2, 2, 2, 2, 2, 2, 2, 2, 2, 2, 2, 2, 2, 2, 2, 2, 2, 2, 2, 2, 2, 2, 2]
  Decoded unpadded text (217 chars):
    '<s> [INST] Which of the following conditions is characterized by incompetence of the esophageal sphincter?\n\nPlease CONCISELY answer the question in English WITHOUT reasoning or explanation. [/INST]Pyloric stenosis</s>'
  Decoded padded text (216 chars):
    '</s></s></s></s></s></s></s></s></s></s></s></s></s></s></s></s></s></s></s></s></s></s></s></s></s></s></s></s></s></s></s></s></s></s></s></s></s></s></s></s></s></s></s></s></s></s></s></s></s></s></s></s></s></s>'
  Setting perplexity to 1.0
WARNING: Unpadded sequence not found in padded sequence for entry 141 (lang: en)
  Error: Unpadded sequence (len=65) not found as contiguous subsequence in padded sequence (len=65). First 10 unpadded: [1, 733, 16289, 28793, 415, 15922, 302, 272, 2664, 4785], padded: [2, 2, 2, 2, 2, 2, 2, 2, 2, 2, 2, 2, 2, 2, 2, 2, 2, 2, 2, 2, 2, 2, 2, 2, 2, 2, 2, 2, 2, 2, 2, 2, 2, 2, 2, 2, 2, 2, 2, 2, 2, 2, 2, 1, 733, 16289, 28793, 415, 15922, 302, 272, 2664, 4785, 380, 460, 4783, 784, 601, 486, 15407, 302, 272, 13, 13, 12069]
  Decoded unpadded text (263 chars):
    '<s> [INST] The muscles of the soft palate are innervated by branches of the\n\nPlease CONCISELY answer the question in English WITHOUT reasoning or explanation. [/INST]The muscles of the soft palate are innervated by branches of the trigeminal and vagus nerves.</s>'
  Decoded padded text (255 chars):
    '</s></s></s></s></s></s></s></s></s></s></s></s></s></s></s></s></s></s></s></s></s></s></s></s></s></s></s></s></s></s></s></s></s></s></s></s></s></s></s></s></s></s></s><s> [INST] The muscles of the soft palate are innervated by branches of the\n\nPlease'
  Setting perplexity to 1.0
WARNING: Unpadded sequence not found in padded sequence for entry 141 (lang: en)
  Error: Unpadded sequence (len=62) not found as contiguous subsequence in padded sequence (len=62). First 10 unpadded: [1, 733, 16289, 28793, 415, 15922, 302, 272, 2664, 4785], padded: [2, 2, 2, 2, 2, 2, 2, 2, 2, 2, 2, 2, 2, 2, 2, 2, 2, 2, 2, 2, 2, 2, 2, 2, 2, 2, 2, 2, 2, 2, 2, 2, 2, 2, 2, 2, 2, 2, 2, 2, 2, 2, 2, 2, 2, 2, 1, 733, 16289, 28793, 415, 15922, 302, 272, 2664, 4785, 380, 460, 4783, 784, 601, 486]
  Decoded unpadded text (259 chars):
    '<s> [INST] The muscles of the soft palate are innervated by branches of the\n\nPlease CONCISELY answer the question in English WITHOUT reasoning or explanation. [/INST]The muscles of the soft palate are innervated by branches of the facial and vagus nerves.</s>'
  Decoded padded text (243 chars):
    '</s></s></s></s></s></s></s></s></s></s></s></s></s></s></s></s></s></s></s></s></s></s></s></s></s></s></s></s></s></s></s></s></s></s></s></s></s></s></s></s></s></s></s></s></s></s><s> [INST] The muscles of the soft palate are innervated by'
  Setting perplexity to 1.0
Perplexity: Written 180/85610 entries to perplexity result file (batch 30/14269)
Processing batch 31/14269
WARNING: Unpadded sequence not found in padded sequence for entry 142 (lang: en)
  Error: Unpadded sequence (len=71) not found as contiguous subsequence in padded sequence (len=71). First 10 unpadded: [1, 733, 16289, 28793, 9595, 302, 272, 2296, 349, 272], padded: [2, 2, 2, 2, 2, 2, 2, 2, 2, 2, 2, 2, 2, 2, 2, 2, 2, 2, 2, 2, 2, 2, 2, 2, 2, 2, 2, 2, 2, 2, 1, 733, 16289, 28793, 9595, 302, 272, 2296, 349, 272, 2475, 14056, 1419, 11352, 298, 272, 1908, 1994, 304, 24797, 298, 272, 349, 338, 1962, 28804, 13, 13, 12069, 4192, 5726, 1151, 9880, 4372, 272, 2996, 297, 4300, 8292, 24685, 442]
  Decoded unpadded text (297 chars):
    '<s> [INST] Which of the following is the large bone found superior to the patella and inferior to the ischium?\n\nPlease CONCISELY answer the question in English WITHOUT reasoning or explanation. [/INST]The femur is the large bone found superior to the patella and inferior to the ischium. Femur</s>'
  Decoded padded text (300 chars):
    '</s></s></s></s></s></s></s></s></s></s></s></s></s></s></s></s></s></s></s></s></s></s></s></s></s></s></s></s></s></s><s> [INST] Which of the following is the large bone found superior to the patella and inferior to the ischium?\n\nPlease CONCISELY answer the question in English WITHOUT reasoning or'
  Setting perplexity to 1.0
WARNING: Unpadded sequence not found in padded sequence for entry 142 (lang: en)
  Error: Unpadded sequence (len=74) not found as contiguous subsequence in padded sequence (len=74). First 10 unpadded: [1, 733, 16289, 28793, 9595, 302, 272, 2296, 349, 272], padded: [2, 2, 2, 2, 2, 2, 2, 2, 2, 2, 2, 2, 2, 2, 2, 2, 2, 2, 2, 2, 2, 2, 2, 2, 2, 2, 2, 1, 733, 16289, 28793, 9595, 302, 272, 2296, 349, 272, 2475, 14056, 1419, 11352, 298, 272, 1908, 1994, 304, 24797, 298, 272, 349, 338, 1962, 28804, 13, 13, 12069, 4192, 5726, 1151, 9880, 4372, 272, 2996, 297, 4300, 8292, 24685, 442, 13268, 28723, 733, 28748, 16289, 28793]
  Decoded unpadded text (307 chars):
    '<s> [INST] Which of the following is the large bone found superior to the patella and inferior to the ischium?\n\nPlease CONCISELY answer the question in English WITHOUT reasoning or explanation. [/INST]The femur is the large bone found superior to the patella and inferior to the ischium. Symphysis pubis</s>'
  Decoded padded text (309 chars):
    '</s></s></s></s></s></s></s></s></s></s></s></s></s></s></s></s></s></s></s></s></s></s></s></s></s></s></s><s> [INST] Which of the following is the large bone found superior to the patella and inferior to the ischium?\n\nPlease CONCISELY answer the question in English WITHOUT reasoning or explanation. [/INST]'
  Setting perplexity to 1.0
WARNING: Unpadded sequence not found in padded sequence for entry 143 (lang: en)
  Error: Unpadded sequence (len=91) not found as contiguous subsequence in padded sequence (len=91). First 10 unpadded: [1, 733, 16289, 28793, 330, 6053, 24797, 389, 333, 8330], padded: [2, 2, 2, 2, 2, 2, 2, 2, 2, 2, 1, 733, 16289, 28793, 330, 6053, 24797, 389, 333, 8330, 23284, 2724, 622, 7072, 396, 28708, 374, 2053, 515, 302, 272, 13, 13, 12069, 4192, 5726, 1151, 9880, 4372, 272, 2996, 297, 4300, 8292, 24685, 442, 13268, 28723, 733, 28748, 16289, 28793, 1014, 24797, 389, 333, 8330, 23284, 2724, 28725, 739, 6053, 28725, 622, 7072, 396, 374, 2053, 515, 302, 272, 3889, 11144, 28725, 9915, 593, 1098, 9033, 304, 7867, 505, 21534, 449, 4643, 302, 272, 24449, 9915, 593, 1098, 9033]
  Decoded unpadded text (379 chars):
    '<s> [INST] A successful inferior alveolar nerve block will produce anaesthesia of the\n\nPlease CONCISELY answer the question in English WITHOUT reasoning or explanation. [/INST]The inferior alveolar nerve block, when successful, will produce anesthesia of the lower lip, mandibular teeth and labial gingivae of the anterior mandibular teeth. on the same side as the injection.</s>'
  Decoded padded text (379 chars):
    '</s></s></s></s></s></s></s></s></s></s><s> [INST] A successful inferior alveolar nerve block will produce anaesthesia of the\n\nPlease CONCISELY answer the question in English WITHOUT reasoning or explanation. [/INST]The inferior alveolar nerve block, when successful, will produce anesthesia of the lower lip, mandibular teeth and labial gingivae of the anterior mandibular teeth'
  Setting perplexity to 1.0
WARNING: Unpadded sequence not found in padded sequence for entry 144 (lang: en)
  Error: Unpadded sequence (len=77) not found as contiguous subsequence in padded sequence (len=77). First 10 unpadded: [1, 733, 16289, 28793, 415, 290, 1485, 5689, 302, 272], padded: [2, 2, 2, 2, 2, 2, 2, 2, 2, 2, 2, 2, 2, 2, 2, 2, 2, 2, 2, 2, 2, 2, 2, 2, 1, 733, 16289, 28793, 415, 290, 1485, 5689, 302, 272, 7280, 305, 628, 19736, 349, 4783, 784, 601, 486, 272, 13, 13, 12069, 4192, 5726, 1151, 9880, 4372, 272, 2996, 297, 4300, 8292, 24685, 442, 13268, 28723, 733, 28748, 16289, 28793, 1014, 5757, 305, 628, 28711, 490, 282, 23284, 690, 349, 272, 2211]
  Decoded unpadded text (275 chars):
    '<s> [INST] The mucosa of the upper larynx is innervated by the\n\nPlease CONCISELY answer the question in English WITHOUT reasoning or explanation. [/INST]The internal laryngeal nerve which is the afferent limb of the cough reflex innervates the mucosa of the upper larynx.</s>'
  Decoded padded text (294 chars):
    '</s></s></s></s></s></s></s></s></s></s></s></s></s></s></s></s></s></s></s></s></s></s></s></s><s> [INST] The mucosa of the upper larynx is innervated by the\n\nPlease CONCISELY answer the question in English WITHOUT reasoning or explanation. [/INST]The internal laryngeal nerve which is the aff'
  Setting perplexity to 1.0
WARNING: Unpadded sequence not found in padded sequence for entry 144 (lang: en)
  Error: Unpadded sequence (len=78) not found as contiguous subsequence in padded sequence (len=78). First 10 unpadded: [1, 733, 16289, 28793, 415, 290, 1485, 5689, 302, 272], padded: [2, 2, 2, 2, 2, 2, 2, 2, 2, 2, 2, 2, 2, 2, 2, 2, 2, 2, 2, 2, 2, 2, 2, 1, 733, 16289, 28793, 415, 290, 1485, 5689, 302, 272, 7280, 305, 628, 19736, 349, 4783, 784, 601, 486, 272, 13, 13, 12069, 4192, 5726, 1151, 9880, 4372, 272, 2996, 297, 4300, 8292, 24685, 442, 13268, 28723, 733, 28748, 16289, 28793, 1014, 9354, 305, 628, 28711, 490, 282, 23284, 690, 349, 272, 2211, 263, 308]
  Decoded unpadded text (273 chars):
    '<s> [INST] The mucosa of the upper larynx is innervated by the\n\nPlease CONCISELY answer the question in English WITHOUT reasoning or explanation. [/INST]The external laryngeal nerve which is the afferent limb of the gag reflex innervates the mucosa of the upper larynx.</s>'
  Decoded padded text (295 chars):
    '</s></s></s></s></s></s></s></s></s></s></s></s></s></s></s></s></s></s></s></s></s></s></s><s> [INST] The mucosa of the upper larynx is innervated by the\n\nPlease CONCISELY answer the question in English WITHOUT reasoning or explanation. [/INST]The external laryngeal nerve which is the afferent'
  Setting perplexity to 1.0
Perplexity: Written 186/85610 entries to perplexity result file (batch 31/14269)
Processing batch 32/14269
WARNING: Unpadded sequence not found in padded sequence for entry 145 (lang: en)
  Error: Unpadded sequence (len=67) not found as contiguous subsequence in padded sequence (len=67). First 10 unpadded: [1, 733, 16289, 28793, 415, 15262, 302, 272, 1717, 2742], padded: [2, 2, 2, 2, 2, 2, 2, 2, 2, 2, 2, 2, 2, 2, 2, 2, 2, 2, 1, 733, 16289, 28793, 415, 15262, 302, 272, 1717, 2742, 3804, 276, 1962, 1950, 12735, 486, 13, 13, 12069, 4192, 5726, 1151, 9880, 4372, 272, 2996, 297, 4300, 8292, 24685, 442, 13268, 28723, 733, 28748, 16289, 28793, 1014, 15262, 302, 272, 1717, 2742, 3804, 276, 1962, 1950, 12735, 477]
  Decoded unpadded text (280 chars):
    '<s> [INST] The bones of the viscerocranium develop initially by\n\nPlease CONCISELY answer the question in English WITHOUT reasoning or explanation. [/INST]The bones of the viscerocranium develop initially from intramembranous ossification and follow the somatic growth pattern.</s>'
  Decoded padded text (280 chars):
    '</s></s></s></s></s></s></s></s></s></s></s></s></s></s></s></s></s></s><s> [INST] The bones of the viscerocranium develop initially by\n\nPlease CONCISELY answer the question in English WITHOUT reasoning or explanation. [/INST]The bones of the viscerocranium develop initially from'
  Setting perplexity to 1.0
WARNING: Unpadded sequence not found in padded sequence for entry 145 (lang: en)
  Error: Unpadded sequence (len=66) not found as contiguous subsequence in padded sequence (len=66). First 10 unpadded: [1, 733, 16289, 28793, 415, 15262, 302, 272, 1717, 2742], padded: [2, 2, 2, 2, 2, 2, 2, 2, 2, 2, 2, 2, 2, 2, 2, 2, 2, 2, 2, 1, 733, 16289, 28793, 415, 15262, 302, 272, 1717, 2742, 3804, 276, 1962, 1950, 12735, 486, 13, 13, 12069, 4192, 5726, 1151, 9880, 4372, 272, 2996, 297, 4300, 8292, 24685, 442, 13268, 28723, 733, 28748, 16289, 28793, 1014, 15262, 302, 272, 1717, 2742, 3804, 276, 1962, 1950]
  Decoded unpadded text (279 chars):
    '<s> [INST] The bones of the viscerocranium develop initially by\n\nPlease CONCISELY answer the question in English WITHOUT reasoning or explanation. [/INST]The bones of the viscerocranium develop initially from intramembranous ossification and follow the neural growth pattern.</s>'
  Decoded padded text (269 chars):
    '</s></s></s></s></s></s></s></s></s></s></s></s></s></s></s></s></s></s></s><s> [INST] The bones of the viscerocranium develop initially by\n\nPlease CONCISELY answer the question in English WITHOUT reasoning or explanation. [/INST]The bones of the viscerocranium develop'
  Setting perplexity to 1.0
WARNING: Unpadded sequence not found in padded sequence for entry 146 (lang: en)
  Error: Unpadded sequence (len=84) not found as contiguous subsequence in padded sequence (len=84). First 10 unpadded: [1, 733, 16289, 28793, 415, 21765, 1863, 28713, 272, 5714], padded: [2, 1, 733, 16289, 28793, 415, 21765, 1863, 28713, 272, 5714, 13892, 298, 4160, 264, 2159, 1221, 354, 396, 1500, 28733, 919, 3881, 302, 272, 16182, 3712, 28723, 415, 10722, 622, 347, 7885, 356, 690, 302, 272, 2296, 11294, 28804, 13, 13, 12069, 4192, 5726, 1151, 9880, 4372, 272, 2996, 297, 4300, 8292, 24685, 442, 13268, 28723, 733, 28748, 16289, 28793, 1014, 16182, 3712, 349, 264, 14056, 297, 272, 27504, 28725, 579, 272, 1500, 28733, 919, 3881, 622, 347, 7885, 356, 369, 4693, 28723]
  Decoded unpadded text (369 chars):
    '<s> [INST] The physician directs the medical assistant to complete a request form for an X-ray study of the fibula. The procedure will be performed on which of the following structures?\n\nPlease CONCISELY answer the question in English WITHOUT reasoning or explanation. [/INST]The fibula is a bone in the toes, so the X-ray study will be performed on that structure.</s>'
  Decoded padded text (369 chars):
    '</s><s> [INST] The physician directs the medical assistant to complete a request form for an X-ray study of the fibula. The procedure will be performed on which of the following structures?\n\nPlease CONCISELY answer the question in English WITHOUT reasoning or explanation. [/INST]The fibula is a bone in the toes, so the X-ray study will be performed on that structure.'
  Setting perplexity to 1.0
WARNING: Unpadded sequence not found in padded sequence for entry 147 (lang: en)
  Error: Unpadded sequence (len=44) not found as contiguous subsequence in padded sequence (len=44). First 10 unpadded: [1, 733, 16289, 28793, 9595, 8894, 297, 272, 4242, 511], padded: [2, 2, 2, 2, 2, 2, 2, 2, 2, 2, 2, 2, 2, 2, 2, 2, 2, 2, 2, 2, 2, 2, 2, 2, 2, 2, 2, 2, 2, 2, 2, 2, 2, 2, 2, 2, 2, 2, 2, 2, 2, 1, 733, 16289]
  Decoded unpadded text (164 chars):
    '<s> [INST] Which cells in the blood do not have a nucleus?\n\nPlease CONCISELY answer the question in English WITHOUT reasoning or explanation. [/INST]Erythrocyte</s>'
  Decoded padded text (173 chars):
    '</s></s></s></s></s></s></s></s></s></s></s></s></s></s></s></s></s></s></s></s></s></s></s></s></s></s></s></s></s></s></s></s></s></s></s></s></s></s></s></s></s><s> [INST'
  Setting perplexity to 1.0
WARNING: Unpadded sequence not found in padded sequence for entry 147 (lang: en)
  Error: Unpadded sequence (len=41) not found as contiguous subsequence in padded sequence (len=41). First 10 unpadded: [1, 733, 16289, 28793, 9595, 8894, 297, 272, 4242, 511], padded: [2, 2, 2, 2, 2, 2, 2, 2, 2, 2, 2, 2, 2, 2, 2, 2, 2, 2, 2, 2, 2, 2, 2, 2, 2, 2, 2, 2, 2, 2, 2, 2, 2, 2, 2, 2, 2, 2, 2, 2, 2]
  Decoded unpadded text (161 chars):
    '<s> [INST] Which cells in the blood do not have a nucleus?\n\nPlease CONCISELY answer the question in English WITHOUT reasoning or explanation. [/INST]Basophil</s>'
  Decoded padded text (164 chars):
    '</s></s></s></s></s></s></s></s></s></s></s></s></s></s></s></s></s></s></s></s></s></s></s></s></s></s></s></s></s></s></s></s></s></s></s></s></s></s></s></s></s>'
  Setting perplexity to 1.0
Perplexity: Written 192/85610 entries to perplexity result file (batch 32/14269)
Processing batch 33/14269
WARNING: Unpadded sequence not found in padded sequence for entry 148 (lang: en)
  Error: Unpadded sequence (len=50) not found as contiguous subsequence in padded sequence (len=50). First 10 unpadded: [1, 733, 16289, 28793, 415, 1275, 13921, 268, 8649, 5821], padded: [2, 2, 2, 2, 2, 2, 2, 2, 2, 2, 2, 2, 2, 2, 2, 2, 2, 2, 2, 2, 2, 2, 2, 2, 2, 2, 2, 2, 2, 2, 2, 1, 733, 16289, 28793, 415, 1275, 13921, 268, 8649, 5821, 1126, 272, 13, 13, 12069, 4192, 5726, 1151, 9880]
  Decoded unpadded text (190 chars):
    '<s> [INST] The coronal suture joins the\n\nPlease CONCISELY answer the question in English WITHOUT reasoning or explanation. [/INST]The coronal suture joins the frontal and parietal bones.</s>'
  Decoded padded text (181 chars):
    '</s></s></s></s></s></s></s></s></s></s></s></s></s></s></s></s></s></s></s></s></s></s></s></s></s></s></s></s></s></s></s><s> [INST] The coronal suture joins the\n\nPlease CONCISELY'
  Setting perplexity to 1.0
WARNING: Unpadded sequence not found in padded sequence for entry 148 (lang: en)
  Error: Unpadded sequence (len=50) not found as contiguous subsequence in padded sequence (len=50). First 10 unpadded: [1, 733, 16289, 28793, 415, 1275, 13921, 268, 8649, 5821], padded: [2, 2, 2, 2, 2, 2, 2, 2, 2, 2, 2, 2, 2, 2, 2, 2, 2, 2, 2, 2, 2, 2, 2, 2, 2, 2, 2, 2, 2, 2, 2, 1, 733, 16289, 28793, 415, 1275, 13921, 268, 8649, 5821, 1126, 272, 13, 13, 12069, 4192, 5726, 1151, 9880]
  Decoded unpadded text (193 chars):
    '<s> [INST] The coronal suture joins the\n\nPlease CONCISELY answer the question in English WITHOUT reasoning or explanation. [/INST]The coronal suture joins the left and right parietal bones.</s>'
  Decoded padded text (181 chars):
    '</s></s></s></s></s></s></s></s></s></s></s></s></s></s></s></s></s></s></s></s></s></s></s></s></s></s></s></s></s></s></s><s> [INST] The coronal suture joins the\n\nPlease CONCISELY'
  Setting perplexity to 1.0
WARNING: Unpadded sequence not found in padded sequence for entry 151 (lang: en)
  Error: Unpadded sequence (len=65) not found as contiguous subsequence in padded sequence (len=65). First 10 unpadded: [1, 733, 16289, 28793, 9595, 302, 272, 2296, 11294, 17039], padded: [2, 2, 2, 2, 2, 2, 2, 2, 2, 2, 2, 2, 2, 2, 2, 2, 1, 733, 16289, 28793, 9595, 302, 272, 2296, 11294, 17039, 272, 289, 274, 3126, 357, 381, 1059, 272, 890, 377, 2176, 357, 28719, 28804, 13, 13, 12069, 4192, 5726, 1151, 9880, 4372, 272, 2996, 297, 4300, 8292, 24685, 442, 13268, 28723, 733, 28748, 16289, 28793, 1014, 23195, 381, 28686]
  Decoded unpadded text (251 chars):
    '<s> [INST] Which of the following structures accompany the oesophagus through the diaphragm?\n\nPlease CONCISELY answer the question in English WITHOUT reasoning or explanation. [/INST]The vagus nerves accompany the oesophagus through the diaphragm.</s>'
  Decoded padded text (263 chars):
    '</s></s></s></s></s></s></s></s></s></s></s></s></s></s></s></s><s> [INST] Which of the following structures accompany the oesophagus through the diaphragm?\n\nPlease CONCISELY answer the question in English WITHOUT reasoning or explanation. [/INST]The vagus nerves'
  Setting perplexity to 1.0
WARNING: Unpadded sequence not found in padded sequence for entry 151 (lang: en)
  Error: Unpadded sequence (len=66) not found as contiguous subsequence in padded sequence (len=66). First 10 unpadded: [1, 733, 16289, 28793, 9595, 302, 272, 2296, 11294, 17039], padded: [2, 2, 2, 2, 2, 2, 2, 2, 2, 2, 2, 2, 2, 2, 2, 1, 733, 16289, 28793, 9595, 302, 272, 2296, 11294, 17039, 272, 289, 274, 3126, 357, 381, 1059, 272, 890, 377, 2176, 357, 28719, 28804, 13, 13, 12069, 4192, 5726, 1151, 9880, 4372, 272, 2996, 297, 4300, 8292, 24685, 442, 13268, 28723, 733, 28748, 16289, 28793, 1014, 1108, 951, 294, 28686, 17039]
  Decoded unpadded text (253 chars):
    '<s> [INST] Which of the following structures accompany the oesophagus through the diaphragm?\n\nPlease CONCISELY answer the question in English WITHOUT reasoning or explanation. [/INST]The phrenic nerves accompany the oesophagus through the diaphragm.</s>'
  Decoded padded text (271 chars):
    '</s></s></s></s></s></s></s></s></s></s></s></s></s></s></s><s> [INST] Which of the following structures accompany the oesophagus through the diaphragm?\n\nPlease CONCISELY answer the question in English WITHOUT reasoning or explanation. [/INST]The phrenic nerves accompany'
  Setting perplexity to 1.0
Perplexity: Written 198/85610 entries to perplexity result file (batch 33/14269)
Processing batch 34/14269
WARNING: Unpadded sequence not found in padded sequence for entry 152 (lang: en)
  Error: Unpadded sequence (len=94) not found as contiguous subsequence in padded sequence (len=94). First 10 unpadded: [1, 733, 16289, 28793, 9595, 7768, 13966, 272, 1587, 294], padded: [2, 2, 2, 2, 2, 2, 2, 2, 2, 2, 2, 2, 2, 2, 2, 2, 2, 2, 2, 1, 733, 16289, 28793, 9595, 7768, 13966, 272, 1587, 294, 27307, 28804, 13, 13, 12069, 4192, 5726, 1151, 9880, 4372, 272, 2996, 297, 4300, 8292, 24685, 442, 13268, 28723, 733, 28748, 16289, 28793, 1014, 1587, 294, 27307, 13966, 272, 2439, 302, 4242, 390, 378, 8049, 272, 3031, 28725, 27651, 1059, 272, 2187, 298, 5663, 21058, 304, 9246, 373, 788, 298, 261, 19474, 28725, 304, 868, 5723, 298, 272, 3031, 28723, 661, 5532, 272, 18365, 8061]
  Decoded unpadded text (404 chars):
    '<s> [INST] Which sequence describes the systemic circulation?\n\nPlease CONCISELY answer the question in English WITHOUT reasoning or explanation. [/INST]The systemic circulation describes the path of blood as it leaves the heart, travels through the body to deliver oxygen and nutrients to tissues, and then returns to the heart. It includes the Left ventricle → aorta → arteries →capillaries → veins.</s>'
  Decoded padded text (430 chars):
    '</s></s></s></s></s></s></s></s></s></s></s></s></s></s></s></s></s></s></s><s> [INST] Which sequence describes the systemic circulation?\n\nPlease CONCISELY answer the question in English WITHOUT reasoning or explanation. [/INST]The systemic circulation describes the path of blood as it leaves the heart, travels through the body to deliver oxygen and nutrients to tissues, and then returns to the heart. It includes the Left vent'
  Setting perplexity to 1.0
WARNING: Unpadded sequence not found in padded sequence for entry 152 (lang: en)
  Error: Unpadded sequence (len=95) not found as contiguous subsequence in padded sequence (len=95). First 10 unpadded: [1, 733, 16289, 28793, 9595, 7768, 13966, 272, 1587, 294], padded: [2, 2, 2, 2, 2, 2, 2, 2, 2, 2, 2, 2, 2, 2, 2, 2, 2, 2, 1, 733, 16289, 28793, 9595, 7768, 13966, 272, 1587, 294, 27307, 28804, 13, 13, 12069, 4192, 5726, 1151, 9880, 4372, 272, 2996, 297, 4300, 8292, 24685, 442, 13268, 28723, 733, 28748, 16289, 28793, 1014, 1587, 294, 27307, 13966, 272, 2439, 302, 4242, 390, 378, 8049, 272, 3031, 28725, 27651, 1059, 272, 2187, 298, 5663, 21058, 304, 9246, 373, 788, 298, 261, 19474, 28725, 304, 868, 5723, 298, 272, 3031, 28723, 661, 5532, 272, 9554, 8061, 1491, 291]
  Decoded unpadded text (415 chars):
    '<s> [INST] Which sequence describes the systemic circulation?\n\nPlease CONCISELY answer the question in English WITHOUT reasoning or explanation. [/INST]The systemic circulation describes the path of blood as it leaves the heart, travels through the body to deliver oxygen and nutrients to tissues, and then returns to the heart. It includes the Right ventricle → pulmonary trunk → arteries → capillaries →veins.</s>'
  Decoded padded text (432 chars):
    '</s></s></s></s></s></s></s></s></s></s></s></s></s></s></s></s></s></s><s> [INST] Which sequence describes the systemic circulation?\n\nPlease CONCISELY answer the question in English WITHOUT reasoning or explanation. [/INST]The systemic circulation describes the path of blood as it leaves the heart, travels through the body to deliver oxygen and nutrients to tissues, and then returns to the heart. It includes the Right ventricle'
  Setting perplexity to 1.0
WARNING: Unpadded sequence not found in padded sequence for entry 153 (lang: en)
  Error: Unpadded sequence (len=80) not found as contiguous subsequence in padded sequence (len=80). First 10 unpadded: [1, 733, 16289, 28793, 415, 396, 14435, 4723, 302, 272], padded: [2, 2, 2, 2, 2, 2, 2, 2, 2, 2, 2, 2, 2, 2, 2, 2, 2, 2, 2, 2, 2, 2, 2, 2, 2, 2, 2, 2, 2, 2, 2, 2, 2, 1, 733, 16289, 28793, 415, 396, 14435, 4723, 302, 272, 668, 1475, 21586, 349, 13, 13, 12069, 4192, 5726, 1151, 9880, 4372, 272, 2996, 297, 4300, 8292, 24685, 442, 13268, 28723, 733, 28748, 16289, 28793, 1014, 668, 1475, 21586, 349, 281, 734, 282, 2373, 272, 1429, 424]
  Decoded unpadded text (321 chars):
    '<s> [INST] The anatomic location of the spinal canal is\n\nPlease CONCISELY answer the question in English WITHOUT reasoning or explanation. [/INST]The spinal canal is dorsal within the vertebral column, extending from the foramen magnum at the base of the skull to the sacrum. It contains and protects the spinal cord.</s>'
  Decoded padded text (321 chars):
    '</s></s></s></s></s></s></s></s></s></s></s></s></s></s></s></s></s></s></s></s></s></s></s></s></s></s></s></s></s></s></s></s></s><s> [INST] The anatomic location of the spinal canal is\n\nPlease CONCISELY answer the question in English WITHOUT reasoning or explanation. [/INST]The spinal canal is dorsal within the verte'
  Setting perplexity to 1.0
WARNING: Unpadded sequence not found in padded sequence for entry 153 (lang: en)
  Error: Unpadded sequence (len=79) not found as contiguous subsequence in padded sequence (len=79). First 10 unpadded: [1, 733, 16289, 28793, 415, 396, 14435, 4723, 302, 272], padded: [2, 2, 2, 2, 2, 2, 2, 2, 2, 2, 2, 2, 2, 2, 2, 2, 2, 2, 2, 2, 2, 2, 2, 2, 2, 2, 2, 2, 2, 2, 2, 2, 2, 2, 1, 733, 16289, 28793, 415, 396, 14435, 4723, 302, 272, 668, 1475, 21586, 349, 13, 13, 12069, 4192, 5726, 1151, 9880, 4372, 272, 2996, 297, 4300, 8292, 24685, 442, 13268, 28723, 733, 28748, 16289, 28793, 1014, 668, 1475, 21586, 349, 2778, 282, 2373, 272, 1429]
  Decoded unpadded text (322 chars):
    '<s> [INST] The anatomic location of the spinal canal is\n\nPlease CONCISELY answer the question in English WITHOUT reasoning or explanation. [/INST]The spinal canal is frontal within the vertebral column, extending from the foramen magnum at the base of the skull to the sacrum. It contains and protects the spinal cord.</s>'
  Decoded padded text (324 chars):
    '</s></s></s></s></s></s></s></s></s></s></s></s></s></s></s></s></s></s></s></s></s></s></s></s></s></s></s></s></s></s></s></s></s></s><s> [INST] The anatomic location of the spinal canal is\n\nPlease CONCISELY answer the question in English WITHOUT reasoning or explanation. [/INST]The spinal canal is frontal within the ver'
  Setting perplexity to 1.0
WARNING: Unpadded sequence not found in padded sequence for entry 154 (lang: en)
  Error: Unpadded sequence (len=111) not found as contiguous subsequence in padded sequence (len=111). First 10 unpadded: [1, 733, 16289, 28793, 415, 940, 322, 313, 1415, 310], padded: [2, 2, 1, 733, 16289, 28793, 415, 940, 322, 313, 1415, 310, 7825, 13, 13, 12069, 4192, 5726, 1151, 9880, 4372, 272, 2996, 297, 4300, 8292, 24685, 442, 13268, 28723, 733, 28748, 16289, 28793, 1014, 940, 322, 313, 1415, 310, 7825, 477, 272, 940, 322, 313, 319, 1207, 28725, 5651, 297, 272, 10863, 28725, 298, 272, 5108, 28725, 10107, 298, 272, 21210, 277, 16012, 3065, 272, 1676, 7280, 290, 8330, 17961, 28723, 661, 21277, 3823, 5092, 6763, 486, 272, 940, 322, 313, 319, 1207, 298, 11092, 297, 18922, 296, 28723, 415, 940, 322, 313, 1415, 310, 7825, 3534, 298, 3042, 1623, 304, 27033, 272, 5108, 9089, 272, 7280, 1676, 5146, 8330]
  Decoded unpadded text (440 chars):
    '<s> [INST] The parotid duct runs\n\nPlease CONCISELY answer the question in English WITHOUT reasoning or explanation. [/INST]The parotid duct runs from the parotid gland, located in the cheek, to the mouth, specifically to the oral cavity near the second upper molar tooth. It carries saliva produced by the parotid gland to aid in digestion. The parotid duct runs deep to masseter and enters the mouth opposite the upper second premolar.</s>'
  Decoded padded text (443 chars):
    '</s></s><s> [INST] The parotid duct runs\n\nPlease CONCISELY answer the question in English WITHOUT reasoning or explanation. [/INST]The parotid duct runs from the parotid gland, located in the cheek, to the mouth, specifically to the oral cavity near the second upper molar tooth. It carries saliva produced by the parotid gland to aid in digestion. The parotid duct runs deep to masseter and enters the mouth opposite the upper second premolar'
  Setting perplexity to 1.0
Perplexity: Written 204/85610 entries to perplexity result file (batch 34/14269)
Processing batch 35/14269
WARNING: Unpadded sequence not found in padded sequence for entry 155 (lang: en)
  Error: Unpadded sequence (len=56) not found as contiguous subsequence in padded sequence (len=56). First 10 unpadded: [1, 733, 16289, 28793, 1047, 272, 3331, 349, 534, 670], padded: [2, 2, 2, 2, 2, 2, 2, 2, 2, 2, 2, 2, 2, 2, 2, 2, 2, 2, 1, 733, 16289, 28793, 1047, 272, 3331, 349, 534, 670, 2147, 28725, 378, 349, 4142, 297, 690, 5007, 28804, 13, 13, 12069, 4192, 5726, 1151, 9880, 4372, 272, 2996, 297, 4300, 8292, 24685, 442, 13268, 28723, 733, 28748]
  Decoded unpadded text (209 chars):
    "<s> [INST] If the foot is abducted, it is moved in which direction?\n\nPlease CONCISELY answer the question in English WITHOUT reasoning or explanation. [/INST]Laterally, or downward from the body's midline.</s>"
  Decoded padded text (225 chars):
    '</s></s></s></s></s></s></s></s></s></s></s></s></s></s></s></s></s></s><s> [INST] If the foot is abducted, it is moved in which direction?\n\nPlease CONCISELY answer the question in English WITHOUT reasoning or explanation. [/'
  Setting perplexity to 1.0
WARNING: Unpadded sequence not found in padded sequence for entry 155 (lang: en)
  Error: Unpadded sequence (len=56) not found as contiguous subsequence in padded sequence (len=56). First 10 unpadded: [1, 733, 16289, 28793, 1047, 272, 3331, 349, 534, 670], padded: [2, 2, 2, 2, 2, 2, 2, 2, 2, 2, 2, 2, 2, 2, 2, 2, 2, 2, 1, 733, 16289, 28793, 1047, 272, 3331, 349, 534, 670, 2147, 28725, 378, 349, 4142, 297, 690, 5007, 28804, 13, 13, 12069, 4192, 5726, 1151, 9880, 4372, 272, 2996, 297, 4300, 8292, 24685, 442, 13268, 28723, 733, 28748]
  Decoded unpadded text (207 chars):
    "<s> [INST] If the foot is abducted, it is moved in which direction?\n\nPlease CONCISELY answer the question in English WITHOUT reasoning or explanation. [/INST]Laterally, or inward from the body's midline.</s>"
  Decoded padded text (225 chars):
    '</s></s></s></s></s></s></s></s></s></s></s></s></s></s></s></s></s></s><s> [INST] If the foot is abducted, it is moved in which direction?\n\nPlease CONCISELY answer the question in English WITHOUT reasoning or explanation. [/'
  Setting perplexity to 1.0
WARNING: Unpadded sequence not found in padded sequence for entry 156 (lang: en)
  Error: Unpadded sequence (len=56) not found as contiguous subsequence in padded sequence (len=56). First 10 unpadded: [1, 733, 16289, 28793, 415, 4319, 520, 19894, 1803, 23284], padded: [2, 2, 2, 2, 2, 2, 2, 2, 2, 2, 2, 2, 2, 2, 2, 2, 2, 2, 1, 733, 16289, 28793, 415, 4319, 520, 19894, 1803, 23284, 13, 13, 12069, 4192, 5726, 1151, 9880, 4372, 272, 2996, 297, 4300, 8292, 24685, 442, 13268, 28723, 733, 28748, 16289, 28793, 1014, 4319, 520, 19894, 1803, 23284, 349]
  Decoded unpadded text (222 chars):
    '<s> [INST] The infraorbital nerve\n\nPlease CONCISELY answer the question in English WITHOUT reasoning or explanation. [/INST]The infraorbital nerve is a terminal branch of the maxillary division of the trigeminal nerve.</s>'
  Decoded padded text (221 chars):
    '</s></s></s></s></s></s></s></s></s></s></s></s></s></s></s></s></s></s><s> [INST] The infraorbital nerve\n\nPlease CONCISELY answer the question in English WITHOUT reasoning or explanation. [/INST]The infraorbital nerve is'
  Setting perplexity to 1.0
WARNING: Unpadded sequence not found in padded sequence for entry 156 (lang: en)
  Error: Unpadded sequence (len=53) not found as contiguous subsequence in padded sequence (len=53). First 10 unpadded: [1, 733, 16289, 28793, 415, 4319, 520, 19894, 1803, 23284], padded: [2, 2, 2, 2, 2, 2, 2, 2, 2, 2, 2, 2, 2, 2, 2, 2, 2, 2, 2, 2, 2, 1, 733, 16289, 28793, 415, 4319, 520, 19894, 1803, 23284, 13, 13, 12069, 4192, 5726, 1151, 9880, 4372, 272, 2996, 297, 4300, 8292, 24685, 442, 13268, 28723, 733, 28748, 16289, 28793, 1014]
  Decoded unpadded text (216 chars):
    '<s> [INST] The infraorbital nerve\n\nPlease CONCISELY answer the question in English WITHOUT reasoning or explanation. [/INST]The infraorbital nerve is a terminal branch of the maxillary branch of the facial nerve.</s>'
  Decoded padded text (211 chars):
    '</s></s></s></s></s></s></s></s></s></s></s></s></s></s></s></s></s></s></s></s></s><s> [INST] The infraorbital nerve\n\nPlease CONCISELY answer the question in English WITHOUT reasoning or explanation. [/INST]The'
  Setting perplexity to 1.0
WARNING: Unpadded sequence not found in padded sequence for entry 157 (lang: en)
  Error: Unpadded sequence (len=73) not found as contiguous subsequence in padded sequence (len=73). First 10 unpadded: [1, 733, 16289, 28793, 9595, 302, 272, 2296, 1489, 13966], padded: [2, 1, 733, 16289, 28793, 9595, 302, 272, 2296, 1489, 13966, 272, 1759, 970, 1403, 272, 11752, 15922, 5001, 298, 3313, 301, 2887, 1059, 272, 18922, 495, 25180, 28804, 13, 13, 12069, 4192, 5726, 1151, 9880, 4372, 272, 2996, 297, 4300, 8292, 24685, 442, 13268, 28723, 733, 28748, 16289, 28793, 4712, 392, 973, 278, 349, 272, 1759, 970, 11752, 15922, 5001, 298, 2318, 2887, 1059, 272, 18922, 495, 25180, 28723, 2678, 2821, 5174]
  Decoded unpadded text (349 chars):
    '<s> [INST] Which of the following best describes the process whereby the stomach muscles contract to propel food through the digestive tract?\n\nPlease CONCISELY answer the question in English WITHOUT reasoning or explanation. [/INST]Peristalsis is the process where stomach muscles contract to move food through the digestive tract. Regurgitation</s>'
  Decoded padded text (349 chars):
    '</s><s> [INST] Which of the following best describes the process whereby the stomach muscles contract to propel food through the digestive tract?\n\nPlease CONCISELY answer the question in English WITHOUT reasoning or explanation. [/INST]Peristalsis is the process where stomach muscles contract to move food through the digestive tract. Regurgitation'
  Setting perplexity to 1.0
Perplexity: Written 210/85610 entries to perplexity result file (batch 35/14269)
Processing batch 36/14269
WARNING: Unpadded sequence not found in padded sequence for entry 158 (lang: en)
  Error: Unpadded sequence (len=74) not found as contiguous subsequence in padded sequence (len=74). First 10 unpadded: [1, 733, 16289, 28793, 9595, 302, 272, 2296, 349, 272], padded: [2, 2, 2, 2, 2, 2, 2, 2, 1, 733, 16289, 28793, 9595, 302, 272, 2296, 349, 272, 1305, 438, 690, 396, 2824, 17494, 349, 1203, 10286, 477, 624, 24170, 266, 298, 1698, 24170, 266, 28804, 13, 13, 12069, 4192, 5726, 1151, 9880, 4372, 272, 2996, 297, 4300, 8292, 24685, 442, 13268, 28723, 733, 28748, 16289, 28793, 1014, 1305, 438, 690, 396, 2824, 17494, 349, 1203, 10286, 477, 624, 24170, 266, 298, 1698, 24170]
  Decoded unpadded text (310 chars):
    '<s> [INST] Which of the following is the point at which an impulse is transmitted from one neuron to another neuron?\n\nPlease CONCISELY answer the question in English WITHOUT reasoning or explanation. [/INST]The point at which an impulse is transmitted from one neuron to another neuron is called a synapse.</s>'
  Decoded padded text (315 chars):
    '</s></s></s></s></s></s></s></s><s> [INST] Which of the following is the point at which an impulse is transmitted from one neuron to another neuron?\n\nPlease CONCISELY answer the question in English WITHOUT reasoning or explanation. [/INST]The point at which an impulse is transmitted from one neuron to another neur'
  Setting perplexity to 1.0
WARNING: Unpadded sequence not found in padded sequence for entry 158 (lang: en)
  Error: Unpadded sequence (len=75) not found as contiguous subsequence in padded sequence (len=75). First 10 unpadded: [1, 733, 16289, 28793, 9595, 302, 272, 2296, 349, 272], padded: [2, 2, 2, 2, 2, 2, 2, 1, 733, 16289, 28793, 9595, 302, 272, 2296, 349, 272, 1305, 438, 690, 396, 2824, 17494, 349, 1203, 10286, 477, 624, 24170, 266, 298, 1698, 24170, 266, 28804, 13, 13, 12069, 4192, 5726, 1151, 9880, 4372, 272, 2996, 297, 4300, 8292, 24685, 442, 13268, 28723, 733, 28748, 16289, 28793, 1014, 1305, 438, 690, 396, 2824, 17494, 349, 1203, 10286, 477, 624, 24170, 266, 298, 1698, 24170, 266, 349]
  Decoded unpadded text (311 chars):
    '<s> [INST] Which of the following is the point at which an impulse is transmitted from one neuron to another neuron?\n\nPlease CONCISELY answer the question in English WITHOUT reasoning or explanation. [/INST]The point at which an impulse is transmitted from one neuron to another neuron is called a dendrite.</s>'
  Decoded padded text (316 chars):
    '</s></s></s></s></s></s></s><s> [INST] Which of the following is the point at which an impulse is transmitted from one neuron to another neuron?\n\nPlease CONCISELY answer the question in English WITHOUT reasoning or explanation. [/INST]The point at which an impulse is transmitted from one neuron to another neuron is'
  Setting perplexity to 1.0
WARNING: Unpadded sequence not found in padded sequence for entry 160 (lang: en)
  Error: Unpadded sequence (len=81) not found as contiguous subsequence in padded sequence (len=81). First 10 unpadded: [1, 733, 16289, 28793, 9595, 302, 272, 2296, 349, 396], padded: [2, 1, 733, 16289, 28793, 9595, 302, 272, 2296, 349, 396, 2735, 695, 2170, 302, 272, 319, 19240, 501, 374, 1475, 1587, 369, 349, 7332, 354, 15038, 1157, 1488, 24726, 28804, 13, 13, 12069, 4192, 5726, 1151, 9880, 4372, 272, 2996, 297, 4300, 8292, 24685, 442, 13268, 28723, 733, 28748, 16289, 28793, 1014, 284, 834, 267, 293, 349, 396, 2735, 695, 2170, 302, 272, 319, 19240, 501, 374, 1475, 1587, 369, 349, 7332, 354, 15038, 1157, 367, 834, 267, 293, 28723]
  Decoded unpadded text (333 chars):
    '<s> [INST] Which of the following is an accessory organ of the gastrointestinal system that is responsible for secreting insulin?\n\nPlease CONCISELY answer the question in English WITHOUT reasoning or explanation. [/INST]The pancreas is an accessory organ of the gastrointestinal system that is responsible for secreting Pancreas.</s>'
  Decoded padded text (333 chars):
    '</s><s> [INST] Which of the following is an accessory organ of the gastrointestinal system that is responsible for secreting insulin?\n\nPlease CONCISELY answer the question in English WITHOUT reasoning or explanation. [/INST]The pancreas is an accessory organ of the gastrointestinal system that is responsible for secreting Pancreas.'
  Setting perplexity to 1.0
WARNING: Unpadded sequence not found in padded sequence for entry 161 (lang: en)
  Error: Unpadded sequence (len=68) not found as contiguous subsequence in padded sequence (len=68). First 10 unpadded: [1, 733, 16289, 28793, 330, 290, 3737, 440, 14284, 423], padded: [2, 2, 2, 2, 2, 2, 2, 2, 2, 2, 2, 2, 2, 2, 1, 733, 16289, 28793, 330, 290, 3737, 440, 14284, 423, 349, 3207, 4054, 272, 7749, 28742, 28713, 1272, 2158, 3126, 628, 28711, 490, 282, 23284, 28723, 1306, 622, 2659, 13, 13, 12069, 4192, 5726, 1151, 9880, 4372, 272, 2996, 297, 4300, 8292, 24685, 442, 13268, 28723, 733, 28748, 16289, 28793, 9195, 302, 9230, 304]
  Decoded unpadded text (275 chars):
    "<s> [INST] A malignant tumour is damaging the patient's glossopharyngeal nerve. They will experience\n\nPlease CONCISELY answer the question in English WITHOUT reasoning or explanation. [/INST]loss of taste and somaesthetic sensation over the posterior third of the tongue.</s>"
  Decoded padded text (264 chars):
    "</s></s></s></s></s></s></s></s></s></s></s></s></s></s><s> [INST] A malignant tumour is damaging the patient's glossopharyngeal nerve. They will experience\n\nPlease CONCISELY answer the question in English WITHOUT reasoning or explanation. [/INST]loss of taste and"
  Setting perplexity to 1.0
WARNING: Unpadded sequence not found in padded sequence for entry 161 (lang: en)
  Error: Unpadded sequence (len=61) not found as contiguous subsequence in padded sequence (len=61). First 10 unpadded: [1, 733, 16289, 28793, 330, 290, 3737, 440, 14284, 423], padded: [2, 2, 2, 2, 2, 2, 2, 2, 2, 2, 2, 2, 2, 2, 2, 2, 2, 2, 2, 2, 2, 1, 733, 16289, 28793, 330, 290, 3737, 440, 14284, 423, 349, 3207, 4054, 272, 7749, 28742, 28713, 1272, 2158, 3126, 628, 28711, 490, 282, 23284, 28723, 1306, 622, 2659, 13, 13, 12069, 4192, 5726, 1151, 9880, 4372, 272, 2996, 297]
  Decoded unpadded text (234 chars):
    "<s> [INST] A malignant tumour is damaging the patient's glossopharyngeal nerve. They will experience\n\nPlease CONCISELY answer the question in English WITHOUT reasoning or explanation. [/INST]paralysis of the muscles of the tongue.</s>"
  Decoded padded text (225 chars):
    "</s></s></s></s></s></s></s></s></s></s></s></s></s></s></s></s></s></s></s></s></s><s> [INST] A malignant tumour is damaging the patient's glossopharyngeal nerve. They will experience\n\nPlease CONCISELY answer the question in"
  Setting perplexity to 1.0
Perplexity: Written 216/85610 entries to perplexity result file (batch 36/14269)
Processing batch 37/14269
WARNING: Unpadded sequence not found in padded sequence for entry 163 (lang: en)
  Error: Unpadded sequence (len=51) not found as contiguous subsequence in padded sequence (len=51). First 10 unpadded: [1, 733, 16289, 28793, 17143, 21142, 477, 272, 1103, 8061], padded: [2, 2, 2, 2, 2, 2, 2, 2, 2, 2, 2, 2, 2, 2, 2, 2, 2, 2, 2, 2, 2, 2, 2, 2, 2, 2, 2, 1, 733, 16289, 28793, 17143, 21142, 477, 272, 1103, 8061, 1491, 291, 302, 272, 3031, 778, 690, 302, 272, 2296, 11294, 28804, 13, 13]
  Decoded unpadded text (213 chars):
    '<s> [INST] Blood flows from the right ventricle of the heart into which of the following structures?\n\nPlease CONCISELY answer the question in English WITHOUT reasoning or explanation. [/INST]Pulmonary arteries</s>'
  Decoded padded text (210 chars):
    '</s></s></s></s></s></s></s></s></s></s></s></s></s></s></s></s></s></s></s></s></s></s></s></s></s></s></s><s> [INST] Blood flows from the right ventricle of the heart into which of the following structures?\n\n'
  Setting perplexity to 1.0
WARNING: Unpadded sequence not found in padded sequence for entry 163 (lang: en)
  Error: Unpadded sequence (len=50) not found as contiguous subsequence in padded sequence (len=50). First 10 unpadded: [1, 733, 16289, 28793, 17143, 21142, 477, 272, 1103, 8061], padded: [2, 2, 2, 2, 2, 2, 2, 2, 2, 2, 2, 2, 2, 2, 2, 2, 2, 2, 2, 2, 2, 2, 2, 2, 2, 2, 2, 2, 1, 733, 16289, 28793, 17143, 21142, 477, 272, 1103, 8061, 1491, 291, 302, 272, 3031, 778, 690, 302, 272, 2296, 11294, 28804]
  Decoded unpadded text (210 chars):
    '<s> [INST] Blood flows from the right ventricle of the heart into which of the following structures?\n\nPlease CONCISELY answer the question in English WITHOUT reasoning or explanation. [/INST]Pulmonary veins</s>'
  Decoded padded text (212 chars):
    '</s></s></s></s></s></s></s></s></s></s></s></s></s></s></s></s></s></s></s></s></s></s></s></s></s></s></s></s><s> [INST] Blood flows from the right ventricle of the heart into which of the following structures?'
  Setting perplexity to 1.0
WARNING: Unpadded sequence not found in padded sequence for entry 164 (lang: en)
  Error: Unpadded sequence (len=65) not found as contiguous subsequence in padded sequence (len=65). First 10 unpadded: [1, 733, 16289, 28793, 330, 7749, 349, 21670, 3101, 297], padded: [2, 2, 2, 2, 2, 2, 2, 2, 2, 2, 2, 2, 2, 1, 733, 16289, 28793, 330, 7749, 349, 21670, 3101, 297, 272, 7215, 28723, 995, 12236, 6544, 298, 272, 2735, 695, 23284, 297, 272, 20862, 24411, 28723, 995, 682, 1369, 23284, 908, 486, 7201, 272, 7749, 298, 13, 13, 12069, 4192, 5726, 1151, 9880, 4372, 272, 2996, 297, 4300, 8292, 24685, 442, 13268]
  Decoded unpadded text (304 chars):
    '<s> [INST] A patient is stabbed in the neck. You suspect damage to the accessory nerve in the posterior triangle. You would test nerve function by asking the patient to\n\nPlease CONCISELY answer the question in English WITHOUT reasoning or explanation. [/INST]Shrug their shoulders against resistance.</s>'
  Decoded padded text (302 chars):
    '</s></s></s></s></s></s></s></s></s></s></s></s></s><s> [INST] A patient is stabbed in the neck. You suspect damage to the accessory nerve in the posterior triangle. You would test nerve function by asking the patient to\n\nPlease CONCISELY answer the question in English WITHOUT reasoning or explanation'
  Setting perplexity to 1.0
WARNING: Unpadded sequence not found in padded sequence for entry 164 (lang: en)
  Error: Unpadded sequence (len=67) not found as contiguous subsequence in padded sequence (len=67). First 10 unpadded: [1, 733, 16289, 28793, 330, 7749, 349, 21670, 3101, 297], padded: [2, 2, 2, 2, 2, 2, 2, 2, 2, 2, 2, 1, 733, 16289, 28793, 330, 7749, 349, 21670, 3101, 297, 272, 7215, 28723, 995, 12236, 6544, 298, 272, 2735, 695, 23284, 297, 272, 20862, 24411, 28723, 995, 682, 1369, 23284, 908, 486, 7201, 272, 7749, 298, 13, 13, 12069, 4192, 5726, 1151, 9880, 4372, 272, 2996, 297, 4300, 8292, 24685, 442, 13268, 28723, 733, 28748, 16289]
  Decoded unpadded text (304 chars):
    '<s> [INST] A patient is stabbed in the neck. You suspect damage to the accessory nerve in the posterior triangle. You would test nerve function by asking the patient to\n\nPlease CONCISELY answer the question in English WITHOUT reasoning or explanation. [/INST]Shrug their shoulders without impairment.</s>'
  Decoded padded text (302 chars):
    '</s></s></s></s></s></s></s></s></s></s></s><s> [INST] A patient is stabbed in the neck. You suspect damage to the accessory nerve in the posterior triangle. You would test nerve function by asking the patient to\n\nPlease CONCISELY answer the question in English WITHOUT reasoning or explanation. [/INST'
  Setting perplexity to 1.0
WARNING: Unpadded sequence not found in padded sequence for entry 168 (lang: en)
  Error: Unpadded sequence (len=77) not found as contiguous subsequence in padded sequence (len=77). First 10 unpadded: [1, 733, 16289, 28793, 415, 10840, 361, 5377, 25180, 349], padded: [2, 1, 733, 16289, 28793, 415, 10840, 361, 5377, 25180, 349, 12554, 486, 272, 349, 8615, 381, 302, 272, 23165, 2938, 319, 1207, 438, 272, 2184, 302, 272, 13, 13, 12069, 4192, 5726, 1151, 9880, 4372, 272, 2996, 297, 4300, 8292, 24685, 442, 13268, 28723, 733, 28748, 16289, 28793, 1014, 10840, 361, 5377, 25180, 349, 12554, 486, 272, 349, 8615, 381, 302, 272, 23165, 2938, 319, 1207, 438, 272, 2184, 302, 272, 467, 1344, 282, 18947, 28723]
  Decoded unpadded text (298 chars):
    '<s> [INST] The respiratory tract is crossed by the isthmus of the thyroid gland at the level of the\n\nPlease CONCISELY answer the question in English WITHOUT reasoning or explanation. [/INST]The respiratory tract is crossed by the isthmus of the thyroid gland at the level of the tracheal rings.</s>'
  Decoded padded text (298 chars):
    '</s><s> [INST] The respiratory tract is crossed by the isthmus of the thyroid gland at the level of the\n\nPlease CONCISELY answer the question in English WITHOUT reasoning or explanation. [/INST]The respiratory tract is crossed by the isthmus of the thyroid gland at the level of the tracheal rings.'
  Setting perplexity to 1.0
Perplexity: Written 222/85610 entries to perplexity result file (batch 37/14269)
Processing batch 38/14269
WARNING: Unpadded sequence not found in padded sequence for entry 169 (lang: en)
  Error: Unpadded sequence (len=138) not found as contiguous subsequence in padded sequence (len=138). First 10 unpadded: [1, 733, 16289, 28793, 995, 5640, 264, 1514, 296, 356], padded: [2, 2, 1, 733, 16289, 28793, 995, 5640, 264, 1514, 296, 356, 272, 7867, 505, 389, 333, 8330, 290, 1485, 5689, 302, 272, 3889, 1103, 2062, 282, 2258, 278, 271, 17961, 302, 624, 302, 574, 6883, 304, 7964, 298, 1388, 264, 4240, 2599, 28724, 298, 4080, 354, 21210, 2439, 2161, 2264, 9595, 23284, 682, 2699, 1862, 396, 28708, 374, 2053, 515, 297, 1745, 298, 7096, 575, 264, 3358, 28733, 3669, 4240, 2599, 28724, 28804, 13, 13, 12069, 4192, 5726, 1151, 9880, 4372, 272, 2996, 297, 4300, 8292, 24685, 442, 13268, 28723, 733, 28748, 16289, 28793, 1014, 8057, 23284, 682, 2699, 1862, 396, 28708, 374, 2053, 515, 297, 1745, 298, 7096, 575, 264, 3358, 28733, 3669, 4240, 2599, 28724, 302, 272, 7867, 505, 389, 333, 8330, 290, 1485, 5689, 302, 272, 3889, 1103, 2062, 282, 2258, 278, 271, 17961]
  Decoded unpadded text (529 chars):
    '<s> [INST] You notice a lesion on the labial alveolar mucosa of the lower right lateral incisor tooth of one of your patients and decide to take a biopsy to send for oral pathology report Which nerve would require local anaesthesia in order to carry out a pain-free biopsy?\n\nPlease CONCISELY answer the question in English WITHOUT reasoning or explanation. [/INST]The mental nerve would require local anaesthesia in order to carry out a pain-free biopsy of the labial alveolar mucosa of the lower right lateral incisor tooth.</s>'
  Decoded padded text (532 chars):
    '</s></s><s> [INST] You notice a lesion on the labial alveolar mucosa of the lower right lateral incisor tooth of one of your patients and decide to take a biopsy to send for oral pathology report Which nerve would require local anaesthesia in order to carry out a pain-free biopsy?\n\nPlease CONCISELY answer the question in English WITHOUT reasoning or explanation. [/INST]The mental nerve would require local anaesthesia in order to carry out a pain-free biopsy of the labial alveolar mucosa of the lower right lateral incisor tooth'
  Setting perplexity to 1.0
WARNING: Unpadded sequence not found in padded sequence for entry 170 (lang: en)
  Error: Unpadded sequence (len=103) not found as contiguous subsequence in padded sequence (len=103). First 10 unpadded: [1, 733, 16289, 28793, 415, 3014, 8902, 697, 302, 3313], padded: [2, 2, 2, 2, 2, 2, 2, 2, 2, 2, 2, 2, 2, 2, 2, 2, 2, 2, 2, 2, 2, 2, 2, 2, 2, 2, 2, 2, 2, 2, 2, 2, 2, 2, 2, 2, 2, 1, 733, 16289, 28793, 415, 3014, 8902, 697, 302, 3313, 7189, 1358, 495, 312, 1358, 734, 7501, 1871, 684, 2840, 302, 272, 320, 28755, 28798, 460, 5651, 297, 13, 13, 12069, 4192, 5726, 1151, 9880, 4372, 272, 2996, 297, 4300, 8292, 24685, 442, 13268, 28723, 733, 28748, 16289, 28793, 1014, 3014, 8902, 697, 302, 3313, 7189, 1358, 495, 312, 1358, 734, 7501, 1871, 684, 272, 2840]
  Decoded unpadded text (437 chars):
    '<s> [INST] The major concentrations of proprioceptive receptors providing information about position of the TMJ are located in\n\nPlease CONCISELY answer the question in English WITHOUT reasoning or explanation. [/INST]The major concentrations of proprioceptive receptors providing information about the position of the temporomandibular joint (TMJ) are located in the capsule and ligaments of the TMJ and the lateral pterygoid muscle.</s>'
  Decoded padded text (458 chars):
    '</s></s></s></s></s></s></s></s></s></s></s></s></s></s></s></s></s></s></s></s></s></s></s></s></s></s></s></s></s></s></s></s></s></s></s></s></s><s> [INST] The major concentrations of proprioceptive receptors providing information about position of the TMJ are located in\n\nPlease CONCISELY answer the question in English WITHOUT reasoning or explanation. [/INST]The major concentrations of proprioceptive receptors providing information about the position'
  Setting perplexity to 1.0
WARNING: Unpadded sequence not found in padded sequence for entry 170 (lang: en)
  Error: Unpadded sequence (len=101) not found as contiguous subsequence in padded sequence (len=101). First 10 unpadded: [1, 733, 16289, 28793, 415, 3014, 8902, 697, 302, 3313], padded: [2, 2, 2, 2, 2, 2, 2, 2, 2, 2, 2, 2, 2, 2, 2, 2, 2, 2, 2, 2, 2, 2, 2, 2, 2, 2, 2, 2, 2, 2, 2, 2, 2, 2, 2, 2, 2, 2, 2, 1, 733, 16289, 28793, 415, 3014, 8902, 697, 302, 3313, 7189, 1358, 495, 312, 1358, 734, 7501, 1871, 684, 2840, 302, 272, 320, 28755, 28798, 460, 5651, 297, 13, 13, 12069, 4192, 5726, 1151, 9880, 4372, 272, 2996, 297, 4300, 8292, 24685, 442, 13268, 28723, 733, 28748, 16289, 28793, 1014, 3014, 8902, 697, 302, 3313, 7189, 1358, 495, 312, 1358, 734, 7501]
  Decoded unpadded text (429 chars):
    '<s> [INST] The major concentrations of proprioceptive receptors providing information about position of the TMJ are located in\n\nPlease CONCISELY answer the question in English WITHOUT reasoning or explanation. [/INST]The major concentrations of proprioceptive receptors providing information about the position of the temporomandibular joint (TMJ) are located in the articular disc of the TMJ and the medial pterygoid muscle.</s>'
  Decoded padded text (435 chars):
    '</s></s></s></s></s></s></s></s></s></s></s></s></s></s></s></s></s></s></s></s></s></s></s></s></s></s></s></s></s></s></s></s></s></s></s></s></s></s></s><s> [INST] The major concentrations of proprioceptive receptors providing information about position of the TMJ are located in\n\nPlease CONCISELY answer the question in English WITHOUT reasoning or explanation. [/INST]The major concentrations of proprioceptive receptors providing'
  Setting perplexity to 1.0
WARNING: Unpadded sequence not found in padded sequence for entry 171 (lang: en)
  Error: Unpadded sequence (len=52) not found as contiguous subsequence in padded sequence (len=52). First 10 unpadded: [1, 733, 16289, 28793, 9595, 302, 272, 2296, 349, 264], padded: [2, 2, 2, 2, 2, 2, 2, 2, 2, 2, 2, 2, 2, 2, 2, 2, 2, 2, 2, 2, 2, 2, 2, 2, 2, 2, 2, 2, 2, 2, 2, 2, 2, 2, 2, 2, 2, 2, 2, 2, 2, 2, 2, 2, 2, 2, 2, 2, 2, 2, 2, 2]
  Decoded unpadded text (217 chars):
    '<s> [INST] Which of the following is a substance that aids the transmission of nerve impulses to the muscles?\n\nPlease CONCISELY answer the question in English WITHOUT reasoning or explanation. [/INST]Acetylcholine</s>'
  Decoded padded text (208 chars):
    '</s></s></s></s></s></s></s></s></s></s></s></s></s></s></s></s></s></s></s></s></s></s></s></s></s></s></s></s></s></s></s></s></s></s></s></s></s></s></s></s></s></s></s></s></s></s></s></s></s></s></s></s>'
  Setting perplexity to 1.0
WARNING: Unpadded sequence not found in padded sequence for entry 171 (lang: en)
  Error: Unpadded sequence (len=54) not found as contiguous subsequence in padded sequence (len=54). First 10 unpadded: [1, 733, 16289, 28793, 9595, 302, 272, 2296, 349, 264], padded: [2, 2, 2, 2, 2, 2, 2, 2, 2, 2, 2, 2, 2, 2, 2, 2, 2, 2, 2, 2, 2, 2, 2, 2, 2, 2, 2, 2, 2, 2, 2, 2, 2, 2, 2, 2, 2, 2, 2, 2, 2, 2, 2, 2, 2, 2, 2, 2, 2, 2, 2, 2, 2, 2]
  Decoded unpadded text (219 chars):
    '<s> [INST] Which of the following is a substance that aids the transmission of nerve impulses to the muscles?\n\nPlease CONCISELY answer the question in English WITHOUT reasoning or explanation. [/INST]Cholecystokinin</s>'
  Decoded padded text (216 chars):
    '</s></s></s></s></s></s></s></s></s></s></s></s></s></s></s></s></s></s></s></s></s></s></s></s></s></s></s></s></s></s></s></s></s></s></s></s></s></s></s></s></s></s></s></s></s></s></s></s></s></s></s></s></s></s>'
  Setting perplexity to 1.0
Perplexity: Written 228/85610 entries to perplexity result file (batch 38/14269)
Processing batch 39/14269
WARNING: Unpadded sequence not found in padded sequence for entry 172 (lang: en)
  Error: Unpadded sequence (len=63) not found as contiguous subsequence in padded sequence (len=63). First 10 unpadded: [1, 733, 16289, 28793, 560, 272, 668, 1475, 16732, 28725], padded: [2, 2, 2, 2, 2, 2, 2, 2, 2, 2, 2, 2, 2, 2, 2, 2, 2, 2, 2, 2, 2, 2, 2, 2, 2, 2, 2, 2, 2, 2, 2, 2, 2, 2, 2, 2, 2, 2, 2, 2, 2, 2, 2, 2, 2, 2, 2, 2, 2, 2, 2, 2, 2, 2, 2, 2, 2, 2, 2, 2, 2, 2, 2]
  Decoded unpadded text (256 chars):
    "<s> [INST] In the spinal cord, motor neuron cell bodies are located in\n\nPlease CONCISELY answer the question in English WITHOUT reasoning or explanation. [/INST]The motor neuron cell bodies are located in the Lamina IX of the spinal cord's gray matter.</s>"
  Decoded padded text (252 chars):
    '</s></s></s></s></s></s></s></s></s></s></s></s></s></s></s></s></s></s></s></s></s></s></s></s></s></s></s></s></s></s></s></s></s></s></s></s></s></s></s></s></s></s></s></s></s></s></s></s></s></s></s></s></s></s></s></s></s></s></s></s></s></s></s>'
  Setting perplexity to 1.0
WARNING: Unpadded sequence not found in padded sequence for entry 172 (lang: en)
  Error: Unpadded sequence (len=63) not found as contiguous subsequence in padded sequence (len=63). First 10 unpadded: [1, 733, 16289, 28793, 560, 272, 668, 1475, 16732, 28725], padded: [2, 2, 2, 2, 2, 2, 2, 2, 2, 2, 2, 2, 2, 2, 2, 2, 2, 2, 2, 2, 2, 2, 2, 2, 2, 2, 2, 2, 2, 2, 2, 2, 2, 2, 2, 2, 2, 2, 2, 2, 2, 2, 2, 2, 2, 2, 2, 2, 2, 2, 2, 2, 2, 2, 2, 2, 2, 2, 2, 2, 2, 2, 2]
  Decoded unpadded text (255 chars):
    "<s> [INST] In the spinal cord, motor neuron cell bodies are located in\n\nPlease CONCISELY answer the question in English WITHOUT reasoning or explanation. [/INST]The motor neuron cell bodies are located in the Lamina I of the spinal cord's gray matter.</s>"
  Decoded padded text (252 chars):
    '</s></s></s></s></s></s></s></s></s></s></s></s></s></s></s></s></s></s></s></s></s></s></s></s></s></s></s></s></s></s></s></s></s></s></s></s></s></s></s></s></s></s></s></s></s></s></s></s></s></s></s></s></s></s></s></s></s></s></s></s></s></s></s>'
  Setting perplexity to 1.0
WARNING: Unpadded sequence not found in padded sequence for entry 173 (lang: en)
  Error: Unpadded sequence (len=265) not found as contiguous subsequence in padded sequence (len=265). First 10 unpadded: [1, 733, 16289, 28793, 1684, 368, 17801, 264, 7749, 693], padded: [2, 2, 2, 1, 733, 16289, 28793, 1684, 368, 17801, 264, 7749, 693, 659, 12847, 396, 10077, 494, 423, 522, 24632, 482, 302, 272, 2187, 302, 272, 9915, 1070, 28725, 368, 682, 1675, 272, 13, 13, 12069, 4192, 5726, 1151, 9880, 4372, 272, 2996, 297, 4300, 8292, 24685, 442, 13268, 28723, 733, 28748, 16289, 28793, 657, 396, 10077, 3115, 522, 24632, 482, 302, 272, 2187, 302, 272, 9915, 1070, 28725, 624, 682, 1675, 272, 2296, 28747, 13, 13, 28740, 28723, 3904, 3572, 304, 16575, 2979, 297, 272, 11180, 2698, 28723, 13, 28750, 28723, 28450, 3366, 28724, 297, 8711, 28725, 997, 9988, 28725, 304, 25993, 288, 28723, 13, 28770, 28723, 19637, 5108, 7032, 325, 434, 20870, 609, 13, 28781, 28723, 4380, 402, 16713, 325, 28719, 278, 3737, 466, 302, 9033, 609, 13, 28782, 28723, 20063, 304, 6273, 19384, 297, 272, 16223, 28723, 13, 28784, 28723, 19796, 1070, 2075, 28726, 1467, 442, 25980, 23413, 297, 272, 3889, 11144, 304, 17418, 2940, 298, 11254, 298, 272, 8057, 23284, 28723, 13, 28787, 28723, 13924, 505, 15659, 16641, 28723, 13, 28783, 28723, 5078, 20478, 593, 1098, 1382, 6391, 325, 1616, 3572, 916, 272, 16223, 609, 13, 28774, 28723, 1319, 20870, 325, 18376, 16223, 6249, 609, 13, 28740, 28734, 28723, 334, 9157, 279, 381, 325, 820, 1077, 23413, 28731, 3714, 4785, 28720, 352, 28723, 13, 13, 1313, 349, 2278, 298, 5039, 369, 272, 2425, 472, 304, 14909, 302, 12380, 993, 11204, 10085, 356, 272, 2948, 4723, 304, 11125, 302, 272, 24632, 482, 28723, 16569, 28725, 24449, 13693, 298, 347, 13420, 2701, 1060, 2686, 486, 272, 2992, 302, 272, 3968, 7225, 294]
  Decoded unpadded text (1021 chars):
    '<s> [INST] When you examine a patient who has suffered an unfavourable fracture of the body of the mandible, you would expect the\n\nPlease CONCISELY answer the question in English WITHOUT reasoning or explanation. [/INST]In an unfavorable fracture of the body of the mandible, one would expect the following:\n\n1. Swelling and bruising in the affected area.\n2. Difficulty in speaking, chewing, and swallowing.\n3. Limited mouth opening (trismus).\n4. Malocclusion (misalignment of teeth).\n5. Pain and tenderness in the jaw.\n6. Possible numbness or altered sensation in the lower lip and chin due to injury to the mental nerve.\n7. Facial asymmetry.\n8. Submandibular edema (swelling under the jaw).\n9. Trismus (limited jaw movement).\n10. Crepitus (grating sensation) upon palpation.\n\nIt is important to note that the severity and presentation of symptoms may vary depending on the specific location and extent of the fracture. Additionally, anterior fragment to be displaced downwards by the action of the digastric muscle.</s>'
  Decoded padded text (1021 chars):
    '</s></s></s><s> [INST] When you examine a patient who has suffered an unfavourable fracture of the body of the mandible, you would expect the\n\nPlease CONCISELY answer the question in English WITHOUT reasoning or explanation. [/INST]In an unfavorable fracture of the body of the mandible, one would expect the following:\n\n1. Swelling and bruising in the affected area.\n2. Difficulty in speaking, chewing, and swallowing.\n3. Limited mouth opening (trismus).\n4. Malocclusion (misalignment of teeth).\n5. Pain and tenderness in the jaw.\n6. Possible numbness or altered sensation in the lower lip and chin due to injury to the mental nerve.\n7. Facial asymmetry.\n8. Submandibular edema (swelling under the jaw).\n9. Trismus (limited jaw movement).\n10. Crepitus (grating sensation) upon palpation.\n\nIt is important to note that the severity and presentation of symptoms may vary depending on the specific location and extent of the fracture. Additionally, anterior fragment to be displaced downwards by the action of the digastric'
  Setting perplexity to 1.0
WARNING: Unpadded sequence not found in padded sequence for entry 174 (lang: en)
  Error: Unpadded sequence (len=129) not found as contiguous subsequence in padded sequence (len=129). First 10 unpadded: [1, 733, 16289, 28793, 1529, 25914, 302, 264, 7749, 12825], padded: [2, 2, 2, 2, 2, 2, 2, 2, 2, 2, 2, 2, 2, 2, 2, 2, 2, 2, 2, 2, 2, 2, 2, 2, 2, 2, 2, 2, 2, 2, 2, 2, 2, 2, 2, 2, 2, 2, 2, 2, 2, 2, 2, 2, 2, 2, 2, 2, 2, 2, 2, 2, 2, 2, 2, 2, 2, 2, 2, 2, 2, 2, 2, 2, 2, 2, 2, 2, 2, 2, 2, 2, 2, 2, 2, 2, 2, 2, 2, 2, 2, 2, 2, 2, 2, 2, 2, 2, 2, 2, 2, 2, 2, 2, 2, 2, 2, 2, 2, 2, 2, 2, 2, 2, 2, 2, 2, 2, 2, 2, 2, 2, 2, 2, 2, 2, 2, 2, 2, 2, 2, 2, 2, 2, 2, 2, 2, 2, 2]
  Decoded unpadded text (518 chars):
    '<s> [INST] Examination of a patient indicates that they have a medially directed strabismus (squint). This could be due to damage to the\n\nPlease CONCISELY answer the question in English WITHOUT reasoning or explanation. [/INST]The medial rectus muscle, which is responsible for adduction (turning the eye inward), is innervated by the third cranial nerve (oculomotor nerve). Damage to this nerve can result in a medially directed strabismus, also known as a convergent squint. The correct answer is abducens nerve.</s>'
  Decoded padded text (516 chars):
    '</s></s></s></s></s></s></s></s></s></s></s></s></s></s></s></s></s></s></s></s></s></s></s></s></s></s></s></s></s></s></s></s></s></s></s></s></s></s></s></s></s></s></s></s></s></s></s></s></s></s></s></s></s></s></s></s></s></s></s></s></s></s></s></s></s></s></s></s></s></s></s></s></s></s></s></s></s></s></s></s></s></s></s></s></s></s></s></s></s></s></s></s></s></s></s></s></s></s></s></s></s></s></s></s></s></s></s></s></s></s></s></s></s></s></s></s></s></s></s></s></s></s></s></s></s></s></s></s></s>'
  Setting perplexity to 1.0
WARNING: Unpadded sequence not found in padded sequence for entry 174 (lang: en)
  Error: Unpadded sequence (len=130) not found as contiguous subsequence in padded sequence (len=130). First 10 unpadded: [1, 733, 16289, 28793, 1529, 25914, 302, 264, 7749, 12825], padded: [2, 2, 2, 2, 2, 2, 2, 2, 2, 2, 2, 2, 2, 2, 2, 2, 2, 2, 2, 2, 2, 2, 2, 2, 2, 2, 2, 2, 2, 2, 2, 2, 2, 2, 2, 2, 2, 2, 2, 2, 2, 2, 2, 2, 2, 2, 2, 2, 2, 2, 2, 2, 2, 2, 2, 2, 2, 2, 2, 2, 2, 2, 2, 2, 2, 2, 2, 2, 2, 2, 2, 2, 2, 2, 2, 2, 2, 2, 2, 2, 2, 2, 2, 2, 2, 2, 2, 2, 2, 2, 2, 2, 2, 2, 2, 2, 2, 2, 2, 2, 2, 2, 2, 2, 2, 2, 2, 2, 2, 2, 2, 2, 2, 2, 2, 2, 2, 2, 2, 2, 2, 2, 2, 2, 2, 2, 2, 2, 2, 2]
  Decoded unpadded text (520 chars):
    '<s> [INST] Examination of a patient indicates that they have a medially directed strabismus (squint). This could be due to damage to the\n\nPlease CONCISELY answer the question in English WITHOUT reasoning or explanation. [/INST]The medial rectus muscle, which is responsible for adduction (turning the eye inward), is innervated by the third cranial nerve (oculomotor nerve). Damage to this nerve can result in a medially directed strabismus, also known as a convergent squint. The correct answer is oculomotor nerve.</s>'
  Decoded padded text (520 chars):
    '</s></s></s></s></s></s></s></s></s></s></s></s></s></s></s></s></s></s></s></s></s></s></s></s></s></s></s></s></s></s></s></s></s></s></s></s></s></s></s></s></s></s></s></s></s></s></s></s></s></s></s></s></s></s></s></s></s></s></s></s></s></s></s></s></s></s></s></s></s></s></s></s></s></s></s></s></s></s></s></s></s></s></s></s></s></s></s></s></s></s></s></s></s></s></s></s></s></s></s></s></s></s></s></s></s></s></s></s></s></s></s></s></s></s></s></s></s></s></s></s></s></s></s></s></s></s></s></s></s></s>'
  Setting perplexity to 1.0
Perplexity: Written 234/85610 entries to perplexity result file (batch 39/14269)
Processing batch 40/14269
WARNING: Unpadded sequence not found in padded sequence for entry 175 (lang: en)
  Error: Unpadded sequence (len=105) not found as contiguous subsequence in padded sequence (len=105). First 10 unpadded: [1, 733, 16289, 28793, 330, 7749, 15981, 264, 27707, 282], padded: [2, 2, 2, 2, 2, 2, 2, 2, 2, 2, 2, 2, 2, 2, 2, 2, 2, 2, 2, 2, 2, 2, 2, 2, 2, 2, 2, 2, 2, 2, 2, 2, 1, 733, 16289, 28793, 330, 7749, 15981, 264, 27707, 282, 8609, 23284, 297, 652, 20294, 739, 590, 2949, 1059, 264, 9703, 5252, 2924, 28723, 1047, 272, 23284, 1235, 459, 26319, 380, 28725, 1024, 684, 28705, 28784, 3370, 272, 15922, 378, 12336, 4783, 784, 1002, 622, 1347, 10090, 302, 690, 302, 272, 2308, 2877, 3624, 28804, 13, 13, 12069, 4192, 5726, 1151, 9880, 4372, 272, 2996, 297, 4300, 8292, 24685, 442, 13268, 28723, 733]
  Decoded unpadded text (475 chars):
    '<s> [INST] A patient cuts a peripheral motor nerve in their wrist when they fall through a plate glass window. If the nerve does not regenerate, after about 6 months the muscles it normally innervates will show signs of which of the four options below?\n\nPlease CONCISELY answer the question in English WITHOUT reasoning or explanation. [/INST]The muscles innervated by the injured nerve will begin to atrophy and lose function, leading to weakness and possible paralysis.</s>'
  Decoded padded text (465 chars):
    '</s></s></s></s></s></s></s></s></s></s></s></s></s></s></s></s></s></s></s></s></s></s></s></s></s></s></s></s></s></s></s></s><s> [INST] A patient cuts a peripheral motor nerve in their wrist when they fall through a plate glass window. If the nerve does not regenerate, after about 6 months the muscles it normally innervates will show signs of which of the four options below?\n\nPlease CONCISELY answer the question in English WITHOUT reasoning or explanation. ['
  Setting perplexity to 1.0
WARNING: Unpadded sequence not found in padded sequence for entry 175 (lang: en)
  Error: Unpadded sequence (len=104) not found as contiguous subsequence in padded sequence (len=104). First 10 unpadded: [1, 733, 16289, 28793, 330, 7749, 15981, 264, 27707, 282], padded: [2, 2, 2, 2, 2, 2, 2, 2, 2, 2, 2, 2, 2, 2, 2, 2, 2, 2, 2, 2, 2, 2, 2, 2, 2, 2, 2, 2, 2, 2, 2, 2, 2, 1, 733, 16289, 28793, 330, 7749, 15981, 264, 27707, 282, 8609, 23284, 297, 652, 20294, 739, 590, 2949, 1059, 264, 9703, 5252, 2924, 28723, 1047, 272, 23284, 1235, 459, 26319, 380, 28725, 1024, 684, 28705, 28784, 3370, 272, 15922, 378, 12336, 4783, 784, 1002, 622, 1347, 10090, 302, 690, 302, 272, 2308, 2877, 3624, 28804, 13, 13, 12069, 4192, 5726, 1151, 9880, 4372, 272, 2996, 297, 4300, 8292, 24685, 442, 13268]
  Decoded unpadded text (479 chars):
    '<s> [INST] A patient cuts a peripheral motor nerve in their wrist when they fall through a plate glass window. If the nerve does not regenerate, after about 6 months the muscles it normally innervates will show signs of which of the four options below?\n\nPlease CONCISELY answer the question in English WITHOUT reasoning or explanation. [/INST]The muscles innervated by the injured nerve will begin to contracture and lose function, leading to weakness and possible paralysis.</s>'
  Decoded padded text (466 chars):
    '</s></s></s></s></s></s></s></s></s></s></s></s></s></s></s></s></s></s></s></s></s></s></s></s></s></s></s></s></s></s></s></s></s><s> [INST] A patient cuts a peripheral motor nerve in their wrist when they fall through a plate glass window. If the nerve does not regenerate, after about 6 months the muscles it normally innervates will show signs of which of the four options below?\n\nPlease CONCISELY answer the question in English WITHOUT reasoning or explanation'
  Setting perplexity to 1.0
WARNING: Unpadded sequence not found in padded sequence for entry 176 (lang: en)
  Error: Unpadded sequence (len=73) not found as contiguous subsequence in padded sequence (len=73). First 10 unpadded: [1, 733, 16289, 28793, 330, 7749, 3510, 404, 264, 334], padded: [2, 2, 2, 2, 2, 2, 2, 2, 2, 2, 2, 2, 2, 2, 2, 2, 2, 2, 2, 2, 2, 2, 2, 2, 2, 2, 2, 2, 2, 2, 2, 2, 2, 2, 2, 2, 2, 2, 2, 2, 2, 2, 2, 2, 2, 2, 2, 2, 2, 2, 2, 2, 2, 2, 2, 2, 2, 2, 2, 2, 2, 2, 2, 2, 1, 733, 16289, 28793, 330, 7749, 3510, 404, 264]
  Decoded unpadded text (298 chars):
    "<s> [INST] A patient suffers a CVA in the area of the left internal capsule conveying motor neurons to the right leg. The patient's leg will exhibit\n\nPlease CONCISELY answer the question in English WITHOUT reasoning or explanation. [/INST]The patient's right leg will exhibit spastic paralysis.</s>"
  Decoded padded text (286 chars):
    '</s></s></s></s></s></s></s></s></s></s></s></s></s></s></s></s></s></s></s></s></s></s></s></s></s></s></s></s></s></s></s></s></s></s></s></s></s></s></s></s></s></s></s></s></s></s></s></s></s></s></s></s></s></s></s></s></s></s></s></s></s></s></s></s><s> [INST] A patient suffers a'
  Setting perplexity to 1.0
WARNING: Unpadded sequence not found in padded sequence for entry 176 (lang: en)
  Error: Unpadded sequence (len=74) not found as contiguous subsequence in padded sequence (len=74). First 10 unpadded: [1, 733, 16289, 28793, 330, 7749, 3510, 404, 264, 334], padded: [2, 2, 2, 2, 2, 2, 2, 2, 2, 2, 2, 2, 2, 2, 2, 2, 2, 2, 2, 2, 2, 2, 2, 2, 2, 2, 2, 2, 2, 2, 2, 2, 2, 2, 2, 2, 2, 2, 2, 2, 2, 2, 2, 2, 2, 2, 2, 2, 2, 2, 2, 2, 2, 2, 2, 2, 2, 2, 2, 2, 2, 2, 2, 1, 733, 16289, 28793, 330, 7749, 3510, 404, 264, 334, 18330]
  Decoded unpadded text (298 chars):
    "<s> [INST] A patient suffers a CVA in the area of the left internal capsule conveying motor neurons to the right leg. The patient's leg will exhibit\n\nPlease CONCISELY answer the question in English WITHOUT reasoning or explanation. [/INST]The patient's right leg will exhibit flaccid paralysis.</s>"
  Decoded padded text (286 chars):
    '</s></s></s></s></s></s></s></s></s></s></s></s></s></s></s></s></s></s></s></s></s></s></s></s></s></s></s></s></s></s></s></s></s></s></s></s></s></s></s></s></s></s></s></s></s></s></s></s></s></s></s></s></s></s></s></s></s></s></s></s></s></s></s><s> [INST] A patient suffers a CVA'
  Setting perplexity to 1.0
Perplexity: Written 240/85610 entries to perplexity result file (batch 40/14269)
Processing batch 41/14269
WARNING: Unpadded sequence not found in padded sequence for entry 178 (lang: en)
  Error: Unpadded sequence (len=63) not found as contiguous subsequence in padded sequence (len=63). First 10 unpadded: [1, 733, 16289, 28793, 2984, 1189, 383, 28725, 2513, 489], padded: [2, 2, 2, 2, 2, 2, 2, 2, 2, 2, 2, 2, 2, 2, 2, 2, 2, 2, 2, 2, 2, 2, 2, 2, 2, 2, 1, 733, 16289, 28793, 2984, 1189, 383, 28725, 2513, 489, 1962, 28725, 304, 19769, 1962, 460, 22260, 390, 690, 302, 272, 2296, 28804, 13, 13, 12069, 4192, 5726, 1151, 9880, 4372, 272, 2996, 297, 4300, 8292, 24685]
  Decoded unpadded text (240 chars):
    '<s> [INST] Calcium, potassium, and sodium are classified as which of the following?\n\nPlease CONCISELY answer the question in English WITHOUT reasoning or explanation. [/INST]Calcium, potassium, and sodium are classified as electrolytes.</s>'
  Decoded padded text (254 chars):
    '</s></s></s></s></s></s></s></s></s></s></s></s></s></s></s></s></s></s></s></s></s></s></s></s></s></s><s> [INST] Calcium, potassium, and sodium are classified as which of the following?\n\nPlease CONCISELY answer the question in English WITHOUT reasoning'
  Setting perplexity to 1.0
WARNING: Unpadded sequence not found in padded sequence for entry 178 (lang: en)
  Error: Unpadded sequence (len=63) not found as contiguous subsequence in padded sequence (len=63). First 10 unpadded: [1, 733, 16289, 28793, 2984, 1189, 383, 28725, 2513, 489], padded: [2, 2, 2, 2, 2, 2, 2, 2, 2, 2, 2, 2, 2, 2, 2, 2, 2, 2, 2, 2, 2, 2, 2, 2, 2, 2, 1, 733, 16289, 28793, 2984, 1189, 383, 28725, 2513, 489, 1962, 28725, 304, 19769, 1962, 460, 22260, 390, 690, 302, 272, 2296, 28804, 13, 13, 12069, 4192, 5726, 1151, 9880, 4372, 272, 2996, 297, 4300, 8292, 24685]
  Decoded unpadded text (237 chars):
    '<s> [INST] Calcium, potassium, and sodium are classified as which of the following?\n\nPlease CONCISELY answer the question in English WITHOUT reasoning or explanation. [/INST]Calcium, potassium, and sodium are classified as estrogens.</s>'
  Decoded padded text (254 chars):
    '</s></s></s></s></s></s></s></s></s></s></s></s></s></s></s></s></s></s></s></s></s></s></s></s></s></s><s> [INST] Calcium, potassium, and sodium are classified as which of the following?\n\nPlease CONCISELY answer the question in English WITHOUT reasoning'
  Setting perplexity to 1.0
WARNING: Unpadded sequence not found in padded sequence for entry 180 (lang: en)
  Error: Unpadded sequence (len=81) not found as contiguous subsequence in padded sequence (len=81). First 10 unpadded: [1, 733, 16289, 28793, 9595, 302, 272, 2296, 460, 290], padded: [2, 2, 2, 2, 2, 2, 2, 2, 1, 733, 16289, 28793, 9595, 302, 272, 2296, 460, 290, 1485, 381, 28733, 7309, 4669, 319, 5603, 5651, 356, 1430, 2081, 302, 272, 23195, 1475, 7032, 28804, 13, 13, 12069, 4192, 5726, 1151, 9880, 4372, 272, 2996, 297, 4300, 8292, 24685, 442, 13268, 28723, 733, 28748, 16289, 28793, 1014, 3011, 362, 27545, 28742, 28713, 319, 5603, 460, 3011, 362, 27545, 28742, 28713, 290, 1485, 381, 28733, 7309, 4669, 319, 5603, 5651, 356, 1430]
  Decoded unpadded text (306 chars):
    "<s> [INST] Which of the following are mucus-producing glands located on each side of the vaginal opening?\n\nPlease CONCISELY answer the question in English WITHOUT reasoning or explanation. [/INST]The Bartholin's glands are Bartholin's mucus-producing glands located on each side of the vaginal opening.</s>"
  Decoded padded text (305 chars):
    "</s></s></s></s></s></s></s></s><s> [INST] Which of the following are mucus-producing glands located on each side of the vaginal opening?\n\nPlease CONCISELY answer the question in English WITHOUT reasoning or explanation. [/INST]The Bartholin's glands are Bartholin's mucus-producing glands located on each"
  Setting perplexity to 1.0
WARNING: Unpadded sequence not found in padded sequence for entry 180 (lang: en)
  Error: Unpadded sequence (len=82) not found as contiguous subsequence in padded sequence (len=82). First 10 unpadded: [1, 733, 16289, 28793, 9595, 302, 272, 2296, 460, 290], padded: [2, 2, 2, 2, 2, 2, 2, 1, 733, 16289, 28793, 9595, 302, 272, 2296, 460, 290, 1485, 381, 28733, 7309, 4669, 319, 5603, 5651, 356, 1430, 2081, 302, 272, 23195, 1475, 7032, 28804, 13, 13, 12069, 4192, 5726, 1151, 9880, 4372, 272, 2996, 297, 4300, 8292, 24685, 442, 13268, 28723, 733, 28748, 16289, 28793, 1014, 3011, 362, 27545, 28742, 28713, 319, 5603, 460, 10440, 28726, 280, 267, 362, 1650, 290, 1485, 381, 28733, 7309, 4669, 319, 5603, 5651, 356, 1430, 2081]
  Decoded unpadded text (308 chars):
    "<s> [INST] Which of the following are mucus-producing glands located on each side of the vaginal opening?\n\nPlease CONCISELY answer the question in English WITHOUT reasoning or explanation. [/INST]The Bartholin's glands are Bulbourethral mucus-producing glands located on each side of the vaginal opening.</s>"
  Decoded padded text (308 chars):
    "</s></s></s></s></s></s></s><s> [INST] Which of the following are mucus-producing glands located on each side of the vaginal opening?\n\nPlease CONCISELY answer the question in English WITHOUT reasoning or explanation. [/INST]The Bartholin's glands are Bulbourethral mucus-producing glands located on each side"
  Setting perplexity to 1.0
Perplexity: Written 246/85610 entries to perplexity result file (batch 41/14269)
Processing batch 42/14269
WARNING: Unpadded sequence not found in padded sequence for entry 181 (lang: en)
  Error: Unpadded sequence (len=85) not found as contiguous subsequence in padded sequence (len=85). First 10 unpadded: [1, 733, 16289, 28793, 1684, 396, 11843, 7032, 778, 272], padded: [2, 1, 733, 16289, 28793, 1684, 396, 11843, 7032, 778, 272, 2423, 1128, 349, 3030, 28725, 272, 1439, 294, 18478, 2938, 25983, 1564, 1023, 347, 10833, 1354, 5347, 13, 13, 12069, 4192, 5726, 1151, 9880, 4372, 272, 2996, 297, 4300, 8292, 24685, 442, 13268, 28723, 733, 28748, 16289, 28793, 1014, 1439, 294, 18478, 2938, 25983, 1564, 349, 5651, 24797, 298, 272, 23165, 2938, 7548, 309, 465, 28723, 851, 396, 16739, 745, 2840, 5976, 354, 3411, 19451, 304, 8421, 2735, 1938, 11843, 2423, 1128, 15251, 28723]
  Decoded unpadded text (396 chars):
    '<s> [INST] When an emergency opening into the airway is required, the cricothyroid membrane should be pierced immediately\n\nPlease CONCISELY answer the question in English WITHOUT reasoning or explanation. [/INST]The cricothyroid membrane is located inferior to the thyroid cartilage. This anatomical position allows for easy identification and rapid access during emergency airway procedures.</s>'
  Decoded padded text (396 chars):
    '</s><s> [INST] When an emergency opening into the airway is required, the cricothyroid membrane should be pierced immediately\n\nPlease CONCISELY answer the question in English WITHOUT reasoning or explanation. [/INST]The cricothyroid membrane is located inferior to the thyroid cartilage. This anatomical position allows for easy identification and rapid access during emergency airway procedures.'
  Setting perplexity to 1.0
WARNING: Unpadded sequence not found in padded sequence for entry 182 (lang: en)
  Error: Unpadded sequence (len=48) not found as contiguous subsequence in padded sequence (len=48). First 10 unpadded: [1, 733, 16289, 28793, 334, 397, 5601, 886, 1475, 15144], padded: [2, 2, 2, 2, 2, 2, 2, 2, 2, 2, 2, 2, 2, 2, 2, 2, 2, 2, 2, 2, 2, 2, 2, 2, 2, 2, 2, 2, 2, 2, 2, 2, 2, 2, 2, 2, 2, 2, 1, 733, 16289, 28793, 334, 397, 5601, 886, 1475, 15144]
  Decoded unpadded text (189 chars):
    '<s> [INST] Cerebrospinal fluid circulates around the brain between the\n\nPlease CONCISELY answer the question in English WITHOUT reasoning or explanation. [/INST]arachnoid and pia maters</s>'
  Decoded padded text (182 chars):
    '</s></s></s></s></s></s></s></s></s></s></s></s></s></s></s></s></s></s></s></s></s></s></s></s></s></s></s></s></s></s></s></s></s></s></s></s></s></s><s> [INST] Cerebrospinal fluid'
  Setting perplexity to 1.0
WARNING: Unpadded sequence not found in padded sequence for entry 182 (lang: en)
  Error: Unpadded sequence (len=45) not found as contiguous subsequence in padded sequence (len=45). First 10 unpadded: [1, 733, 16289, 28793, 334, 397, 5601, 886, 1475, 15144], padded: [2, 2, 2, 2, 2, 2, 2, 2, 2, 2, 2, 2, 2, 2, 2, 2, 2, 2, 2, 2, 2, 2, 2, 2, 2, 2, 2, 2, 2, 2, 2, 2, 2, 2, 2, 2, 2, 2, 2, 2, 2, 1, 733, 16289, 28793]
  Decoded unpadded text (192 chars):
    '<s> [INST] Cerebrospinal fluid circulates around the brain between the\n\nPlease CONCISELY answer the question in English WITHOUT reasoning or explanation. [/INST]pia mater and brain surface</s>'
  Decoded padded text (174 chars):
    '</s></s></s></s></s></s></s></s></s></s></s></s></s></s></s></s></s></s></s></s></s></s></s></s></s></s></s></s></s></s></s></s></s></s></s></s></s></s></s></s></s><s> [INST]'
  Setting perplexity to 1.0
WARNING: Unpadded sequence not found in padded sequence for entry 183 (lang: en)
  Error: Unpadded sequence (len=74) not found as contiguous subsequence in padded sequence (len=74). First 10 unpadded: [1, 733, 16289, 28793, 9595, 302, 272, 2296, 3377, 274], padded: [2, 2, 2, 2, 2, 2, 2, 2, 2, 2, 2, 2, 1, 733, 16289, 28793, 9595, 302, 272, 2296, 3377, 274, 304, 427, 973, 805, 272, 3889, 2423, 1128, 1938, 25993, 288, 28804, 13, 13, 12069, 4192, 5726, 1151, 9880, 4372, 272, 2996, 297, 4300, 8292, 24685, 442, 13268, 28723, 733, 28748, 16289, 28793, 1014, 3769, 326, 28714, 1562, 278, 349, 272, 4693, 369, 3377, 274, 304, 427, 973, 805, 272, 3889, 2423]
  Decoded unpadded text (290 chars):
    '<s> [INST] Which of the following closes and seals off the lower airway during swallowing?\n\nPlease CONCISELY answer the question in English WITHOUT reasoning or explanation. [/INST]The epiglottis is the structure that closes and seals off the lower airway during swallowing: Epiglottis.</s>'
  Decoded padded text (300 chars):
    '</s></s></s></s></s></s></s></s></s></s></s></s><s> [INST] Which of the following closes and seals off the lower airway during swallowing?\n\nPlease CONCISELY answer the question in English WITHOUT reasoning or explanation. [/INST]The epiglottis is the structure that closes and seals off the lower air'
  Setting perplexity to 1.0
WARNING: Unpadded sequence not found in padded sequence for entry 183 (lang: en)
  Error: Unpadded sequence (len=72) not found as contiguous subsequence in padded sequence (len=72). First 10 unpadded: [1, 733, 16289, 28793, 9595, 302, 272, 2296, 3377, 274], padded: [2, 2, 2, 2, 2, 2, 2, 2, 2, 2, 2, 2, 2, 2, 1, 733, 16289, 28793, 9595, 302, 272, 2296, 3377, 274, 304, 427, 973, 805, 272, 3889, 2423, 1128, 1938, 25993, 288, 28804, 13, 13, 12069, 4192, 5726, 1151, 9880, 4372, 272, 2996, 297, 4300, 8292, 24685, 442, 13268, 28723, 733, 28748, 16289, 28793, 1014, 3769, 326, 28714, 1562, 278, 349, 272, 4693, 369, 3377, 274, 304, 427, 973]
  Decoded unpadded text (286 chars):
    '<s> [INST] Which of the following closes and seals off the lower airway during swallowing?\n\nPlease CONCISELY answer the question in English WITHOUT reasoning or explanation. [/INST]The epiglottis is the structure that closes and seals off the lower airway during swallowing: Larynx.</s>'
  Decoded padded text (290 chars):
    '</s></s></s></s></s></s></s></s></s></s></s></s></s></s><s> [INST] Which of the following closes and seals off the lower airway during swallowing?\n\nPlease CONCISELY answer the question in English WITHOUT reasoning or explanation. [/INST]The epiglottis is the structure that closes and seals'
  Setting perplexity to 1.0
Perplexity: Written 252/85610 entries to perplexity result file (batch 42/14269)
Processing batch 43/14269
WARNING: Unpadded sequence not found in padded sequence for entry 184 (lang: en)
  Error: Unpadded sequence (len=62) not found as contiguous subsequence in padded sequence (len=62). First 10 unpadded: [1, 733, 16289, 28793, 9595, 19935, 1803, 3500, 349, 1080], padded: [2, 2, 1, 733, 16289, 28793, 9595, 19935, 1803, 3500, 349, 1080, 3917, 298, 17347, 297, 264, 464, 1231, 336, 575, 28742, 24632, 482, 28804, 13, 13, 12069, 4192, 5726, 1151, 9880, 4372, 272, 2996, 297, 4300, 8292, 24685, 442, 13268, 28723, 733, 28748, 16289, 28793, 1014, 19935, 1803, 4366, 349, 1080, 3917, 298, 17347, 297, 264, 464, 15261, 28742, 24632, 482]
  Decoded unpadded text (244 chars):
    "<s> [INST] Which orbital wall is most likely to collapse in a 'blow out' fracture?\n\nPlease CONCISELY answer the question in English WITHOUT reasoning or explanation. [/INST]The orbital floor is most likely to collapse in a 'floor' fracture.</s>"
  Decoded padded text (247 chars):
    "</s></s><s> [INST] Which orbital wall is most likely to collapse in a 'blow out' fracture?\n\nPlease CONCISELY answer the question in English WITHOUT reasoning or explanation. [/INST]The orbital floor is most likely to collapse in a 'floor' fracture"
  Setting perplexity to 1.0
WARNING: Unpadded sequence not found in padded sequence for entry 189 (lang: en)
  Error: Unpadded sequence (len=46) not found as contiguous subsequence in padded sequence (len=46). First 10 unpadded: [1, 733, 16289, 28793, 9595, 302, 272, 2296, 349, 264], padded: [2, 2, 2, 2, 2, 2, 2, 2, 2, 2, 2, 2, 2, 2, 2, 2, 2, 2, 1, 733, 16289, 28793, 9595, 302, 272, 2296, 349, 264, 21431, 28725, 16182, 20162, 14311, 1419, 297, 272, 281, 858, 278, 28804, 13, 13, 12069, 4192, 5726, 1151]
  Decoded unpadded text (190 chars):
    '<s> [INST] Which of the following is a structural, fibrous protein found in the dermis?\n\nPlease CONCISELY answer the question in English WITHOUT reasoning or explanation. [/INST]Collagen</s>'
  Decoded padded text (175 chars):
    '</s></s></s></s></s></s></s></s></s></s></s></s></s></s></s></s></s></s><s> [INST] Which of the following is a structural, fibrous protein found in the dermis?\n\nPlease CONCISE'
  Setting perplexity to 1.0
WARNING: Unpadded sequence not found in padded sequence for entry 189 (lang: en)
  Error: Unpadded sequence (len=47) not found as contiguous subsequence in padded sequence (len=47). First 10 unpadded: [1, 733, 16289, 28793, 9595, 302, 272, 2296, 349, 264], padded: [2, 2, 2, 2, 2, 2, 2, 2, 2, 2, 2, 2, 2, 2, 2, 2, 2, 1, 733, 16289, 28793, 9595, 302, 272, 2296, 349, 264, 21431, 28725, 16182, 20162, 14311, 1419, 297, 272, 281, 858, 278, 28804, 13, 13, 12069, 4192, 5726, 1151, 9880, 4372]
  Decoded unpadded text (189 chars):
    '<s> [INST] Which of the following is a structural, fibrous protein found in the dermis?\n\nPlease CONCISELY answer the question in English WITHOUT reasoning or explanation. [/INST]Heparin</s>'
  Decoded padded text (180 chars):
    '</s></s></s></s></s></s></s></s></s></s></s></s></s></s></s></s></s><s> [INST] Which of the following is a structural, fibrous protein found in the dermis?\n\nPlease CONCISELY answer'
  Setting perplexity to 1.0
WARNING: Unpadded sequence not found in padded sequence for entry 190 (lang: en)
  Error: Unpadded sequence (len=57) not found as contiguous subsequence in padded sequence (len=57). First 10 unpadded: [1, 733, 16289, 28793, 4187, 270, 473, 22895, 9896, 352], padded: [2, 2, 2, 2, 2, 2, 2, 1, 733, 16289, 28793, 4187, 270, 473, 22895, 9896, 352, 349, 2940, 298, 272, 2030, 302, 13, 13, 12069, 4192, 5726, 1151, 9880, 4372, 272, 2996, 297, 4300, 8292, 24685, 442, 13268, 28723, 733, 28748, 16289, 28793, 14394, 270, 473, 22895, 9896, 352, 349, 2940, 298, 272, 2030, 302, 264]
  Decoded unpadded text (242 chars):
    '<s> [INST] Palatine shelf elevation is due to the effect of\n\nPlease CONCISELY answer the question in English WITHOUT reasoning or explanation. [/INST]Palatine shelf elevation is due to the effect of a combination of these three processes.</s>'
  Decoded padded text (228 chars):
    '</s></s></s></s></s></s></s><s> [INST] Palatine shelf elevation is due to the effect of\n\nPlease CONCISELY answer the question in English WITHOUT reasoning or explanation. [/INST]Palatine shelf elevation is due to the effect of a'
  Setting perplexity to 1.0
WARNING: Unpadded sequence not found in padded sequence for entry 190 (lang: en)
  Error: Unpadded sequence (len=55) not found as contiguous subsequence in padded sequence (len=55). First 10 unpadded: [1, 733, 16289, 28793, 4187, 270, 473, 22895, 9896, 352], padded: [2, 2, 2, 2, 2, 2, 2, 2, 2, 1, 733, 16289, 28793, 4187, 270, 473, 22895, 9896, 352, 349, 2940, 298, 272, 2030, 302, 13, 13, 12069, 4192, 5726, 1151, 9880, 4372, 272, 2996, 297, 4300, 8292, 24685, 442, 13268, 28723, 733, 28748, 16289, 28793, 14394, 270, 473, 22895, 9896, 352, 349, 2940, 298]
  Decoded unpadded text (225 chars):
    '<s> [INST] Palatine shelf elevation is due to the effect of\n\nPlease CONCISELY answer the question in English WITHOUT reasoning or explanation. [/INST]Palatine shelf elevation is due to the effect of descent of the tongue.</s>'
  Decoded padded text (220 chars):
    '</s></s></s></s></s></s></s></s></s><s> [INST] Palatine shelf elevation is due to the effect of\n\nPlease CONCISELY answer the question in English WITHOUT reasoning or explanation. [/INST]Palatine shelf elevation is due to'
  Setting perplexity to 1.0
Perplexity: Written 258/85610 entries to perplexity result file (batch 43/14269)
Processing batch 44/14269
WARNING: Unpadded sequence not found in padded sequence for entry 191 (lang: en)
  Error: Unpadded sequence (len=107) not found as contiguous subsequence in padded sequence (len=107). First 10 unpadded: [1, 733, 16289, 28793, 1418, 690, 19454, 302, 272, 9033], padded: [2, 2, 2, 2, 2, 2, 2, 2, 2, 2, 2, 2, 2, 2, 2, 2, 2, 2, 2, 2, 2, 2, 2, 2, 2, 2, 2, 2, 2, 2, 2, 2, 2, 2, 2, 2, 2, 2, 2, 2, 2, 2, 2, 2, 2, 2, 2, 2, 2, 2, 2, 2, 1, 733, 16289, 28793, 1418, 690, 19454, 302, 272, 9033, 349, 22088, 549, 13768, 1080, 3917, 298, 14341, 6212, 297, 272, 5108, 302, 264, 7749, 395, 5366, 21210, 6521, 28721, 6863, 28804, 13, 13, 12069, 4192, 5726, 1151, 9880, 4372, 272, 2996, 297, 4300, 8292, 24685, 442, 13268, 28723, 733, 28748, 16289, 28793, 28757, 7540]
  Decoded unpadded text (448 chars):
    '<s> [INST] On which surfaces of the teeth is dental plaque most likely to accumulate in the mouth of a patient with poor oral hygiene?\n\nPlease CONCISELY answer the question in English WITHOUT reasoning or explanation. [/INST]Dental plaque most likely accumulates on the buccal surfaces of the upper molars and lingual surfaces of the lower incisors, as well as the interproximal areas and the gingival margin in patients with poor oral hygiene.</s>'
  Decoded padded text (439 chars):
    '</s></s></s></s></s></s></s></s></s></s></s></s></s></s></s></s></s></s></s></s></s></s></s></s></s></s></s></s></s></s></s></s></s></s></s></s></s></s></s></s></s></s></s></s></s></s></s></s></s></s></s></s><s> [INST] On which surfaces of the teeth is dental plaque most likely to accumulate in the mouth of a patient with poor oral hygiene?\n\nPlease CONCISELY answer the question in English WITHOUT reasoning or explanation. [/INST]Dental'
  Setting perplexity to 1.0
WARNING: Unpadded sequence not found in padded sequence for entry 191 (lang: en)
  Error: Unpadded sequence (len=106) not found as contiguous subsequence in padded sequence (len=106). First 10 unpadded: [1, 733, 16289, 28793, 1418, 690, 19454, 302, 272, 9033], padded: [2, 2, 2, 2, 2, 2, 2, 2, 2, 2, 2, 2, 2, 2, 2, 2, 2, 2, 2, 2, 2, 2, 2, 2, 2, 2, 2, 2, 2, 2, 2, 2, 2, 2, 2, 2, 2, 2, 2, 2, 2, 2, 2, 2, 2, 2, 2, 2, 2, 2, 2, 2, 2, 1, 733, 16289, 28793, 1418, 690, 19454, 302, 272, 9033, 349, 22088, 549, 13768, 1080, 3917, 298, 14341, 6212, 297, 272, 5108, 302, 264, 7749, 395, 5366, 21210, 6521, 28721, 6863, 28804, 13, 13, 12069, 4192, 5726, 1151, 9880, 4372, 272, 2996, 297, 4300, 8292, 24685, 442, 13268, 28723, 733, 28748, 16289, 28793]
  Decoded unpadded text (448 chars):
    '<s> [INST] On which surfaces of the teeth is dental plaque most likely to accumulate in the mouth of a patient with poor oral hygiene?\n\nPlease CONCISELY answer the question in English WITHOUT reasoning or explanation. [/INST]Dental plaque most likely accumulates on the palatal surfaces of the upper molars and labial surfaces of the lower incisors, as well as the interproximal areas and the gingival margin in patients with poor oral hygiene.</s>'
  Decoded padded text (437 chars):
    '</s></s></s></s></s></s></s></s></s></s></s></s></s></s></s></s></s></s></s></s></s></s></s></s></s></s></s></s></s></s></s></s></s></s></s></s></s></s></s></s></s></s></s></s></s></s></s></s></s></s></s></s></s><s> [INST] On which surfaces of the teeth is dental plaque most likely to accumulate in the mouth of a patient with poor oral hygiene?\n\nPlease CONCISELY answer the question in English WITHOUT reasoning or explanation. [/INST]'
  Setting perplexity to 1.0
WARNING: Unpadded sequence not found in padded sequence for entry 192 (lang: en)
  Error: Unpadded sequence (len=157) not found as contiguous subsequence in padded sequence (len=157). First 10 unpadded: [1, 733, 16289, 28793, 393, 628, 28711, 490, 282, 289], padded: [2, 2, 1, 733, 16289, 28793, 393, 628, 28711, 490, 282, 289, 286, 6391, 349, 4312, 1885, 1311, 298, 272, 305, 628, 19736, 2747, 272, 18272, 285, 4858, 1096, 13, 13, 12069, 4192, 5726, 1151, 9880, 4372, 272, 2996, 297, 4300, 8292, 24685, 442, 13268, 28723, 733, 28748, 16289, 28793, 28758, 628, 28711, 490, 282, 1382, 6391, 9566, 20777, 272, 305, 628, 19736, 2747, 272, 18272, 285, 4858, 2940, 298, 272, 396, 16739, 745, 4693, 304, 4242, 8002, 302, 272, 305, 628, 19736, 28723, 415, 519, 783, 357, 28714, 1562, 294, 4424, 659, 264, 6708, 263, 4242, 8002, 28725, 2492, 378, 680, 27595, 1070, 298, 1382, 6391, 28723, 16569, 28725, 272, 1083, 1727, 1562, 294, 4424, 3624, 272, 18272, 285, 4858, 349, 8484, 263, 304, 2108, 3852, 3906, 28725, 690, 11656, 272, 14341, 2677, 302, 15144, 297, 456, 2698, 28723, 415, 2611, 349, 15144, 622, 18946, 14099, 778, 272, 306, 271, 897, 3624, 272, 18272, 285, 4858]
  Decoded unpadded text (625 chars):
    '<s> [INST] Laryngeal oedema is usually confined to the larynx above the vocal folds because\n\nPlease CONCISELY answer the question in English WITHOUT reasoning or explanation. [/INST]Laryngeal edema typically affects the larynx above the vocal folds due to the anatomical structure and blood supply of the larynx. The supraglottic region has a richer blood supply, making it more susceptible to edema. Additionally, the subglottic region below the vocal folds is narrower and less compliant, which limits the accumulation of fluid in this area. The reason is fluid will drain rapidly into the thorax below the vocal folds.</s>'
  Decoded padded text (628 chars):
    '</s></s><s> [INST] Laryngeal oedema is usually confined to the larynx above the vocal folds because\n\nPlease CONCISELY answer the question in English WITHOUT reasoning or explanation. [/INST]Laryngeal edema typically affects the larynx above the vocal folds due to the anatomical structure and blood supply of the larynx. The supraglottic region has a richer blood supply, making it more susceptible to edema. Additionally, the subglottic region below the vocal folds is narrower and less compliant, which limits the accumulation of fluid in this area. The reason is fluid will drain rapidly into the thorax below the vocal folds'
  Setting perplexity to 1.0
WARNING: Unpadded sequence not found in padded sequence for entry 193 (lang: en)
  Error: Unpadded sequence (len=53) not found as contiguous subsequence in padded sequence (len=53). First 10 unpadded: [1, 733, 16289, 28793, 415, 18167, 628, 597, 360, 497], padded: [2, 2, 2, 2, 2, 2, 2, 2, 2, 2, 2, 2, 2, 2, 2, 2, 2, 2, 2, 2, 2, 2, 2, 2, 2, 2, 2, 2, 2, 2, 2, 2, 2, 2, 2, 2, 2, 2, 2, 2, 2, 2, 2, 2, 2, 2, 2, 2, 2, 2, 2, 2, 2]
  Decoded unpadded text (205 chars):
    '<s> [INST] The coronary arteries\n\nPlease CONCISELY answer the question in English WITHOUT reasoning or explanation. [/INST]The coronary arteries arise from the ascending aorta and fill during diastole.</s>'
  Decoded padded text (212 chars):
    '</s></s></s></s></s></s></s></s></s></s></s></s></s></s></s></s></s></s></s></s></s></s></s></s></s></s></s></s></s></s></s></s></s></s></s></s></s></s></s></s></s></s></s></s></s></s></s></s></s></s></s></s></s>'
  Setting perplexity to 1.0
WARNING: Unpadded sequence not found in padded sequence for entry 193 (lang: en)
  Error: Unpadded sequence (len=54) not found as contiguous subsequence in padded sequence (len=54). First 10 unpadded: [1, 733, 16289, 28793, 415, 18167, 628, 597, 360, 497], padded: [2, 2, 2, 2, 2, 2, 2, 2, 2, 2, 2, 2, 2, 2, 2, 2, 2, 2, 2, 2, 2, 2, 2, 2, 2, 2, 2, 2, 2, 2, 2, 2, 2, 2, 2, 2, 2, 2, 2, 2, 2, 2, 2, 2, 2, 2, 2, 2, 2, 2, 2, 2, 2, 2]
  Decoded unpadded text (207 chars):
    '<s> [INST] The coronary arteries\n\nPlease CONCISELY answer the question in English WITHOUT reasoning or explanation. [/INST]The coronary arteries arise from the arch of the aorta and fill during diastole.</s>'
  Decoded padded text (216 chars):
    '</s></s></s></s></s></s></s></s></s></s></s></s></s></s></s></s></s></s></s></s></s></s></s></s></s></s></s></s></s></s></s></s></s></s></s></s></s></s></s></s></s></s></s></s></s></s></s></s></s></s></s></s></s></s>'
  Setting perplexity to 1.0
Perplexity: Written 264/85610 entries to perplexity result file (batch 44/14269)
Processing batch 45/14269
WARNING: Unpadded sequence not found in padded sequence for entry 194 (lang: en)
  Error: Unpadded sequence (len=68) not found as contiguous subsequence in padded sequence (len=68). First 10 unpadded: [1, 733, 16289, 28793, 9595, 14540, 349, 272, 1080, 5038], padded: [2, 2, 2, 2, 2, 2, 2, 2, 2, 2, 2, 2, 2, 2, 2, 2, 2, 2, 2, 2, 2, 2, 2, 2, 2, 2, 2, 1, 733, 16289, 28793, 9595, 14540, 349, 272, 1080, 5038, 1938, 264, 1103, 2062, 282, 439, 14185, 296, 302, 272, 9915, 1070, 28804, 13, 13, 12069, 4192, 5726, 1151, 9880, 4372, 272, 2996, 297, 4300, 8292, 24685, 442, 13268, 28723, 733]
  Decoded unpadded text (281 chars):
    '<s> [INST] Which muscle is the most active during a right lateral excursion of the mandible?\n\nPlease CONCISELY answer the question in English WITHOUT reasoning or explanation. [/INST]The masseter muscle is the most active during a left lateral pterygoid muscle of the mandible.</s>'
  Decoded padded text (285 chars):
    '</s></s></s></s></s></s></s></s></s></s></s></s></s></s></s></s></s></s></s></s></s></s></s></s></s></s></s><s> [INST] Which muscle is the most active during a right lateral excursion of the mandible?\n\nPlease CONCISELY answer the question in English WITHOUT reasoning or explanation. ['
  Setting perplexity to 1.0
WARNING: Unpadded sequence not found in padded sequence for entry 194 (lang: en)
  Error: Unpadded sequence (len=68) not found as contiguous subsequence in padded sequence (len=68). First 10 unpadded: [1, 733, 16289, 28793, 9595, 14540, 349, 272, 1080, 5038], padded: [2, 2, 2, 2, 2, 2, 2, 2, 2, 2, 2, 2, 2, 2, 2, 2, 2, 2, 2, 2, 2, 2, 2, 2, 2, 2, 2, 1, 733, 16289, 28793, 9595, 14540, 349, 272, 1080, 5038, 1938, 264, 1103, 2062, 282, 439, 14185, 296, 302, 272, 9915, 1070, 28804, 13, 13, 12069, 4192, 5726, 1151, 9880, 4372, 272, 2996, 297, 4300, 8292, 24685, 442, 13268, 28723, 733]
  Decoded unpadded text (282 chars):
    '<s> [INST] Which muscle is the most active during a right lateral excursion of the mandible?\n\nPlease CONCISELY answer the question in English WITHOUT reasoning or explanation. [/INST]The masseter muscle is the most active during a right lateral pterygoid muscle of the mandible.</s>'
  Decoded padded text (285 chars):
    '</s></s></s></s></s></s></s></s></s></s></s></s></s></s></s></s></s></s></s></s></s></s></s></s></s></s></s><s> [INST] Which muscle is the most active during a right lateral excursion of the mandible?\n\nPlease CONCISELY answer the question in English WITHOUT reasoning or explanation. ['
  Setting perplexity to 1.0
WARNING: Unpadded sequence not found in padded sequence for entry 195 (lang: en)
  Error: Unpadded sequence (len=88) not found as contiguous subsequence in padded sequence (len=88). First 10 unpadded: [1, 733, 16289, 28793, 415, 1108, 951, 294, 28686, 4783], padded: [2, 2, 2, 2, 2, 2, 2, 1, 733, 16289, 28793, 415, 1108, 951, 294, 28686, 4783, 784, 380, 272, 13, 13, 12069, 4192, 5726, 1151, 9880, 4372, 272, 2996, 297, 4300, 8292, 24685, 442, 13268, 28723, 733, 28748, 16289, 28793, 1014, 1108, 951, 294, 28686, 4783, 784, 380, 272, 890, 377, 2176, 357, 28719, 28725, 940, 1296, 282, 4031, 2614, 304, 660, 294, 488, 1962, 28723, 415, 1108, 951, 294, 28686, 460, 272, 6258, 28686, 369, 8002, 272, 890, 377, 2176, 357, 28719, 28725, 690, 349, 272]
  Decoded unpadded text (324 chars):
    '<s> [INST] The phrenic nerves innervate the\n\nPlease CONCISELY answer the question in English WITHOUT reasoning or explanation. [/INST]The phrenic nerves innervate the diaphragm, parietal pleura and pericardium. The phrenic nerves are the primary nerves that supply the diaphragm, which is the main muscle of respiration.</s>'
  Decoded padded text (320 chars):
    '</s></s></s></s></s></s></s><s> [INST] The phrenic nerves innervate the\n\nPlease CONCISELY answer the question in English WITHOUT reasoning or explanation. [/INST]The phrenic nerves innervate the diaphragm, parietal pleura and pericardium. The phrenic nerves are the primary nerves that supply the diaphragm, which is the'
  Setting perplexity to 1.0
WARNING: Unpadded sequence not found in padded sequence for entry 195 (lang: en)
  Error: Unpadded sequence (len=93) not found as contiguous subsequence in padded sequence (len=93). First 10 unpadded: [1, 733, 16289, 28793, 415, 1108, 951, 294, 28686, 4783], padded: [2, 2, 1, 733, 16289, 28793, 415, 1108, 951, 294, 28686, 4783, 784, 380, 272, 13, 13, 12069, 4192, 5726, 1151, 9880, 4372, 272, 2996, 297, 4300, 8292, 24685, 442, 13268, 28723, 733, 28748, 16289, 28793, 1014, 1108, 951, 294, 28686, 4783, 784, 380, 272, 890, 377, 2176, 357, 28719, 28725, 940, 1296, 282, 4031, 2614, 28725, 660, 294, 488, 1962, 304, 791, 14174, 973, 15922, 28723, 415, 1108, 951, 294, 28686, 460, 272, 6258, 28686, 369, 8002, 272, 890, 377, 2176, 357, 28719, 28725, 690, 349, 272, 2191, 14540, 302, 10840, 8679]
  Decoded unpadded text (346 chars):
    '<s> [INST] The phrenic nerves innervate the\n\nPlease CONCISELY answer the question in English WITHOUT reasoning or explanation. [/INST]The phrenic nerves innervate the diaphragm, parietal pleura, pericardium and intercostals muscles. The phrenic nerves are the primary nerves that supply the diaphragm, which is the main muscle of respiration.</s>'
  Decoded padded text (349 chars):
    '</s></s><s> [INST] The phrenic nerves innervate the\n\nPlease CONCISELY answer the question in English WITHOUT reasoning or explanation. [/INST]The phrenic nerves innervate the diaphragm, parietal pleura, pericardium and intercostals muscles. The phrenic nerves are the primary nerves that supply the diaphragm, which is the main muscle of respiration'
  Setting perplexity to 1.0
WARNING: Unpadded sequence not found in padded sequence for entry 197 (lang: en)
  Error: Unpadded sequence (len=93) not found as contiguous subsequence in padded sequence (len=93). First 10 unpadded: [1, 733, 16289, 28793, 560, 264, 7749, 395, 264, 4123], padded: [2, 2, 1, 733, 16289, 28793, 560, 264, 7749, 395, 264, 4123, 7783, 5108, 28725, 368, 682, 1675, 272, 290, 1485, 5689, 13974, 272, 389, 333, 8330, 1759, 11787, 272, 9915, 593, 1098, 9033, 298, 347, 13, 13, 12069, 4192, 5726, 1151, 9880, 4372, 272, 2996, 297, 4300, 8292, 24685, 442, 13268, 28723, 733, 28748, 16289, 28793, 1014, 290, 1485, 5689, 13974, 272, 389, 333, 8330, 1759, 11787, 272, 9915, 593, 1098, 9033, 297, 264, 4123, 7783, 5108, 682, 347, 2760, 356, 1560, 8480, 302, 272, 290, 1485, 476, 288, 3098, 6362, 445]
  Decoded unpadded text (398 chars):
    '<s> [INST] In a patient with a normal healthy mouth, you would expect the mucosa covering the alveolar process supporting the mandibular teeth to be\n\nPlease CONCISELY answer the question in English WITHOUT reasoning or explanation. [/INST]The mucosa covering the alveolar process supporting the mandibular teeth in a normal healthy mouth would be red on both sides of the mucogingival junction.</s>'
  Decoded padded text (401 chars):
    '</s></s><s> [INST] In a patient with a normal healthy mouth, you would expect the mucosa covering the alveolar process supporting the mandibular teeth to be\n\nPlease CONCISELY answer the question in English WITHOUT reasoning or explanation. [/INST]The mucosa covering the alveolar process supporting the mandibular teeth in a normal healthy mouth would be red on both sides of the mucogingival junction'
  Setting perplexity to 1.0
Perplexity: Written 270/85610 entries to perplexity result file (batch 45/14269)
Processing batch 46/14269
WARNING: Unpadded sequence not found in padded sequence for entry 198 (lang: en)
  Error: Unpadded sequence (len=61) not found as contiguous subsequence in padded sequence (len=61). First 10 unpadded: [1, 733, 16289, 28793, 5325, 27848, 300, 515, 2903, 477], padded: [2, 2, 2, 2, 2, 2, 2, 2, 2, 2, 2, 2, 2, 2, 2, 2, 2, 2, 2, 2, 2, 2, 1, 733, 16289, 28793, 5325, 27848, 300, 515, 2903, 477, 7719, 302, 22104, 302, 13, 13, 12069, 4192, 5726, 1151, 9880, 4372, 272, 2996, 297, 4300, 8292, 24685, 442, 13268, 28723, 733, 28748, 16289, 28793, 11483, 27848, 300, 515]
  Decoded unpadded text (265 chars):
    '<s> [INST] Macrostomia results from failure of fusion of\n\nPlease CONCISELY answer the question in English WITHOUT reasoning or explanation. [/INST]Macrostomia results from failure of fusion of the maxillary and mandibular processes during embryonic development.</s>'
  Decoded padded text (246 chars):
    '</s></s></s></s></s></s></s></s></s></s></s></s></s></s></s></s></s></s></s></s></s></s><s> [INST] Macrostomia results from failure of fusion of\n\nPlease CONCISELY answer the question in English WITHOUT reasoning or explanation. [/INST]Macrostomia'
  Setting perplexity to 1.0
WARNING: Unpadded sequence not found in padded sequence for entry 198 (lang: en)
  Error: Unpadded sequence (len=60) not found as contiguous subsequence in padded sequence (len=60). First 10 unpadded: [1, 733, 16289, 28793, 5325, 27848, 300, 515, 2903, 477], padded: [2, 2, 2, 2, 2, 2, 2, 2, 2, 2, 2, 2, 2, 2, 2, 2, 2, 2, 2, 2, 2, 2, 2, 1, 733, 16289, 28793, 5325, 27848, 300, 515, 2903, 477, 7719, 302, 22104, 302, 13, 13, 12069, 4192, 5726, 1151, 9880, 4372, 272, 2996, 297, 4300, 8292, 24685, 442, 13268, 28723, 733, 28748, 16289, 28793, 11483, 27848]
  Decoded unpadded text (266 chars):
    '<s> [INST] Macrostomia results from failure of fusion of\n\nPlease CONCISELY answer the question in English WITHOUT reasoning or explanation. [/INST]Macrostomia results from failure of fusion of the left and right mandibular processes during embryonic development.</s>'
  Decoded padded text (246 chars):
    '</s></s></s></s></s></s></s></s></s></s></s></s></s></s></s></s></s></s></s></s></s></s></s><s> [INST] Macrostomia results from failure of fusion of\n\nPlease CONCISELY answer the question in English WITHOUT reasoning or explanation. [/INST]Macrost'
  Setting perplexity to 1.0
WARNING: Unpadded sequence not found in padded sequence for entry 199 (lang: en)
  Error: Unpadded sequence (len=79) not found as contiguous subsequence in padded sequence (len=79). First 10 unpadded: [1, 733, 16289, 28793, 995, 12236, 369, 574, 7749, 659], padded: [2, 2, 2, 2, 1, 733, 16289, 28793, 995, 12236, 369, 574, 7749, 659, 396, 481, 20832, 286, 1083, 20478, 593, 1098, 3823, 449, 628, 319, 1207, 28723, 995, 1675, 272, 481, 20832, 286, 319, 1207, 13, 13, 12069, 4192, 5726, 1151, 9880, 4372, 272, 2996, 297, 4300, 8292, 24685, 442, 13268, 28723, 733, 28748, 16289, 28793, 1014, 481, 20832, 286, 1083, 20478, 593, 1098, 3823, 449, 628, 319, 1207, 349, 3349, 865, 298, 347, 6705, 522, 486, 16893]
  Decoded unpadded text (317 chars):
    '<s> [INST] You suspect that your patient has an enlarged submandibular salivary gland. You expect the enlarged gland\n\nPlease CONCISELY answer the question in English WITHOUT reasoning or explanation. [/INST]The enlarged submandibular salivary gland is expected only to be detectable by radiographical examination.</s>'
  Decoded padded text (306 chars):
    '</s></s></s></s><s> [INST] You suspect that your patient has an enlarged submandibular salivary gland. You expect the enlarged gland\n\nPlease CONCISELY answer the question in English WITHOUT reasoning or explanation. [/INST]The enlarged submandibular salivary gland is expected only to be detectable by radi'
  Setting perplexity to 1.0
WARNING: Unpadded sequence not found in padded sequence for entry 200 (lang: en)
  Error: Unpadded sequence (len=48) not found as contiguous subsequence in padded sequence (len=48). First 10 unpadded: [1, 733, 16289, 28793, 451, 2453, 402, 4081, 28713, 13], padded: [2, 2, 2, 2, 2, 2, 2, 2, 2, 2, 2, 2, 2, 2, 2, 2, 2, 2, 2, 2, 2, 2, 2, 2, 2, 2, 2, 2, 2, 2, 2, 2, 2, 2, 2, 1, 733, 16289, 28793, 451, 2453, 402, 4081, 28713, 13, 13, 12069, 4192]
  Decoded unpadded text (178 chars):
    '<s> [INST] Osteoclasts\n\nPlease CONCISELY answer the question in English WITHOUT reasoning or explanation. [/INST]Osteoclasts are resorb bone and differentiate from monocytes.</s>'
  Decoded padded text (174 chars):
    '</s></s></s></s></s></s></s></s></s></s></s></s></s></s></s></s></s></s></s></s></s></s></s></s></s></s></s></s></s></s></s></s></s></s></s><s> [INST] Osteoclasts\n\nPlease CON'
  Setting perplexity to 1.0
WARNING: Unpadded sequence not found in padded sequence for entry 200 (lang: en)
  Error: Unpadded sequence (len=55) not found as contiguous subsequence in padded sequence (len=55). First 10 unpadded: [1, 733, 16289, 28793, 451, 2453, 402, 4081, 28713, 13], padded: [2, 2, 2, 2, 2, 2, 2, 2, 2, 2, 2, 2, 2, 2, 2, 2, 2, 2, 2, 2, 2, 2, 2, 2, 2, 2, 2, 2, 1, 733, 16289, 28793, 451, 2453, 402, 4081, 28713, 13, 13, 12069, 4192, 5726, 1151, 9880, 4372, 272, 2996, 297, 4300, 8292, 24685, 442, 13268, 28723, 733]
  Decoded unpadded text (198 chars):
    '<s> [INST] Osteoclasts\n\nPlease CONCISELY answer the question in English WITHOUT reasoning or explanation. [/INST]Osteoclasts are deposit bone and differentiate from periosteal mesenchymal cells.</s>'
  Decoded padded text (219 chars):
    '</s></s></s></s></s></s></s></s></s></s></s></s></s></s></s></s></s></s></s></s></s></s></s></s></s></s></s></s><s> [INST] Osteoclasts\n\nPlease CONCISELY answer the question in English WITHOUT reasoning or explanation. ['
  Setting perplexity to 1.0
Perplexity: Written 276/85610 entries to perplexity result file (batch 46/14269)
Processing batch 47/14269
WARNING: Unpadded sequence not found in padded sequence for entry 201 (lang: en)
  Error: Unpadded sequence (len=128) not found as contiguous subsequence in padded sequence (len=128). First 10 unpadded: [1, 733, 16289, 28793, 415, 2062, 282, 284, 360, 9690], padded: [2, 2, 2, 2, 2, 2, 2, 2, 2, 2, 2, 2, 2, 2, 2, 2, 2, 2, 2, 2, 2, 2, 2, 2, 2, 1, 733, 16289, 28793, 415, 2062, 282, 284, 360, 9690, 806, 14540, 13, 13, 12069, 4192, 5726, 1151, 9880, 4372, 272, 2996, 297, 4300, 8292, 24685, 442, 13268, 28723, 733, 28748, 16289, 28793, 1014, 2062, 282, 284, 360, 9690, 806, 14540, 349, 264, 14540, 5651, 297, 272, 1335, 28725, 10107, 297, 272, 297, 898, 270, 6536, 282, 21036, 28708, 28723, 661, 659, 989, 10478, 28747, 272, 7280, 1335, 5016, 1002, 477, 272, 6517, 13788, 302, 272, 668, 540, 806, 14056, 28725, 1312, 272, 3889, 1335, 5016, 1002, 477, 272, 2062, 282, 284, 360, 9690, 806, 9703, 302, 272, 668, 540, 806, 14056, 28723]
  Decoded unpadded text (504 chars):
    '<s> [INST] The lateral pterygoid muscle\n\nPlease CONCISELY answer the question in English WITHOUT reasoning or explanation. [/INST]The lateral pterygoid muscle is a muscle located in the head, specifically in the infratemporal fossa. It has two heads: the upper head originates from the greater wing of the sphenoid bone, while the lower head originates from the lateral pterygoid plate of the sphenoid bone. The lateral pterygoid muscle is attached to the condylar process and protrudes the mandible.</s>'
  Decoded padded text (507 chars):
    '</s></s></s></s></s></s></s></s></s></s></s></s></s></s></s></s></s></s></s></s></s></s></s></s></s><s> [INST] The lateral pterygoid muscle\n\nPlease CONCISELY answer the question in English WITHOUT reasoning or explanation. [/INST]The lateral pterygoid muscle is a muscle located in the head, specifically in the infratemporal fossa. It has two heads: the upper head originates from the greater wing of the sphenoid bone, while the lower head originates from the lateral pterygoid plate of the sphenoid bone.'
  Setting perplexity to 1.0
WARNING: Unpadded sequence not found in padded sequence for entry 201 (lang: en)
  Error: Unpadded sequence (len=126) not found as contiguous subsequence in padded sequence (len=126). First 10 unpadded: [1, 733, 16289, 28793, 415, 2062, 282, 284, 360, 9690], padded: [2, 2, 2, 2, 2, 2, 2, 2, 2, 2, 2, 2, 2, 2, 2, 2, 2, 2, 2, 2, 2, 2, 2, 2, 2, 2, 2, 1, 733, 16289, 28793, 415, 2062, 282, 284, 360, 9690, 806, 14540, 13, 13, 12069, 4192, 5726, 1151, 9880, 4372, 272, 2996, 297, 4300, 8292, 24685, 442, 13268, 28723, 733, 28748, 16289, 28793, 1014, 2062, 282, 284, 360, 9690, 806, 14540, 349, 264, 14540, 5651, 297, 272, 1335, 28725, 10107, 297, 272, 297, 898, 270, 6536, 282, 21036, 28708, 28723, 661, 659, 989, 10478, 28747, 272, 7280, 1335, 5016, 1002, 477, 272, 6517, 13788, 302, 272, 668, 540, 806, 14056, 28725, 1312, 272, 3889, 1335, 5016, 1002, 477, 272, 2062, 282, 284, 360, 9690, 806, 9703, 302, 272, 668]
  Decoded unpadded text (503 chars):
    '<s> [INST] The lateral pterygoid muscle\n\nPlease CONCISELY answer the question in English WITHOUT reasoning or explanation. [/INST]The lateral pterygoid muscle is a muscle located in the head, specifically in the infratemporal fossa. It has two heads: the upper head originates from the greater wing of the sphenoid bone, while the lower head originates from the lateral pterygoid plate of the sphenoid bone. The lateral pterygoid muscle is attached to the coronoid process and elevates the mandible.</s>'
  Decoded padded text (503 chars):
    '</s></s></s></s></s></s></s></s></s></s></s></s></s></s></s></s></s></s></s></s></s></s></s></s></s></s></s><s> [INST] The lateral pterygoid muscle\n\nPlease CONCISELY answer the question in English WITHOUT reasoning or explanation. [/INST]The lateral pterygoid muscle is a muscle located in the head, specifically in the infratemporal fossa. It has two heads: the upper head originates from the greater wing of the sphenoid bone, while the lower head originates from the lateral pterygoid plate of the sp'
  Setting perplexity to 1.0
WARNING: Unpadded sequence not found in padded sequence for entry 202 (lang: en)
  Error: Unpadded sequence (len=71) not found as contiguous subsequence in padded sequence (len=71). First 10 unpadded: [1, 733, 16289, 28793, 560, 272, 16685, 381, 28725, 272], padded: [2, 2, 2, 2, 2, 2, 2, 2, 2, 2, 2, 2, 2, 2, 2, 2, 2, 2, 2, 2, 2, 2, 2, 2, 2, 2, 2, 2, 2, 2, 2, 2, 2, 2, 2, 2, 2, 2, 2, 2, 2, 2, 2, 2, 2, 2, 2, 2, 2, 2, 2, 2, 2, 2, 2, 2, 2, 2, 2, 2, 2, 2, 2, 2, 2, 2, 2, 2, 2, 2, 2]
  Decoded unpadded text (251 chars):
    '<s> [INST] In the fetus, the ductus arteriosus passes blood from the\n\nPlease CONCISELY answer the question in English WITHOUT reasoning or explanation. [/INST]The ductus arteriosus passes blood from the pulmonary artery to the aorta. in the fetus.</s>'
  Decoded padded text (284 chars):
    '</s></s></s></s></s></s></s></s></s></s></s></s></s></s></s></s></s></s></s></s></s></s></s></s></s></s></s></s></s></s></s></s></s></s></s></s></s></s></s></s></s></s></s></s></s></s></s></s></s></s></s></s></s></s></s></s></s></s></s></s></s></s></s></s></s></s></s></s></s></s></s>'
  Setting perplexity to 1.0
WARNING: Unpadded sequence not found in padded sequence for entry 202 (lang: en)
  Error: Unpadded sequence (len=71) not found as contiguous subsequence in padded sequence (len=71). First 10 unpadded: [1, 733, 16289, 28793, 560, 272, 16685, 381, 28725, 272], padded: [2, 2, 2, 2, 2, 2, 2, 2, 2, 2, 2, 2, 2, 2, 2, 2, 2, 2, 2, 2, 2, 2, 2, 2, 2, 2, 2, 2, 2, 2, 2, 2, 2, 2, 2, 2, 2, 2, 2, 2, 2, 2, 2, 2, 2, 2, 2, 2, 2, 2, 2, 2, 2, 2, 2, 2, 2, 2, 2, 2, 2, 2, 2, 2, 2, 2, 2, 2, 2, 2, 2]
  Decoded unpadded text (251 chars):
    '<s> [INST] In the fetus, the ductus arteriosus passes blood from the\n\nPlease CONCISELY answer the question in English WITHOUT reasoning or explanation. [/INST]The ductus arteriosus passes blood from the aorta to the pulmonary artery. in the fetus.</s>'
  Decoded padded text (284 chars):
    '</s></s></s></s></s></s></s></s></s></s></s></s></s></s></s></s></s></s></s></s></s></s></s></s></s></s></s></s></s></s></s></s></s></s></s></s></s></s></s></s></s></s></s></s></s></s></s></s></s></s></s></s></s></s></s></s></s></s></s></s></s></s></s></s></s></s></s></s></s></s></s>'
  Setting perplexity to 1.0
WARNING: Unpadded sequence not found in padded sequence for entry 204 (lang: en)
  Error: Unpadded sequence (len=152) not found as contiguous subsequence in padded sequence (len=152). First 10 unpadded: [1, 733, 16289, 28793, 415, 290, 1485, 5689, 302, 272], padded: [2, 1, 733, 16289, 28793, 415, 290, 1485, 5689, 302, 272, 1856, 4785, 380, 349, 13, 13, 12069, 4192, 5726, 1151, 9880, 4372, 272, 2996, 297, 4300, 8292, 24685, 442, 13268, 28723, 733, 28748, 16289, 28793, 1014, 290, 1485, 5689, 302, 272, 1856, 4785, 380, 349, 264, 1212, 302, 18983, 369, 4715, 272, 9145, 302, 272, 5108, 28723, 661, 349, 1269, 582, 302, 3769, 279, 2805, 505, 8894, 304, 264, 9026, 7487, 302, 5789, 495, 18983, 28723, 415, 1856, 4785, 380, 349, 272, 287, 2557, 744, 302, 272, 9145, 302, 272, 5108, 28725, 304, 272, 290, 1485, 5689, 369, 12784, 378, 349, 2278, 354, 20533, 272, 14164, 261, 19474, 304, 264, 3269, 297, 272, 1759, 302, 25993, 288, 28723, 560, 4518, 28725, 272, 290, 1485, 5689, 302, 272, 1856, 4785, 380, 349, 22399, 12844, 2458, 304, 659, 24301, 1485, 5689, 304, 7626, 3823, 449, 628, 319, 5603, 12712, 328, 795, 578, 28723]
  Decoded unpadded text (595 chars):
    '<s> [INST] The mucosa of the hard palate is\n\nPlease CONCISELY answer the question in English WITHOUT reasoning or explanation. [/INST]The mucosa of the hard palate is a type of tissue that lines the roof of the mouth. It is made up of epithelial cells and a thin layer of connective tissue. The hard palate is the bony part of the roof of the mouth, and the mucosa that covers it is important for protecting the underlying tissues and aiding in the process of swallowing. In addition, the mucosa of the hard palate is keratinised and has submucosa and minor salivary glands posterolaterally.</s>'
  Decoded padded text (595 chars):
    '</s><s> [INST] The mucosa of the hard palate is\n\nPlease CONCISELY answer the question in English WITHOUT reasoning or explanation. [/INST]The mucosa of the hard palate is a type of tissue that lines the roof of the mouth. It is made up of epithelial cells and a thin layer of connective tissue. The hard palate is the bony part of the roof of the mouth, and the mucosa that covers it is important for protecting the underlying tissues and aiding in the process of swallowing. In addition, the mucosa of the hard palate is keratinised and has submucosa and minor salivary glands posterolaterally.'
  Setting perplexity to 1.0
Perplexity: Written 282/85610 entries to perplexity result file (batch 47/14269)
Processing batch 48/14269
WARNING: Unpadded sequence not found in padded sequence for entry 205 (lang: en)
  Error: Unpadded sequence (len=68) not found as contiguous subsequence in padded sequence (len=68). First 10 unpadded: [1, 733, 16289, 28793, 415, 1335, 302, 272, 20865, 13147], padded: [2, 2, 2, 2, 2, 2, 2, 2, 2, 2, 2, 2, 2, 2, 2, 2, 1, 733, 16289, 28793, 415, 1335, 302, 272, 20865, 13147, 22187, 26885, 395, 13, 13, 12069, 4192, 5726, 1151, 9880, 4372, 272, 2996, 297, 4300, 8292, 24685, 442, 13268, 28723, 733, 28748, 16289, 28793, 1014, 1335, 302, 272, 20865, 13147, 22187, 26885, 395, 272, 24797, 1524, 18114, 1493, 335, 323, 299, 302]
  Decoded unpadded text (273 chars):
    '<s> [INST] The head of the sixth rib articulates with\n\nPlease CONCISELY answer the question in English WITHOUT reasoning or explanation. [/INST]The head of the sixth rib articulates with the inferior articular demifacet of T5 and the superior articular demifacet of T6.</s>'
  Decoded padded text (286 chars):
    '</s></s></s></s></s></s></s></s></s></s></s></s></s></s></s></s><s> [INST] The head of the sixth rib articulates with\n\nPlease CONCISELY answer the question in English WITHOUT reasoning or explanation. [/INST]The head of the sixth rib articulates with the inferior articular demifacet of'
  Setting perplexity to 1.0
WARNING: Unpadded sequence not found in padded sequence for entry 205 (lang: en)
  Error: Unpadded sequence (len=56) not found as contiguous subsequence in padded sequence (len=56). First 10 unpadded: [1, 733, 16289, 28793, 415, 1335, 302, 272, 20865, 13147], padded: [2, 2, 2, 2, 2, 2, 2, 2, 2, 2, 2, 2, 2, 2, 2, 2, 2, 2, 2, 2, 2, 2, 2, 2, 2, 2, 2, 2, 1, 733, 16289, 28793, 415, 1335, 302, 272, 20865, 13147, 22187, 26885, 395, 13, 13, 12069, 4192, 5726, 1151, 9880, 4372, 272, 2996, 297, 4300, 8292, 24685, 442]
  Decoded unpadded text (234 chars):
    '<s> [INST] The head of the sixth rib articulates with\n\nPlease CONCISELY answer the question in English WITHOUT reasoning or explanation. [/INST]The head of the sixth rib articulates with the superior and inferior demifacets of T6.</s>'
  Decoded padded text (235 chars):
    '</s></s></s></s></s></s></s></s></s></s></s></s></s></s></s></s></s></s></s></s></s></s></s></s></s></s></s></s><s> [INST] The head of the sixth rib articulates with\n\nPlease CONCISELY answer the question in English WITHOUT reasoning or'
  Setting perplexity to 1.0
WARNING: Unpadded sequence not found in padded sequence for entry 206 (lang: en)
  Error: Unpadded sequence (len=83) not found as contiguous subsequence in padded sequence (len=83). First 10 unpadded: [1, 733, 16289, 28793, 9595, 302, 272, 2296, 349, 5651], padded: [2, 1, 733, 16289, 28793, 9595, 302, 272, 2296, 349, 5651, 10042, 272, 890, 377, 2176, 357, 28719, 297, 272, 1749, 7280, 12618, 6804, 302, 272, 534, 2920, 1475, 277, 16012, 28804, 13, 13, 12069, 4192, 5726, 1151, 9880, 4372, 272, 2996, 297, 4300, 8292, 24685, 442, 13268, 28723, 733, 28748, 16289, 28793, 1014, 668, 26943, 349, 5651, 10042, 272, 890, 377, 2176, 357, 28719, 297, 272, 1749, 7280, 12618, 6804, 302, 272, 534, 2920, 1475, 277, 16012, 28747, 318, 792, 269, 28723]
  Decoded unpadded text (316 chars):
    '<s> [INST] Which of the following is located beneath the diaphragm in the left upper quadrant of the abdominal cavity?\n\nPlease CONCISELY answer the question in English WITHOUT reasoning or explanation. [/INST]The spleen is located beneath the diaphragm in the left upper quadrant of the abdominal cavity: Spleen.</s>'
  Decoded padded text (316 chars):
    '</s><s> [INST] Which of the following is located beneath the diaphragm in the left upper quadrant of the abdominal cavity?\n\nPlease CONCISELY answer the question in English WITHOUT reasoning or explanation. [/INST]The spleen is located beneath the diaphragm in the left upper quadrant of the abdominal cavity: Spleen.'
  Setting perplexity to 1.0
WARNING: Unpadded sequence not found in padded sequence for entry 208 (lang: en)
  Error: Unpadded sequence (len=70) not found as contiguous subsequence in padded sequence (len=70). First 10 unpadded: [1, 733, 16289, 28793, 415, 306, 271, 323, 294, 25807], padded: [2, 2, 2, 2, 2, 2, 2, 2, 2, 2, 2, 2, 2, 2, 1, 733, 16289, 28793, 415, 306, 271, 323, 294, 25807, 349, 264, 21431, 5028, 2278, 354, 690, 302, 272, 2296, 5572, 28804, 13, 13, 12069, 4192, 5726, 1151, 9880, 4372, 272, 2996, 297, 4300, 8292, 24685, 442, 13268, 28723, 733, 28748, 16289, 28793, 1014, 306, 271, 323, 294, 25807, 349, 2278, 354, 10840, 8679, 28725, 20533]
  Decoded unpadded text (317 chars):
    '<s> [INST] The thoracic cage is a structural unit important for which of the following functions?\n\nPlease CONCISELY answer the question in English WITHOUT reasoning or explanation. [/INST]The thoracic cage is important for respiration, protecting vital organs, and providing structural support for the upper body.</s>'
  Decoded padded text (302 chars):
    '</s></s></s></s></s></s></s></s></s></s></s></s></s></s><s> [INST] The thoracic cage is a structural unit important for which of the following functions?\n\nPlease CONCISELY answer the question in English WITHOUT reasoning or explanation. [/INST]The thoracic cage is important for respiration, protecting'
  Setting perplexity to 1.0
WARNING: Unpadded sequence not found in padded sequence for entry 208 (lang: en)
  Error: Unpadded sequence (len=70) not found as contiguous subsequence in padded sequence (len=70). First 10 unpadded: [1, 733, 16289, 28793, 415, 306, 271, 323, 294, 25807], padded: [2, 2, 2, 2, 2, 2, 2, 2, 2, 2, 2, 2, 2, 2, 1, 733, 16289, 28793, 415, 306, 271, 323, 294, 25807, 349, 264, 21431, 5028, 2278, 354, 690, 302, 272, 2296, 5572, 28804, 13, 13, 12069, 4192, 5726, 1151, 9880, 4372, 272, 2996, 297, 4300, 8292, 24685, 442, 13268, 28723, 733, 28748, 16289, 28793, 1014, 306, 271, 323, 294, 25807, 349, 2278, 354, 27863, 352, 28725, 20533]
  Decoded unpadded text (318 chars):
    '<s> [INST] The thoracic cage is a structural unit important for which of the following functions?\n\nPlease CONCISELY answer the question in English WITHOUT reasoning or explanation. [/INST]The thoracic cage is important for alimentation, protecting vital organs, and providing structural support for the upper body.</s>'
  Decoded padded text (303 chars):
    '</s></s></s></s></s></s></s></s></s></s></s></s></s></s><s> [INST] The thoracic cage is a structural unit important for which of the following functions?\n\nPlease CONCISELY answer the question in English WITHOUT reasoning or explanation. [/INST]The thoracic cage is important for alimentation, protecting'
  Setting perplexity to 1.0
Perplexity: Written 288/85610 entries to perplexity result file (batch 48/14269)
Processing batch 49/14269
WARNING: Unpadded sequence not found in padded sequence for entry 209 (lang: en)
  Error: Unpadded sequence (len=86) not found as contiguous subsequence in padded sequence (len=86). First 10 unpadded: [1, 733, 16289, 28793, 330, 7749, 349, 13048, 1024, 264], padded: [2, 2, 1, 733, 16289, 28793, 330, 7749, 349, 13048, 1024, 264, 1335, 11254, 304, 12967, 28713, 14099, 778, 264, 432, 28708, 28723, 1094, 351, 8671, 12794, 12825, 396, 9237, 316, 1890, 3631, 366, 15536, 28716, 465, 1096, 9237, 494, 293, 601, 4242, 541, 347, 15538, 1444, 272, 13, 13, 12069, 4192, 5726, 1151, 9880, 4372, 272, 2996, 297, 4300, 8292, 24685, 442, 13268, 28723, 733, 28748, 16289, 28793, 1014, 9237, 494, 293, 601, 4242, 541, 347, 15538, 1444, 272, 21181, 15262, 304, 281, 2614, 17613]
  Decoded unpadded text (359 chars):
    '<s> [INST] A patient is admitted after a head injury and sinks rapidly into a coma. An MRI scan indicates an extradural haemorrhage because extravasated blood can be detected between the\n\nPlease CONCISELY answer the question in English WITHOUT reasoning or explanation. [/INST]The extravasated blood can be detected between the skull bones and dura mater.</s>'
  Decoded padded text (362 chars):
    '</s></s><s> [INST] A patient is admitted after a head injury and sinks rapidly into a coma. An MRI scan indicates an extradural haemorrhage because extravasated blood can be detected between the\n\nPlease CONCISELY answer the question in English WITHOUT reasoning or explanation. [/INST]The extravasated blood can be detected between the skull bones and dura mater'
  Setting perplexity to 1.0
WARNING: Unpadded sequence not found in padded sequence for entry 210 (lang: en)
  Error: Unpadded sequence (len=79) not found as contiguous subsequence in padded sequence (len=79). First 10 unpadded: [1, 733, 16289, 28793, 330, 6053, 4319, 520, 19894, 1803], padded: [2, 2, 2, 2, 2, 2, 2, 2, 2, 1, 733, 16289, 28793, 330, 6053, 4319, 520, 19894, 1803, 23284, 2724, 622, 7072, 396, 28708, 374, 2053, 515, 302, 272, 13, 13, 12069, 4192, 5726, 1151, 9880, 4372, 272, 2996, 297, 4300, 8292, 24685, 442, 13268, 28723, 733, 28748, 16289, 28793, 1014, 4319, 520, 19894, 1803, 23284, 2724, 28725, 739, 6053, 28725, 622, 7072, 396, 374, 2053, 515, 302, 272, 2666, 425, 628, 24449, 9033, 28725, 652, 7867, 505]
  Decoded unpadded text (319 chars):
    '<s> [INST] A successful infraorbital nerve block will produce anaesthesia of the\n\nPlease CONCISELY answer the question in English WITHOUT reasoning or explanation. [/INST]The infraorbital nerve block, when successful, will produce anesthesia of the maxillary anterior teeth, their labial gingivae and the upper lip.</s>'
  Decoded padded text (323 chars):
    '</s></s></s></s></s></s></s></s></s><s> [INST] A successful infraorbital nerve block will produce anaesthesia of the\n\nPlease CONCISELY answer the question in English WITHOUT reasoning or explanation. [/INST]The infraorbital nerve block, when successful, will produce anesthesia of the maxillary anterior teeth, their labial'
  Setting perplexity to 1.0
WARNING: Unpadded sequence not found in padded sequence for entry 210 (lang: en)
  Error: Unpadded sequence (len=84) not found as contiguous subsequence in padded sequence (len=84). First 10 unpadded: [1, 733, 16289, 28793, 330, 6053, 4319, 520, 19894, 1803], padded: [2, 2, 2, 2, 1, 733, 16289, 28793, 330, 6053, 4319, 520, 19894, 1803, 23284, 2724, 622, 7072, 396, 28708, 374, 2053, 515, 302, 272, 13, 13, 12069, 4192, 5726, 1151, 9880, 4372, 272, 2996, 297, 4300, 8292, 24685, 442, 13268, 28723, 733, 28748, 16289, 28793, 1014, 4319, 520, 19894, 1803, 23284, 2724, 28725, 739, 6053, 28725, 622, 7072, 396, 374, 2053, 515, 302, 272, 2666, 425, 628, 24449, 9033, 28725, 652, 7867, 505, 21534, 449, 4643, 28725, 272, 7280, 11144, 304, 24449, 1856]
  Decoded unpadded text (341 chars):
    '<s> [INST] A successful infraorbital nerve block will produce anaesthesia of the\n\nPlease CONCISELY answer the question in English WITHOUT reasoning or explanation. [/INST]The infraorbital nerve block, when successful, will produce anesthesia of the maxillary anterior teeth, their labial gingivae, the upper lip and anterior hard palate.</s>'
  Decoded padded text (345 chars):
    '</s></s></s></s><s> [INST] A successful infraorbital nerve block will produce anaesthesia of the\n\nPlease CONCISELY answer the question in English WITHOUT reasoning or explanation. [/INST]The infraorbital nerve block, when successful, will produce anesthesia of the maxillary anterior teeth, their labial gingivae, the upper lip and anterior hard'
  Setting perplexity to 1.0
WARNING: Unpadded sequence not found in padded sequence for entry 211 (lang: en)
  Error: Unpadded sequence (len=70) not found as contiguous subsequence in padded sequence (len=70). First 10 unpadded: [1, 733, 16289, 28793, 9595, 302, 272, 2296, 23084, 1380], padded: [2, 2, 2, 2, 2, 2, 2, 2, 2, 2, 2, 2, 2, 2, 2, 2, 2, 2, 1, 733, 16289, 28793, 9595, 302, 272, 2296, 23084, 1380, 10833, 358, 272, 668, 540, 806, 14056, 28804, 13, 13, 12069, 4192, 5726, 1151, 9880, 4372, 272, 2996, 297, 4300, 8292, 24685, 442, 13268, 28723, 733, 28748, 16289, 28793, 1014, 668, 540, 806, 14056, 349, 10833, 1354, 486, 272, 2296, 23084, 1380]
  Decoded unpadded text (259 chars):
    '<s> [INST] Which of the following foramina pierce the sphenoid bone?\n\nPlease CONCISELY answer the question in English WITHOUT reasoning or explanation. [/INST]The sphenoid bone is pierced by the following foramina:\n\n1. Foramen ovale, rotundum and spinosum</s>'
  Decoded padded text (285 chars):
    '</s></s></s></s></s></s></s></s></s></s></s></s></s></s></s></s></s></s><s> [INST] Which of the following foramina pierce the sphenoid bone?\n\nPlease CONCISELY answer the question in English WITHOUT reasoning or explanation. [/INST]The sphenoid bone is pierced by the following foramina'
  Setting perplexity to 1.0
WARNING: Unpadded sequence not found in padded sequence for entry 211 (lang: en)
  Error: Unpadded sequence (len=76) not found as contiguous subsequence in padded sequence (len=76). First 10 unpadded: [1, 733, 16289, 28793, 9595, 302, 272, 2296, 23084, 1380], padded: [2, 2, 2, 2, 2, 2, 2, 2, 2, 2, 2, 2, 1, 733, 16289, 28793, 9595, 302, 272, 2296, 23084, 1380, 10833, 358, 272, 668, 540, 806, 14056, 28804, 13, 13, 12069, 4192, 5726, 1151, 9880, 4372, 272, 2996, 297, 4300, 8292, 24685, 442, 13268, 28723, 733, 28748, 16289, 28793, 1014, 668, 540, 806, 14056, 349, 10833, 1354, 486, 272, 2296, 23084, 1380, 28747, 13, 13, 28740, 28723, 1263, 9519, 18611, 883, 28725, 6580, 915]
  Decoded unpadded text (279 chars):
    '<s> [INST] Which of the following foramina pierce the sphenoid bone?\n\nPlease CONCISELY answer the question in English WITHOUT reasoning or explanation. [/INST]The sphenoid bone is pierced by the following foramina:\n\n1. Foramen ovale, rotundum and spinosum and foramen lacerum</s>'
  Decoded padded text (288 chars):
    '</s></s></s></s></s></s></s></s></s></s></s></s><s> [INST] Which of the following foramina pierce the sphenoid bone?\n\nPlease CONCISELY answer the question in English WITHOUT reasoning or explanation. [/INST]The sphenoid bone is pierced by the following foramina:\n\n1. Foramen ovale, rotund'
  Setting perplexity to 1.0
Perplexity: Written 294/85610 entries to perplexity result file (batch 49/14269)
Processing batch 50/14269
WARNING: Unpadded sequence not found in padded sequence for entry 212 (lang: en)
  Error: Unpadded sequence (len=51) not found as contiguous subsequence in padded sequence (len=51). First 10 unpadded: [1, 733, 16289, 28793, 9595, 302, 272, 2296, 349, 264], padded: [2, 2, 2, 2, 2, 2, 2, 2, 2, 2, 2, 2, 2, 2, 2, 2, 2, 2, 2, 2, 2, 2, 2, 2, 2, 2, 1, 733, 16289, 28793, 9595, 302, 272, 2296, 349, 264, 17404, 23100, 486, 521, 1399, 1584, 522, 17142, 302, 10931, 15231, 1938, 272, 1370, 28804]
  Decoded unpadded text (227 chars):
    '<s> [INST] Which of the following is a disorder characterized by uncontrollable episodes of falling asleep during the day?\n\nPlease CONCISELY answer the question in English WITHOUT reasoning or explanation. [/INST]Narcolepsy</s>'
  Decoded padded text (226 chars):
    '</s></s></s></s></s></s></s></s></s></s></s></s></s></s></s></s></s></s></s></s></s></s></s></s></s></s><s> [INST] Which of the following is a disorder characterized by uncontrollable episodes of falling asleep during the day?'
  Setting perplexity to 1.0
WARNING: Unpadded sequence not found in padded sequence for entry 212 (lang: en)
  Error: Unpadded sequence (len=51) not found as contiguous subsequence in padded sequence (len=51). First 10 unpadded: [1, 733, 16289, 28793, 9595, 302, 272, 2296, 349, 264], padded: [2, 2, 2, 2, 2, 2, 2, 2, 2, 2, 2, 2, 2, 2, 2, 2, 2, 2, 2, 2, 2, 2, 2, 2, 2, 2, 1, 733, 16289, 28793, 9595, 302, 272, 2296, 349, 264, 17404, 23100, 486, 521, 1399, 1584, 522, 17142, 302, 10931, 15231, 1938, 272, 1370, 28804]
  Decoded unpadded text (225 chars):
    '<s> [INST] Which of the following is a disorder characterized by uncontrollable episodes of falling asleep during the day?\n\nPlease CONCISELY answer the question in English WITHOUT reasoning or explanation. [/INST]Dyslexia</s>'
  Decoded padded text (226 chars):
    '</s></s></s></s></s></s></s></s></s></s></s></s></s></s></s></s></s></s></s></s></s></s></s></s></s></s><s> [INST] Which of the following is a disorder characterized by uncontrollable episodes of falling asleep during the day?'
  Setting perplexity to 1.0
WARNING: Unpadded sequence not found in padded sequence for entry 213 (lang: en)
  Error: Unpadded sequence (len=47) not found as contiguous subsequence in padded sequence (len=47). First 10 unpadded: [1, 733, 16289, 28793, 9595, 302, 272, 2296, 5976, 5135], padded: [2, 2, 2, 2, 2, 2, 2, 2, 2, 2, 2, 2, 2, 2, 2, 2, 2, 2, 2, 2, 2, 2, 2, 2, 2, 2, 2, 2, 2, 2, 1, 733, 16289, 28793, 9595, 302, 272, 2296, 5976, 5135, 8877, 297, 272, 25195, 28804, 13, 13]
  Decoded unpadded text (202 chars):
    '<s> [INST] Which of the following allows gas exchange in the lungs?\n\nPlease CONCISELY answer the question in English WITHOUT reasoning or explanation. [/INST]Alveoli allow gas exchange in the lungs.</s>'
  Decoded padded text (189 chars):
    '</s></s></s></s></s></s></s></s></s></s></s></s></s></s></s></s></s></s></s></s></s></s></s></s></s></s></s></s></s></s><s> [INST] Which of the following allows gas exchange in the lungs?\n\n'
  Setting perplexity to 1.0
WARNING: Unpadded sequence not found in padded sequence for entry 213 (lang: en)
  Error: Unpadded sequence (len=47) not found as contiguous subsequence in padded sequence (len=47). First 10 unpadded: [1, 733, 16289, 28793, 9595, 302, 272, 2296, 5976, 5135], padded: [2, 2, 2, 2, 2, 2, 2, 2, 2, 2, 2, 2, 2, 2, 2, 2, 2, 2, 2, 2, 2, 2, 2, 2, 2, 2, 2, 2, 2, 2, 1, 733, 16289, 28793, 9595, 302, 272, 2296, 5976, 5135, 8877, 297, 272, 25195, 28804, 13, 13]
  Decoded unpadded text (202 chars):
    '<s> [INST] Which of the following allows gas exchange in the lungs?\n\nPlease CONCISELY answer the question in English WITHOUT reasoning or explanation. [/INST]Bronchi allow gas exchange in the lungs.</s>'
  Decoded padded text (189 chars):
    '</s></s></s></s></s></s></s></s></s></s></s></s></s></s></s></s></s></s></s></s></s></s></s></s></s></s></s></s></s></s><s> [INST] Which of the following allows gas exchange in the lungs?\n\n'
  Setting perplexity to 1.0
WARNING: Unpadded sequence not found in padded sequence for entry 214 (lang: en)
  Error: Unpadded sequence (len=75) not found as contiguous subsequence in padded sequence (len=75). First 10 unpadded: [1, 733, 16289, 28793, 330, 7749, 659, 264, 24632, 482], padded: [2, 2, 1, 733, 16289, 28793, 330, 7749, 659, 264, 24632, 482, 297, 690, 272, 13630, 349, 16127, 562, 459, 13420, 2701, 28725, 304, 272, 4759, 349, 27248, 28723, 851, 1212, 302, 24632, 482, 349, 2651, 390, 690, 302, 272, 2296, 28804, 13, 13, 12069, 4192, 5726, 1151, 9880, 4372, 272, 2996, 297, 4300, 8292, 24685, 442, 13268, 28723, 733, 28748, 16289, 28793, 3260, 1212, 302, 24632, 482, 349, 2651, 390, 5051, 28725, 5344, 23277]
  Decoded unpadded text (312 chars):
    '<s> [INST] A patient has a fracture in which the radius is bent but not displaced, and the skin is intact. This type of fracture is known as which of the following?\n\nPlease CONCISELY answer the question in English WITHOUT reasoning or explanation. [/INST]This type of fracture is known as closed, greenstick.</s>'
  Decoded padded text (315 chars):
    '</s></s><s> [INST] A patient has a fracture in which the radius is bent but not displaced, and the skin is intact. This type of fracture is known as which of the following?\n\nPlease CONCISELY answer the question in English WITHOUT reasoning or explanation. [/INST]This type of fracture is known as closed, greenstick'
  Setting perplexity to 1.0
Perplexity: Written 300/85610 entries to perplexity result file (batch 50/14269)
Processing batch 51/14269
WARNING: Unpadded sequence not found in padded sequence for entry 215 (lang: en)
  Error: Unpadded sequence (len=72) not found as contiguous subsequence in padded sequence (len=72). First 10 unpadded: [1, 733, 16289, 28793, 401, 930, 309, 1837, 302, 396], padded: [2, 2, 2, 2, 2, 2, 2, 2, 2, 2, 2, 2, 2, 2, 1, 733, 16289, 28793, 401, 930, 309, 1837, 302, 396, 18611, 383, 486, 264, 268, 13781, 1827, 4167, 266, 12022, 297, 690, 302, 272, 2296, 11294, 28804, 13, 13, 12069, 4192, 5726, 1151, 9880, 4372, 272, 2996, 297, 4300, 8292, 24685, 442, 13268, 28723, 733, 28748, 16289, 28793, 28765, 930, 309, 1837, 302, 396, 18611, 383, 486, 264]
  Decoded unpadded text (265 chars):
    '<s> [INST] Fertilization of an ovum by a spermatozoon occurs in which of the following structures?\n\nPlease CONCISELY answer the question in English WITHOUT reasoning or explanation. [/INST]Fertilization of an ovum by a spermatozoon occurs in the Fallopian tube.</s>'
  Decoded padded text (274 chars):
    '</s></s></s></s></s></s></s></s></s></s></s></s></s></s><s> [INST] Fertilization of an ovum by a spermatozoon occurs in which of the following structures?\n\nPlease CONCISELY answer the question in English WITHOUT reasoning or explanation. [/INST]Fertilization of an ovum by a'
  Setting perplexity to 1.0
WARNING: Unpadded sequence not found in padded sequence for entry 215 (lang: en)
  Error: Unpadded sequence (len=71) not found as contiguous subsequence in padded sequence (len=71). First 10 unpadded: [1, 733, 16289, 28793, 401, 930, 309, 1837, 302, 396], padded: [2, 2, 2, 2, 2, 2, 2, 2, 2, 2, 2, 2, 2, 2, 2, 1, 733, 16289, 28793, 401, 930, 309, 1837, 302, 396, 18611, 383, 486, 264, 268, 13781, 1827, 4167, 266, 12022, 297, 690, 302, 272, 2296, 11294, 28804, 13, 13, 12069, 4192, 5726, 1151, 9880, 4372, 272, 2996, 297, 4300, 8292, 24685, 442, 13268, 28723, 733, 28748, 16289, 28793, 28765, 930, 309, 1837, 302, 396, 18611, 383]
  Decoded unpadded text (256 chars):
    '<s> [INST] Fertilization of an ovum by a spermatozoon occurs in which of the following structures?\n\nPlease CONCISELY answer the question in English WITHOUT reasoning or explanation. [/INST]Fertilization of an ovum by a spermatozoon occurs in the Ovary.</s>'
  Decoded padded text (273 chars):
    '</s></s></s></s></s></s></s></s></s></s></s></s></s></s></s><s> [INST] Fertilization of an ovum by a spermatozoon occurs in which of the following structures?\n\nPlease CONCISELY answer the question in English WITHOUT reasoning or explanation. [/INST]Fertilization of an ovum'
  Setting perplexity to 1.0
WARNING: Unpadded sequence not found in padded sequence for entry 217 (lang: en)
  Error: Unpadded sequence (len=85) not found as contiguous subsequence in padded sequence (len=85). First 10 unpadded: [1, 733, 16289, 28793, 560, 1683, 28725, 690, 302, 272], padded: [2, 1, 733, 16289, 28793, 560, 1683, 28725, 690, 302, 272, 2296, 11294, 349, 5651, 438, 272, 7215, 302, 272, 843, 316, 826, 304, 6525, 28713, 272, 332, 267, 362, 520, 28804, 13, 13, 12069, 4192, 5726, 1151, 9880, 4372, 272, 2996, 297, 4300, 8292, 24685, 442, 13268, 28723, 733, 28748, 16289, 28793, 1014, 430, 2027, 319, 1207, 349, 5651, 438, 272, 7215, 302, 272, 843, 316, 826, 304, 6525, 28713, 272, 332, 267, 362, 520, 297, 1683, 28723, 415, 4693, 349, 1133, 2027, 28723]
  Decoded unpadded text (329 chars):
    '<s> [INST] In men, which of the following structures is located at the neck of the bladder and surrounds the urethra?\n\nPlease CONCISELY answer the question in English WITHOUT reasoning or explanation. [/INST]The prostate gland is located at the neck of the bladder and surrounds the urethra in men. The structure is Prostate.</s>'
  Decoded padded text (329 chars):
    '</s><s> [INST] In men, which of the following structures is located at the neck of the bladder and surrounds the urethra?\n\nPlease CONCISELY answer the question in English WITHOUT reasoning or explanation. [/INST]The prostate gland is located at the neck of the bladder and surrounds the urethra in men. The structure is Prostate.'
  Setting perplexity to 1.0
WARNING: Unpadded sequence not found in padded sequence for entry 221 (lang: en)
  Error: Unpadded sequence (len=77) not found as contiguous subsequence in padded sequence (len=77). First 10 unpadded: [1, 733, 16289, 28793, 6213, 396, 24797, 389, 333, 8330], padded: [2, 2, 2, 2, 2, 2, 2, 2, 2, 1, 733, 16289, 28793, 6213, 396, 24797, 389, 333, 8330, 23284, 2724, 272, 25710, 1872, 578, 15167, 13, 13, 12069, 4192, 5726, 1151, 9880, 4372, 272, 2996, 297, 4300, 8292, 24685, 442, 13268, 28723, 733, 28748, 16289, 28793, 1227, 996, 272, 9915, 593, 1098, 354, 9519, 28725, 24449, 304, 2062, 282, 298, 1342, 505, 284, 360, 9690, 806, 28725, 1444, 272, 9915, 593, 1098, 15355, 381, 304, 272]
  Decoded unpadded text (306 chars):
    '<s> [INST] During an inferior alveolar nerve block the needle ideally passes\n\nPlease CONCISELY answer the question in English WITHOUT reasoning or explanation. [/INST]Through the mandibular foramen, anterior and lateral to medial pterygoid, between the mandibular ramus and the medial pterygoid muscle.</s>'
  Decoded padded text (313 chars):
    '</s></s></s></s></s></s></s></s></s><s> [INST] During an inferior alveolar nerve block the needle ideally passes\n\nPlease CONCISELY answer the question in English WITHOUT reasoning or explanation. [/INST]Through the mandibular foramen, anterior and lateral to medial pterygoid, between the mandibular ramus and the'
  Setting perplexity to 1.0
WARNING: Unpadded sequence not found in padded sequence for entry 221 (lang: en)
  Error: Unpadded sequence (len=73) not found as contiguous subsequence in padded sequence (len=73). First 10 unpadded: [1, 733, 16289, 28793, 6213, 396, 24797, 389, 333, 8330], padded: [2, 2, 2, 2, 2, 2, 2, 2, 2, 2, 2, 2, 2, 1, 733, 16289, 28793, 6213, 396, 24797, 389, 333, 8330, 23284, 2724, 272, 25710, 1872, 578, 15167, 13, 13, 12069, 4192, 5726, 1151, 9880, 4372, 272, 2996, 297, 4300, 8292, 24685, 442, 13268, 28723, 733, 28748, 16289, 28793, 1227, 996, 272, 9915, 593, 1098, 354, 9519, 28725, 1059, 1342, 505, 284, 360, 9690, 806, 28725, 1444, 272, 9915, 593, 1098]
  Decoded unpadded text (290 chars):
    '<s> [INST] During an inferior alveolar nerve block the needle ideally passes\n\nPlease CONCISELY answer the question in English WITHOUT reasoning or explanation. [/INST]Through the mandibular foramen, through medial pterygoid, between the mandibular ramus and the medial pterygoid muscle.</s>'
  Decoded padded text (299 chars):
    '</s></s></s></s></s></s></s></s></s></s></s></s></s><s> [INST] During an inferior alveolar nerve block the needle ideally passes\n\nPlease CONCISELY answer the question in English WITHOUT reasoning or explanation. [/INST]Through the mandibular foramen, through medial pterygoid, between the mandibular'
  Setting perplexity to 1.0
Perplexity: Written 306/85610 entries to perplexity result file (batch 51/14269)
Processing batch 52/14269
WARNING: Unpadded sequence not found in padded sequence for entry 222 (lang: en)
  Error: Unpadded sequence (len=79) not found as contiguous subsequence in padded sequence (len=79). First 10 unpadded: [1, 733, 16289, 28793, 4186, 2785, 395, 690, 302, 272], padded: [2, 2, 1, 733, 16289, 28793, 4186, 2785, 395, 690, 302, 272, 2296, 18257, 460, 9852, 395, 297, 19102, 302, 11781, 8255, 365, 28733, 28740, 28750, 28804, 13, 13, 12069, 4192, 5726, 1151, 9880, 4372, 272, 2996, 297, 4300, 8292, 24685, 442, 13268, 28723, 733, 28748, 16289, 28793, 8243, 2785, 395, 1778, 3410, 28742, 8030, 442, 799, 4331, 13098, 11781, 8255, 365, 28733, 28740, 28750, 801, 9375, 460, 9852, 395, 297, 19102, 302, 11781, 8255, 365, 28733, 28740, 28750]
  Decoded unpadded text (322 chars):
    "<s> [INST] Patients with which of the following diseases are treated with injections of vitamin B-12?\n\nPlease CONCISELY answer the question in English WITHOUT reasoning or explanation. [/INST]Patients with Graves' disease or other conditions causing vitamin B-12 deficiency are treated with injections of vitamin B-12.</s>"
  Decoded padded text (325 chars):
    "</s></s><s> [INST] Patients with which of the following diseases are treated with injections of vitamin B-12?\n\nPlease CONCISELY answer the question in English WITHOUT reasoning or explanation. [/INST]Patients with Graves' disease or other conditions causing vitamin B-12 deficiency are treated with injections of vitamin B-12"
  Setting perplexity to 1.0
WARNING: Unpadded sequence not found in padded sequence for entry 224 (lang: en)
  Error: Unpadded sequence (len=65) not found as contiguous subsequence in padded sequence (len=65). First 10 unpadded: [1, 733, 16289, 28793, 2316, 293, 1082, 27642, 710, 19397], padded: [2, 2, 2, 2, 2, 2, 2, 2, 2, 2, 2, 2, 2, 2, 2, 2, 1, 733, 16289, 28793, 2316, 293, 1082, 27642, 710, 19397, 28714, 296, 294, 6056, 1053, 3530, 272, 334, 7016, 395, 272, 13, 13, 12069, 4192, 5726, 1151, 9880, 4372, 272, 2996, 297, 4300, 8292, 24685, 442, 13268, 28723, 733, 28748, 16289, 28793, 3916, 293, 1082, 27642, 710, 19397, 28714]
  Decoded unpadded text (239 chars):
    '<s> [INST] Parasympathetic preganglionic axons leave the CNS with the\n\nPlease CONCISELY answer the question in English WITHOUT reasoning or explanation. [/INST]Parasympathetic preganglionic axons leave the CNS via sacral spinal nerves.</s>'
  Decoded padded text (248 chars):
    '</s></s></s></s></s></s></s></s></s></s></s></s></s></s></s></s><s> [INST] Parasympathetic preganglionic axons leave the CNS with the\n\nPlease CONCISELY answer the question in English WITHOUT reasoning or explanation. [/INST]Parasympathetic pregangl'
  Setting perplexity to 1.0
WARNING: Unpadded sequence not found in padded sequence for entry 224 (lang: en)
  Error: Unpadded sequence (len=66) not found as contiguous subsequence in padded sequence (len=66). First 10 unpadded: [1, 733, 16289, 28793, 2316, 293, 1082, 27642, 710, 19397], padded: [2, 2, 2, 2, 2, 2, 2, 2, 2, 2, 2, 2, 2, 2, 2, 1, 733, 16289, 28793, 2316, 293, 1082, 27642, 710, 19397, 28714, 296, 294, 6056, 1053, 3530, 272, 334, 7016, 395, 272, 13, 13, 12069, 4192, 5726, 1151, 9880, 4372, 272, 2996, 297, 4300, 8292, 24685, 442, 13268, 28723, 733, 28748, 16289, 28793, 3916, 293, 1082, 27642, 710, 19397, 28714, 296, 294]
  Decoded unpadded text (241 chars):
    '<s> [INST] Parasympathetic preganglionic axons leave the CNS with the\n\nPlease CONCISELY answer the question in English WITHOUT reasoning or explanation. [/INST]Parasympathetic preganglionic axons leave the CNS via cervical spinal nerves.</s>'
  Decoded padded text (249 chars):
    '</s></s></s></s></s></s></s></s></s></s></s></s></s></s></s><s> [INST] Parasympathetic preganglionic axons leave the CNS with the\n\nPlease CONCISELY answer the question in English WITHOUT reasoning or explanation. [/INST]Parasympathetic preganglionic'
  Setting perplexity to 1.0
WARNING: Unpadded sequence not found in padded sequence for entry 226 (lang: en)
  Error: Unpadded sequence (len=63) not found as contiguous subsequence in padded sequence (len=63). First 10 unpadded: [1, 733, 16289, 28793, 9595, 302, 272, 2296, 1439, 276], padded: [2, 2, 2, 2, 2, 2, 2, 2, 2, 2, 2, 2, 2, 2, 2, 2, 2, 2, 1, 733, 16289, 28793, 9595, 302, 272, 2296, 1439, 276, 505, 28686, 349, 5202, 298, 272, 3367, 302, 11016, 28804, 13, 13, 12069, 4192, 5726, 1151, 9880, 4372, 272, 2996, 297, 4300, 8292, 24685, 442, 13268, 28723, 733, 28748, 16289, 28793, 1014, 10370, 13001, 23284]
  Decoded unpadded text (260 chars):
    '<s> [INST] Which of the following cranial nerves is related to the sense of smell?\n\nPlease CONCISELY answer the question in English WITHOUT reasoning or explanation. [/INST]The olfactory nerve, or cranial nerve I, is responsible for the sense of Olfactory.</s>'
  Decoded padded text (264 chars):
    '</s></s></s></s></s></s></s></s></s></s></s></s></s></s></s></s></s></s><s> [INST] Which of the following cranial nerves is related to the sense of smell?\n\nPlease CONCISELY answer the question in English WITHOUT reasoning or explanation. [/INST]The olfactory nerve'
  Setting perplexity to 1.0
WARNING: Unpadded sequence not found in padded sequence for entry 226 (lang: en)
  Error: Unpadded sequence (len=64) not found as contiguous subsequence in padded sequence (len=64). First 10 unpadded: [1, 733, 16289, 28793, 9595, 302, 272, 2296, 1439, 276], padded: [2, 2, 2, 2, 2, 2, 2, 2, 2, 2, 2, 2, 2, 2, 2, 2, 2, 1, 733, 16289, 28793, 9595, 302, 272, 2296, 1439, 276, 505, 28686, 349, 5202, 298, 272, 3367, 302, 11016, 28804, 13, 13, 12069, 4192, 5726, 1151, 9880, 4372, 272, 2996, 297, 4300, 8292, 24685, 442, 13268, 28723, 733, 28748, 16289, 28793, 1014, 10370, 13001, 23284, 28725, 442]
  Decoded unpadded text (260 chars):
    '<s> [INST] Which of the following cranial nerves is related to the sense of smell?\n\nPlease CONCISELY answer the question in English WITHOUT reasoning or explanation. [/INST]The olfactory nerve, or cranial nerve I, is responsible for the sense of Trochlear.</s>'
  Decoded padded text (264 chars):
    '</s></s></s></s></s></s></s></s></s></s></s></s></s></s></s></s></s><s> [INST] Which of the following cranial nerves is related to the sense of smell?\n\nPlease CONCISELY answer the question in English WITHOUT reasoning or explanation. [/INST]The olfactory nerve, or'
  Setting perplexity to 1.0
Perplexity: Written 312/85610 entries to perplexity result file (batch 52/14269)
Processing batch 53/14269
WARNING: Unpadded sequence not found in padded sequence for entry 227 (lang: en)
  Error: Unpadded sequence (len=79) not found as contiguous subsequence in padded sequence (len=79). First 10 unpadded: [1, 733, 16289, 28793, 6926, 460, 272, 12588, 1595, 411], padded: [2, 2, 2, 1, 733, 16289, 28793, 6926, 460, 272, 12588, 1595, 411, 5651, 297, 272, 6387, 303, 366, 28804, 13, 13, 12069, 4192, 5726, 1151, 9880, 4372, 272, 2996, 297, 4300, 8292, 24685, 442, 13268, 28723, 733, 28748, 16289, 28793, 1014, 12588, 18015, 460, 5651, 297, 272, 23730, 10027, 383, 304, 284, 1053, 28725, 690, 460, 5099, 302, 272, 6387, 303, 366, 28723, 2957, 18015, 2602, 7974, 5572, 1259, 390, 10840, 8679, 28725, 3031, 4338, 28725, 304, 4242]
  Decoded unpadded text (345 chars):
    '<s> [INST] Where are the vital centres located in the brainstem?\n\nPlease CONCISELY answer the question in English WITHOUT reasoning or explanation. [/INST]The vital centers are located in the cerebellum and pons, which are parts of the brainstem. These centers control essential functions such as respiration, heart rate, and blood pressure.</s>'
  Decoded padded text (343 chars):
    '</s></s></s><s> [INST] Where are the vital centres located in the brainstem?\n\nPlease CONCISELY answer the question in English WITHOUT reasoning or explanation. [/INST]The vital centers are located in the cerebellum and pons, which are parts of the brainstem. These centers control essential functions such as respiration, heart rate, and blood'
  Setting perplexity to 1.0
WARNING: Unpadded sequence not found in padded sequence for entry 228 (lang: en)
  Error: Unpadded sequence (len=46) not found as contiguous subsequence in padded sequence (len=46). First 10 unpadded: [1, 733, 16289, 28793, 4902, 5092, 5876, 396, 481, 17304], padded: [2, 2, 2, 2, 2, 2, 2, 2, 2, 2, 2, 2, 2, 2, 2, 2, 2, 2, 2, 2, 2, 2, 2, 2, 2, 2, 2, 2, 2, 2, 2, 2, 2, 2, 2, 2, 1, 733, 16289, 28793, 4902, 5092, 5876, 396, 481, 17304]
  Decoded unpadded text (188 chars):
    '<s> [INST] Saliva contains an enzyme that acts upon which of the following nutrients?\n\nPlease CONCISELY answer the question in English WITHOUT reasoning or explanation. [/INST]Starches</s>'
  Decoded padded text (179 chars):
    '</s></s></s></s></s></s></s></s></s></s></s></s></s></s></s></s></s></s></s></s></s></s></s></s></s></s></s></s></s></s></s></s></s></s></s></s><s> [INST] Saliva contains an enzym'
  Setting perplexity to 1.0
WARNING: Unpadded sequence not found in padded sequence for entry 228 (lang: en)
  Error: Unpadded sequence (len=46) not found as contiguous subsequence in padded sequence (len=46). First 10 unpadded: [1, 733, 16289, 28793, 4902, 5092, 5876, 396, 481, 17304], padded: [2, 2, 2, 2, 2, 2, 2, 2, 2, 2, 2, 2, 2, 2, 2, 2, 2, 2, 2, 2, 2, 2, 2, 2, 2, 2, 2, 2, 2, 2, 2, 2, 2, 2, 2, 2, 1, 733, 16289, 28793, 4902, 5092, 5876, 396, 481, 17304]
  Decoded unpadded text (188 chars):
    '<s> [INST] Saliva contains an enzyme that acts upon which of the following nutrients?\n\nPlease CONCISELY answer the question in English WITHOUT reasoning or explanation. [/INST]Proteins</s>'
  Decoded padded text (179 chars):
    '</s></s></s></s></s></s></s></s></s></s></s></s></s></s></s></s></s></s></s></s></s></s></s></s></s></s></s></s></s></s></s></s></s></s></s></s><s> [INST] Saliva contains an enzym'
  Setting perplexity to 1.0
WARNING: Unpadded sequence not found in padded sequence for entry 230 (lang: en)
  Error: Unpadded sequence (len=69) not found as contiguous subsequence in padded sequence (len=69). First 10 unpadded: [1, 733, 16289, 28793, 415, 281, 734, 282, 14766, 302], padded: [2, 2, 2, 2, 2, 2, 2, 2, 2, 2, 2, 2, 2, 1, 733, 16289, 28793, 415, 281, 734, 282, 14766, 302, 544, 668, 1475, 28686, 7001, 13, 13, 12069, 4192, 5726, 1151, 9880, 4372, 272, 2996, 297, 4300, 8292, 24685, 442, 13268, 28723, 733, 28748, 16289, 28793, 1014, 281, 734, 282, 14766, 302, 544, 668, 1475, 28686, 7001, 3564, 695, 24170, 13921, 9537, 369, 20689, 3564, 695]
  Decoded unpadded text (301 chars):
    '<s> [INST] The dorsal roots of all spinal nerves contain\n\nPlease CONCISELY answer the question in English WITHOUT reasoning or explanation. [/INST]The dorsal roots of all spinal nerves contain sensory neuronal processes that transmit sensory information from the body to the spinal cord and brain.</s>'
  Decoded padded text (293 chars):
    '</s></s></s></s></s></s></s></s></s></s></s></s></s><s> [INST] The dorsal roots of all spinal nerves contain\n\nPlease CONCISELY answer the question in English WITHOUT reasoning or explanation. [/INST]The dorsal roots of all spinal nerves contain sensory neuronal processes that transmit sensory'
  Setting perplexity to 1.0
WARNING: Unpadded sequence not found in padded sequence for entry 230 (lang: en)
  Error: Unpadded sequence (len=72) not found as contiguous subsequence in padded sequence (len=72). First 10 unpadded: [1, 733, 16289, 28793, 415, 281, 734, 282, 14766, 302], padded: [2, 2, 2, 2, 2, 2, 2, 2, 2, 2, 1, 733, 16289, 28793, 415, 281, 734, 282, 14766, 302, 544, 668, 1475, 28686, 7001, 13, 13, 12069, 4192, 5726, 1151, 9880, 4372, 272, 2996, 297, 4300, 8292, 24685, 442, 13268, 28723, 733, 28748, 16289, 28793, 1014, 281, 734, 282, 14766, 302, 544, 668, 1475, 28686, 7001, 3564, 695, 304, 25009, 294, 24170, 13921, 9537, 369, 20689, 3564, 695, 1871, 477, 272]
  Decoded unpadded text (315 chars):
    '<s> [INST] The dorsal roots of all spinal nerves contain\n\nPlease CONCISELY answer the question in English WITHOUT reasoning or explanation. [/INST]The dorsal roots of all spinal nerves contain sensory and autonomic neuronal processes that transmit sensory information from the body to the spinal cord and brain.</s>'
  Decoded padded text (316 chars):
    '</s></s></s></s></s></s></s></s></s></s><s> [INST] The dorsal roots of all spinal nerves contain\n\nPlease CONCISELY answer the question in English WITHOUT reasoning or explanation. [/INST]The dorsal roots of all spinal nerves contain sensory and autonomic neuronal processes that transmit sensory information from the'
  Setting perplexity to 1.0
Perplexity: Written 318/85610 entries to perplexity result file (batch 53/14269)
Processing batch 54/14269
WARNING: Unpadded sequence not found in padded sequence for entry 231 (lang: en)
  Error: Unpadded sequence (len=46) not found as contiguous subsequence in padded sequence (len=46). First 10 unpadded: [1, 733, 16289, 28793, 9595, 302, 272, 2296, 349, 272], padded: [2, 2, 2, 2, 2, 2, 2, 2, 2, 2, 2, 2, 2, 2, 2, 2, 2, 2, 2, 2, 2, 2, 2, 2, 2, 2, 2, 2, 2, 2, 2, 2, 2, 2, 2, 2, 2, 2, 2, 2, 2, 2, 2, 2, 2, 2]
  Decoded unpadded text (182 chars):
    '<s> [INST] Which of the following is the master gland of the endocrine system?\n\nPlease CONCISELY answer the question in English WITHOUT reasoning or explanation. [/INST]Pituitary</s>'
  Decoded padded text (184 chars):
    '</s></s></s></s></s></s></s></s></s></s></s></s></s></s></s></s></s></s></s></s></s></s></s></s></s></s></s></s></s></s></s></s></s></s></s></s></s></s></s></s></s></s></s></s></s></s>'
  Setting perplexity to 1.0
WARNING: Unpadded sequence not found in padded sequence for entry 231 (lang: en)
  Error: Unpadded sequence (len=45) not found as contiguous subsequence in padded sequence (len=45). First 10 unpadded: [1, 733, 16289, 28793, 9595, 302, 272, 2296, 349, 272], padded: [2, 2, 2, 2, 2, 2, 2, 2, 2, 2, 2, 2, 2, 2, 2, 2, 2, 2, 2, 2, 2, 2, 2, 2, 2, 2, 2, 2, 2, 2, 2, 2, 2, 2, 2, 2, 2, 2, 2, 2, 2, 2, 2, 2, 2]
  Decoded unpadded text (180 chars):
    '<s> [INST] Which of the following is the master gland of the endocrine system?\n\nPlease CONCISELY answer the question in English WITHOUT reasoning or explanation. [/INST]Adrenal</s>'
  Decoded padded text (180 chars):
    '</s></s></s></s></s></s></s></s></s></s></s></s></s></s></s></s></s></s></s></s></s></s></s></s></s></s></s></s></s></s></s></s></s></s></s></s></s></s></s></s></s></s></s></s></s>'
  Setting perplexity to 1.0
WARNING: Unpadded sequence not found in padded sequence for entry 232 (lang: en)
  Error: Unpadded sequence (len=111) not found as contiguous subsequence in padded sequence (len=111). First 10 unpadded: [1, 733, 16289, 28793, 26619, 302, 1113, 1711, 23413, 754], padded: [2, 2, 1, 733, 16289, 28793, 26619, 302, 1113, 1711, 23413, 754, 272, 24449, 989, 28733, 16507, 28713, 302, 272, 13821, 12825, 6544, 298, 272, 13, 13, 12069, 4192, 5726, 1151, 9880, 4372, 272, 2996, 297, 4300, 8292, 24685, 442, 13268, 28723, 733, 28748, 16289, 28793, 1014, 1272, 2158, 3126, 628, 28711, 490, 282, 23284, 325, 15126, 22343, 28731, 349, 7332, 354, 1113, 1711, 23413, 297, 272, 24449, 989, 28733, 16507, 28713, 302, 272, 13821, 28723, 8474, 465, 298, 456, 23284, 682, 1204, 297, 264, 4320, 302, 23413, 297, 369, 2698, 28723, 415, 11180, 4693, 297, 456, 1222, 349, 272, 484, 556, 28708, 20853, 3420, 28710, 9799, 302, 272, 27187, 23284]
  Decoded unpadded text (468 chars):
    '<s> [INST] Loss of somatic sensation over the anterior two-thirds of the tongue indicates damage to the\n\nPlease CONCISELY answer the question in English WITHOUT reasoning or explanation. [/INST]The glossopharyngeal nerve (CN IX) is responsible for somatic sensation in the anterior two-thirds of the tongue. Damage to this nerve would result in a loss of sensation in that area. The affected structure in this case is the chorda tympani branch of the facial nerve.</s>'
  Decoded padded text (471 chars):
    '</s></s><s> [INST] Loss of somatic sensation over the anterior two-thirds of the tongue indicates damage to the\n\nPlease CONCISELY answer the question in English WITHOUT reasoning or explanation. [/INST]The glossopharyngeal nerve (CN IX) is responsible for somatic sensation in the anterior two-thirds of the tongue. Damage to this nerve would result in a loss of sensation in that area. The affected structure in this case is the chorda tympani branch of the facial nerve'
  Setting perplexity to 1.0
WARNING: Unpadded sequence not found in padded sequence for entry 233 (lang: en)
  Error: Unpadded sequence (len=54) not found as contiguous subsequence in padded sequence (len=54). First 10 unpadded: [1, 733, 16289, 28793, 560, 1683, 28725, 1229, 321, 596], padded: [2, 2, 2, 2, 2, 2, 2, 2, 2, 2, 2, 2, 2, 2, 2, 2, 2, 2, 2, 2, 2, 2, 2, 2, 2, 2, 2, 2, 2, 2, 2, 2, 2, 2, 2, 2, 2, 2, 2, 2, 2, 2, 2, 2, 2, 2, 2, 2, 2, 2, 2, 2, 2, 2]
  Decoded unpadded text (221 chars):
    '<s> [INST] In men, specimens for gonococcal cultures are most commonly obtained from which of the following structures?\n\nPlease CONCISELY answer the question in English WITHOUT reasoning or explanation. [/INST]Urethra</s>'
  Decoded padded text (216 chars):
    '</s></s></s></s></s></s></s></s></s></s></s></s></s></s></s></s></s></s></s></s></s></s></s></s></s></s></s></s></s></s></s></s></s></s></s></s></s></s></s></s></s></s></s></s></s></s></s></s></s></s></s></s></s></s>'
  Setting perplexity to 1.0
WARNING: Unpadded sequence not found in padded sequence for entry 233 (lang: en)
  Error: Unpadded sequence (len=52) not found as contiguous subsequence in padded sequence (len=52). First 10 unpadded: [1, 733, 16289, 28793, 560, 1683, 28725, 1229, 321, 596], padded: [2, 2, 2, 2, 2, 2, 2, 2, 2, 2, 2, 2, 2, 2, 2, 2, 2, 2, 2, 2, 2, 2, 2, 2, 2, 2, 2, 2, 2, 2, 2, 2, 2, 2, 2, 2, 2, 2, 2, 2, 2, 2, 2, 2, 2, 2, 2, 2, 2, 2, 2, 2]
  Decoded unpadded text (222 chars):
    '<s> [INST] In men, specimens for gonococcal cultures are most commonly obtained from which of the following structures?\n\nPlease CONCISELY answer the question in English WITHOUT reasoning or explanation. [/INST]Testicle</s>'
  Decoded padded text (208 chars):
    '</s></s></s></s></s></s></s></s></s></s></s></s></s></s></s></s></s></s></s></s></s></s></s></s></s></s></s></s></s></s></s></s></s></s></s></s></s></s></s></s></s></s></s></s></s></s></s></s></s></s></s></s>'
  Setting perplexity to 1.0
Perplexity: Written 324/85610 entries to perplexity result file (batch 54/14269)
Processing batch 55/14269
WARNING: Unpadded sequence not found in padded sequence for entry 236 (lang: en)
  Error: Unpadded sequence (len=60) not found as contiguous subsequence in padded sequence (len=60). First 10 unpadded: [1, 733, 16289, 28793, 1047, 368, 873, 1560, 272, 4695], padded: [2, 2, 2, 2, 2, 2, 2, 2, 2, 2, 2, 2, 1, 733, 16289, 28793, 1047, 368, 873, 1560, 272, 4695, 6833, 1467, 302, 396, 1928, 304, 871, 7566, 6833, 1467, 477, 574, 4723, 868, 395, 708, 799, 1871, 368, 541, 11679, 28747, 13, 13, 12069, 4192, 5726, 1151, 9880, 4372, 272, 2996, 297, 4300, 8292, 24685, 442, 13268]
  Decoded unpadded text (279 chars):
    '<s> [INST] If you know both the actual brightness of an object and its apparent brightness from your location then with no other information you can estimate:\n\nPlease CONCISELY answer the question in English WITHOUT reasoning or explanation. [/INST]The its distance from you.</s>'
  Decoded padded text (288 chars):
    '</s></s></s></s></s></s></s></s></s></s></s></s><s> [INST] If you know both the actual brightness of an object and its apparent brightness from your location then with no other information you can estimate:\n\nPlease CONCISELY answer the question in English WITHOUT reasoning or explanation'
  Setting perplexity to 1.0
WARNING: Unpadded sequence not found in padded sequence for entry 236 (lang: en)
  Error: Unpadded sequence (len=61) not found as contiguous subsequence in padded sequence (len=61). First 10 unpadded: [1, 733, 16289, 28793, 1047, 368, 873, 1560, 272, 4695], padded: [2, 2, 2, 2, 2, 2, 2, 2, 2, 2, 2, 1, 733, 16289, 28793, 1047, 368, 873, 1560, 272, 4695, 6833, 1467, 302, 396, 1928, 304, 871, 7566, 6833, 1467, 477, 574, 4723, 868, 395, 708, 799, 1871, 368, 541, 11679, 28747, 13, 13, 12069, 4192, 5726, 1151, 9880, 4372, 272, 2996, 297, 4300, 8292, 24685, 442, 13268, 28723, 733]
  Decoded unpadded text (283 chars):
    '<s> [INST] If you know both the actual brightness of an object and its apparent brightness from your location then with no other information you can estimate:\n\nPlease CONCISELY answer the question in English WITHOUT reasoning or explanation. [/INST]The its speed relative to you.</s>'
  Decoded padded text (287 chars):
    '</s></s></s></s></s></s></s></s></s></s></s><s> [INST] If you know both the actual brightness of an object and its apparent brightness from your location then with no other information you can estimate:\n\nPlease CONCISELY answer the question in English WITHOUT reasoning or explanation. ['
  Setting perplexity to 1.0
WARNING: Unpadded sequence not found in padded sequence for entry 237 (lang: en)
  Error: Unpadded sequence (len=59) not found as contiguous subsequence in padded sequence (len=59). First 10 unpadded: [1, 733, 16289, 28793, 4315, 349, 272, 7212, 5045, 28804], padded: [2, 2, 2, 2, 2, 2, 2, 2, 2, 2, 2, 2, 2, 1, 733, 16289, 28793, 4315, 349, 272, 7212, 5045, 28804, 13, 13, 12069, 4192, 5726, 1151, 9880, 4372, 272, 2996, 297, 4300, 8292, 24685, 442, 13268, 28723, 733, 28748, 16289, 28793, 1014, 7212, 8045, 5045, 2940, 298, 264, 20757, 1987, 8952, 291, 956, 21635, 28725, 970]
  Decoded unpadded text (258 chars):
    '<s> [INST] Why is the sky blue?\n\nPlease CONCISELY answer the question in English WITHOUT reasoning or explanation. [/INST]The sky appears blue due to a phenomenon called Rayleigh scattering, where the atmosphere preferentially scatters short wavelengths.</s>'
  Decoded padded text (248 chars):
    '</s></s></s></s></s></s></s></s></s></s></s></s></s><s> [INST] Why is the sky blue?\n\nPlease CONCISELY answer the question in English WITHOUT reasoning or explanation. [/INST]The sky appears blue due to a phenomenon called Rayleigh scattering, where'
  Setting perplexity to 1.0
WARNING: Unpadded sequence not found in padded sequence for entry 237 (lang: en)
  Error: Unpadded sequence (len=60) not found as contiguous subsequence in padded sequence (len=60). First 10 unpadded: [1, 733, 16289, 28793, 4315, 349, 272, 7212, 5045, 28804], padded: [2, 2, 2, 2, 2, 2, 2, 2, 2, 2, 2, 2, 1, 733, 16289, 28793, 4315, 349, 272, 7212, 5045, 28804, 13, 13, 12069, 4192, 5726, 1151, 9880, 4372, 272, 2996, 297, 4300, 8292, 24685, 442, 13268, 28723, 733, 28748, 16289, 28793, 1014, 7212, 8045, 5045, 2940, 298, 264, 20757, 1987, 8952, 291, 956, 21635, 28725, 970, 272, 8599]
  Decoded unpadded text (264 chars):
    "<s> [INST] Why is the sky blue?\n\nPlease CONCISELY answer the question in English WITHOUT reasoning or explanation. [/INST]The sky appears blue due to a phenomenon called Rayleigh scattering, where the Earth's atmosphere preferentially absorbs all other colors.</s>"
  Decoded padded text (254 chars):
    '</s></s></s></s></s></s></s></s></s></s></s></s><s> [INST] Why is the sky blue?\n\nPlease CONCISELY answer the question in English WITHOUT reasoning or explanation. [/INST]The sky appears blue due to a phenomenon called Rayleigh scattering, where the Earth'
  Setting perplexity to 1.0
WARNING: Unpadded sequence not found in padded sequence for entry 238 (lang: en)
  Error: Unpadded sequence (len=69) not found as contiguous subsequence in padded sequence (len=69). First 10 unpadded: [1, 733, 16289, 28793, 995, 28809, 333, 1269, 264, 10469], padded: [2, 2, 2, 1, 733, 16289, 28793, 995, 28809, 333, 1269, 264, 10469, 5742, 369, 736, 349, 396, 13999, 4274, 1444, 544, 6697, 28723, 1684, 622, 574, 5742, 347, 12598, 298, 347, 4714, 28804, 13, 13, 12069, 4192, 5726, 1151, 9880, 4372, 272, 2996, 297, 4300, 8292, 24685, 442, 13268, 28723, 733, 28748, 16289, 28793, 11159, 5742, 541, 347, 12598, 4714, 739, 368, 304, 1287, 2663, 506, 13143, 272]
  Decoded unpadded text (325 chars):
    '<s> [INST] You’ve made a scientific theory that there is an attractive force between all objects. When will your theory be proven to be correct?\n\nPlease CONCISELY answer the question in English WITHOUT reasoning or explanation. [/INST]Your theory can be proven correct when you and many others have tested the hypothesis.</s>'
  Decoded padded text (321 chars):
    '</s></s></s><s> [INST] You’ve made a scientific theory that there is an attractive force between all objects. When will your theory be proven to be correct?\n\nPlease CONCISELY answer the question in English WITHOUT reasoning or explanation. [/INST]Your theory can be proven correct when you and many others have tested the'
  Setting perplexity to 1.0
Perplexity: Written 330/85610 entries to perplexity result file (batch 55/14269)
Processing batch 56/14269
WARNING: Unpadded sequence not found in padded sequence for entry 241 (lang: en)
  Error: Unpadded sequence (len=98) not found as contiguous subsequence in padded sequence (len=98). First 10 unpadded: [1, 733, 16289, 28793, 2909, 302, 15798, 28742, 9175, 349], padded: [2, 2, 2, 2, 2, 2, 2, 2, 2, 2, 2, 2, 1, 733, 16289, 28793, 2909, 302, 15798, 28742, 9175, 349, 15199, 297, 272, 14315, 304, 272, 7515, 17294, 304, 741, 403, 3654, 2940, 298, 13024, 5535, 4216, 7319, 562, 1188, 302, 272, 3493, 2130, 349, 1654, 298, 506, 750, 3654, 1059, 1698, 14175, 28723, 1824, 4243, 298, 456, 345, 28714, 504, 28739, 9175, 28804, 13, 13, 12069, 4192, 5726, 1151, 9880, 4372, 272, 2996, 297, 4300, 8292, 24685, 442, 13268, 28723, 733, 28748, 16289, 28793, 20928, 302, 15798, 28742, 3493, 2130, 349, 7761, 298, 506, 750]
  Decoded unpadded text (432 chars):
    '<s> [INST] Some of Mars\'water is frozen in the soil and the ice caps and some was lost due to solar wind stripping but much of the original water is thought to have been lost through another mechanism. What happened to this "lost"water?\n\nPlease CONCISELY answer the question in English WITHOUT reasoning or explanation. [/INST]Most of Mars\' original water is believed to have been consumed by a civilization of thirsty Martians.</s>'
  Decoded padded text (428 chars):
    '</s></s></s></s></s></s></s></s></s></s></s></s><s> [INST] Some of Mars\'water is frozen in the soil and the ice caps and some was lost due to solar wind stripping but much of the original water is thought to have been lost through another mechanism. What happened to this "lost"water?\n\nPlease CONCISELY answer the question in English WITHOUT reasoning or explanation. [/INST]Most of Mars\' original water is believed to have been'
  Setting perplexity to 1.0
WARNING: Unpadded sequence not found in padded sequence for entry 242 (lang: en)
  Error: Unpadded sequence (len=72) not found as contiguous subsequence in padded sequence (len=72). First 10 unpadded: [1, 733, 16289, 28793, 4822, 15599, 356, 272, 14629, 28742], padded: [2, 2, 2, 2, 2, 2, 2, 2, 2, 2, 2, 2, 2, 2, 2, 2, 2, 2, 2, 2, 2, 2, 2, 2, 2, 2, 2, 2, 2, 2, 2, 2, 2, 2, 2, 2, 2, 2, 1, 733, 16289, 28793, 4822, 15599, 356, 272, 14629, 28742, 28713, 5439, 460, 6402, 821, 1395, 356, 272, 8599, 28742, 28713, 5439, 28723, 415, 1489, 5566, 354, 456, 349, 28747, 13, 13, 12069, 4192]
  Decoded unpadded text (311 chars):
    "<s> [INST] Most rocks on the Moon's surface are older than those on the Earth's surface. The best evidence for this is:\n\nPlease CONCISELY answer the question in English WITHOUT reasoning or explanation. [/INST]The best evidence for this is that radioactive dating of lunar samples shows that they are older.</s>"
  Decoded padded text (283 chars):
    "</s></s></s></s></s></s></s></s></s></s></s></s></s></s></s></s></s></s></s></s></s></s></s></s></s></s></s></s></s></s></s></s></s></s></s></s></s></s><s> [INST] Most rocks on the Moon's surface are older than those on the Earth's surface. The best evidence for this is:\n\nPlease CON"
  Setting perplexity to 1.0
WARNING: Unpadded sequence not found in padded sequence for entry 242 (lang: en)
  Error: Unpadded sequence (len=76) not found as contiguous subsequence in padded sequence (len=76). First 10 unpadded: [1, 733, 16289, 28793, 4822, 15599, 356, 272, 14629, 28742], padded: [2, 2, 2, 2, 2, 2, 2, 2, 2, 2, 2, 2, 2, 2, 2, 2, 2, 2, 2, 2, 2, 2, 2, 2, 2, 2, 2, 2, 2, 2, 2, 2, 2, 2, 1, 733, 16289, 28793, 4822, 15599, 356, 272, 14629, 28742, 28713, 5439, 460, 6402, 821, 1395, 356, 272, 8599, 28742, 28713, 5439, 28723, 415, 1489, 5566, 354, 456, 349, 28747, 13, 13, 12069, 4192, 5726, 1151, 9880, 4372, 272, 2996, 297, 4300]
  Decoded unpadded text (316 chars):
    "<s> [INST] Most rocks on the Moon's surface are older than those on the Earth's surface. The best evidence for this is:\n\nPlease CONCISELY answer the question in English WITHOUT reasoning or explanation. [/INST]The best evidence for this is that the Moon's surface is more heavily eroded than the Earth's surface.</s>"
  Decoded padded text (304 chars):
    "</s></s></s></s></s></s></s></s></s></s></s></s></s></s></s></s></s></s></s></s></s></s></s></s></s></s></s></s></s></s></s></s></s></s><s> [INST] Most rocks on the Moon's surface are older than those on the Earth's surface. The best evidence for this is:\n\nPlease CONCISELY answer the question in English"
  Setting perplexity to 1.0
WARNING: Unpadded sequence not found in padded sequence for entry 243 (lang: en)
  Error: Unpadded sequence (len=51) not found as contiguous subsequence in padded sequence (len=51). First 10 unpadded: [1, 733, 16289, 28793, 1824, 349, 272, 1676, 1080, 3298], padded: [2, 2, 2, 2, 2, 2, 2, 2, 2, 2, 2, 2, 2, 2, 2, 2, 2, 2, 2, 2, 2, 2, 2, 2, 2, 2, 2, 2, 2, 2, 2, 2, 2, 2, 2, 2, 2, 2, 2, 2, 2, 2, 2, 2, 2, 2, 2, 2, 2, 2, 2]
  Decoded unpadded text (226 chars):
    '<s> [INST] What is the second most common element in the solar system?\n\nPlease CONCISELY answer the question in English WITHOUT reasoning or explanation. [/INST]The second most common element in the solar system is Helium.</s>'
  Decoded padded text (204 chars):
    '</s></s></s></s></s></s></s></s></s></s></s></s></s></s></s></s></s></s></s></s></s></s></s></s></s></s></s></s></s></s></s></s></s></s></s></s></s></s></s></s></s></s></s></s></s></s></s></s></s></s></s>'
  Setting perplexity to 1.0
WARNING: Unpadded sequence not found in padded sequence for entry 243 (lang: en)
  Error: Unpadded sequence (len=50) not found as contiguous subsequence in padded sequence (len=50). First 10 unpadded: [1, 733, 16289, 28793, 1824, 349, 272, 1676, 1080, 3298], padded: [2, 2, 2, 2, 2, 2, 2, 2, 2, 2, 2, 2, 2, 2, 2, 2, 2, 2, 2, 2, 2, 2, 2, 2, 2, 2, 2, 2, 2, 2, 2, 2, 2, 2, 2, 2, 2, 2, 2, 2, 2, 2, 2, 2, 2, 2, 2, 2, 2, 2]
  Decoded unpadded text (224 chars):
    '<s> [INST] What is the second most common element in the solar system?\n\nPlease CONCISELY answer the question in English WITHOUT reasoning or explanation. [/INST]The second most common element in the solar system is Iron.</s>'
  Decoded padded text (200 chars):
    '</s></s></s></s></s></s></s></s></s></s></s></s></s></s></s></s></s></s></s></s></s></s></s></s></s></s></s></s></s></s></s></s></s></s></s></s></s></s></s></s></s></s></s></s></s></s></s></s></s></s>'
  Setting perplexity to 1.0
Perplexity: Written 336/85610 entries to perplexity result file (batch 56/14269)
Processing batch 57/14269
WARNING: Unpadded sequence not found in padded sequence for entry 244 (lang: en)
  Error: Unpadded sequence (len=96) not found as contiguous subsequence in padded sequence (len=96). First 10 unpadded: [1, 733, 16289, 28793, 1824, 349, 272, 2832, 302, 272], padded: [2, 2, 2, 2, 1, 733, 16289, 28793, 1824, 349, 272, 2832, 302, 272, 3388, 369, 10110, 1424, 28706, 271, 1347, 404, 28804, 13, 13, 12069, 4192, 5726, 1151, 9880, 4372, 272, 2996, 297, 4300, 8292, 24685, 442, 13268, 28723, 733, 28748, 16289, 28793, 28755, 3811, 271, 1347, 404, 460, 7334, 486, 3065, 28733, 28749, 3616, 28693, 17653, 17885, 704, 16273, 380, 304, 6049, 575, 2267, 652, 19935, 1803, 2439, 28723, 1684, 272, 8599, 15167, 1059, 272, 18547, 302, 396, 28693, 806, 478, 460, 9914, 14916, 486, 6830, 28733, 20838, 13938, 690, 4244, 264, 1424, 28706]
  Decoded unpadded text (406 chars):
    '<s> [INST] What is the source of the material that causes meteor showers?\n\nPlease CONCISELY answer the question in English WITHOUT reasoning or explanation. [/INST]Meteor showers are caused by near-Earth asteroids gradually disintegrate and spread out along their orbital path. When the Earth passes through the orbit of an asteroid we are bombarded by sand-sized particles which cause a meteor shower.</s>'
  Decoded padded text (408 chars):
    '</s></s></s></s><s> [INST] What is the source of the material that causes meteor showers?\n\nPlease CONCISELY answer the question in English WITHOUT reasoning or explanation. [/INST]Meteor showers are caused by near-Earth asteroids gradually disintegrate and spread out along their orbital path. When the Earth passes through the orbit of an asteroid we are bombarded by sand-sized particles which cause a mete'
  Setting perplexity to 1.0
WARNING: Unpadded sequence not found in padded sequence for entry 245 (lang: en)
  Error: Unpadded sequence (len=83) not found as contiguous subsequence in padded sequence (len=83). First 10 unpadded: [1, 733, 16289, 28793, 4315, 1235, 272, 28141, 325, 296], padded: [2, 2, 2, 2, 2, 2, 2, 2, 2, 2, 2, 2, 2, 2, 2, 2, 2, 1, 733, 16289, 28793, 4315, 1235, 272, 28141, 325, 296, 28731, 8675, 302, 264, 432, 299, 1743, 1305, 1753, 477, 272, 7057, 28804, 13, 13, 12069, 4192, 5726, 1151, 9880, 4372, 272, 2996, 297, 4300, 8292, 24685, 442, 13268, 28723, 733, 28748, 16289, 28793, 1014, 28141, 325, 296, 28731, 8675, 302, 264, 432, 299, 1743, 3569, 1753, 477, 272, 7057, 2940, 298, 272, 13024, 5535, 3206]
  Decoded unpadded text (332 chars):
    '<s> [INST] Why does the plasma (ion) tail of a comet always point away from the Sun?\n\nPlease CONCISELY answer the question in English WITHOUT reasoning or explanation. [/INST]The plasma (ion) tail of a comet always points away from the Sun due to the solar wind electromagnetically "blowing" the ions directly away from the Sun.</s>'
  Decoded padded text (335 chars):
    '</s></s></s></s></s></s></s></s></s></s></s></s></s></s></s></s></s><s> [INST] Why does the plasma (ion) tail of a comet always point away from the Sun?\n\nPlease CONCISELY answer the question in English WITHOUT reasoning or explanation. [/INST]The plasma (ion) tail of a comet always points away from the Sun due to the solar wind elect'
  Setting perplexity to 1.0
WARNING: Unpadded sequence not found in padded sequence for entry 245 (lang: en)
  Error: Unpadded sequence (len=77) not found as contiguous subsequence in padded sequence (len=77). First 10 unpadded: [1, 733, 16289, 28793, 4315, 1235, 272, 28141, 325, 296], padded: [2, 2, 2, 2, 2, 2, 2, 2, 2, 2, 2, 2, 2, 2, 2, 2, 2, 2, 2, 2, 2, 2, 2, 1, 733, 16289, 28793, 4315, 1235, 272, 28141, 325, 296, 28731, 8675, 302, 264, 432, 299, 1743, 1305, 1753, 477, 272, 7057, 28804, 13, 13, 12069, 4192, 5726, 1151, 9880, 4372, 272, 2996, 297, 4300, 8292, 24685, 442, 13268, 28723, 733, 28748, 16289, 28793, 1014, 28141, 325, 296, 28731, 8675, 302, 264, 432, 299]
  Decoded unpadded text (313 chars):
    "<s> [INST] Why does the plasma (ion) tail of a comet always point away from the Sun?\n\nPlease CONCISELY answer the question in English WITHOUT reasoning or explanation. [/INST]The plasma (ion) tail of a comet always points away from the Sun due to radiation pressure from the Sun's light pushing the ions away.</s>"
  Decoded padded text (299 chars):
    '</s></s></s></s></s></s></s></s></s></s></s></s></s></s></s></s></s></s></s></s></s></s></s><s> [INST] Why does the plasma (ion) tail of a comet always point away from the Sun?\n\nPlease CONCISELY answer the question in English WITHOUT reasoning or explanation. [/INST]The plasma (ion) tail of a comet'
  Setting perplexity to 1.0
WARNING: Unpadded sequence not found in padded sequence for entry 246 (lang: en)
  Error: Unpadded sequence (len=84) not found as contiguous subsequence in padded sequence (len=84). First 10 unpadded: [1, 733, 16289, 28793, 1602, 863, 2852, 270, 504, 540], padded: [2, 2, 2, 2, 2, 2, 2, 2, 2, 2, 2, 2, 2, 2, 2, 2, 1, 733, 16289, 28793, 1602, 863, 2852, 270, 504, 540, 274, 11679, 272, 1669, 302, 8599, 297, 28705, 28750, 28781, 28734, 365, 28723, 28743, 28723, 28804, 13, 13, 12069, 4192, 5726, 1151, 9880, 4372, 272, 2996, 297, 4300, 8292, 24685, 442, 13268, 28723, 733, 28748, 16289, 28793, 28749, 5308, 504, 540, 274, 11909, 272, 8599, 28742, 28713, 1669, 486, 21400, 272, 7228, 5054, 4484, 302, 272, 7057, 297]
  Decoded unpadded text (321 chars):
    "<s> [INST] How did Eratosthenes estimate the size of Earth in 240 B.C.?\n\nPlease CONCISELY answer the question in English WITHOUT reasoning or explanation. [/INST]Eratosthenes estimated the Earth's size by comparing the maximum altitude of the Sun in two cities at different latitudes at the same time on the same day.</s>"
  Decoded padded text (313 chars):
    "</s></s></s></s></s></s></s></s></s></s></s></s></s></s></s></s><s> [INST] How did Eratosthenes estimate the size of Earth in 240 B.C.?\n\nPlease CONCISELY answer the question in English WITHOUT reasoning or explanation. [/INST]Eratosthenes estimated the Earth's size by comparing the maximum altitude of the Sun in"
  Setting perplexity to 1.0
WARNING: Unpadded sequence not found in padded sequence for entry 246 (lang: en)
  Error: Unpadded sequence (len=68) not found as contiguous subsequence in padded sequence (len=68). First 10 unpadded: [1, 733, 16289, 28793, 1602, 863, 2852, 270, 504, 540], padded: [2, 2, 2, 2, 2, 2, 2, 2, 2, 2, 2, 2, 2, 2, 2, 2, 2, 2, 2, 2, 2, 2, 2, 2, 2, 2, 2, 2, 2, 2, 2, 2, 1, 733, 16289, 28793, 1602, 863, 2852, 270, 504, 540, 274, 11679, 272, 1669, 302, 8599, 297, 28705, 28750, 28781, 28734, 365, 28723, 28743, 28723, 28804, 13, 13, 12069, 4192, 5726, 1151, 9880, 4372, 272, 2996]
  Decoded unpadded text (246 chars):
    "<s> [INST] How did Eratosthenes estimate the size of Earth in 240 B.C.?\n\nPlease CONCISELY answer the question in English WITHOUT reasoning or explanation. [/INST]Eratosthenes estimated the Earth's size by sending fleets of ships around Earth.</s>"
  Decoded padded text (237 chars):
    '</s></s></s></s></s></s></s></s></s></s></s></s></s></s></s></s></s></s></s></s></s></s></s></s></s></s></s></s></s></s></s></s><s> [INST] How did Eratosthenes estimate the size of Earth in 240 B.C.?\n\nPlease CONCISELY answer the question'
  Setting perplexity to 1.0
Perplexity: Written 342/85610 entries to perplexity result file (batch 57/14269)
Processing batch 58/14269
WARNING: Unpadded sequence not found in padded sequence for entry 247 (lang: en)
  Error: Unpadded sequence (len=52) not found as contiguous subsequence in padded sequence (len=52). First 10 unpadded: [1, 733, 16289, 28793, 415, 23292, 4642, 22661, 294, 13832], padded: [2, 2, 2, 2, 2, 2, 2, 2, 2, 2, 2, 2, 2, 2, 2, 2, 2, 2, 2, 2, 2, 2, 2, 2, 2, 2, 2, 2, 2, 2, 2, 2, 2, 2, 2, 2, 2, 2, 1, 733, 16289, 28793, 415, 23292, 4642, 22661, 294, 13832, 349, 3850, 13, 13]
  Decoded unpadded text (207 chars):
    '<s> [INST] The Large Magellanic Cloud is ...\n\nPlease CONCISELY answer the question in English WITHOUT reasoning or explanation. [/INST]The Large Magellanic Cloud is a dwarf galaxy orbiting the Milky Way.</s>'
  Decoded padded text (198 chars):
    '</s></s></s></s></s></s></s></s></s></s></s></s></s></s></s></s></s></s></s></s></s></s></s></s></s></s></s></s></s></s></s></s></s></s></s></s></s></s><s> [INST] The Large Magellanic Cloud is ...\n\n'
  Setting perplexity to 1.0
WARNING: Unpadded sequence not found in padded sequence for entry 247 (lang: en)
  Error: Unpadded sequence (len=52) not found as contiguous subsequence in padded sequence (len=52). First 10 unpadded: [1, 733, 16289, 28793, 415, 23292, 4642, 22661, 294, 13832], padded: [2, 2, 2, 2, 2, 2, 2, 2, 2, 2, 2, 2, 2, 2, 2, 2, 2, 2, 2, 2, 2, 2, 2, 2, 2, 2, 2, 2, 2, 2, 2, 2, 2, 2, 2, 2, 2, 2, 1, 733, 16289, 28793, 415, 23292, 4642, 22661, 294, 13832, 349, 3850, 13, 13]
  Decoded unpadded text (211 chars):
    '<s> [INST] The Large Magellanic Cloud is ...\n\nPlease CONCISELY answer the question in English WITHOUT reasoning or explanation. [/INST]The Large Magellanic Cloud is the closest planetary nebula to the Earth.</s>'
  Decoded padded text (198 chars):
    '</s></s></s></s></s></s></s></s></s></s></s></s></s></s></s></s></s></s></s></s></s></s></s></s></s></s></s></s></s></s></s></s></s></s></s></s></s></s><s> [INST] The Large Magellanic Cloud is ...\n\n'
  Setting perplexity to 1.0
WARNING: Unpadded sequence not found in padded sequence for entry 248 (lang: en)
  Error: Unpadded sequence (len=83) not found as contiguous subsequence in padded sequence (len=83). First 10 unpadded: [1, 733, 16289, 28793, 4315, 511, 478, 913, 354, 2130], padded: [2, 2, 2, 2, 2, 2, 2, 1, 733, 16289, 28793, 4315, 511, 478, 913, 354, 2130, 28733, 535, 297, 1439, 17244, 438, 5625, 25812, 28742, 28713, 17604, 28804, 13, 13, 12069, 4192, 5726, 1151, 9880, 4372, 272, 2996, 297, 4300, 8292, 24685, 442, 13268, 28723, 733, 28748, 16289, 28793, 27133, 28733, 535, 349, 13033, 297, 1439, 17244, 438, 5625, 25812, 28742, 28713, 1160, 274, 1096, 1167, 1439, 17244, 460, 272, 865, 26815, 10504, 286, 10542, 356, 5625, 25812, 28725, 467, 3925, 304]
  Decoded unpadded text (324 chars):
    "<s> [INST] Why do we look for water-ice in craters at Mercury's pole?\n\nPlease CONCISELY answer the question in English WITHOUT reasoning or explanation. [/INST]Water-ice is sought in craters at Mercury's poles because these craters are the only permanently shadowed regions on Mercury, trapping and preserving water-ice.</s>"
  Decoded padded text (326 chars):
    "</s></s></s></s></s></s></s><s> [INST] Why do we look for water-ice in craters at Mercury's pole?\n\nPlease CONCISELY answer the question in English WITHOUT reasoning or explanation. [/INST]Water-ice is sought in craters at Mercury's poles because these craters are the only permanently shadowed regions on Mercury, trapping and"
  Setting perplexity to 1.0
WARNING: Unpadded sequence not found in padded sequence for entry 249 (lang: en)
  Error: Unpadded sequence (len=80) not found as contiguous subsequence in padded sequence (len=80). First 10 unpadded: [1, 733, 16289, 28793, 415, 5040, 4845, 9168, 349, 744], padded: [2, 2, 2, 2, 2, 2, 2, 2, 2, 2, 1, 733, 16289, 28793, 415, 5040, 4845, 9168, 349, 744, 302, 264, 12351, 2195, 12027, 395, 264, 22640, 302, 28705, 28740, 28784, 28734, 351, 3280, 28723, 1824, 349, 272, 1141, 302, 456, 2195, 12027, 28804, 13, 13, 12069, 4192, 5726, 1151, 9880, 4372, 272, 2996, 297, 4300, 8292, 24685, 442, 13268, 28723, 733, 28748, 16289, 28793, 1014, 1141, 302, 272, 2195, 12027, 369, 272, 5040, 4845, 9168, 349, 744, 302]
  Decoded unpadded text (306 chars):
    '<s> [INST] The Milky Way is part of a giant supercluster with a diameter of 160 Mpc. What is the name of this supercluster?\n\nPlease CONCISELY answer the question in English WITHOUT reasoning or explanation. [/INST]The name of the supercluster that the Milky Way is part of is the Laniakea Supercluster.</s>'
  Decoded padded text (312 chars):
    '</s></s></s></s></s></s></s></s></s></s><s> [INST] The Milky Way is part of a giant supercluster with a diameter of 160 Mpc. What is the name of this supercluster?\n\nPlease CONCISELY answer the question in English WITHOUT reasoning or explanation. [/INST]The name of the supercluster that the Milky Way is part of'
  Setting perplexity to 1.0
WARNING: Unpadded sequence not found in padded sequence for entry 249 (lang: en)
  Error: Unpadded sequence (len=80) not found as contiguous subsequence in padded sequence (len=80). First 10 unpadded: [1, 733, 16289, 28793, 415, 5040, 4845, 9168, 349, 744], padded: [2, 2, 2, 2, 2, 2, 2, 2, 2, 2, 1, 733, 16289, 28793, 415, 5040, 4845, 9168, 349, 744, 302, 264, 12351, 2195, 12027, 395, 264, 22640, 302, 28705, 28740, 28784, 28734, 351, 3280, 28723, 1824, 349, 272, 1141, 302, 456, 2195, 12027, 28804, 13, 13, 12069, 4192, 5726, 1151, 9880, 4372, 272, 2996, 297, 4300, 8292, 24685, 442, 13268, 28723, 733, 28748, 16289, 28793, 1014, 1141, 302, 272, 2195, 12027, 369, 272, 5040, 4845, 9168, 349, 744, 302]
  Decoded unpadded text (306 chars):
    '<s> [INST] The Milky Way is part of a giant supercluster with a diameter of 160 Mpc. What is the name of this supercluster?\n\nPlease CONCISELY answer the question in English WITHOUT reasoning or explanation. [/INST]The name of the supercluster that the Milky Way is part of is the Sculptor Supercluster.</s>'
  Decoded padded text (312 chars):
    '</s></s></s></s></s></s></s></s></s></s><s> [INST] The Milky Way is part of a giant supercluster with a diameter of 160 Mpc. What is the name of this supercluster?\n\nPlease CONCISELY answer the question in English WITHOUT reasoning or explanation. [/INST]The name of the supercluster that the Milky Way is part of'
  Setting perplexity to 1.0
Perplexity: Written 348/85610 entries to perplexity result file (batch 58/14269)
Processing batch 59/14269
WARNING: Unpadded sequence not found in padded sequence for entry 250 (lang: en)
  Error: Unpadded sequence (len=43) not found as contiguous subsequence in padded sequence (len=43). First 10 unpadded: [1, 733, 16289, 28793, 1418, 690, 9873, 297, 813, 13024], padded: [2, 2, 2, 2, 2, 2, 2, 2, 2, 2, 2, 2, 2, 2, 2, 2, 2, 2, 2, 2, 2, 2, 2, 2, 2, 2, 2, 2, 2, 2, 2, 2, 2, 2, 2, 2, 2, 2, 2, 2, 2, 2, 2]
  Decoded unpadded text (181 chars):
    '<s> [INST] On which planet in our solar system can you find the Great Red Spot?\n\nPlease CONCISELY answer the question in English WITHOUT reasoning or explanation. [/INST]Jupiter</s>'
  Decoded padded text (172 chars):
    '</s></s></s></s></s></s></s></s></s></s></s></s></s></s></s></s></s></s></s></s></s></s></s></s></s></s></s></s></s></s></s></s></s></s></s></s></s></s></s></s></s></s></s>'
  Setting perplexity to 1.0
WARNING: Unpadded sequence not found in padded sequence for entry 250 (lang: en)
  Error: Unpadded sequence (len=44) not found as contiguous subsequence in padded sequence (len=44). First 10 unpadded: [1, 733, 16289, 28793, 1418, 690, 9873, 297, 813, 13024], padded: [2, 2, 2, 2, 2, 2, 2, 2, 2, 2, 2, 2, 2, 2, 2, 2, 2, 2, 2, 2, 2, 2, 2, 2, 2, 2, 2, 2, 2, 2, 2, 2, 2, 2, 2, 2, 2, 2, 2, 2, 2, 2, 2, 2]
  Decoded unpadded text (180 chars):
    '<s> [INST] On which planet in our solar system can you find the Great Red Spot?\n\nPlease CONCISELY answer the question in English WITHOUT reasoning or explanation. [/INST]Saturn</s>'
  Decoded padded text (176 chars):
    '</s></s></s></s></s></s></s></s></s></s></s></s></s></s></s></s></s></s></s></s></s></s></s></s></s></s></s></s></s></s></s></s></s></s></s></s></s></s></s></s></s></s></s></s>'
  Setting perplexity to 1.0
WARNING: Unpadded sequence not found in padded sequence for entry 251 (lang: en)
  Error: Unpadded sequence (len=75) not found as contiguous subsequence in padded sequence (len=75). First 10 unpadded: [1, 733, 16289, 28793, 4315, 1235, 8599, 506, 272, 27686], padded: [2, 2, 2, 2, 2, 2, 2, 2, 2, 2, 2, 2, 2, 2, 2, 2, 2, 2, 2, 2, 2, 2, 2, 2, 2, 2, 2, 2, 2, 2, 2, 2, 2, 2, 2, 2, 2, 2, 2, 2, 2, 2, 2, 2, 2, 2, 2, 2, 2, 2, 2, 2, 2, 2, 2, 2, 2, 2, 2, 2, 2, 2, 2, 2, 2, 2, 1, 733, 16289, 28793, 4315, 1235, 8599, 506, 272]
  Decoded unpadded text (368 chars):
    '<s> [INST] Why does Earth have the strongest magnetic field among the terrestrial worlds?\n\nPlease CONCISELY answer the question in English WITHOUT reasoning or explanation. [/INST]Earth has the strongest magnetic field among terrestrial worlds primarily due to its partially molten metallic core and reasonably rapid rotation compared to other terrestrial planets.</s>'
  Decoded padded text (298 chars):
    '</s></s></s></s></s></s></s></s></s></s></s></s></s></s></s></s></s></s></s></s></s></s></s></s></s></s></s></s></s></s></s></s></s></s></s></s></s></s></s></s></s></s></s></s></s></s></s></s></s></s></s></s></s></s></s></s></s></s></s></s></s></s></s></s></s></s><s> [INST] Why does Earth have the'
  Setting perplexity to 1.0
WARNING: Unpadded sequence not found in padded sequence for entry 251 (lang: en)
  Error: Unpadded sequence (len=75) not found as contiguous subsequence in padded sequence (len=75). First 10 unpadded: [1, 733, 16289, 28793, 4315, 1235, 8599, 506, 272, 27686], padded: [2, 2, 2, 2, 2, 2, 2, 2, 2, 2, 2, 2, 2, 2, 2, 2, 2, 2, 2, 2, 2, 2, 2, 2, 2, 2, 2, 2, 2, 2, 2, 2, 2, 2, 2, 2, 2, 2, 2, 2, 2, 2, 2, 2, 2, 2, 2, 2, 2, 2, 2, 2, 2, 2, 2, 2, 2, 2, 2, 2, 2, 2, 2, 2, 2, 2, 1, 733, 16289, 28793, 4315, 1235, 8599, 506, 272]
  Decoded unpadded text (361 chars):
    '<s> [INST] Why does Earth have the strongest magnetic field among the terrestrial worlds?\n\nPlease CONCISELY answer the question in English WITHOUT reasoning or explanation. [/INST]Earth has the strongest magnetic field among terrestrial worlds primarily due to its much faster rotation than any other terrestrial world compared to other terrestrial planets.</s>'
  Decoded padded text (298 chars):
    '</s></s></s></s></s></s></s></s></s></s></s></s></s></s></s></s></s></s></s></s></s></s></s></s></s></s></s></s></s></s></s></s></s></s></s></s></s></s></s></s></s></s></s></s></s></s></s></s></s></s></s></s></s></s></s></s></s></s></s></s></s></s></s></s></s></s><s> [INST] Why does Earth have the'
  Setting perplexity to 1.0
WARNING: Unpadded sequence not found in padded sequence for entry 254 (lang: en)
  Error: Unpadded sequence (len=140) not found as contiguous subsequence in padded sequence (len=140). First 10 unpadded: [1, 733, 16289, 28793, 3672, 24583, 16080, 478, 873, 369], padded: [2, 1, 733, 16289, 28793, 3672, 24583, 16080, 478, 873, 369, 264, 2830, 19535, 1407, 8723, 486, 15208, 2383, 8045, 438, 264, 275, 26795, 302, 28705, 28781, 28783, 28784, 28723, 28740, 23693, 300, 2612, 325, 14946, 609, 415, 12066, 302, 264, 2830, 4580, 4370, 272, 1348, 15208, 2383, 1407, 19711, 438, 264, 275, 26795, 302, 28705, 28781, 28783, 28782, 28723, 28774, 307, 28719, 28723, 1824, 541, 478, 18429, 28804, 13, 13, 12069, 4192, 5726, 1151, 9880, 4372, 272, 2996, 297, 4300, 8292, 24685, 442, 13268, 28723, 733, 28748, 16289, 28793, 1014, 4580, 28742, 28713, 15208, 2383, 1407, 349, 16618, 298, 264, 19367, 275, 26795, 6731, 298, 272, 24583, 15921, 28725, 17888, 264, 272, 4580, 349, 5272, 4112, 592, 28723, 2993, 28725, 1671, 4870, 1871, 28725, 378, 28742, 28713, 8313, 298, 7655, 272, 3459, 13469, 442, 5328, 302, 272, 4580, 28723]
  Decoded unpadded text (623 chars):
    "<s> [INST] From laboratory measurements we know that a particular spectral line formed by hydrogen appears at a wavelength of 486.1 nanometers (nm). The spectrum of a particular star shows the same hydrogen line appearing at a wavelength of 485.9 nm. What can we conclude?\n\nPlease CONCISELY answer the question in English WITHOUT reasoning or explanation. [/INST]The star's hydrogen line is shifted to a shorter wavelength compared to the laboratory measurement, indicating a the star is moving toward us. However, without additional information, it's impossible to determine the exact velocity or distance of the star.</s>"
  Decoded padded text (623 chars):
    "</s><s> [INST] From laboratory measurements we know that a particular spectral line formed by hydrogen appears at a wavelength of 486.1 nanometers (nm). The spectrum of a particular star shows the same hydrogen line appearing at a wavelength of 485.9 nm. What can we conclude?\n\nPlease CONCISELY answer the question in English WITHOUT reasoning or explanation. [/INST]The star's hydrogen line is shifted to a shorter wavelength compared to the laboratory measurement, indicating a the star is moving toward us. However, without additional information, it's impossible to determine the exact velocity or distance of the star."
  Setting perplexity to 1.0
Perplexity: Written 354/85610 entries to perplexity result file (batch 59/14269)
Processing batch 60/14269
WARNING: Unpadded sequence not found in padded sequence for entry 255 (lang: en)
  Error: Unpadded sequence (len=67) not found as contiguous subsequence in padded sequence (len=67). First 10 unpadded: [1, 733, 16289, 28793, 415, 305, 372, 385, 8800, 302], padded: [2, 2, 2, 2, 2, 2, 2, 2, 2, 2, 2, 2, 2, 2, 2, 2, 2, 2, 2, 2, 2, 2, 2, 2, 1, 733, 16289, 28793, 415, 305, 372, 385, 8800, 302, 264, 9873, 349, 272, 7487, 369, 12335, 302, 13, 13, 12069, 4192, 5726, 1151, 9880, 4372, 272, 2996, 297, 4300, 8292, 24685, 442, 13268, 28723, 733, 28748, 16289, 28793, 1014, 305, 372, 385]
  Decoded unpadded text (268 chars):
    '<s> [INST] The lithosphere of a planet is the layer that consists of\n\nPlease CONCISELY answer the question in English WITHOUT reasoning or explanation. [/INST]The lithosphere of a planet is the rigid rocky material of the crust and uppermost portion of the mantle.</s>'
  Decoded padded text (265 chars):
    '</s></s></s></s></s></s></s></s></s></s></s></s></s></s></s></s></s></s></s></s></s></s></s></s><s> [INST] The lithosphere of a planet is the layer that consists of\n\nPlease CONCISELY answer the question in English WITHOUT reasoning or explanation. [/INST]The lithos'
  Setting perplexity to 1.0
WARNING: Unpadded sequence not found in padded sequence for entry 255 (lang: en)
  Error: Unpadded sequence (len=60) not found as contiguous subsequence in padded sequence (len=60). First 10 unpadded: [1, 733, 16289, 28793, 415, 305, 372, 385, 8800, 302], padded: [2, 2, 2, 2, 2, 2, 2, 2, 2, 2, 2, 2, 2, 2, 2, 2, 2, 2, 2, 2, 2, 2, 2, 2, 2, 2, 2, 2, 2, 2, 2, 1, 733, 16289, 28793, 415, 305, 372, 385, 8800, 302, 264, 9873, 349, 272, 7487, 369, 12335, 302, 13, 13, 12069, 4192, 5726, 1151, 9880, 4372, 272, 2996, 297]
  Decoded unpadded text (234 chars):
    '<s> [INST] The lithosphere of a planet is the layer that consists of\n\nPlease CONCISELY answer the question in English WITHOUT reasoning or explanation. [/INST]The lithosphere of a planet is the softer rocky material of the mantle.</s>'
  Decoded padded text (233 chars):
    '</s></s></s></s></s></s></s></s></s></s></s></s></s></s></s></s></s></s></s></s></s></s></s></s></s></s></s></s></s></s></s><s> [INST] The lithosphere of a planet is the layer that consists of\n\nPlease CONCISELY answer the question in'
  Setting perplexity to 1.0
WARNING: Unpadded sequence not found in padded sequence for entry 256 (lang: en)
  Error: Unpadded sequence (len=84) not found as contiguous subsequence in padded sequence (len=84). First 10 unpadded: [1, 733, 16289, 28793, 1824, 349, 272, 13367, 3494, 9652], padded: [2, 2, 2, 2, 2, 2, 2, 1, 733, 16289, 28793, 1824, 349, 272, 13367, 3494, 9652, 302, 10586, 453, 28742, 28713, 18947, 28804, 13, 13, 12069, 4192, 5726, 1151, 9880, 4372, 272, 2996, 297, 4300, 8292, 24685, 442, 13268, 28723, 733, 28748, 16289, 28793, 1014, 13367, 3494, 8618, 349, 264, 3199, 6791, 9141, 477, 8599, 15021, 302, 3199, 9188, 28724, 13938, 28723, 661, 349, 5160, 1024, 272, 27486, 263, 21114, 384, 4361, 2224, 13367, 3494, 28725, 693, 907, 7975, 378, 297, 272, 3909]
  Decoded unpadded text (349 chars):
    "<s> [INST] What is the Cassini division of Saturn's rings?\n\nPlease CONCISELY answer the question in English WITHOUT reasoning or explanation. [/INST]The Cassini Division is a dark ring visible from Earth composed of dark dusty particles. It is named after the astronomer Giovanni Domenico Cassini, who first observed it in the late 17th century.</s>"
  Decoded padded text (359 chars):
    "</s></s></s></s></s></s></s><s> [INST] What is the Cassini division of Saturn's rings?\n\nPlease CONCISELY answer the question in English WITHOUT reasoning or explanation. [/INST]The Cassini Division is a dark ring visible from Earth composed of dark dusty particles. It is named after the astronomer Giovanni Domenico Cassini, who first observed it in the late"
  Setting perplexity to 1.0
WARNING: Unpadded sequence not found in padded sequence for entry 258 (lang: en)
  Error: Unpadded sequence (len=54) not found as contiguous subsequence in padded sequence (len=54). First 10 unpadded: [1, 733, 16289, 28793, 351, 3811, 271, 3387, 395, 1486], padded: [2, 2, 2, 2, 2, 2, 2, 2, 2, 2, 2, 2, 2, 2, 2, 2, 2, 2, 2, 2, 2, 2, 2, 2, 2, 2, 2, 2, 2, 2, 2, 2, 2, 2, 2, 2, 2, 1, 733, 16289, 28793, 351, 3811, 271, 3387, 395, 1486, 7503, 3036, 3049, 460, 13, 13, 12069]
  Decoded unpadded text (243 chars):
    '<s> [INST] Meteorites with high metal content probably are\n\nPlease CONCISELY answer the question in English WITHOUT reasoning or explanation. [/INST]The answer is chunks of large differentiated asteroids that were shattered by collisions..</s>'
  Decoded padded text (214 chars):
    '</s></s></s></s></s></s></s></s></s></s></s></s></s></s></s></s></s></s></s></s></s></s></s></s></s></s></s></s></s></s></s></s></s></s></s></s></s><s> [INST] Meteorites with high metal content probably are\n\nPlease'
  Setting perplexity to 1.0
WARNING: Unpadded sequence not found in padded sequence for entry 258 (lang: en)
  Error: Unpadded sequence (len=49) not found as contiguous subsequence in padded sequence (len=49). First 10 unpadded: [1, 733, 16289, 28793, 351, 3811, 271, 3387, 395, 1486], padded: [2, 2, 2, 2, 2, 2, 2, 2, 2, 2, 2, 2, 2, 2, 2, 2, 2, 2, 2, 2, 2, 2, 2, 2, 2, 2, 2, 2, 2, 2, 2, 2, 2, 2, 2, 2, 2, 2, 2, 2, 2, 2, 1, 733, 16289, 28793, 351, 3811, 271]
  Decoded unpadded text (211 chars):
    '<s> [INST] Meteorites with high metal content probably are\n\nPlease CONCISELY answer the question in English WITHOUT reasoning or explanation. [/INST]The answer is chunks of rock chipped off the planet Mars..</s>'
  Decoded padded text (185 chars):
    '</s></s></s></s></s></s></s></s></s></s></s></s></s></s></s></s></s></s></s></s></s></s></s></s></s></s></s></s></s></s></s></s></s></s></s></s></s></s></s></s></s></s><s> [INST] Meteor'
  Setting perplexity to 1.0
Perplexity: Written 360/85610 entries to perplexity result file (batch 60/14269)
Processing batch 61/14269
WARNING: Unpadded sequence not found in padded sequence for entry 260 (lang: en)
  Error: Unpadded sequence (len=69) not found as contiguous subsequence in padded sequence (len=69). First 10 unpadded: [1, 733, 16289, 28793, 415, 2308, 2032, 3418, 1053, 302], padded: [2, 2, 2, 2, 2, 2, 2, 2, 2, 2, 2, 2, 2, 2, 2, 2, 2, 2, 2, 2, 2, 2, 2, 2, 2, 2, 2, 2, 2, 2, 2, 2, 2, 2, 2, 2, 2, 2, 2, 2, 2, 2, 2, 2, 2, 2, 2, 2, 2, 2, 2, 2, 2, 2, 2, 2, 2, 2, 2, 2, 2, 2, 2, 2, 2, 2, 2, 2, 2]
  Decoded unpadded text (281 chars):
    '<s> [INST] The four big moons of Jupiter are Callisto Europa Ganymede and Io. Which one of them has the smallest distance to Jupiter?\n\nPlease CONCISELY answer the question in English WITHOUT reasoning or explanation. [/INST]The moon with the smallest distance to Jupiter is Io.</s>'
  Decoded padded text (276 chars):
    '</s></s></s></s></s></s></s></s></s></s></s></s></s></s></s></s></s></s></s></s></s></s></s></s></s></s></s></s></s></s></s></s></s></s></s></s></s></s></s></s></s></s></s></s></s></s></s></s></s></s></s></s></s></s></s></s></s></s></s></s></s></s></s></s></s></s></s></s></s>'
  Setting perplexity to 1.0
WARNING: Unpadded sequence not found in padded sequence for entry 260 (lang: en)
  Error: Unpadded sequence (len=70) not found as contiguous subsequence in padded sequence (len=70). First 10 unpadded: [1, 733, 16289, 28793, 415, 2308, 2032, 3418, 1053, 302], padded: [2, 2, 2, 2, 2, 2, 2, 2, 2, 2, 2, 2, 2, 2, 2, 2, 2, 2, 2, 2, 2, 2, 2, 2, 2, 2, 2, 2, 2, 2, 2, 2, 2, 2, 2, 2, 2, 2, 2, 2, 2, 2, 2, 2, 2, 2, 2, 2, 2, 2, 2, 2, 2, 2, 2, 2, 2, 2, 2, 2, 2, 2, 2, 2, 2, 2, 2, 2, 2, 2]
  Decoded unpadded text (287 chars):
    '<s> [INST] The four big moons of Jupiter are Callisto Europa Ganymede and Io. Which one of them has the smallest distance to Jupiter?\n\nPlease CONCISELY answer the question in English WITHOUT reasoning or explanation. [/INST]The moon with the smallest distance to Jupiter is Callisto.</s>'
  Decoded padded text (280 chars):
    '</s></s></s></s></s></s></s></s></s></s></s></s></s></s></s></s></s></s></s></s></s></s></s></s></s></s></s></s></s></s></s></s></s></s></s></s></s></s></s></s></s></s></s></s></s></s></s></s></s></s></s></s></s></s></s></s></s></s></s></s></s></s></s></s></s></s></s></s></s></s>'
  Setting perplexity to 1.0
WARNING: Unpadded sequence not found in padded sequence for entry 261 (lang: en)
  Error: Unpadded sequence (len=65) not found as contiguous subsequence in padded sequence (len=65). First 10 unpadded: [1, 733, 16289, 28793, 4315, 460, 272, 3302, 28742, 28713], padded: [2, 2, 2, 2, 2, 2, 2, 2, 2, 2, 2, 2, 2, 2, 2, 2, 2, 2, 2, 2, 2, 2, 2, 2, 2, 2, 2, 2, 2, 2, 2, 2, 2, 2, 2, 2, 2, 2, 2, 2, 2, 2, 2, 2, 2, 2, 2, 2, 2, 2, 2, 2, 2, 2, 2, 2, 2, 2, 2, 2, 2, 2, 2, 2, 2]
  Decoded unpadded text (273 chars):
    "<s> [INST] Why are the season's in Mars' southern hemisphere so extreme?\n\nPlease CONCISELY answer the question in English WITHOUT reasoning or explanation. [/INST]Mars' southern hemisphere seasons are more extreme because Mars has a more eccentric orbit than the Earth.</s>"
  Decoded padded text (260 chars):
    '</s></s></s></s></s></s></s></s></s></s></s></s></s></s></s></s></s></s></s></s></s></s></s></s></s></s></s></s></s></s></s></s></s></s></s></s></s></s></s></s></s></s></s></s></s></s></s></s></s></s></s></s></s></s></s></s></s></s></s></s></s></s></s></s></s>'
  Setting perplexity to 1.0
WARNING: Unpadded sequence not found in padded sequence for entry 261 (lang: en)
  Error: Unpadded sequence (len=67) not found as contiguous subsequence in padded sequence (len=67). First 10 unpadded: [1, 733, 16289, 28793, 4315, 460, 272, 3302, 28742, 28713], padded: [2, 2, 2, 2, 2, 2, 2, 2, 2, 2, 2, 2, 2, 2, 2, 2, 2, 2, 2, 2, 2, 2, 2, 2, 2, 2, 2, 2, 2, 2, 2, 2, 2, 2, 2, 2, 2, 2, 2, 2, 2, 2, 2, 2, 2, 2, 2, 2, 2, 2, 2, 2, 2, 2, 2, 2, 2, 2, 2, 2, 2, 2, 2, 2, 2, 2, 2]
  Decoded unpadded text (269 chars):
    "<s> [INST] Why are the season's in Mars' southern hemisphere so extreme?\n\nPlease CONCISELY answer the question in English WITHOUT reasoning or explanation. [/INST]Mars' southern hemisphere seasons are more extreme because Mars' axis is more tilted than the Earth's.</s>"
  Decoded padded text (268 chars):
    '</s></s></s></s></s></s></s></s></s></s></s></s></s></s></s></s></s></s></s></s></s></s></s></s></s></s></s></s></s></s></s></s></s></s></s></s></s></s></s></s></s></s></s></s></s></s></s></s></s></s></s></s></s></s></s></s></s></s></s></s></s></s></s></s></s></s></s>'
  Setting perplexity to 1.0
WARNING: Unpadded sequence not found in padded sequence for entry 263 (lang: en)
  Error: Unpadded sequence (len=155) not found as contiguous subsequence in padded sequence (len=155). First 10 unpadded: [1, 733, 16289, 28793, 1824, 349, 272, 18309, 302, 272], padded: [2, 2, 1, 733, 16289, 28793, 1824, 349, 272, 18309, 302, 272, 28705, 28740, 28747, 28750, 28747, 28781, 16379, 617, 297, 272, 475, 23770, 28742, 28713, 3418, 1053, 1587, 28804, 13, 13, 12069, 4192, 5726, 1151, 9880, 4372, 272, 2996, 297, 4300, 8292, 24685, 442, 13268, 28723, 733, 28748, 16289, 28793, 1014, 28705, 28740, 28747, 28750, 28747, 28781, 16379, 617, 297, 475, 23770, 28742, 28713, 3418, 1053, 1587, 15654, 298, 272, 19935, 1803, 15772, 302, 25445, 28725, 15133, 28725, 304, 420, 276, 1082, 6497, 28725, 970, 25445, 442, 7669, 2327, 354, 1012, 989, 442, 7669, 302, 15133, 28725, 304, 15133, 442, 7669, 2327, 354, 1012, 2308, 442, 7669, 302, 420, 276, 1082, 6497, 28723, 851, 16379, 617, 659, 264, 16888, 3864, 2030, 356, 272, 442, 7669, 302, 1167, 3418, 1053, 304, 349, 264, 19225, 4480, 302, 475, 23770, 28742, 28713, 4630, 22046, 1587, 28723, 661, 2870, 272, 18547, 302, 25445, 7191, 28705, 8763, 447, 745]
  Decoded unpadded text (578 chars):
    "<s> [INST] What is the significance of the 1:2:4 resonance in the Jupiter's moons system?\n\nPlease CONCISELY answer the question in English WITHOUT reasoning or explanation. [/INST]The 1:2:4 resonance in Jupiter's moons system refers to the orbital periods of Io, Europa, and Ganymede, where Io orbits once for every two orbits of Europa, and Europa orbits once for every four orbits of Ganymede. This resonance has a stabilizing effect on the orbits of these moons and is a notable feature of Jupiter's complex satellite system. It makes the orbit of Io slightly elliptical.</s>"
  Decoded padded text (581 chars):
    "</s></s><s> [INST] What is the significance of the 1:2:4 resonance in the Jupiter's moons system?\n\nPlease CONCISELY answer the question in English WITHOUT reasoning or explanation. [/INST]The 1:2:4 resonance in Jupiter's moons system refers to the orbital periods of Io, Europa, and Ganymede, where Io orbits once for every two orbits of Europa, and Europa orbits once for every four orbits of Ganymede. This resonance has a stabilizing effect on the orbits of these moons and is a notable feature of Jupiter's complex satellite system. It makes the orbit of Io slightly elliptical"
  Setting perplexity to 1.0
Perplexity: Written 366/85610 entries to perplexity result file (batch 61/14269)
Processing batch 62/14269
WARNING: Unpadded sequence not found in padded sequence for entry 264 (lang: en)
  Error: Unpadded sequence (len=66) not found as contiguous subsequence in padded sequence (len=66). First 10 unpadded: [1, 733, 16289, 28793, 415, 3636, 3290, 6144, 9873, 1001], padded: [2, 2, 2, 2, 2, 2, 2, 2, 2, 2, 2, 2, 2, 2, 2, 2, 2, 2, 2, 2, 2, 2, 2, 2, 2, 2, 2, 2, 2, 2, 2, 2, 2, 2, 2, 2, 2, 2, 2, 2, 2, 2, 2, 2, 2, 2, 2, 2, 2, 2, 2, 2, 2, 2, 2, 2, 2, 2, 2, 2, 2, 2, 2, 2, 2, 1]
  Decoded unpadded text (303 chars):
    '<s> [INST] The terrestrial planet cores contain mostly metal because\n\nPlease CONCISELY answer the question in English WITHOUT reasoning or explanation. [/INST]The terrestrial planet cores contain mostly metal because metals sank to the center during a time when the interiors were molten throughout.</s>'
  Decoded padded text (263 chars):
    '</s></s></s></s></s></s></s></s></s></s></s></s></s></s></s></s></s></s></s></s></s></s></s></s></s></s></s></s></s></s></s></s></s></s></s></s></s></s></s></s></s></s></s></s></s></s></s></s></s></s></s></s></s></s></s></s></s></s></s></s></s></s></s></s></s><s>'
  Setting perplexity to 1.0
WARNING: Unpadded sequence not found in padded sequence for entry 264 (lang: en)
  Error: Unpadded sequence (len=64) not found as contiguous subsequence in padded sequence (len=64). First 10 unpadded: [1, 733, 16289, 28793, 415, 3636, 3290, 6144, 9873, 1001], padded: [2, 2, 2, 2, 2, 2, 2, 2, 2, 2, 2, 2, 2, 2, 2, 2, 2, 2, 2, 2, 2, 2, 2, 2, 2, 2, 2, 2, 2, 2, 2, 2, 2, 2, 2, 2, 2, 2, 2, 2, 2, 2, 2, 2, 2, 2, 2, 2, 2, 2, 2, 2, 2, 2, 2, 2, 2, 2, 2, 2, 2, 2, 2, 2]
  Decoded unpadded text (288 chars):
    '<s> [INST] The terrestrial planet cores contain mostly metal because\n\nPlease CONCISELY answer the question in English WITHOUT reasoning or explanation. [/INST]The terrestrial planet cores contain mostly metal because radioactivity created metals in the core from the decay of uranium.</s>'
  Decoded padded text (256 chars):
    '</s></s></s></s></s></s></s></s></s></s></s></s></s></s></s></s></s></s></s></s></s></s></s></s></s></s></s></s></s></s></s></s></s></s></s></s></s></s></s></s></s></s></s></s></s></s></s></s></s></s></s></s></s></s></s></s></s></s></s></s></s></s></s></s>'
  Setting perplexity to 1.0
WARNING: Unpadded sequence not found in padded sequence for entry 265 (lang: en)
  Error: Unpadded sequence (len=102) not found as contiguous subsequence in padded sequence (len=102). First 10 unpadded: [1, 733, 16289, 28793, 4315, 460, 272, 7450, 28312, 1269], padded: [2, 2, 2, 2, 2, 2, 2, 2, 2, 2, 2, 2, 2, 2, 2, 2, 2, 2, 2, 2, 2, 2, 2, 2, 2, 2, 2, 2, 2, 1, 733, 16289, 28793, 4315, 460, 272, 7450, 28312, 1269, 302, 1457, 457, 7069, 821, 272, 12859, 28312, 28804, 13, 13, 12069, 4192, 5726, 1151, 9880, 4372, 272, 2996, 297, 4300, 8292, 24685, 442, 13268, 28723, 733, 28748, 16289, 28793, 1014, 7450, 28312, 28725, 5625, 25812, 28725, 10178, 381, 28725, 8599, 28725, 304, 15798, 28725, 460, 1269, 302, 1457, 457, 7069, 821, 272, 12859, 28312, 28725, 475, 23770, 28725, 10586, 453, 28725, 500]
  Decoded unpadded text (406 chars):
    '<s> [INST] Why are the inner planets made of denser materials than the outer planets?\n\nPlease CONCISELY answer the question in English WITHOUT reasoning or explanation. [/INST]The inner planets, Mercury, Venus, Earth, and Mars, are made of denser materials than the outer planets, Jupiter, Saturn, Uranus, and Neptune. This is because denser materials were heavier and sank to the center of the nebula.</s>'
  Decoded padded text (415 chars):
    '</s></s></s></s></s></s></s></s></s></s></s></s></s></s></s></s></s></s></s></s></s></s></s></s></s></s></s></s></s><s> [INST] Why are the inner planets made of denser materials than the outer planets?\n\nPlease CONCISELY answer the question in English WITHOUT reasoning or explanation. [/INST]The inner planets, Mercury, Venus, Earth, and Mars, are made of denser materials than the outer planets, Jupiter, Saturn, U'
  Setting perplexity to 1.0
WARNING: Unpadded sequence not found in padded sequence for entry 266 (lang: en)
  Error: Unpadded sequence (len=77) not found as contiguous subsequence in padded sequence (len=77). First 10 unpadded: [1, 733, 16289, 28793, 1824, 511, 1424, 28706, 271, 3387], padded: [2, 2, 2, 2, 2, 2, 2, 2, 2, 2, 2, 2, 2, 2, 2, 2, 2, 2, 2, 2, 2, 2, 2, 2, 2, 2, 2, 2, 2, 2, 2, 2, 2, 2, 2, 2, 2, 2, 2, 2, 2, 2, 2, 2, 2, 2, 2, 2, 2, 2, 2, 2, 2, 2, 1, 733, 16289, 28793, 1824, 511, 1424, 28706, 271, 3387, 14918, 684, 272, 13024, 1587, 28804, 13, 13, 12069, 4192, 5726, 1151, 9880]
  Decoded unpadded text (338 chars):
    '<s> [INST] What do meteorites reveal about the solar system?\n\nPlease CONCISELY answer the question in English WITHOUT reasoning or explanation. [/INST]The first answer is They reveal that the age of the solar system is approximately 4.6 billion years. The second answer is They reveal that the solar system once contained 10 planets..</s>'
  Decoded padded text (294 chars):
    '</s></s></s></s></s></s></s></s></s></s></s></s></s></s></s></s></s></s></s></s></s></s></s></s></s></s></s></s></s></s></s></s></s></s></s></s></s></s></s></s></s></s></s></s></s></s></s></s></s></s></s></s></s></s><s> [INST] What do meteorites reveal about the solar system?\n\nPlease CONCISELY'
  Setting perplexity to 1.0
WARNING: Unpadded sequence not found in padded sequence for entry 266 (lang: en)
  Error: Unpadded sequence (len=77) not found as contiguous subsequence in padded sequence (len=77). First 10 unpadded: [1, 733, 16289, 28793, 1824, 511, 1424, 28706, 271, 3387], padded: [2, 2, 2, 2, 2, 2, 2, 2, 2, 2, 2, 2, 2, 2, 2, 2, 2, 2, 2, 2, 2, 2, 2, 2, 2, 2, 2, 2, 2, 2, 2, 2, 2, 2, 2, 2, 2, 2, 2, 2, 2, 2, 2, 2, 2, 2, 2, 2, 2, 2, 2, 2, 2, 2, 1, 733, 16289, 28793, 1824, 511, 1424, 28706, 271, 3387, 14918, 684, 272, 13024, 1587, 28804, 13, 13, 12069, 4192, 5726, 1151, 9880]
  Decoded unpadded text (338 chars):
    '<s> [INST] What do meteorites reveal about the solar system?\n\nPlease CONCISELY answer the question in English WITHOUT reasoning or explanation. [/INST]The first answer is They reveal that the age of the solar system is approximately 4.6 billion years. The second answer is They reveal that the solar system once contained 10 planets..</s>'
  Decoded padded text (294 chars):
    '</s></s></s></s></s></s></s></s></s></s></s></s></s></s></s></s></s></s></s></s></s></s></s></s></s></s></s></s></s></s></s></s></s></s></s></s></s></s></s></s></s></s></s></s></s></s></s></s></s></s></s></s></s></s><s> [INST] What do meteorites reveal about the solar system?\n\nPlease CONCISELY'
  Setting perplexity to 1.0
Perplexity: Written 372/85610 entries to perplexity result file (batch 62/14269)
Processing batch 63/14269
WARNING: Unpadded sequence not found in padded sequence for entry 269 (lang: en)
  Error: Unpadded sequence (len=63) not found as contiguous subsequence in padded sequence (len=63). First 10 unpadded: [1, 733, 16289, 28793, 21212, 272, 19382, 18838, 302, 989], padded: [2, 2, 2, 2, 2, 2, 2, 2, 2, 2, 2, 2, 2, 2, 2, 2, 2, 2, 2, 2, 2, 2, 2, 2, 2, 2, 2, 2, 2, 2, 2, 2, 2, 2, 2, 2, 2, 2, 2, 2, 2, 2, 2, 2, 2, 2, 2, 2, 2, 2, 2, 2, 2, 2, 2, 2, 2, 2, 2, 2, 2, 2, 1]
  Decoded unpadded text (291 chars):
    '<s> [INST] Suppose the angular separation of two stars is smaller than the angular resolution of your eyes. How will the stars appear to your eyes?\n\nPlease CONCISELY answer the question in English WITHOUT reasoning or explanation. [/INST]The stars will appear as a single point of light.</s>'
  Decoded padded text (251 chars):
    '</s></s></s></s></s></s></s></s></s></s></s></s></s></s></s></s></s></s></s></s></s></s></s></s></s></s></s></s></s></s></s></s></s></s></s></s></s></s></s></s></s></s></s></s></s></s></s></s></s></s></s></s></s></s></s></s></s></s></s></s></s></s><s>'
  Setting perplexity to 1.0
WARNING: Unpadded sequence not found in padded sequence for entry 269 (lang: en)
  Error: Unpadded sequence (len=70) not found as contiguous subsequence in padded sequence (len=70). First 10 unpadded: [1, 733, 16289, 28793, 21212, 272, 19382, 18838, 302, 989], padded: [2, 2, 2, 2, 2, 2, 2, 2, 2, 2, 2, 2, 2, 2, 2, 2, 2, 2, 2, 2, 2, 2, 2, 2, 2, 2, 2, 2, 2, 2, 2, 2, 2, 2, 2, 2, 2, 2, 2, 2, 2, 2, 2, 2, 2, 2, 2, 2, 2, 2, 2, 2, 2, 2, 2, 1, 733, 16289, 28793, 21212, 272, 19382, 18838, 302, 989, 7448, 349, 7000, 821, 272]
  Decoded unpadded text (319 chars):
    '<s> [INST] Suppose the angular separation of two stars is smaller than the angular resolution of your eyes. How will the stars appear to your eyes?\n\nPlease CONCISELY answer the question in English WITHOUT reasoning or explanation. [/INST]The stars will appear as to be touching looking rather like a small dumbbell.</s>'
  Decoded padded text (294 chars):
    '</s></s></s></s></s></s></s></s></s></s></s></s></s></s></s></s></s></s></s></s></s></s></s></s></s></s></s></s></s></s></s></s></s></s></s></s></s></s></s></s></s></s></s></s></s></s></s></s></s></s></s></s></s></s></s><s> [INST] Suppose the angular separation of two stars is smaller than the'
  Setting perplexity to 1.0
WARNING: Unpadded sequence not found in padded sequence for entry 271 (lang: en)
  Error: Unpadded sequence (len=56) not found as contiguous subsequence in padded sequence (len=56). First 10 unpadded: [1, 733, 16289, 28793, 1824, 1235, 272, 27486, 745, 1850], padded: [2, 2, 2, 2, 2, 2, 2, 2, 2, 2, 2, 2, 2, 2, 2, 2, 2, 2, 2, 2, 2, 2, 2, 2, 2, 2, 2, 2, 2, 2, 2, 2, 2, 2, 2, 2, 2, 2, 2, 2, 2, 2, 2, 2, 2, 2, 2, 2, 2, 2, 2, 2, 2, 2, 2, 2]
  Decoded unpadded text (221 chars):
    '<s> [INST] What does the astronomical term ecliptic describe?\n\nPlease CONCISELY answer the question in English WITHOUT reasoning or explanation. [/INST]The ecliptic is the path of the Sun in the sky throughout a year.</s>'
  Decoded padded text (224 chars):
    '</s></s></s></s></s></s></s></s></s></s></s></s></s></s></s></s></s></s></s></s></s></s></s></s></s></s></s></s></s></s></s></s></s></s></s></s></s></s></s></s></s></s></s></s></s></s></s></s></s></s></s></s></s></s></s></s>'
  Setting perplexity to 1.0
WARNING: Unpadded sequence not found in padded sequence for entry 271 (lang: en)
  Error: Unpadded sequence (len=55) not found as contiguous subsequence in padded sequence (len=55). First 10 unpadded: [1, 733, 16289, 28793, 1824, 1235, 272, 27486, 745, 1850], padded: [2, 2, 2, 2, 2, 2, 2, 2, 2, 2, 2, 2, 2, 2, 2, 2, 2, 2, 2, 2, 2, 2, 2, 2, 2, 2, 2, 2, 2, 2, 2, 2, 2, 2, 2, 2, 2, 2, 2, 2, 2, 2, 2, 2, 2, 2, 2, 2, 2, 2, 2, 2, 2, 2, 2]
  Decoded unpadded text (218 chars):
    '<s> [INST] What does the astronomical term ecliptic describe?\n\nPlease CONCISELY answer the question in English WITHOUT reasoning or explanation. [/INST]The ecliptic is the axial tilt of the Earth throughout a year.</s>'
  Decoded padded text (220 chars):
    '</s></s></s></s></s></s></s></s></s></s></s></s></s></s></s></s></s></s></s></s></s></s></s></s></s></s></s></s></s></s></s></s></s></s></s></s></s></s></s></s></s></s></s></s></s></s></s></s></s></s></s></s></s></s></s>'
  Setting perplexity to 1.0
WARNING: Unpadded sequence not found in padded sequence for entry 272 (lang: en)
  Error: Unpadded sequence (len=123) not found as contiguous subsequence in padded sequence (len=123). First 10 unpadded: [1, 733, 16289, 28793, 415, 579, 28733, 11565, 3199, 3408], padded: [2, 2, 1, 733, 16289, 28793, 415, 579, 28733, 11565, 3199, 3408, 349, 264, 2229, 298, 7282, 3850, 13, 13, 12069, 4192, 5726, 1151, 9880, 4372, 272, 2996, 297, 4300, 8292, 24685, 442, 13268, 28723, 733, 28748, 16289, 28793, 25732, 3408, 349, 264, 18492, 1221, 302, 3408, 369, 349, 7761, 298, 660, 1127, 380, 544, 302, 2764, 304, 4244, 272, 7975, 13057, 352, 297, 272, 11120, 302, 272, 11717, 28723, 661, 349, 624, 302, 272, 1080, 21296, 304, 459, 1162, 28733, 5664, 8231, 8076, 302, 272, 11717, 28723, 415, 579, 28733, 11565, 3199, 3408, 349, 264, 2229, 298, 7282, 272, 13057, 352, 302, 272, 11717, 28723, 661, 349, 624, 302, 272, 1080, 21296, 304, 459, 1162, 28733, 5664, 8231, 8076, 302, 272, 11717]
  Decoded unpadded text (564 chars):
    '<s> [INST] The so-called dark energy is a model to explain ...\n\nPlease CONCISELY answer the question in English WITHOUT reasoning or explanation. [/INST]Dark energy is a theoretical form of energy that is believed to permeate all of space and cause the observed acceleration in the expansion of the universe. It is one of the most mysterious and not well-understood components of the universe. The so-called dark energy is a model to explain the acceleration of the universe. It is one of the most mysterious and not well-understood components of the universe.</s>'
  Decoded padded text (567 chars):
    '</s></s><s> [INST] The so-called dark energy is a model to explain ...\n\nPlease CONCISELY answer the question in English WITHOUT reasoning or explanation. [/INST]Dark energy is a theoretical form of energy that is believed to permeate all of space and cause the observed acceleration in the expansion of the universe. It is one of the most mysterious and not well-understood components of the universe. The so-called dark energy is a model to explain the acceleration of the universe. It is one of the most mysterious and not well-understood components of the universe'
  Setting perplexity to 1.0
Perplexity: Written 378/85610 entries to perplexity result file (batch 63/14269)
Processing batch 64/14269
WARNING: Unpadded sequence not found in padded sequence for entry 273 (lang: en)
  Error: Unpadded sequence (len=67) not found as contiguous subsequence in padded sequence (len=67). First 10 unpadded: [1, 733, 16289, 28793, 1602, 511, 15067, 873, 369, 272], padded: [2, 2, 2, 2, 2, 2, 2, 2, 2, 2, 2, 2, 2, 2, 2, 2, 2, 2, 2, 2, 2, 2, 2, 2, 2, 2, 2, 2, 2, 2, 2, 2, 2, 2, 2, 2, 2, 2, 2, 2, 2, 2, 1, 733, 16289, 28793, 1602, 511, 15067, 873, 369, 272, 7757, 302, 1424, 28706, 271, 3387, 1567, 477, 272, 28693, 806, 14857, 28804, 13, 13]
  Decoded unpadded text (281 chars):
    '<s> [INST] How do scientists know that the majority of meteorites come from the asteroid belt?\n\nPlease CONCISELY answer the question in English WITHOUT reasoning or explanation. [/INST]The spectra of some meteorites are similar to the spectra of asteroids in the asteroid belt.</s>'
  Decoded padded text (264 chars):
    '</s></s></s></s></s></s></s></s></s></s></s></s></s></s></s></s></s></s></s></s></s></s></s></s></s></s></s></s></s></s></s></s></s></s></s></s></s></s></s></s></s></s><s> [INST] How do scientists know that the majority of meteorites come from the asteroid belt?\n\n'
  Setting perplexity to 1.0
WARNING: Unpadded sequence not found in padded sequence for entry 273 (lang: en)
  Error: Unpadded sequence (len=85) not found as contiguous subsequence in padded sequence (len=85). First 10 unpadded: [1, 733, 16289, 28793, 1602, 511, 15067, 873, 369, 272], padded: [2, 2, 2, 2, 2, 2, 2, 2, 2, 2, 2, 2, 2, 2, 2, 2, 2, 2, 2, 2, 2, 2, 2, 2, 1, 733, 16289, 28793, 1602, 511, 15067, 873, 369, 272, 7757, 302, 1424, 28706, 271, 3387, 1567, 477, 272, 28693, 806, 14857, 28804, 13, 13, 12069, 4192, 5726, 1151, 9880, 4372, 272, 2996, 297, 4300, 8292, 24685, 442, 13268, 28723, 733, 28748, 16289, 28793, 1014, 23102, 302, 741, 1424, 28706, 271, 3387, 460, 9215, 5662, 460, 3298, 297, 272, 28693, 806]
  Decoded unpadded text (367 chars):
    '<s> [INST] How do scientists know that the majority of meteorites come from the asteroid belt?\n\nPlease CONCISELY answer the question in English WITHOUT reasoning or explanation. [/INST]The spectra of some meteorites are Collisions are common in the asteroid belt and we can track the fragments from their source asteroid to the Earth where they become meteorites.</s>'
  Decoded padded text (353 chars):
    '</s></s></s></s></s></s></s></s></s></s></s></s></s></s></s></s></s></s></s></s></s></s></s></s><s> [INST] How do scientists know that the majority of meteorites come from the asteroid belt?\n\nPlease CONCISELY answer the question in English WITHOUT reasoning or explanation. [/INST]The spectra of some meteorites are Collisions are common in the asteroid'
  Setting perplexity to 1.0
WARNING: Unpadded sequence not found in padded sequence for entry 274 (lang: en)
  Error: Unpadded sequence (len=77) not found as contiguous subsequence in padded sequence (len=77). First 10 unpadded: [1, 733, 16289, 28793, 475, 23770, 304, 272, 799, 461], padded: [2, 2, 2, 2, 2, 2, 2, 2, 2, 2, 2, 2, 2, 2, 2, 2, 2, 2, 2, 2, 2, 2, 2, 2, 2, 2, 2, 2, 2, 2, 2, 2, 1, 733, 16289, 28793, 475, 23770, 304, 272, 799, 461, 626, 753, 28312, 460, 4662, 1987, 345, 20404, 5220, 1549, 611, 560, 767, 3367, 349, 456, 1850, 4052, 22066, 28804, 13, 13, 12069, 4192, 5726, 1151, 9880, 4372, 272, 2996, 297, 4300, 8292, 24685, 442]
  Decoded unpadded text (327 chars):
    '<s> [INST] Jupiter and the other jovian planets are sometimes called "gas giants." In what sense is this term misleading?\n\nPlease CONCISELY answer the question in English WITHOUT reasoning or explanation. [/INST]The term "gas giants" is misleading because they actually contain a significant fraction of non-gaseous matter.</s>'
  Decoded padded text (319 chars):
    '</s></s></s></s></s></s></s></s></s></s></s></s></s></s></s></s></s></s></s></s></s></s></s></s></s></s></s></s></s></s></s></s><s> [INST] Jupiter and the other jovian planets are sometimes called "gas giants." In what sense is this term misleading?\n\nPlease CONCISELY answer the question in English WITHOUT reasoning or'
  Setting perplexity to 1.0
WARNING: Unpadded sequence not found in padded sequence for entry 274 (lang: en)
  Error: Unpadded sequence (len=82) not found as contiguous subsequence in padded sequence (len=82). First 10 unpadded: [1, 733, 16289, 28793, 475, 23770, 304, 272, 799, 461], padded: [2, 2, 2, 2, 2, 2, 2, 2, 2, 2, 2, 2, 2, 2, 2, 2, 2, 2, 2, 2, 2, 2, 2, 2, 2, 2, 2, 1, 733, 16289, 28793, 475, 23770, 304, 272, 799, 461, 626, 753, 28312, 460, 4662, 1987, 345, 20404, 5220, 1549, 611, 560, 767, 3367, 349, 456, 1850, 4052, 22066, 28804, 13, 13, 12069, 4192, 5726, 1151, 9880, 4372, 272, 2996, 297, 4300, 8292, 24685, 442, 13268, 28723, 733, 28748, 16289, 28793, 1014, 1850, 345, 20404]
  Decoded unpadded text (349 chars):
    '<s> [INST] Jupiter and the other jovian planets are sometimes called "gas giants." In what sense is this term misleading?\n\nPlease CONCISELY answer the question in English WITHOUT reasoning or explanation. [/INST]The term "gas giants" is misleading because the materials that make up these planets are primarily in the form of a plasma not a gas.</s>'
  Decoded padded text (333 chars):
    '</s></s></s></s></s></s></s></s></s></s></s></s></s></s></s></s></s></s></s></s></s></s></s></s></s></s></s><s> [INST] Jupiter and the other jovian planets are sometimes called "gas giants." In what sense is this term misleading?\n\nPlease CONCISELY answer the question in English WITHOUT reasoning or explanation. [/INST]The term "gas'
  Setting perplexity to 1.0
WARNING: Unpadded sequence not found in padded sequence for entry 277 (lang: en)
  Error: Unpadded sequence (len=102) not found as contiguous subsequence in padded sequence (len=102). First 10 unpadded: [1, 733, 16289, 28793, 4315, 349, 10586, 453, 2779, 390], padded: [2, 2, 2, 2, 2, 2, 2, 1, 733, 16289, 28793, 4315, 349, 10586, 453, 2779, 390, 2032, 390, 475, 23770, 7577, 871, 7000, 3042, 28804, 13, 13, 12069, 4192, 5726, 1151, 9880, 4372, 272, 2996, 297, 4300, 8292, 24685, 442, 13268, 28723, 733, 28748, 16289, 28793, 28735, 270, 453, 28742, 28713, 3889, 8353, 28725, 2940, 298, 871, 15460, 1250, 7444, 15208, 2383, 304, 400, 1144, 383, 319, 2018, 28725, 5976, 378, 298, 506, 264, 6084, 7531, 304, 5884, 264, 6084, 22640, 6731, 298, 475, 23770, 28725, 7577, 2461, 264, 7000, 3042, 28723, 475, 23770, 28742, 28713, 6517, 3042, 25595, 274, 378]
  Decoded unpadded text (440 chars):
    "<s> [INST] Why is Saturn almost as big as Jupiter despite its smaller mass?\n\nPlease CONCISELY answer the question in English WITHOUT reasoning or explanation. [/INST]Saturn's lower density, due to its composition being mostly hydrogen and helium gases, allows it to have a larger volume and thus a larger diameter compared to Jupiter, despite having a smaller mass. Jupiter's greater mass compresses it more thus increasing its density.</s>"
  Decoded padded text (430 chars):
    "</s></s></s></s></s></s></s><s> [INST] Why is Saturn almost as big as Jupiter despite its smaller mass?\n\nPlease CONCISELY answer the question in English WITHOUT reasoning or explanation. [/INST]Saturn's lower density, due to its composition being mostly hydrogen and helium gases, allows it to have a larger volume and thus a larger diameter compared to Jupiter, despite having a smaller mass. Jupiter's greater mass compresses it"
  Setting perplexity to 1.0
Perplexity: Written 384/85610 entries to perplexity result file (batch 64/14269)
Processing batch 65/14269
WARNING: Unpadded sequence not found in padded sequence for entry 279 (lang: en)
  Error: Unpadded sequence (len=70) not found as contiguous subsequence in padded sequence (len=70). First 10 unpadded: [1, 733, 16289, 28793, 816, 654, 907, 2358, 298, 24329], padded: [2, 2, 2, 2, 2, 2, 2, 2, 2, 2, 2, 2, 2, 2, 2, 2, 2, 2, 2, 2, 2, 2, 2, 2, 2, 2, 2, 2, 2, 2, 2, 2, 2, 2, 2, 2, 2, 1, 733, 16289, 28793, 816, 654, 907, 2358, 298, 24329, 5266, 272, 22640, 302, 1641, 8487, 477, 28747, 13, 13, 12069, 4192, 5726, 1151, 9880, 4372, 272, 2996, 297, 4300, 8292, 24685, 442]
  Decoded unpadded text (309 chars):
    "<s> [INST] We were first able to accurately measure the diameter of Pluto from:\n\nPlease CONCISELY answer the question in English WITHOUT reasoning or explanation. [/INST]The first accurate measurement of Pluto's diameter was made by brightness measurements made during mutual eclipses of Pluto and Charon.</s>"
  Decoded padded text (297 chars):
    '</s></s></s></s></s></s></s></s></s></s></s></s></s></s></s></s></s></s></s></s></s></s></s></s></s></s></s></s></s></s></s></s></s></s></s></s></s><s> [INST] We were first able to accurately measure the diameter of Pluto from:\n\nPlease CONCISELY answer the question in English WITHOUT reasoning or'
  Setting perplexity to 1.0
WARNING: Unpadded sequence not found in padded sequence for entry 279 (lang: en)
  Error: Unpadded sequence (len=65) not found as contiguous subsequence in padded sequence (len=65). First 10 unpadded: [1, 733, 16289, 28793, 816, 654, 907, 2358, 298, 24329], padded: [2, 2, 2, 2, 2, 2, 2, 2, 2, 2, 2, 2, 2, 2, 2, 2, 2, 2, 2, 2, 2, 2, 2, 2, 2, 2, 2, 2, 2, 2, 2, 2, 2, 2, 2, 2, 2, 2, 2, 2, 2, 2, 1, 733, 16289, 28793, 816, 654, 907, 2358, 298, 24329, 5266, 272, 22640, 302, 1641, 8487, 477, 28747, 13, 13, 12069, 4192, 5726]
  Decoded unpadded text (286 chars):
    "<s> [INST] We were first able to accurately measure the diameter of Pluto from:\n\nPlease CONCISELY answer the question in English WITHOUT reasoning or explanation. [/INST]The first accurate measurement of Pluto's diameter was made by radar observations made by the Arecibo telescope.</s>"
  Decoded padded text (261 chars):
    '</s></s></s></s></s></s></s></s></s></s></s></s></s></s></s></s></s></s></s></s></s></s></s></s></s></s></s></s></s></s></s></s></s></s></s></s></s></s></s></s></s></s><s> [INST] We were first able to accurately measure the diameter of Pluto from:\n\nPlease CONCI'
  Setting perplexity to 1.0
WARNING: Unpadded sequence not found in padded sequence for entry 280 (lang: en)
  Error: Unpadded sequence (len=100) not found as contiguous subsequence in padded sequence (len=100). First 10 unpadded: [1, 733, 16289, 28793, 6586, 298, 272, 27665, 21365, 1098], padded: [2, 2, 2, 2, 2, 2, 2, 1, 733, 16289, 28793, 6586, 298, 272, 27665, 21365, 1098, 5742, 767, 460, 28693, 17653, 304, 432, 1468, 28804, 13, 13, 12069, 4192, 5726, 1151, 9880, 4372, 272, 2996, 297, 4300, 8292, 24685, 442, 13268, 28723, 733, 28748, 16289, 28793, 28741, 2406, 17653, 460, 462, 28722, 532, 343, 9873, 274, 321, 973, 369, 1484, 932, 1441, 286, 778, 28312, 28725, 1312, 432, 1468, 460, 462, 28722, 532, 343, 9873, 274, 321, 973, 369, 1484, 932, 1441, 286, 778, 28312, 28723, 7829, 460, 1003, 28711, 1549, 302, 272, 2935, 13024, 1587, 11515, 4771, 298]
  Decoded unpadded text (411 chars):
    '<s> [INST] According to the Solar Nebular theory what are asteroids and comets?\n\nPlease CONCISELY answer the question in English WITHOUT reasoning or explanation. [/INST]Asteroids are leftover planetesimals that never accreted into planets, while comets are leftover planetesimals that never accreted into planets. Both are remnants of the early solar system formation according to the Solar Nebular theory.</s>'
  Decoded padded text (409 chars):
    '</s></s></s></s></s></s></s><s> [INST] According to the Solar Nebular theory what are asteroids and comets?\n\nPlease CONCISELY answer the question in English WITHOUT reasoning or explanation. [/INST]Asteroids are leftover planetesimals that never accreted into planets, while comets are leftover planetesimals that never accreted into planets. Both are remnants of the early solar system formation according to'
  Setting perplexity to 1.0
WARNING: Unpadded sequence not found in padded sequence for entry 280 (lang: en)
  Error: Unpadded sequence (len=88) not found as contiguous subsequence in padded sequence (len=88). First 10 unpadded: [1, 733, 16289, 28793, 6586, 298, 272, 27665, 21365, 1098], padded: [2, 2, 2, 2, 2, 2, 2, 2, 2, 2, 2, 2, 2, 2, 2, 2, 2, 2, 2, 1, 733, 16289, 28793, 6586, 298, 272, 27665, 21365, 1098, 5742, 767, 460, 28693, 17653, 304, 432, 1468, 28804, 13, 13, 12069, 4192, 5726, 1151, 9880, 4372, 272, 2996, 297, 4300, 8292, 24685, 442, 13268, 28723, 733, 28748, 16289, 28793, 28741, 2406, 17653, 460, 272, 480, 17109, 7520, 302, 3495, 5662, 1444, 28312, 28725, 1312, 432, 1468, 460, 272, 480, 17109, 7520, 302, 3495, 5662, 1444, 28312, 28723, 7829]
  Decoded unpadded text (403 chars):
    '<s> [INST] According to the Solar Nebular theory what are asteroids and comets?\n\nPlease CONCISELY answer the question in English WITHOUT reasoning or explanation. [/INST]Asteroids are the shattered remains of collisions between planets, while comets are the shattered remains of collisions between planets. Both are remnants of the early solar system formation according to the Solar Nebular theory.</s>'
  Decoded padded text (387 chars):
    '</s></s></s></s></s></s></s></s></s></s></s></s></s></s></s></s></s></s></s><s> [INST] According to the Solar Nebular theory what are asteroids and comets?\n\nPlease CONCISELY answer the question in English WITHOUT reasoning or explanation. [/INST]Asteroids are the shattered remains of collisions between planets, while comets are the shattered remains of collisions between planets. Both'
  Setting perplexity to 1.0
WARNING: Unpadded sequence not found in padded sequence for entry 281 (lang: en)
  Error: Unpadded sequence (len=105) not found as contiguous subsequence in padded sequence (len=105). First 10 unpadded: [1, 733, 16289, 28793, 1602, 511, 478, 873, 910, 1571], padded: [2, 2, 1, 733, 16289, 28793, 1602, 511, 478, 873, 910, 1571, 272, 8599, 349, 28804, 13, 13, 12069, 4192, 5726, 1151, 9880, 4372, 272, 2996, 297, 4300, 8292, 24685, 442, 13268, 28723, 733, 28748, 16289, 28793, 1014, 3595, 302, 272, 8599, 349, 7798, 1059, 4118, 5562, 28725, 2490, 272, 4897, 2131, 302, 7069, 2373, 272, 8599, 28725, 390, 1162, 390, 14328, 272, 7978, 302, 2970, 4423, 9537, 304, 272, 14506, 302, 272, 17690, 2651, 3636, 3290, 6144, 15599, 304, 272, 14506, 302, 272, 14629, 15599, 28723, 415, 1080, 12575, 9008, 3595, 354, 272, 8599, 349, 10870, 28705, 28781, 28723, 28782, 28781, 8737, 1267, 1571]
  Decoded unpadded text (476 chars):
    '<s> [INST] How do we know how old the Earth is?\n\nPlease CONCISELY answer the question in English WITHOUT reasoning or explanation. [/INST]The age of the Earth is determined through various methods, including the layering of materials within the Earth, as well as studying the rates of geological processes and the ages of the oldest known terrestrial rocks and the ages of the Moon rocks. The most widely accepted age for the Earth is approximately 4.54 billion years old.</s>'
  Decoded padded text (479 chars):
    '</s></s><s> [INST] How do we know how old the Earth is?\n\nPlease CONCISELY answer the question in English WITHOUT reasoning or explanation. [/INST]The age of the Earth is determined through various methods, including the layering of materials within the Earth, as well as studying the rates of geological processes and the ages of the oldest known terrestrial rocks and the ages of the Moon rocks. The most widely accepted age for the Earth is approximately 4.54 billion years old'
  Setting perplexity to 1.0
Perplexity: Written 390/85610 entries to perplexity result file (batch 65/14269)
Processing batch 66/14269
WARNING: Unpadded sequence not found in padded sequence for entry 282 (lang: en)
  Error: Unpadded sequence (len=46) not found as contiguous subsequence in padded sequence (len=46). First 10 unpadded: [1, 733, 16289, 28793, 5372, 356, 8599, 5016, 601, 477], padded: [2, 2, 2, 2, 2, 2, 2, 2, 2, 2, 2, 2, 2, 2, 2, 2, 2, 2, 2, 2, 2, 2, 2, 2, 2, 2, 2, 2, 2, 2, 2, 2, 2, 2, 2, 2, 2, 2, 2, 2, 2, 2, 2, 2, 2, 2]
  Decoded unpadded text (188 chars):
    "<s> [INST] Life on Earth originated from\n\nPlease CONCISELY answer the question in English WITHOUT reasoning or explanation. [/INST]Life on Earth originated from We don't know for sure.</s>"
  Decoded padded text (184 chars):
    '</s></s></s></s></s></s></s></s></s></s></s></s></s></s></s></s></s></s></s></s></s></s></s></s></s></s></s></s></s></s></s></s></s></s></s></s></s></s></s></s></s></s></s></s></s></s>'
  Setting perplexity to 1.0
WARNING: Unpadded sequence not found in padded sequence for entry 282 (lang: en)
  Error: Unpadded sequence (len=46) not found as contiguous subsequence in padded sequence (len=46). First 10 unpadded: [1, 733, 16289, 28793, 5372, 356, 8599, 5016, 601, 477], padded: [2, 2, 2, 2, 2, 2, 2, 2, 2, 2, 2, 2, 2, 2, 2, 2, 2, 2, 2, 2, 2, 2, 2, 2, 2, 2, 2, 2, 2, 2, 2, 2, 2, 2, 2, 2, 2, 2, 2, 2, 2, 2, 2, 2, 2, 2]
  Decoded unpadded text (185 chars):
    '<s> [INST] Life on Earth originated from\n\nPlease CONCISELY answer the question in English WITHOUT reasoning or explanation. [/INST]Life on Earth originated from aliens (panspermia).</s>'
  Decoded padded text (184 chars):
    '</s></s></s></s></s></s></s></s></s></s></s></s></s></s></s></s></s></s></s></s></s></s></s></s></s></s></s></s></s></s></s></s></s></s></s></s></s></s></s></s></s></s></s></s></s></s>'
  Setting perplexity to 1.0
WARNING: Unpadded sequence not found in padded sequence for entry 283 (lang: en)
  Error: Unpadded sequence (len=114) not found as contiguous subsequence in padded sequence (len=114). First 10 unpadded: [1, 733, 16289, 28793, 2463, 1195, 1077, 272, 6120, 9645], padded: [2, 2, 2, 2, 2, 2, 2, 1, 733, 16289, 28793, 2463, 1195, 1077, 272, 6120, 9645, 374, 505, 17604, 325, 28759, 4100, 28731, 297, 272, 7212, 910, 541, 368, 7655, 574, 4039, 4484, 28804, 13, 13, 12069, 4192, 5726, 1151, 9880, 4372, 272, 2996, 297, 4300, 8292, 24685, 442, 13268, 28723, 733, 28748, 16289, 28793, 1014, 5054, 4484, 302, 272, 3964, 17233, 374, 505, 367, 1254, 325, 28759, 4100, 28731, 297, 272, 7212, 16535, 298, 272, 1348, 390, 574, 4039, 4484, 356, 8599, 28723, 1791, 7655, 574, 4039, 4484, 28725, 5266, 272, 10417, 1444, 272, 18259, 304, 272, 418, 4100, 1413, 264, 16444, 442, 799, 11633, 3921, 28723, 851, 10417, 28725, 297, 11182]
  Decoded unpadded text (464 chars):
    '<s> [INST] By locating the north celestial pole (NCP) in the sky how can you determine your latitude?\n\nPlease CONCISELY answer the question in English WITHOUT reasoning or explanation. [/INST]The altitude of the North Celestial Pole (NCP) in the sky corresponds to the same as your latitude on Earth. To determine your latitude, measure the angle between the horizon and the NCP using a compass or other suitable tool. This angle, in degrees, is your latitude.</s>'
  Decoded padded text (469 chars):
    '</s></s></s></s></s></s></s><s> [INST] By locating the north celestial pole (NCP) in the sky how can you determine your latitude?\n\nPlease CONCISELY answer the question in English WITHOUT reasoning or explanation. [/INST]The altitude of the North Celestial Pole (NCP) in the sky corresponds to the same as your latitude on Earth. To determine your latitude, measure the angle between the horizon and the NCP using a compass or other suitable tool. This angle, in degrees'
  Setting perplexity to 1.0
WARNING: Unpadded sequence not found in padded sequence for entry 284 (lang: en)
  Error: Unpadded sequence (len=97) not found as contiguous subsequence in padded sequence (len=97). First 10 unpadded: [1, 733, 16289, 28793, 1602, 1235, 272, 5344, 6186, 2030], padded: [2, 2, 2, 2, 2, 2, 2, 2, 2, 2, 2, 2, 2, 2, 2, 2, 2, 2, 2, 2, 2, 2, 2, 2, 1, 733, 16289, 28793, 1602, 1235, 272, 5344, 6186, 2030, 771, 28804, 13, 13, 12069, 4192, 5726, 1151, 9880, 4372, 272, 2996, 297, 4300, 8292, 24685, 442, 13268, 28723, 733, 28748, 16289, 28793, 1014, 5344, 6186, 2030, 12022, 739, 2552, 319, 2018, 297, 272, 8599, 28742, 28713, 13789, 28725, 1259, 390, 13654, 22168, 28744, 547, 304, 24992, 1564, 28725, 20689, 9141, 2061, 9836, 378, 298, 6601, 272, 5439, 562, 868, 28311, 297, 898]
  Decoded unpadded text (432 chars):
    "<s> [INST] How does the greenhouse effect work?\n\nPlease CONCISELY answer the question in English WITHOUT reasoning or explanation. [/INST]The greenhouse effect occurs when certain gases in the Earth's atmosphere, such as carbon dioxide and methane, transmit visible light allowing it to heat the surface but then absorb infrared light from Earth trapping the heat near the surface, leading to a rise in the planet's temperature.</s>"
  Decoded padded text (420 chars):
    "</s></s></s></s></s></s></s></s></s></s></s></s></s></s></s></s></s></s></s></s></s></s></s></s><s> [INST] How does the greenhouse effect work?\n\nPlease CONCISELY answer the question in English WITHOUT reasoning or explanation. [/INST]The greenhouse effect occurs when certain gases in the Earth's atmosphere, such as carbon dioxide and methane, transmit visible light allowing it to heat the surface but then absorb infr"
  Setting perplexity to 1.0
WARNING: Unpadded sequence not found in padded sequence for entry 284 (lang: en)
  Error: Unpadded sequence (len=89) not found as contiguous subsequence in padded sequence (len=89). First 10 unpadded: [1, 733, 16289, 28793, 1602, 1235, 272, 5344, 6186, 2030], padded: [2, 2, 2, 2, 2, 2, 2, 2, 2, 2, 2, 2, 2, 2, 2, 2, 2, 2, 2, 2, 2, 2, 2, 2, 2, 2, 2, 2, 2, 2, 2, 2, 1, 733, 16289, 28793, 1602, 1235, 272, 5344, 6186, 2030, 771, 28804, 13, 13, 12069, 4192, 5726, 1151, 9880, 4372, 272, 2996, 297, 4300, 8292, 24685, 442, 13268, 28723, 733, 28748, 16289, 28793, 1014, 5344, 6186, 2030, 12022, 739, 2552, 319, 2018, 297, 272, 8599, 28742, 28713, 13789, 28725, 1259, 390, 13654, 22168, 28744, 547, 304, 24992]
  Decoded unpadded text (383 chars):
    "<s> [INST] How does the greenhouse effect work?\n\nPlease CONCISELY answer the question in English WITHOUT reasoning or explanation. [/INST]The greenhouse effect occurs when certain gases in the Earth's atmosphere, such as carbon dioxide and methane, absorb infrared light from the Sun which then heats the atmosphere and the surface, leading to a rise in the planet's temperature.</s>"
  Decoded padded text (372 chars):
    "</s></s></s></s></s></s></s></s></s></s></s></s></s></s></s></s></s></s></s></s></s></s></s></s></s></s></s></s></s></s></s></s><s> [INST] How does the greenhouse effect work?\n\nPlease CONCISELY answer the question in English WITHOUT reasoning or explanation. [/INST]The greenhouse effect occurs when certain gases in the Earth's atmosphere, such as carbon dioxide and meth"
  Setting perplexity to 1.0
Perplexity: Written 396/85610 entries to perplexity result file (batch 66/14269)
Processing batch 67/14269
WARNING: Unpadded sequence not found in padded sequence for entry 285 (lang: en)
  Error: Unpadded sequence (len=102) not found as contiguous subsequence in padded sequence (len=102). First 10 unpadded: [1, 733, 16289, 28793, 4315, 349, 10586, 453, 2779, 390], padded: [2, 2, 2, 2, 2, 2, 2, 1, 733, 16289, 28793, 4315, 349, 10586, 453, 2779, 390, 2032, 390, 475, 23770, 7577, 871, 7000, 3042, 28804, 13, 13, 12069, 4192, 5726, 1151, 9880, 4372, 272, 2996, 297, 4300, 8292, 24685, 442, 13268, 28723, 733, 28748, 16289, 28793, 28735, 270, 453, 28742, 28713, 3889, 8353, 28725, 2940, 298, 871, 15460, 1250, 7444, 15208, 2383, 304, 400, 1144, 383, 319, 2018, 28725, 5976, 378, 298, 506, 264, 6084, 7531, 304, 5884, 264, 6084, 22640, 6731, 298, 475, 23770, 28725, 7577, 2461, 264, 7000, 3042, 28723, 475, 23770, 28742, 28713, 6517, 3042, 25595, 274, 378]
  Decoded unpadded text (440 chars):
    "<s> [INST] Why is Saturn almost as big as Jupiter despite its smaller mass?\n\nPlease CONCISELY answer the question in English WITHOUT reasoning or explanation. [/INST]Saturn's lower density, due to its composition being mostly hydrogen and helium gases, allows it to have a larger volume and thus a larger diameter compared to Jupiter, despite having a smaller mass. Jupiter's greater mass compresses it more thus increasing its density.</s>"
  Decoded padded text (430 chars):
    "</s></s></s></s></s></s></s><s> [INST] Why is Saturn almost as big as Jupiter despite its smaller mass?\n\nPlease CONCISELY answer the question in English WITHOUT reasoning or explanation. [/INST]Saturn's lower density, due to its composition being mostly hydrogen and helium gases, allows it to have a larger volume and thus a larger diameter compared to Jupiter, despite having a smaller mass. Jupiter's greater mass compresses it"
  Setting perplexity to 1.0
WARNING: Unpadded sequence not found in padded sequence for entry 287 (lang: en)
  Error: Unpadded sequence (len=67) not found as contiguous subsequence in padded sequence (len=67). First 10 unpadded: [1, 733, 16289, 28793, 415, 3636, 3290, 6144, 9873, 1001], padded: [2, 2, 2, 2, 2, 2, 2, 2, 2, 2, 2, 2, 2, 2, 2, 2, 2, 2, 2, 2, 2, 2, 2, 2, 2, 2, 2, 2, 2, 2, 2, 2, 2, 2, 2, 2, 2, 2, 2, 2, 2, 2, 1, 733, 16289, 28793, 415, 3636, 3290, 6144, 9873, 1001, 411, 7001, 7444, 7503, 1096, 13, 13, 12069, 4192, 5726, 1151, 9880, 4372, 272, 2996]
  Decoded unpadded text (313 chars):
    '<s> [INST] The terrestrial planet cores contain mostly metal because\n\nPlease CONCISELY answer the question in English WITHOUT reasoning or explanation. [/INST]The terrestrial planet cores contain mostly metal because metals differentiated to the center during a time when the interiors were molten throughout.</s>'
  Decoded padded text (274 chars):
    '</s></s></s></s></s></s></s></s></s></s></s></s></s></s></s></s></s></s></s></s></s></s></s></s></s></s></s></s></s></s></s></s></s></s></s></s></s></s></s></s></s></s><s> [INST] The terrestrial planet cores contain mostly metal because\n\nPlease CONCISELY answer the question'
  Setting perplexity to 1.0
WARNING: Unpadded sequence not found in padded sequence for entry 287 (lang: en)
  Error: Unpadded sequence (len=57) not found as contiguous subsequence in padded sequence (len=57). First 10 unpadded: [1, 733, 16289, 28793, 415, 3636, 3290, 6144, 9873, 1001], padded: [2, 2, 2, 2, 2, 2, 2, 2, 2, 2, 2, 2, 2, 2, 2, 2, 2, 2, 2, 2, 2, 2, 2, 2, 2, 2, 2, 2, 2, 2, 2, 2, 2, 2, 2, 2, 2, 2, 2, 2, 2, 2, 2, 2, 2, 2, 2, 2, 2, 2, 2, 2, 1, 733, 16289, 28793, 415]
  Decoded unpadded text (265 chars):
    '<s> [INST] The terrestrial planet cores contain mostly metal because\n\nPlease CONCISELY answer the question in English WITHOUT reasoning or explanation. [/INST]The terrestrial planet cores contain mostly metal because the entire planets are made mostly of metal.</s>'
  Decoded padded text (222 chars):
    '</s></s></s></s></s></s></s></s></s></s></s></s></s></s></s></s></s></s></s></s></s></s></s></s></s></s></s></s></s></s></s></s></s></s></s></s></s></s></s></s></s></s></s></s></s></s></s></s></s></s></s></s><s> [INST] The'
  Setting perplexity to 1.0
WARNING: Unpadded sequence not found in padded sequence for entry 288 (lang: en)
  Error: Unpadded sequence (len=60) not found as contiguous subsequence in padded sequence (len=60). First 10 unpadded: [1, 733, 16289, 28793, 9595, 302, 272, 2296, 5780, 659], padded: [2, 2, 2, 2, 2, 2, 2, 2, 2, 2, 2, 2, 2, 2, 2, 2, 2, 2, 2, 2, 2, 2, 2, 2, 2, 2, 2, 2, 2, 2, 2, 2, 2, 2, 2, 2, 2, 2, 2, 2, 2, 2, 2, 2, 2, 2, 2, 2, 2, 1, 733, 16289, 28793, 9595, 302, 272, 2296, 5780, 659, 2662]
  Decoded unpadded text (228 chars):
    '<s> [INST] Which of the following countries has sent landers to Venus?\n\nPlease CONCISELY answer the question in English WITHOUT reasoning or explanation. [/INST]The only country to have sent landers to Venus is The U.S.S.R..</s>'
  Decoded padded text (248 chars):
    '</s></s></s></s></s></s></s></s></s></s></s></s></s></s></s></s></s></s></s></s></s></s></s></s></s></s></s></s></s></s></s></s></s></s></s></s></s></s></s></s></s></s></s></s></s></s></s></s></s><s> [INST] Which of the following countries has sent'
  Setting perplexity to 1.0
WARNING: Unpadded sequence not found in padded sequence for entry 288 (lang: en)
  Error: Unpadded sequence (len=56) not found as contiguous subsequence in padded sequence (len=56). First 10 unpadded: [1, 733, 16289, 28793, 9595, 302, 272, 2296, 5780, 659], padded: [2, 2, 2, 2, 2, 2, 2, 2, 2, 2, 2, 2, 2, 2, 2, 2, 2, 2, 2, 2, 2, 2, 2, 2, 2, 2, 2, 2, 2, 2, 2, 2, 2, 2, 2, 2, 2, 2, 2, 2, 2, 2, 2, 2, 2, 2, 2, 2, 2, 2, 2, 2, 2, 1, 733, 16289]
  Decoded unpadded text (224 chars):
    '<s> [INST] Which of the following countries has sent landers to Venus?\n\nPlease CONCISELY answer the question in English WITHOUT reasoning or explanation. [/INST]The only country to have sent landers to Venus is The U.S..</s>'
  Decoded padded text (221 chars):
    '</s></s></s></s></s></s></s></s></s></s></s></s></s></s></s></s></s></s></s></s></s></s></s></s></s></s></s></s></s></s></s></s></s></s></s></s></s></s></s></s></s></s></s></s></s></s></s></s></s></s></s></s></s><s> [INST'
  Setting perplexity to 1.0
Perplexity: Written 402/85610 entries to perplexity result file (batch 67/14269)
Processing batch 68/14269
WARNING: Unpadded sequence not found in padded sequence for entry 289 (lang: en)
  Error: Unpadded sequence (len=62) not found as contiguous subsequence in padded sequence (len=62). First 10 unpadded: [1, 733, 16289, 28793, 9595, 302, 272, 2296, 349, 28748], padded: [2, 2, 2, 2, 2, 2, 2, 2, 2, 2, 2, 2, 2, 2, 2, 2, 2, 2, 2, 2, 2, 2, 2, 2, 2, 2, 2, 2, 2, 2, 2, 2, 2, 2, 2, 2, 2, 1, 733, 16289, 28793, 9595, 302, 272, 2296, 349, 28748, 492, 5457, 7334, 486, 19935, 1803, 16379, 617, 28804, 13, 13, 12069, 4192, 5726, 1151]
  Decoded unpadded text (246 chars):
    '<s> [INST] Which of the following is/are NOT caused by orbital resonance?\n\nPlease CONCISELY answer the question in English WITHOUT reasoning or explanation. [/INST]The correct answer is:\n\nBreaking of small Jovian moons to form ring materials.</s>'
  Decoded padded text (237 chars):
    '</s></s></s></s></s></s></s></s></s></s></s></s></s></s></s></s></s></s></s></s></s></s></s></s></s></s></s></s></s></s></s></s></s></s></s></s></s><s> [INST] Which of the following is/are NOT caused by orbital resonance?\n\nPlease CONCISE'
  Setting perplexity to 1.0
WARNING: Unpadded sequence not found in padded sequence for entry 289 (lang: en)
  Error: Unpadded sequence (len=60) not found as contiguous subsequence in padded sequence (len=60). First 10 unpadded: [1, 733, 16289, 28793, 9595, 302, 272, 2296, 349, 28748], padded: [2, 2, 2, 2, 2, 2, 2, 2, 2, 2, 2, 2, 2, 2, 2, 2, 2, 2, 2, 2, 2, 2, 2, 2, 2, 2, 2, 2, 2, 2, 2, 2, 2, 2, 2, 2, 2, 2, 2, 1, 733, 16289, 28793, 9595, 302, 272, 2296, 349, 28748, 492, 5457, 7334, 486, 19935, 1803, 16379, 617, 28804, 13, 13]
  Decoded unpadded text (227 chars):
    '<s> [INST] Which of the following is/are NOT caused by orbital resonance?\n\nPlease CONCISELY answer the question in English WITHOUT reasoning or explanation. [/INST]The correct answer is:\n\n2:3 periodic ratio of Neptune:Pluto</s>'
  Decoded padded text (231 chars):
    '</s></s></s></s></s></s></s></s></s></s></s></s></s></s></s></s></s></s></s></s></s></s></s></s></s></s></s></s></s></s></s></s></s></s></s></s></s></s></s><s> [INST] Which of the following is/are NOT caused by orbital resonance?\n\n'
  Setting perplexity to 1.0
WARNING: Unpadded sequence not found in padded sequence for entry 290 (lang: en)
  Error: Unpadded sequence (len=98) not found as contiguous subsequence in padded sequence (len=98). First 10 unpadded: [1, 733, 16289, 28793, 4315, 349, 378, 1654, 369, 272], padded: [2, 1, 733, 16289, 28793, 4315, 349, 378, 1654, 369, 272, 11259, 356, 15798, 4648, 739, 272, 9873, 3654, 871, 2967, 12485, 1834, 28804, 13, 13, 12069, 4192, 5726, 1151, 9880, 4372, 272, 2996, 297, 4300, 8292, 24685, 442, 13268, 28723, 733, 28748, 16289, 28793, 28755, 1168, 28742, 11259, 2268, 349, 11748, 298, 272, 4320, 302, 871, 12485, 1834, 1096, 378, 4670, 272, 13024, 5535, 298, 15039, 1753, 272, 9873, 28742, 28713, 13789, 28723, 1671, 264, 2967, 12485, 1834, 272, 13024, 5535, 27371, 1753, 1080, 302, 272, 13789, 11117, 17032, 272, 5344, 6186, 2030, 304, 22565, 15798, 1060]
  Decoded unpadded text (492 chars):
    "<s> [INST] Why is it thought that the climate on Mars changed when the planet lost its strong magnetic field?\n\nPlease CONCISELY answer the question in English WITHOUT reasoning or explanation. [/INST]Mars' climate change is linked to the loss of its magnetic field because it allowed the solar wind to strip away the planet's atmosphere. without a strong magnetic field the solar wind stripped away most of the atmosphere significantly reducing the greenhouse effect and cooling Mars down</s>"
  Decoded padded text (492 chars):
    "</s><s> [INST] Why is it thought that the climate on Mars changed when the planet lost its strong magnetic field?\n\nPlease CONCISELY answer the question in English WITHOUT reasoning or explanation. [/INST]Mars' climate change is linked to the loss of its magnetic field because it allowed the solar wind to strip away the planet's atmosphere. without a strong magnetic field the solar wind stripped away most of the atmosphere significantly reducing the greenhouse effect and cooling Mars down"
  Setting perplexity to 1.0
WARNING: Unpadded sequence not found in padded sequence for entry 290 (lang: en)
  Error: Unpadded sequence (len=98) not found as contiguous subsequence in padded sequence (len=98). First 10 unpadded: [1, 733, 16289, 28793, 4315, 349, 378, 1654, 369, 272], padded: [2, 1, 733, 16289, 28793, 4315, 349, 378, 1654, 369, 272, 11259, 356, 15798, 4648, 739, 272, 9873, 3654, 871, 2967, 12485, 1834, 28804, 13, 13, 12069, 4192, 5726, 1151, 9880, 4372, 272, 2996, 297, 4300, 8292, 24685, 442, 13268, 28723, 733, 28748, 16289, 28793, 28755, 1168, 28742, 11259, 2268, 349, 11748, 298, 272, 4320, 302, 871, 12485, 1834, 1096, 378, 4670, 272, 13024, 5535, 298, 15039, 1753, 272, 9873, 28742, 28713, 13789, 28723, 1671, 264, 2967, 12485, 1834, 272, 9873, 937, 412, 1855, 16130, 11226, 13938, 477, 272, 13024, 5535, 304, 6166, 349, 459, 26853, 390, 1188]
  Decoded unpadded text (473 chars):
    "<s> [INST] Why is it thought that the climate on Mars changed when the planet lost its strong magnetic field?\n\nPlease CONCISELY answer the question in English WITHOUT reasoning or explanation. [/INST]Mars' climate change is linked to the loss of its magnetic field because it allowed the solar wind to strip away the planet's atmosphere. without a strong magnetic field the planet recieves fewer charged particles from the solar wind and therefore is not heated as much</s>"
  Decoded padded text (473 chars):
    "</s><s> [INST] Why is it thought that the climate on Mars changed when the planet lost its strong magnetic field?\n\nPlease CONCISELY answer the question in English WITHOUT reasoning or explanation. [/INST]Mars' climate change is linked to the loss of its magnetic field because it allowed the solar wind to strip away the planet's atmosphere. without a strong magnetic field the planet recieves fewer charged particles from the solar wind and therefore is not heated as much"
  Setting perplexity to 1.0
WARNING: Unpadded sequence not found in padded sequence for entry 292 (lang: en)
  Error: Unpadded sequence (len=92) not found as contiguous subsequence in padded sequence (len=92). First 10 unpadded: [1, 733, 16289, 28793, 9116, 299, 1500, 442, 7669, 871], padded: [2, 2, 2, 2, 2, 2, 2, 1, 733, 16289, 28793, 9116, 299, 1500, 442, 7669, 871, 4376, 2327, 1012, 28705, 28740, 28734, 28734, 8599, 2202, 304, 6580, 1002, 297, 272, 430, 7844, 5007, 1401, 871, 11022, 395, 264, 21398, 397, 282, 1370, 302, 28705, 28740, 28734, 28734, 8599, 2202, 28723, 1602, 1043, 349, 264, 13024, 1370, 356, 9116, 299, 1500, 28804, 13, 13, 12069, 4192, 5726, 1151, 9880, 4372, 272, 2996, 297, 4300, 8292, 24685, 442, 13268, 28723, 733, 28748, 16289, 28793, 28741, 13024, 1370, 356, 9116, 299, 1500, 349, 684]
  Decoded unpadded text (332 chars):
    '<s> [INST] Planet X orbits its sun once every 100 Earth days and rotates in the prograde direction around its axis with a sidereal day of 100 Earth days. How long is a solar day on Planet X?\n\nPlease CONCISELY answer the question in English WITHOUT reasoning or explanation. [/INST]A solar day on Planet X is about 10 Earth days.</s>'
  Decoded padded text (341 chars):
    '</s></s></s></s></s></s></s><s> [INST] Planet X orbits its sun once every 100 Earth days and rotates in the prograde direction around its axis with a sidereal day of 100 Earth days. How long is a solar day on Planet X?\n\nPlease CONCISELY answer the question in English WITHOUT reasoning or explanation. [/INST]A solar day on Planet X is about'
  Setting perplexity to 1.0
Perplexity: Written 408/85610 entries to perplexity result file (batch 68/14269)
Processing batch 69/14269
WARNING: Unpadded sequence not found in padded sequence for entry 293 (lang: en)
  Error: Unpadded sequence (len=57) not found as contiguous subsequence in padded sequence (len=57). First 10 unpadded: [1, 733, 16289, 28793, 1684, 16071, 6120, 477, 272, 2969], padded: [2, 2, 2, 2, 2, 2, 2, 2, 2, 2, 2, 2, 2, 2, 2, 2, 2, 2, 2, 2, 2, 2, 2, 2, 2, 2, 2, 2, 2, 1, 733, 16289, 28793, 1684, 16071, 6120, 477, 272, 2969, 3543, 778, 6082, 368, 28809, 584, 1032, 272, 3964, 7383, 325, 5096, 17971, 28731, 2719, 583, 8320, 28723]
  Decoded unpadded text (234 chars):
    '<s> [INST] When traveling north from the United States into Canada you’ll see the North Star (Polaris) getting _________.\n\nPlease CONCISELY answer the question in English WITHOUT reasoning or explanation. [/INST]Higher in the sky.</s>'
  Decoded padded text (237 chars):
    '</s></s></s></s></s></s></s></s></s></s></s></s></s></s></s></s></s></s></s></s></s></s></s></s></s></s></s></s></s><s> [INST] When traveling north from the United States into Canada you’ll see the North Star (Polaris) getting _________.'
  Setting perplexity to 1.0
WARNING: Unpadded sequence not found in padded sequence for entry 293 (lang: en)
  Error: Unpadded sequence (len=55) not found as contiguous subsequence in padded sequence (len=55). First 10 unpadded: [1, 733, 16289, 28793, 1684, 16071, 6120, 477, 272, 2969], padded: [2, 2, 2, 2, 2, 2, 2, 2, 2, 2, 2, 2, 2, 2, 2, 2, 2, 2, 2, 2, 2, 2, 2, 2, 2, 2, 2, 2, 2, 2, 2, 1, 733, 16289, 28793, 1684, 16071, 6120, 477, 272, 2969, 3543, 778, 6082, 368, 28809, 584, 1032, 272, 3964, 7383, 325, 5096, 17971, 28731]
  Decoded unpadded text (233 chars):
    '<s> [INST] When traveling north from the United States into Canada you’ll see the North Star (Polaris) getting _________.\n\nPlease CONCISELY answer the question in English WITHOUT reasoning or explanation. [/INST]Lower in the sky.</s>'
  Decoded padded text (226 chars):
    '</s></s></s></s></s></s></s></s></s></s></s></s></s></s></s></s></s></s></s></s></s></s></s></s></s></s></s></s></s></s></s><s> [INST] When traveling north from the United States into Canada you’ll see the North Star (Polaris)'
  Setting perplexity to 1.0
WARNING: Unpadded sequence not found in padded sequence for entry 294 (lang: en)
  Error: Unpadded sequence (len=75) not found as contiguous subsequence in padded sequence (len=75). First 10 unpadded: [1, 733, 16289, 28793, 1684, 622, 272, 1679, 3014, 5088], padded: [2, 2, 2, 2, 2, 2, 2, 2, 2, 2, 2, 1, 733, 16289, 28793, 1684, 622, 272, 1679, 3014, 5088, 5264, 356, 8599, 28804, 13, 13, 12069, 4192, 5726, 1151, 9880, 4372, 272, 2996, 297, 4300, 8292, 24685, 442, 13268, 28723, 733, 28748, 16289, 28793, 1313, 349, 8313, 298, 6782, 272, 3459, 18597, 302, 272, 1679, 3014, 5088, 356, 8599, 2940, 298, 272, 521, 23077, 522, 4735, 302, 9645, 374, 505, 3926, 28723, 382]
  Decoded unpadded text (321 chars):
    '<s> [INST] When will the next major impact occur on Earth?\n\nPlease CONCISELY answer the question in English WITHOUT reasoning or explanation. [/INST]It is impossible to predict the exact timing of the next major impact on Earth due to the unpredictable nature of celestial events. Hundreds of millennia in the future.</s>'
  Decoded padded text (326 chars):
    '</s></s></s></s></s></s></s></s></s></s></s><s> [INST] When will the next major impact occur on Earth?\n\nPlease CONCISELY answer the question in English WITHOUT reasoning or explanation. [/INST]It is impossible to predict the exact timing of the next major impact on Earth due to the unpredictable nature of celestial events. H'
  Setting perplexity to 1.0
WARNING: Unpadded sequence not found in padded sequence for entry 295 (lang: en)
  Error: Unpadded sequence (len=64) not found as contiguous subsequence in padded sequence (len=64). First 10 unpadded: [1, 733, 16289, 28793, 1824, 684, 28693, 17653, 2870, 706], padded: [2, 2, 2, 2, 2, 2, 2, 2, 2, 2, 2, 2, 2, 2, 2, 2, 2, 2, 2, 2, 2, 2, 1, 733, 16289, 28793, 1824, 684, 28693, 17653, 2870, 706, 1876, 575, 297, 7212, 28254, 12869, 354, 706, 28804, 13, 13, 12069, 4192, 5726, 1151, 9880, 4372, 272, 2996, 297, 4300, 8292, 24685, 442, 13268, 28723, 733, 28748, 16289, 28793, 28741, 2406]
  Decoded unpadded text (301 chars):
    '<s> [INST] What about asteroids makes them stand out in sky surveys searching for them?\n\nPlease CONCISELY answer the question in English WITHOUT reasoning or explanation. [/INST]Asteroids in sky surveys typically stand out due to Asteroids have substantial motion relative to the background stars.</s>'
  Decoded padded text (271 chars):
    '</s></s></s></s></s></s></s></s></s></s></s></s></s></s></s></s></s></s></s></s></s></s><s> [INST] What about asteroids makes them stand out in sky surveys searching for them?\n\nPlease CONCISELY answer the question in English WITHOUT reasoning or explanation. [/INST]Aster'
  Setting perplexity to 1.0
WARNING: Unpadded sequence not found in padded sequence for entry 295 (lang: en)
  Error: Unpadded sequence (len=60) not found as contiguous subsequence in padded sequence (len=60). First 10 unpadded: [1, 733, 16289, 28793, 1824, 684, 28693, 17653, 2870, 706], padded: [2, 2, 2, 2, 2, 2, 2, 2, 2, 2, 2, 2, 2, 2, 2, 2, 2, 2, 2, 2, 2, 2, 2, 2, 2, 2, 1, 733, 16289, 28793, 1824, 684, 28693, 17653, 2870, 706, 1876, 575, 297, 7212, 28254, 12869, 354, 706, 28804, 13, 13, 12069, 4192, 5726, 1151, 9880, 4372, 272, 2996, 297, 4300, 8292, 24685, 442]
  Decoded unpadded text (266 chars):
    '<s> [INST] What about asteroids makes them stand out in sky surveys searching for them?\n\nPlease CONCISELY answer the question in English WITHOUT reasoning or explanation. [/INST]Asteroids in sky surveys typically stand out due to Asteroids emit pulsed radiation.</s>'
  Decoded padded text (261 chars):
    '</s></s></s></s></s></s></s></s></s></s></s></s></s></s></s></s></s></s></s></s></s></s></s></s></s></s><s> [INST] What about asteroids makes them stand out in sky surveys searching for them?\n\nPlease CONCISELY answer the question in English WITHOUT reasoning or'
  Setting perplexity to 1.0
Perplexity: Written 414/85610 entries to perplexity result file (batch 69/14269)
Processing batch 70/14269
WARNING: Unpadded sequence not found in padded sequence for entry 296 (lang: en)
  Error: Unpadded sequence (len=74) not found as contiguous subsequence in padded sequence (len=74). First 10 unpadded: [1, 733, 16289, 28793, 4315, 863, 272, 13024, 435, 28726], padded: [2, 2, 2, 2, 2, 2, 2, 2, 2, 2, 2, 2, 2, 2, 2, 2, 2, 2, 2, 2, 2, 2, 2, 2, 1, 733, 16289, 28793, 4315, 863, 272, 13024, 435, 28726, 3712, 6601, 582, 390, 378, 22431, 28804, 13, 13, 12069, 4192, 5726, 1151, 9880, 4372, 272, 2996, 297, 4300, 8292, 24685, 442, 13268, 28723, 733, 28748, 16289, 28793, 1014, 13024, 435, 28726, 3712, 26853, 582, 390, 378, 22431, 2940, 298]
  Decoded unpadded text (323 chars):
    '<s> [INST] Why did the solar nebula heat up as it collapsed?\n\nPlease CONCISELY answer the question in English WITHOUT reasoning or explanation. [/INST]The solar nebula heated up as it collapsed due to the conversion of gravitational potential energy into kinetic energy and then into thermal energy as the cloud shrank.</s>'
  Decoded padded text (296 chars):
    '</s></s></s></s></s></s></s></s></s></s></s></s></s></s></s></s></s></s></s></s></s></s></s></s><s> [INST] Why did the solar nebula heat up as it collapsed?\n\nPlease CONCISELY answer the question in English WITHOUT reasoning or explanation. [/INST]The solar nebula heated up as it collapsed due to'
  Setting perplexity to 1.0
WARNING: Unpadded sequence not found in padded sequence for entry 296 (lang: en)
  Error: Unpadded sequence (len=67) not found as contiguous subsequence in padded sequence (len=67). First 10 unpadded: [1, 733, 16289, 28793, 4315, 863, 272, 13024, 435, 28726], padded: [2, 2, 2, 2, 2, 2, 2, 2, 2, 2, 2, 2, 2, 2, 2, 2, 2, 2, 2, 2, 2, 2, 2, 2, 2, 2, 2, 2, 2, 2, 2, 1, 733, 16289, 28793, 4315, 863, 272, 13024, 435, 28726, 3712, 6601, 582, 390, 378, 22431, 28804, 13, 13, 12069, 4192, 5726, 1151, 9880, 4372, 272, 2996, 297, 4300, 8292, 24685, 442, 13268, 28723, 733, 28748]
  Decoded unpadded text (275 chars):
    '<s> [INST] Why did the solar nebula heat up as it collapsed?\n\nPlease CONCISELY answer the question in English WITHOUT reasoning or explanation. [/INST]The solar nebula heated up as it collapsed due to the collisions among planetesimals, which generated friction and heat.</s>'
  Decoded padded text (270 chars):
    '</s></s></s></s></s></s></s></s></s></s></s></s></s></s></s></s></s></s></s></s></s></s></s></s></s></s></s></s></s></s></s><s> [INST] Why did the solar nebula heat up as it collapsed?\n\nPlease CONCISELY answer the question in English WITHOUT reasoning or explanation. [/'
  Setting perplexity to 1.0
WARNING: Unpadded sequence not found in padded sequence for entry 297 (lang: en)
  Error: Unpadded sequence (len=86) not found as contiguous subsequence in padded sequence (len=86). First 10 unpadded: [1, 733, 16289, 28793, 995, 14631, 272, 9141, 12066, 302], padded: [2, 2, 2, 2, 2, 2, 2, 2, 2, 2, 2, 2, 1, 733, 16289, 28793, 995, 14631, 272, 9141, 12066, 302, 264, 4580, 16861, 1059, 264, 6945, 302, 5106, 15208, 2383, 5135, 28723, 13, 13, 12069, 4192, 5726, 1151, 9880, 4372, 272, 2996, 297, 4300, 8292, 24685, 442, 13268, 28723, 733, 28748, 16289, 28793, 1014, 4580, 28742, 28713, 9141, 12066, 682, 4305, 390, 272, 4580, 28809, 28713, 2687, 2680, 12066, 395, 26923, 4715, 2940, 298, 15208, 2383, 28725, 2940, 298, 272, 15967, 14932, 2030, 7334]
  Decoded unpadded text (388 chars):
    "<s> [INST] You observe the visible spectrum of a star viewed through a cloud of cool hydrogen gas.\n\nPlease CONCISELY answer the question in English WITHOUT reasoning or explanation. [/INST]The star's visible spectrum would appear as the star’s blackbody spectrum with absorption lines due to hydrogen, due to the Doppler effect caused by the motion of the star away from the observer.</s>"
  Decoded padded text (382 chars):
    "</s></s></s></s></s></s></s></s></s></s></s></s><s> [INST] You observe the visible spectrum of a star viewed through a cloud of cool hydrogen gas.\n\nPlease CONCISELY answer the question in English WITHOUT reasoning or explanation. [/INST]The star's visible spectrum would appear as the star’s blackbody spectrum with absorption lines due to hydrogen, due to the Doppler effect caused"
  Setting perplexity to 1.0
WARNING: Unpadded sequence not found in padded sequence for entry 297 (lang: en)
  Error: Unpadded sequence (len=79) not found as contiguous subsequence in padded sequence (len=79). First 10 unpadded: [1, 733, 16289, 28793, 995, 14631, 272, 9141, 12066, 302], padded: [2, 2, 2, 2, 2, 2, 2, 2, 2, 2, 2, 2, 2, 2, 2, 2, 2, 2, 2, 1, 733, 16289, 28793, 995, 14631, 272, 9141, 12066, 302, 264, 4580, 16861, 1059, 264, 6945, 302, 5106, 15208, 2383, 5135, 28723, 13, 13, 12069, 4192, 5726, 1151, 9880, 4372, 272, 2996, 297, 4300, 8292, 24685, 442, 13268, 28723, 733, 28748, 16289, 28793, 1014, 4580, 28742, 28713, 9141, 12066, 682, 4305, 390, 865, 17067, 4715, 17845, 302, 15208, 2383, 28725]
  Decoded unpadded text (367 chars):
    "<s> [INST] You observe the visible spectrum of a star viewed through a cloud of cool hydrogen gas.\n\nPlease CONCISELY answer the question in English WITHOUT reasoning or explanation. [/INST]The star's visible spectrum would appear as only emission lines characteristic of hydrogen, due to the Doppler effect caused by the motion of the star away from the observer.</s>"
  Decoded padded text (356 chars):
    "</s></s></s></s></s></s></s></s></s></s></s></s></s></s></s></s></s></s></s><s> [INST] You observe the visible spectrum of a star viewed through a cloud of cool hydrogen gas.\n\nPlease CONCISELY answer the question in English WITHOUT reasoning or explanation. [/INST]The star's visible spectrum would appear as only emission lines characteristic of hydrogen,"
  Setting perplexity to 1.0
WARNING: Unpadded sequence not found in padded sequence for entry 301 (lang: en)
  Error: Unpadded sequence (len=97) not found as contiguous subsequence in padded sequence (len=97). First 10 unpadded: [1, 733, 16289, 28793, 475, 23770, 28742, 28713, 19935, 1803], padded: [2, 1, 733, 16289, 28793, 475, 23770, 28742, 28713, 19935, 1803, 5328, 349, 15756, 28705, 28782, 27963, 28723, 1602, 1287, 2421, 1170, 8918, 682, 272, 7057, 506, 298, 347, 354, 15133, 298, 5556, 272, 1348, 13024, 15410, 369, 478, 5489, 5556, 356, 8599, 325, 28740, 28770, 28783, 28734, 28780, 28748, 28719, 28750, 11840, 13, 13, 12069, 4192, 5726, 1151, 9880, 4372, 272, 2996, 297, 4300, 8292, 24685, 442, 13268, 28723, 733, 28748, 16289, 28793, 1014, 7057, 682, 506, 298, 347, 684, 28705, 28750, 2421, 1170, 8918, 354, 15133, 298, 5556, 272, 1348, 13024, 15410, 390, 8599, 28723]
  Decoded unpadded text (386 chars):
    "<s> [INST] Jupiter's orbital distance is roughly 5 AU. How many times brighter would the Sun have to be for Europa to receive the same solar flux that we currently receive on Earth (1380W/m2)?\n\nPlease CONCISELY answer the question in English WITHOUT reasoning or explanation. [/INST]The Sun would have to be about 2 times brighter for Europa to receive the same solar flux as Earth.</s>"
  Decoded padded text (386 chars):
    "</s><s> [INST] Jupiter's orbital distance is roughly 5 AU. How many times brighter would the Sun have to be for Europa to receive the same solar flux that we currently receive on Earth (1380W/m2)?\n\nPlease CONCISELY answer the question in English WITHOUT reasoning or explanation. [/INST]The Sun would have to be about 2 times brighter for Europa to receive the same solar flux as Earth."
  Setting perplexity to 1.0
Perplexity: Written 420/85610 entries to perplexity result file (batch 70/14269)
Processing batch 71/14269
WARNING: Unpadded sequence not found in padded sequence for entry 304 (lang: en)
  Error: Unpadded sequence (len=128) not found as contiguous subsequence in padded sequence (len=128). First 10 unpadded: [1, 733, 16289, 28793, 330, 6830, 6635, 659, 264, 3042], padded: [2, 2, 1, 733, 16289, 28793, 330, 6830, 6635, 659, 264, 3042, 302, 28705, 28782, 8087, 304, 4336, 28705, 28782, 28734, 28759, 356, 8599, 28723, 1824, 349, 272, 3042, 304, 4336, 302, 456, 6830, 6635, 356, 264, 9873, 395, 2795, 272, 18428, 6731, 298, 8599, 28804, 13, 13, 12069, 4192, 5726, 1151, 9880, 4372, 272, 2996, 297, 4300, 8292, 24685, 442, 13268, 28723, 733, 28748, 16289, 28793, 1014, 3042, 302, 272, 6830, 6635, 356, 272, 9873, 395, 2795, 272, 18428, 682, 1309, 347, 28705, 28782, 8087, 28725, 390, 3042, 349, 264, 5957, 28723, 415, 4336, 682, 347, 28705, 28750, 28782, 28759, 28725, 390, 4336, 349, 13507, 486, 17669, 4089, 3042, 486, 272, 13057, 352, 2940, 298, 18428, 28725, 690, 349, 2795, 302, 8599, 28742, 28713, 356, 456, 9873]
  Decoded unpadded text (506 chars):
    "<s> [INST] A sand bag has a mass of 5kg and weight 50N on Earth. What is the mass and weight of this sand bag on a planet with half the gravity compared to Earth?\n\nPlease CONCISELY answer the question in English WITHOUT reasoning or explanation. [/INST]The mass of the sand bag on the planet with half the gravity would still be 5kg, as mass is a constant. The weight would be 25N, as weight is calculated by multiplying mass by the acceleration due to gravity, which is half of Earth's on this planet.</s>"
  Decoded padded text (509 chars):
    "</s></s><s> [INST] A sand bag has a mass of 5kg and weight 50N on Earth. What is the mass and weight of this sand bag on a planet with half the gravity compared to Earth?\n\nPlease CONCISELY answer the question in English WITHOUT reasoning or explanation. [/INST]The mass of the sand bag on the planet with half the gravity would still be 5kg, as mass is a constant. The weight would be 25N, as weight is calculated by multiplying mass by the acceleration due to gravity, which is half of Earth's on this planet"
  Setting perplexity to 1.0
WARNING: Unpadded sequence not found in padded sequence for entry 305 (lang: en)
  Error: Unpadded sequence (len=102) not found as contiguous subsequence in padded sequence (len=102). First 10 unpadded: [1, 733, 16289, 28793, 6926, 349, 272, 1439, 795, 477], padded: [2, 2, 2, 2, 2, 2, 2, 2, 2, 2, 2, 2, 2, 2, 2, 2, 2, 2, 2, 2, 2, 2, 2, 2, 2, 2, 2, 2, 1, 733, 16289, 28793, 6926, 349, 272, 1439, 795, 477, 272, 5088, 369, 349, 7761, 298, 347, 7332, 354, 272, 3042, 1568, 15012, 302, 6766, 5689, 1726, 28705, 28784, 28782, 3841, 1267, 3584, 28804, 13, 13, 12069, 4192, 5726, 1151, 9880, 4372, 272, 2996, 297, 4300, 8292, 24685, 442, 13268, 28723, 733, 28748, 16289, 28793, 1014, 689, 294, 28744, 353, 437, 1439, 795, 28725, 5651, 297, 272, 627, 1485, 23905, 9756, 27155, 297, 10242]
  Decoded unpadded text (412 chars):
    '<s> [INST] Where is the crater from the impact that is believed to be responsible for the mass extinction of dinosaurs 65 million years ago?\n\nPlease CONCISELY answer the question in English WITHOUT reasoning or explanation. [/INST]The Chicxulub crater, located in the Yucatan Peninsula in Mexico, is believed to be the site of the impact responsible for the mass extinction of dinosaurs 65 million years ago.</s>'
  Decoded padded text (407 chars):
    '</s></s></s></s></s></s></s></s></s></s></s></s></s></s></s></s></s></s></s></s></s></s></s></s></s></s></s></s><s> [INST] Where is the crater from the impact that is believed to be responsible for the mass extinction of dinosaurs 65 million years ago?\n\nPlease CONCISELY answer the question in English WITHOUT reasoning or explanation. [/INST]The Chicxulub crater, located in the Yucatan Peninsula in Mexico'
  Setting perplexity to 1.0
WARNING: Unpadded sequence not found in padded sequence for entry 305 (lang: en)
  Error: Unpadded sequence (len=97) not found as contiguous subsequence in padded sequence (len=97). First 10 unpadded: [1, 733, 16289, 28793, 6926, 349, 272, 1439, 795, 477], padded: [2, 2, 2, 2, 2, 2, 2, 2, 2, 2, 2, 2, 2, 2, 2, 2, 2, 2, 2, 2, 2, 2, 2, 2, 2, 2, 2, 2, 2, 2, 2, 2, 2, 1, 733, 16289, 28793, 6926, 349, 272, 1439, 795, 477, 272, 5088, 369, 349, 7761, 298, 347, 7332, 354, 272, 3042, 1568, 15012, 302, 6766, 5689, 1726, 28705, 28784, 28782, 3841, 1267, 3584, 28804, 13, 13, 12069, 4192, 5726, 1151, 9880, 4372, 272, 2996, 297, 4300, 8292, 24685, 442, 13268, 28723, 733, 28748, 16289, 28793, 1014, 689, 294, 28744, 353, 437, 1439, 795, 28725]
  Decoded unpadded text (398 chars):
    '<s> [INST] Where is the crater from the impact that is believed to be responsible for the mass extinction of dinosaurs 65 million years ago?\n\nPlease CONCISELY answer the question in English WITHOUT reasoning or explanation. [/INST]The Chicxulub crater, located in the Quebec Canada, is believed to be the site of the impact responsible for the mass extinction of dinosaurs 65 million years ago.</s>'
  Decoded padded text (384 chars):
    '</s></s></s></s></s></s></s></s></s></s></s></s></s></s></s></s></s></s></s></s></s></s></s></s></s></s></s></s></s></s></s></s></s><s> [INST] Where is the crater from the impact that is believed to be responsible for the mass extinction of dinosaurs 65 million years ago?\n\nPlease CONCISELY answer the question in English WITHOUT reasoning or explanation. [/INST]The Chicxulub crater,'
  Setting perplexity to 1.0
WARNING: Unpadded sequence not found in padded sequence for entry 306 (lang: en)
  Error: Unpadded sequence (len=75) not found as contiguous subsequence in padded sequence (len=75). First 10 unpadded: [1, 733, 16289, 28793, 560, 4518, 298, 272, 4331, 3030], padded: [2, 2, 2, 2, 2, 2, 2, 2, 2, 2, 2, 2, 2, 2, 2, 2, 2, 2, 2, 2, 2, 2, 2, 2, 2, 2, 2, 2, 2, 2, 2, 2, 2, 2, 2, 2, 2, 2, 2, 2, 2, 2, 2, 2, 2, 2, 2, 2, 2, 2, 2, 2, 2, 2, 2, 1, 733, 16289, 28793, 560, 4518, 298, 272, 4331, 3030, 354, 707, 13024, 317, 11458, 767, 1580, 835, 347, 1132]
  Decoded unpadded text (326 chars):
    "<s> [INST] In addition to the conditions required for any solar eclipse what must also be true in order for you to observe a total solar eclipse?\n\nPlease CONCISELY answer the question in English WITHOUT reasoning or explanation. [/INST]You must be located within the Moon's umbra must touch the area where you are located.</s>"
  Decoded padded text (314 chars):
    '</s></s></s></s></s></s></s></s></s></s></s></s></s></s></s></s></s></s></s></s></s></s></s></s></s></s></s></s></s></s></s></s></s></s></s></s></s></s></s></s></s></s></s></s></s></s></s></s></s></s></s></s></s></s></s><s> [INST] In addition to the conditions required for any solar eclipse what must also be true'
  Setting perplexity to 1.0
WARNING: Unpadded sequence not found in padded sequence for entry 306 (lang: en)
  Error: Unpadded sequence (len=73) not found as contiguous subsequence in padded sequence (len=73). First 10 unpadded: [1, 733, 16289, 28793, 560, 4518, 298, 272, 4331, 3030], padded: [2, 2, 2, 2, 2, 2, 2, 2, 2, 2, 2, 2, 2, 2, 2, 2, 2, 2, 2, 2, 2, 2, 2, 2, 2, 2, 2, 2, 2, 2, 2, 2, 2, 2, 2, 2, 2, 2, 2, 2, 2, 2, 2, 2, 2, 2, 2, 2, 2, 2, 2, 2, 2, 2, 2, 2, 2, 1, 733, 16289, 28793, 560, 4518, 298, 272, 4331, 3030, 354, 707, 13024, 317, 11458, 767]
  Decoded unpadded text (324 chars):
    "<s> [INST] In addition to the conditions required for any solar eclipse what must also be true in order for you to observe a total solar eclipse?\n\nPlease CONCISELY answer the question in English WITHOUT reasoning or explanation. [/INST]You must be located within the Earth must lie completely within the Moon's penumbra.</s>"
  Decoded padded text (304 chars):
    '</s></s></s></s></s></s></s></s></s></s></s></s></s></s></s></s></s></s></s></s></s></s></s></s></s></s></s></s></s></s></s></s></s></s></s></s></s></s></s></s></s></s></s></s></s></s></s></s></s></s></s></s></s></s></s></s></s><s> [INST] In addition to the conditions required for any solar eclipse what'
  Setting perplexity to 1.0
Perplexity: Written 426/85610 entries to perplexity result file (batch 71/14269)
Processing batch 72/14269
WARNING: Unpadded sequence not found in padded sequence for entry 307 (lang: en)
  Error: Unpadded sequence (len=88) not found as contiguous subsequence in padded sequence (len=88). First 10 unpadded: [1, 733, 16289, 28793, 1824, 2030, 442, 6092, 682, 347], padded: [2, 2, 2, 2, 2, 2, 2, 2, 2, 2, 2, 2, 2, 2, 2, 2, 2, 2, 2, 2, 2, 2, 2, 2, 2, 2, 2, 2, 2, 2, 2, 2, 2, 2, 2, 2, 2, 2, 2, 2, 2, 1, 733, 16289, 28793, 1824, 2030, 442, 6092, 682, 347, 1080, 5864, 513, 272, 14629, 28742, 28713, 19935, 1803, 8573, 654, 4668, 272, 1348, 390, 272, 317, 512, 14345, 294, 8573, 28804, 13, 13, 12069, 4192, 5726, 1151, 9880, 4372, 272, 2996, 297, 4300, 8292, 24685, 442]
  Decoded unpadded text (360 chars):
    "<s> [INST] What effect or effects would be most significant if the Moon's orbital plane were exactly the same as the ecliptic plane?\n\nPlease CONCISELY answer the question in English WITHOUT reasoning or explanation. [/INST]If the Moon's orbital plane were exactly the same as the ecliptic plane, we would observe solar eclipses would be much more frequent.</s>"
  Decoded padded text (366 chars):
    "</s></s></s></s></s></s></s></s></s></s></s></s></s></s></s></s></s></s></s></s></s></s></s></s></s></s></s></s></s></s></s></s></s></s></s></s></s></s></s></s></s><s> [INST] What effect or effects would be most significant if the Moon's orbital plane were exactly the same as the ecliptic plane?\n\nPlease CONCISELY answer the question in English WITHOUT reasoning or"
  Setting perplexity to 1.0
WARNING: Unpadded sequence not found in padded sequence for entry 307 (lang: en)
  Error: Unpadded sequence (len=88) not found as contiguous subsequence in padded sequence (len=88). First 10 unpadded: [1, 733, 16289, 28793, 1824, 2030, 442, 6092, 682, 347], padded: [2, 2, 2, 2, 2, 2, 2, 2, 2, 2, 2, 2, 2, 2, 2, 2, 2, 2, 2, 2, 2, 2, 2, 2, 2, 2, 2, 2, 2, 2, 2, 2, 2, 2, 2, 2, 2, 2, 2, 2, 2, 1, 733, 16289, 28793, 1824, 2030, 442, 6092, 682, 347, 1080, 5864, 513, 272, 14629, 28742, 28713, 19935, 1803, 8573, 654, 4668, 272, 1348, 390, 272, 317, 512, 14345, 294, 8573, 28804, 13, 13, 12069, 4192, 5726, 1151, 9880, 4372, 272, 2996, 297, 4300, 8292, 24685, 442]
  Decoded unpadded text (355 chars):
    "<s> [INST] What effect or effects would be most significant if the Moon's orbital plane were exactly the same as the ecliptic plane?\n\nPlease CONCISELY answer the question in English WITHOUT reasoning or explanation. [/INST]If the Moon's orbital plane were exactly the same as the ecliptic plane, we would observe solar eclipses would not last as long.</s>"
  Decoded padded text (366 chars):
    "</s></s></s></s></s></s></s></s></s></s></s></s></s></s></s></s></s></s></s></s></s></s></s></s></s></s></s></s></s></s></s></s></s></s></s></s></s></s></s></s></s><s> [INST] What effect or effects would be most significant if the Moon's orbital plane were exactly the same as the ecliptic plane?\n\nPlease CONCISELY answer the question in English WITHOUT reasoning or"
  Setting perplexity to 1.0
WARNING: Unpadded sequence not found in padded sequence for entry 308 (lang: en)
  Error: Unpadded sequence (len=127) not found as contiguous subsequence in padded sequence (len=127). First 10 unpadded: [1, 733, 16289, 28793, 1824, 1212, 302, 19308, 10110, 264], padded: [2, 2, 1, 733, 16289, 28793, 1824, 1212, 302, 19308, 10110, 264, 2687, 9697, 298, 683, 19845, 380, 754, 727, 28804, 13, 13, 12069, 4192, 5726, 1151, 9880, 4372, 272, 2996, 297, 4300, 8292, 24685, 442, 13268, 28723, 733, 28748, 16289, 28793, 28769, 1067, 8328, 19308, 28725, 5160, 1024, 3256, 294, 392, 12332, 9402, 8328, 28725, 349, 272, 18492, 5935, 369, 264, 2687, 9697, 541, 16670, 19308, 304, 17885, 6788, 3042, 754, 727, 28725, 6959, 5374, 298, 871, 683, 377, 9990, 28723, 851, 19308, 349, 264, 1204, 302, 10915, 6092, 3065, 272, 1951, 18259, 302, 272, 2687, 9697, 28725, 970, 14988, 28733, 440, 508, 15461, 12690, 460, 3859, 304, 14700, 28725, 395, 624, 10931, 778, 272, 2687, 9697, 304, 272, 799, 3431, 13887, 390, 9402, 8328, 19308]
  Decoded unpadded text (598 chars):
    '<s> [INST] What type of radiation causes a black hole to evaporate over time?\n\nPlease CONCISELY answer the question in English WITHOUT reasoning or explanation. [/INST]Hawking radiation, named after physicist Stephen Hawking, is the theoretical concept that a black hole can emit radiation and gradually lose mass over time, eventually leading to its evaporation. This radiation is a result of quantum effects near the event horizon of the black hole, where particle-antiparticle pairs are created and separated, with one falling into the black hole and the other escaping as Hawking radiation.</s>'
  Decoded padded text (601 chars):
    '</s></s><s> [INST] What type of radiation causes a black hole to evaporate over time?\n\nPlease CONCISELY answer the question in English WITHOUT reasoning or explanation. [/INST]Hawking radiation, named after physicist Stephen Hawking, is the theoretical concept that a black hole can emit radiation and gradually lose mass over time, eventually leading to its evaporation. This radiation is a result of quantum effects near the event horizon of the black hole, where particle-antiparticle pairs are created and separated, with one falling into the black hole and the other escaping as Hawking radiation'
  Setting perplexity to 1.0
WARNING: Unpadded sequence not found in padded sequence for entry 309 (lang: en)
  Error: Unpadded sequence (len=55) not found as contiguous subsequence in padded sequence (len=55). First 10 unpadded: [1, 733, 16289, 28793, 20047, 5152, 1999, 910, 2082, 1753], padded: [2, 2, 2, 2, 2, 2, 2, 2, 2, 2, 2, 2, 2, 2, 2, 2, 2, 2, 2, 2, 2, 2, 2, 2, 2, 2, 2, 2, 2, 2, 2, 2, 2, 2, 2, 2, 2, 2, 2, 2, 2, 2, 2, 2, 2, 2, 2, 2, 2, 2, 2, 2, 2, 2, 2]
  Decoded unpadded text (224 chars):
    '<s> [INST] Approximately how far away is the Andromeda Galaxy?\n\nPlease CONCISELY answer the question in English WITHOUT reasoning or explanation. [/INST]The Andromeda Galaxy is approximately 2.5 million light years away.</s>'
  Decoded padded text (220 chars):
    '</s></s></s></s></s></s></s></s></s></s></s></s></s></s></s></s></s></s></s></s></s></s></s></s></s></s></s></s></s></s></s></s></s></s></s></s></s></s></s></s></s></s></s></s></s></s></s></s></s></s></s></s></s></s></s>'
  Setting perplexity to 1.0
WARNING: Unpadded sequence not found in padded sequence for entry 309 (lang: en)
  Error: Unpadded sequence (len=55) not found as contiguous subsequence in padded sequence (len=55). First 10 unpadded: [1, 733, 16289, 28793, 20047, 5152, 1999, 910, 2082, 1753], padded: [2, 2, 2, 2, 2, 2, 2, 2, 2, 2, 2, 2, 2, 2, 2, 2, 2, 2, 2, 2, 2, 2, 2, 2, 2, 2, 2, 2, 2, 2, 2, 2, 2, 2, 2, 2, 2, 2, 2, 2, 2, 2, 2, 2, 2, 2, 2, 2, 2, 2, 2, 2, 2, 2, 2]
  Decoded unpadded text (224 chars):
    '<s> [INST] Approximately how far away is the Andromeda Galaxy?\n\nPlease CONCISELY answer the question in English WITHOUT reasoning or explanation. [/INST]The Andromeda Galaxy is approximately 3.2 million light years away.</s>'
  Decoded padded text (220 chars):
    '</s></s></s></s></s></s></s></s></s></s></s></s></s></s></s></s></s></s></s></s></s></s></s></s></s></s></s></s></s></s></s></s></s></s></s></s></s></s></s></s></s></s></s></s></s></s></s></s></s></s></s></s></s></s></s>'
  Setting perplexity to 1.0
Perplexity: Written 432/85610 entries to perplexity result file (batch 72/14269)
Processing batch 73/14269
WARNING: Unpadded sequence not found in padded sequence for entry 310 (lang: en)
  Error: Unpadded sequence (len=81) not found as contiguous subsequence in padded sequence (len=81). First 10 unpadded: [1, 733, 16289, 28793, 9595, 3687, 2170, 10821, 1080, 312], padded: [2, 2, 2, 2, 2, 2, 2, 2, 1, 733, 16289, 28793, 9595, 3687, 2170, 10821, 1080, 312, 11820, 272, 3298, 14014, 271, 302, 544, 1411, 4771, 298, 19869, 8260, 28804, 13, 13, 12069, 4192, 5726, 1151, 9880, 4372, 272, 2996, 297, 4300, 8292, 24685, 442, 13268, 28723, 733, 28748, 16289, 28793, 1014, 3687, 2170, 10821, 369, 1080, 312, 11820, 272, 3298, 14014, 271, 302, 544, 1411, 4771, 298, 19869, 8260, 460, 549, 978, 1158, 369, 938, 22950, 390, 396, 3408]
  Decoded unpadded text (379 chars):
    '<s> [INST] Which living organisms most resemble the common ancestor of all life according to genetic testing?\n\nPlease CONCISELY answer the question in English WITHOUT reasoning or explanation. [/INST]The living organisms that most resemble the common ancestor of all life according to genetic testing are plankton that use sunlight as an energy source through photosynthesis.</s>'
  Decoded padded text (376 chars):
    '</s></s></s></s></s></s></s></s><s> [INST] Which living organisms most resemble the common ancestor of all life according to genetic testing?\n\nPlease CONCISELY answer the question in English WITHOUT reasoning or explanation. [/INST]The living organisms that most resemble the common ancestor of all life according to genetic testing are plankton that use sunlight as an energy'
  Setting perplexity to 1.0
WARNING: Unpadded sequence not found in padded sequence for entry 311 (lang: en)
  Error: Unpadded sequence (len=85) not found as contiguous subsequence in padded sequence (len=85). First 10 unpadded: [1, 733, 16289, 28793, 1602, 863, 2852, 270, 504, 540], padded: [2, 2, 2, 2, 1, 733, 16289, 28793, 1602, 863, 2852, 270, 504, 540, 274, 11679, 272, 1669, 302, 272, 8599, 297, 28705, 28750, 28781, 28734, 365, 28723, 28743, 28723, 28804, 13, 13, 12069, 4192, 5726, 1151, 9880, 4372, 272, 2996, 297, 4300, 8292, 24685, 442, 13268, 28723, 733, 28748, 16289, 28793, 28749, 5308, 504, 540, 274, 11909, 272, 8599, 28742, 28713, 1669, 486, 24580, 272, 7228, 5054, 4484, 302, 272, 7057, 297, 989, 9245, 438, 1581, 4039, 15787, 438, 272, 1348, 727, 356, 272]
  Decoded unpadded text (325 chars):
    "<s> [INST] How did Eratosthenes estimate the size of the Earth in 240 B.C.?\n\nPlease CONCISELY answer the question in English WITHOUT reasoning or explanation. [/INST]Eratosthenes estimated the Earth's size by measuring the maximum altitude of the Sun in two cities at different latitudes at the same time on the same day.</s>"
  Decoded padded text (327 chars):
    "</s></s></s></s><s> [INST] How did Eratosthenes estimate the size of the Earth in 240 B.C.?\n\nPlease CONCISELY answer the question in English WITHOUT reasoning or explanation. [/INST]Eratosthenes estimated the Earth's size by measuring the maximum altitude of the Sun in two cities at different latitudes at the same time on the"
  Setting perplexity to 1.0
WARNING: Unpadded sequence not found in padded sequence for entry 311 (lang: en)
  Error: Unpadded sequence (len=79) not found as contiguous subsequence in padded sequence (len=79). First 10 unpadded: [1, 733, 16289, 28793, 1602, 863, 2852, 270, 504, 540], padded: [2, 2, 2, 2, 2, 2, 2, 2, 2, 2, 1, 733, 16289, 28793, 1602, 863, 2852, 270, 504, 540, 274, 11679, 272, 1669, 302, 272, 8599, 297, 28705, 28750, 28781, 28734, 365, 28723, 28743, 28723, 28804, 13, 13, 12069, 4192, 5726, 1151, 9880, 4372, 272, 2996, 297, 4300, 8292, 24685, 442, 13268, 28723, 733, 28748, 16289, 28793, 28749, 5308, 504, 540, 274, 11909, 272, 8599, 28742, 28713, 1669, 486, 24580, 272, 1669, 302, 8599, 28742, 28713, 10504, 356]
  Decoded unpadded text (285 chars):
    "<s> [INST] How did Eratosthenes estimate the size of the Earth in 240 B.C.?\n\nPlease CONCISELY answer the question in English WITHOUT reasoning or explanation. [/INST]Eratosthenes estimated the Earth's size by measuring the size of Earth's shadow on the Moon during a lunar eclipse.</s>"
  Decoded padded text (288 chars):
    "</s></s></s></s></s></s></s></s></s></s><s> [INST] How did Eratosthenes estimate the size of the Earth in 240 B.C.?\n\nPlease CONCISELY answer the question in English WITHOUT reasoning or explanation. [/INST]Eratosthenes estimated the Earth's size by measuring the size of Earth's shadow on"
  Setting perplexity to 1.0
WARNING: Unpadded sequence not found in padded sequence for entry 313 (lang: en)
  Error: Unpadded sequence (len=78) not found as contiguous subsequence in padded sequence (len=78). First 10 unpadded: [1, 733, 16289, 28793, 1641, 8487, 28742, 28713, 7625, 5256], padded: [2, 2, 2, 2, 2, 2, 2, 2, 2, 2, 2, 1, 733, 16289, 28793, 1641, 8487, 28742, 28713, 7625, 5256, 325, 28845, 28781, 28734, 524, 28731, 5439, 349, 15021, 302, 28747, 13, 13, 12069, 4192, 5726, 1151, 9880, 4372, 272, 2996, 297, 4300, 8292, 24685, 442, 13268, 28723, 733, 28748, 16289, 28793, 2249, 8487, 28742, 28713, 5439, 349, 13395, 15021, 302, 22292, 25502, 28725, 24992, 1564, 28725, 304, 13654, 1326, 1142, 547, 28705, 1214, 690, 1083, 2788]
  Decoded unpadded text (296 chars):
    "<s> [INST] Pluto's extremely cold (~40 K) surface is composed of:\n\nPlease CONCISELY answer the question in English WITHOUT reasoning or explanation. [/INST]Pluto's surface is primarily composed of nitrogen, methane, and carbon monoxide ices which sublimate into an atmosphere near perihelion.</s>"
  Decoded padded text (297 chars):
    "</s></s></s></s></s></s></s></s></s></s></s><s> [INST] Pluto's extremely cold (~40 K) surface is composed of:\n\nPlease CONCISELY answer the question in English WITHOUT reasoning or explanation. [/INST]Pluto's surface is primarily composed of nitrogen, methane, and carbon monoxide ices which sublim"
  Setting perplexity to 1.0
WARNING: Unpadded sequence not found in padded sequence for entry 313 (lang: en)
  Error: Unpadded sequence (len=70) not found as contiguous subsequence in padded sequence (len=70). First 10 unpadded: [1, 733, 16289, 28793, 1641, 8487, 28742, 28713, 7625, 5256], padded: [2, 2, 2, 2, 2, 2, 2, 2, 2, 2, 2, 2, 2, 2, 2, 2, 2, 2, 2, 1, 733, 16289, 28793, 1641, 8487, 28742, 28713, 7625, 5256, 325, 28845, 28781, 28734, 524, 28731, 5439, 349, 15021, 302, 28747, 13, 13, 12069, 4192, 5726, 1151, 9880, 4372, 272, 2996, 297, 4300, 8292, 24685, 442, 13268, 28723, 733, 28748, 16289, 28793, 2249, 8487, 28742, 28713, 5439, 349, 13395, 15021, 302]
  Decoded unpadded text (272 chars):
    "<s> [INST] Pluto's extremely cold (~40 K) surface is composed of:\n\nPlease CONCISELY answer the question in English WITHOUT reasoning or explanation. [/INST]Pluto's surface is primarily composed of nitrogen, methane, and carbon monoxide ices which always remain frozen.</s>"
  Decoded padded text (272 chars):
    "</s></s></s></s></s></s></s></s></s></s></s></s></s></s></s></s></s></s></s><s> [INST] Pluto's extremely cold (~40 K) surface is composed of:\n\nPlease CONCISELY answer the question in English WITHOUT reasoning or explanation. [/INST]Pluto's surface is primarily composed of"
  Setting perplexity to 1.0
Perplexity: Written 438/85610 entries to perplexity result file (batch 73/14269)
Processing batch 74/14269
WARNING: Unpadded sequence not found in padded sequence for entry 317 (lang: en)
  Error: Unpadded sequence (len=84) not found as contiguous subsequence in padded sequence (len=84). First 10 unpadded: [1, 733, 16289, 28793, 8599, 659, 750, 17885, 1496, 4082], padded: [2, 2, 2, 2, 2, 2, 2, 2, 2, 2, 2, 2, 2, 2, 2, 2, 2, 2, 2, 2, 2, 2, 2, 2, 2, 2, 2, 2, 2, 2, 2, 2, 2, 2, 2, 2, 2, 2, 2, 2, 2, 2, 2, 2, 2, 2, 2, 2, 2, 2, 2, 2, 2, 2, 2, 2, 2, 2, 2, 2, 2, 1, 733, 16289, 28793, 8599, 659, 750, 17885, 1496, 4082, 754, 272, 2609, 1664, 10073, 28723, 17158, 356, 264, 1598, 3215, 302, 5566]
  Decoded unpadded text (404 chars):
    "<s> [INST] Earth has been gradually warming over the past few decades. Based on a great deal of evidence scientists conclude that this warming is caused by ________.\n\nPlease CONCISELY answer the question in English WITHOUT reasoning or explanation. [/INST]Human activities, particularly the emission of human activities that are increasing the concentration of greenhouse gases in Earth's atmosphere.</s>"
  Decoded padded text (348 chars):
    '</s></s></s></s></s></s></s></s></s></s></s></s></s></s></s></s></s></s></s></s></s></s></s></s></s></s></s></s></s></s></s></s></s></s></s></s></s></s></s></s></s></s></s></s></s></s></s></s></s></s></s></s></s></s></s></s></s></s></s></s></s><s> [INST] Earth has been gradually warming over the past few decades. Based on a great deal of evidence'
  Setting perplexity to 1.0
WARNING: Unpadded sequence not found in padded sequence for entry 317 (lang: en)
  Error: Unpadded sequence (len=79) not found as contiguous subsequence in padded sequence (len=79). First 10 unpadded: [1, 733, 16289, 28793, 8599, 659, 750, 17885, 1496, 4082], padded: [2, 2, 2, 2, 2, 2, 2, 2, 2, 2, 2, 2, 2, 2, 2, 2, 2, 2, 2, 2, 2, 2, 2, 2, 2, 2, 2, 2, 2, 2, 2, 2, 2, 2, 2, 2, 2, 2, 2, 2, 2, 2, 2, 2, 2, 2, 2, 2, 2, 2, 2, 2, 2, 2, 2, 2, 2, 2, 2, 2, 2, 2, 2, 2, 2, 2, 1, 733, 16289, 28793, 8599, 659, 750, 17885, 1496, 4082, 754, 272, 2609]
  Decoded unpadded text (360 chars):
    '<s> [INST] Earth has been gradually warming over the past few decades. Based on a great deal of evidence scientists conclude that this warming is caused by ________.\n\nPlease CONCISELY answer the question in English WITHOUT reasoning or explanation. [/INST]Human activities, particularly the emission of the fact that our politicians spout a lot of hot air.</s>'
  Decoded padded text (321 chars):
    '</s></s></s></s></s></s></s></s></s></s></s></s></s></s></s></s></s></s></s></s></s></s></s></s></s></s></s></s></s></s></s></s></s></s></s></s></s></s></s></s></s></s></s></s></s></s></s></s></s></s></s></s></s></s></s></s></s></s></s></s></s></s></s></s></s></s><s> [INST] Earth has been gradually warming over the past'
  Setting perplexity to 1.0
WARNING: Unpadded sequence not found in padded sequence for entry 318 (lang: en)
  Error: Unpadded sequence (len=144) not found as contiguous subsequence in padded sequence (len=144). First 10 unpadded: [1, 733, 16289, 28793, 1602, 511, 15067, 873, 369, 272], padded: [2, 1, 733, 16289, 28793, 1602, 511, 15067, 873, 369, 272, 7757, 302, 1424, 28706, 271, 3387, 1567, 477, 272, 28693, 806, 14857, 28804, 13, 13, 12069, 4192, 5726, 1151, 9880, 4372, 272, 2996, 297, 4300, 8292, 24685, 442, 13268, 28723, 733, 28748, 16289, 28793, 3224, 722, 1583, 7655, 272, 5016, 302, 1424, 28706, 271, 3387, 1059, 10845, 304, 349, 322, 22773, 5643, 28725, 690, 21579, 652, 15460, 304, 3595, 28723, 6025, 1424, 28706, 271, 3387, 506, 272, 28693, 806, 14857, 349, 272, 865, 2572, 2832, 302, 1424, 28706, 271, 3387, 6166, 590, 1580, 2172, 4296, 736, 28725, 304, 16893, 14840, 7649, 4370, 369, 590, 8723, 1401, 272, 1348, 727, 390, 272, 13024, 1587, 28723, 16569, 28725, 272, 442, 7669, 302, 741, 1424, 28706, 271, 3387, 541, 347, 467, 2701, 852, 298, 272, 28693, 806, 14857, 28725, 7501, 3629, 5566, 302, 652, 5016, 28723]
  Decoded unpadded text (650 chars):
    '<s> [INST] How do scientists know that the majority of meteorites come from the asteroid belt?\n\nPlease CONCISELY answer the question in English WITHOUT reasoning or explanation. [/INST]Scientists determine the origin of meteorites through chemical and isotopic analysis, which reveals their composition and age. Many meteorites have the asteroid belt is the only possible source of meteorites therefore they must originate there, and radiometric dating shows that they formed around the same time as the solar system. Additionally, the orbits of some meteorites can be traced back to the asteroid belt, providing further evidence of their origin.</s>'
  Decoded padded text (650 chars):
    '</s><s> [INST] How do scientists know that the majority of meteorites come from the asteroid belt?\n\nPlease CONCISELY answer the question in English WITHOUT reasoning or explanation. [/INST]Scientists determine the origin of meteorites through chemical and isotopic analysis, which reveals their composition and age. Many meteorites have the asteroid belt is the only possible source of meteorites therefore they must originate there, and radiometric dating shows that they formed around the same time as the solar system. Additionally, the orbits of some meteorites can be traced back to the asteroid belt, providing further evidence of their origin.'
  Setting perplexity to 1.0
WARNING: Unpadded sequence not found in padded sequence for entry 319 (lang: en)
  Error: Unpadded sequence (len=75) not found as contiguous subsequence in padded sequence (len=75). First 10 unpadded: [1, 733, 16289, 28793, 9595, 6999, 268, 1080, 2278, 297], padded: [2, 2, 2, 2, 2, 2, 2, 2, 2, 2, 2, 2, 2, 2, 2, 2, 2, 2, 2, 2, 2, 2, 2, 2, 2, 2, 2, 2, 2, 2, 2, 2, 2, 2, 2, 2, 2, 2, 2, 2, 2, 2, 2, 2, 2, 2, 2, 2, 2, 2, 2, 2, 2, 2, 2, 2, 2, 2, 2, 2, 2, 2, 2, 2, 2, 2, 2, 2, 2, 2, 1, 733, 16289, 28793, 9595]
  Decoded unpadded text (319 chars):
    '<s> [INST] Which factor s most important in determining the history of volanism and tectonism on a planet?\n\nPlease CONCISELY answer the question in English WITHOUT reasoning or explanation. [/INST]The most important factor in determining the history of volcanism and tectonism on a planet is its size of the planet.</s>'
  Decoded padded text (296 chars):
    '</s></s></s></s></s></s></s></s></s></s></s></s></s></s></s></s></s></s></s></s></s></s></s></s></s></s></s></s></s></s></s></s></s></s></s></s></s></s></s></s></s></s></s></s></s></s></s></s></s></s></s></s></s></s></s></s></s></s></s></s></s></s></s></s></s></s></s></s></s></s><s> [INST] Which'
  Setting perplexity to 1.0
WARNING: Unpadded sequence not found in padded sequence for entry 319 (lang: en)
  Error: Unpadded sequence (len=75) not found as contiguous subsequence in padded sequence (len=75). First 10 unpadded: [1, 733, 16289, 28793, 9595, 6999, 268, 1080, 2278, 297], padded: [2, 2, 2, 2, 2, 2, 2, 2, 2, 2, 2, 2, 2, 2, 2, 2, 2, 2, 2, 2, 2, 2, 2, 2, 2, 2, 2, 2, 2, 2, 2, 2, 2, 2, 2, 2, 2, 2, 2, 2, 2, 2, 2, 2, 2, 2, 2, 2, 2, 2, 2, 2, 2, 2, 2, 2, 2, 2, 2, 2, 2, 2, 2, 2, 2, 2, 2, 2, 2, 2, 1, 733, 16289, 28793, 9595]
  Decoded unpadded text (326 chars):
    '<s> [INST] Which factor s most important in determining the history of volanism and tectonism on a planet?\n\nPlease CONCISELY answer the question in English WITHOUT reasoning or explanation. [/INST]The most important factor in determining the history of volcanism and tectonism on a planet is its presence of an atmosphere.</s>'
  Decoded padded text (296 chars):
    '</s></s></s></s></s></s></s></s></s></s></s></s></s></s></s></s></s></s></s></s></s></s></s></s></s></s></s></s></s></s></s></s></s></s></s></s></s></s></s></s></s></s></s></s></s></s></s></s></s></s></s></s></s></s></s></s></s></s></s></s></s></s></s></s></s></s></s></s></s></s><s> [INST] Which'
  Setting perplexity to 1.0
Perplexity: Written 444/85610 entries to perplexity result file (batch 74/14269)
Processing batch 75/14269
WARNING: Unpadded sequence not found in padded sequence for entry 320 (lang: en)
  Error: Unpadded sequence (len=106) not found as contiguous subsequence in padded sequence (len=106). First 10 unpadded: [1, 733, 16289, 28793, 415, 27486, 745, 5028, 940, 3249], padded: [2, 2, 2, 2, 2, 2, 2, 2, 2, 2, 2, 2, 2, 2, 2, 2, 2, 2, 2, 2, 2, 2, 2, 2, 2, 2, 2, 2, 2, 1, 733, 16289, 28793, 415, 27486, 745, 5028, 940, 3249, 325, 3280, 28731, 8928, 264, 13040, 3905, 297, 15311, 15631, 28723, 2387, 940, 3249, 349, 6530, 298, 684, 28705, 28770, 28723, 28750, 28784, 2061, 28733, 4395, 28713, 28723, 1602, 349, 624, 940, 3249, 4057, 297, 15311, 15631, 28804, 13, 13, 12069, 4192, 5726, 1151, 9880, 4372, 272, 2996, 297, 4300, 8292, 24685, 442, 13268, 28723, 733, 28748, 16289, 28793, 1014, 7526, 302, 264, 940, 3249, 349, 5328]
  Decoded unpadded text (412 chars):
    '<s> [INST] The astronomical unit parsec (pc) plays a crucial role in astronomy. One parsec is equal to about 3.26 light-years. How is one parsec defined in astronomy?\n\nPlease CONCISELY answer the question in English WITHOUT reasoning or explanation. [/INST]The definition of a parsec is distance at which one astronomical unit measures one arcsecond from Earth, which is equivalent to about 3.26 light-years.</s>'
  Decoded padded text (411 chars):
    '</s></s></s></s></s></s></s></s></s></s></s></s></s></s></s></s></s></s></s></s></s></s></s></s></s></s></s></s></s><s> [INST] The astronomical unit parsec (pc) plays a crucial role in astronomy. One parsec is equal to about 3.26 light-years. How is one parsec defined in astronomy?\n\nPlease CONCISELY answer the question in English WITHOUT reasoning or explanation. [/INST]The definition of a parsec is distance'
  Setting perplexity to 1.0
WARNING: Unpadded sequence not found in padded sequence for entry 320 (lang: en)
  Error: Unpadded sequence (len=111) not found as contiguous subsequence in padded sequence (len=111). First 10 unpadded: [1, 733, 16289, 28793, 415, 27486, 745, 5028, 940, 3249], padded: [2, 2, 2, 2, 2, 2, 2, 2, 2, 2, 2, 2, 2, 2, 2, 2, 2, 2, 2, 2, 2, 2, 2, 2, 1, 733, 16289, 28793, 415, 27486, 745, 5028, 940, 3249, 325, 3280, 28731, 8928, 264, 13040, 3905, 297, 15311, 15631, 28723, 2387, 940, 3249, 349, 6530, 298, 684, 28705, 28770, 28723, 28750, 28784, 2061, 28733, 4395, 28713, 28723, 1602, 349, 624, 940, 3249, 4057, 297, 15311, 15631, 28804, 13, 13, 12069, 4192, 5726, 1151, 9880, 4372, 272, 2996, 297, 4300, 8292, 24685, 442, 13268, 28723, 733, 28748, 16289, 28793, 1014, 7526, 302, 264, 940, 3249, 349, 19935, 1803, 5328, 302, 272, 13024, 1587, 1401, 272, 4982, 302]
  Decoded unpadded text (422 chars):
    '<s> [INST] The astronomical unit parsec (pc) plays a crucial role in astronomy. One parsec is equal to about 3.26 light-years. How is one parsec defined in astronomy?\n\nPlease CONCISELY answer the question in English WITHOUT reasoning or explanation. [/INST]The definition of a parsec is orbital distance of the solar system around the center of the Milky Way in one year, which is equivalent to about 3.26 light-years.</s>'
  Decoded padded text (440 chars):
    '</s></s></s></s></s></s></s></s></s></s></s></s></s></s></s></s></s></s></s></s></s></s></s></s><s> [INST] The astronomical unit parsec (pc) plays a crucial role in astronomy. One parsec is equal to about 3.26 light-years. How is one parsec defined in astronomy?\n\nPlease CONCISELY answer the question in English WITHOUT reasoning or explanation. [/INST]The definition of a parsec is orbital distance of the solar system around the center of'
  Setting perplexity to 1.0
WARNING: Unpadded sequence not found in padded sequence for entry 321 (lang: en)
  Error: Unpadded sequence (len=105) not found as contiguous subsequence in padded sequence (len=105). First 10 unpadded: [1, 733, 16289, 28793, 415, 1850, 1609, 25718, 2452, 666], padded: [2, 2, 2, 2, 2, 2, 2, 2, 2, 2, 2, 2, 2, 2, 2, 2, 2, 2, 2, 2, 2, 2, 2, 2, 2, 2, 2, 2, 2, 2, 1, 733, 16289, 28793, 415, 1850, 1609, 25718, 2452, 666, 13630, 4312, 13966, 5508, 302, 3850, 13, 13, 12069, 4192, 5726, 1151, 9880, 4372, 272, 2996, 297, 4300, 8292, 24685, 442, 13268, 28723, 733, 28748, 16289, 28793, 15060, 15130, 28723, 415, 1609, 25718, 2452, 666, 13630, 349, 272, 13630, 302, 264, 21517, 1259, 369, 28725, 513, 544, 272, 3042, 302, 396, 1928, 654, 298, 347, 623, 10025, 2373, 369, 21517, 28725, 272, 8957, 13469, 477]
  Decoded unpadded text (478 chars):
    '<s> [INST] The term Schwarzschild radius usually describes properties of ...\n\nPlease CONCISELY answer the question in English WITHOUT reasoning or explanation. [/INST]Black holes. The Schwarzschild radius is the radius of a sphere such that, if all the mass of an object were to be compressed within that sphere, the escape velocity from the surface of the sphere would equal the speed of light. Objects with a radius smaller than their Schwarzschild radius are black holes.</s>'
  Decoded padded text (457 chars):
    '</s></s></s></s></s></s></s></s></s></s></s></s></s></s></s></s></s></s></s></s></s></s></s></s></s></s></s></s></s></s><s> [INST] The term Schwarzschild radius usually describes properties of ...\n\nPlease CONCISELY answer the question in English WITHOUT reasoning or explanation. [/INST]Black holes. The Schwarzschild radius is the radius of a sphere such that, if all the mass of an object were to be compressed within that sphere, the escape velocity from'
  Setting perplexity to 1.0
WARNING: Unpadded sequence not found in padded sequence for entry 321 (lang: en)
  Error: Unpadded sequence (len=107) not found as contiguous subsequence in padded sequence (len=107). First 10 unpadded: [1, 733, 16289, 28793, 415, 1850, 1609, 25718, 2452, 666], padded: [2, 2, 2, 2, 2, 2, 2, 2, 2, 2, 2, 2, 2, 2, 2, 2, 2, 2, 2, 2, 2, 2, 2, 2, 2, 2, 2, 2, 1, 733, 16289, 28793, 415, 1850, 1609, 25718, 2452, 666, 13630, 4312, 13966, 5508, 302, 3850, 13, 13, 12069, 4192, 5726, 1151, 9880, 4372, 272, 2996, 297, 4300, 8292, 24685, 442, 13268, 28723, 733, 28748, 16289, 28793, 28777, 282, 897, 497, 28723, 415, 1609, 25718, 2452, 666, 13630, 349, 272, 13630, 302, 264, 21517, 1259, 369, 28725, 513, 544, 272, 3042, 302, 396, 1928, 654, 298, 347, 623, 10025, 2373, 369, 21517, 28725, 272, 8957, 13469, 477, 272, 5439]
  Decoded unpadded text (475 chars):
    '<s> [INST] The term Schwarzschild radius usually describes properties of ...\n\nPlease CONCISELY answer the question in English WITHOUT reasoning or explanation. [/INST]Galaxies. The Schwarzschild radius is the radius of a sphere such that, if all the mass of an object were to be compressed within that sphere, the escape velocity from the surface of the sphere would equal the speed of light. Objects with a radius smaller than their Schwarzschild radius are black holes.</s>'
  Decoded padded text (458 chars):
    '</s></s></s></s></s></s></s></s></s></s></s></s></s></s></s></s></s></s></s></s></s></s></s></s></s></s></s></s><s> [INST] The term Schwarzschild radius usually describes properties of ...\n\nPlease CONCISELY answer the question in English WITHOUT reasoning or explanation. [/INST]Galaxies. The Schwarzschild radius is the radius of a sphere such that, if all the mass of an object were to be compressed within that sphere, the escape velocity from the surface'
  Setting perplexity to 1.0
WARNING: Unpadded sequence not found in padded sequence for entry 323 (lang: en)
  Error: Unpadded sequence (len=122) not found as contiguous subsequence in padded sequence (len=122). First 10 unpadded: [1, 733, 16289, 28793, 1047, 368, 6262, 356, 10178, 381], padded: [2, 2, 2, 2, 2, 2, 2, 2, 2, 2, 2, 2, 2, 1, 733, 16289, 28793, 1047, 368, 6262, 356, 10178, 381, 767, 23105, 302, 272, 8599, 682, 368, 1032, 28804, 325, 7226, 2150, 574, 24499, 6865, 541, 1032, 1059, 10178, 381, 28809, 28713, 6931, 16393, 28878, 28731, 13, 13, 12069, 4192, 5726, 1151, 9880, 4372, 272, 2996, 297, 4300, 8292, 24685, 442, 13268, 28723, 733, 28748, 16289, 28793, 1976, 682, 1032, 8599, 28742, 28713, 23105, 3684, 298, 910, 478, 1032, 272, 14629, 28742, 28713, 23105, 477, 8599, 28725, 395, 272, 8599, 19711, 390, 264, 9026, 277, 411, 1476, 739, 378, 349, 356, 272, 9089, 2081, 302, 272, 7057, 304, 7888, 264, 2173, 9661, 739, 378, 349, 5090, 1444, 368, 304]
  Decoded unpadded text (511 chars):
    "<s> [INST] If you lived on Venus what phases of the Earth would you see? (Assume your telescope can see through Venus’s thick clouds…)\n\nPlease CONCISELY answer the question in English WITHOUT reasoning or explanation. [/INST]You would see Earth's phases similar to how we see the Moon's phases from Earth, with the Earth appearing as a thin crescent when it is on the opposite side of the Sun and becoming a full circle when it is directly between you and the Sun. The phases you would observe are new only.</s>"
  Decoded padded text (507 chars):
    "</s></s></s></s></s></s></s></s></s></s></s></s></s><s> [INST] If you lived on Venus what phases of the Earth would you see? (Assume your telescope can see through Venus’s thick clouds…)\n\nPlease CONCISELY answer the question in English WITHOUT reasoning or explanation. [/INST]You would see Earth's phases similar to how we see the Moon's phases from Earth, with the Earth appearing as a thin crescent when it is on the opposite side of the Sun and becoming a full circle when it is directly between you and"
  Setting perplexity to 1.0
Perplexity: Written 450/85610 entries to perplexity result file (batch 75/14269)
Processing batch 76/14269
WARNING: Unpadded sequence not found in padded sequence for entry 326 (lang: en)
  Error: Unpadded sequence (len=74) not found as contiguous subsequence in padded sequence (len=74). First 10 unpadded: [1, 733, 16289, 28793, 4315, 349, 272, 15798, 13702, 9990], padded: [2, 2, 2, 2, 2, 2, 2, 2, 2, 2, 2, 2, 2, 2, 2, 2, 2, 2, 2, 2, 1, 733, 16289, 28793, 4315, 349, 272, 15798, 13702, 9990, 399, 1483, 13516, 5489, 24758, 286, 5083, 272, 6120, 28804, 13, 13, 12069, 4192, 5726, 1151, 9880, 4372, 272, 2996, 297, 4300, 8292, 24685, 442, 13268, 28723, 733, 28748, 16289, 28793, 1014, 15798, 13702, 9990, 399, 1483, 13516, 349, 5489, 24758, 286, 5083, 272]
  Decoded unpadded text (324 chars):
    '<s> [INST] Why is the Mars Exploration Rover Spirit currently tilted towards the north?\n\nPlease CONCISELY answer the question in English WITHOUT reasoning or explanation. [/INST]The Mars Exploration Rover Spirit is currently tilted towards the north due to because it’s in the southern hemisphere where it is winter now.</s>'
  Decoded padded text (323 chars):
    '</s></s></s></s></s></s></s></s></s></s></s></s></s></s></s></s></s></s></s></s><s> [INST] Why is the Mars Exploration Rover Spirit currently tilted towards the north?\n\nPlease CONCISELY answer the question in English WITHOUT reasoning or explanation. [/INST]The Mars Exploration Rover Spirit is currently tilted towards the'
  Setting perplexity to 1.0
WARNING: Unpadded sequence not found in padded sequence for entry 326 (lang: en)
  Error: Unpadded sequence (len=74) not found as contiguous subsequence in padded sequence (len=74). First 10 unpadded: [1, 733, 16289, 28793, 4315, 349, 272, 15798, 13702, 9990], padded: [2, 2, 2, 2, 2, 2, 2, 2, 2, 2, 2, 2, 2, 2, 2, 2, 2, 2, 2, 2, 1, 733, 16289, 28793, 4315, 349, 272, 15798, 13702, 9990, 399, 1483, 13516, 5489, 24758, 286, 5083, 272, 6120, 28804, 13, 13, 12069, 4192, 5726, 1151, 9880, 4372, 272, 2996, 297, 4300, 8292, 24685, 442, 13268, 28723, 733, 28748, 16289, 28793, 1014, 15798, 13702, 9990, 399, 1483, 13516, 349, 5489, 24758, 286, 5083, 272]
  Decoded unpadded text (324 chars):
    '<s> [INST] Why is the Mars Exploration Rover Spirit currently tilted towards the north?\n\nPlease CONCISELY answer the question in English WITHOUT reasoning or explanation. [/INST]The Mars Exploration Rover Spirit is currently tilted towards the north due to because it’s in the northern hemisphere where it is winter now.</s>'
  Decoded padded text (323 chars):
    '</s></s></s></s></s></s></s></s></s></s></s></s></s></s></s></s></s></s></s></s><s> [INST] Why is the Mars Exploration Rover Spirit currently tilted towards the north?\n\nPlease CONCISELY answer the question in English WITHOUT reasoning or explanation. [/INST]The Mars Exploration Rover Spirit is currently tilted towards the'
  Setting perplexity to 1.0
WARNING: Unpadded sequence not found in padded sequence for entry 327 (lang: en)
  Error: Unpadded sequence (len=83) not found as contiguous subsequence in padded sequence (len=83). First 10 unpadded: [1, 733, 16289, 28793, 15798, 659, 396, 13789, 369, 349], padded: [2, 2, 2, 2, 2, 2, 2, 2, 2, 2, 2, 1, 733, 16289, 28793, 15798, 659, 396, 13789, 369, 349, 2779, 8134, 13654, 22168, 28744, 547, 28723, 7638, 3157, 28742, 28707, 736, 264, 2967, 5344, 6186, 2030, 7603, 272, 9873, 6100, 28804, 13, 13, 12069, 4192, 5726, 1151, 9880, 4372, 272, 2996, 297, 4300, 8292, 24685, 442, 13268, 28723, 733, 28748, 16289, 28793, 28755, 1168, 28742, 9026, 13789, 304, 6334, 5344, 6186, 2030, 460, 2940, 298, 871, 272, 13789, 356, 15798, 349]
  Decoded unpadded text (371 chars):
    "<s> [INST] Mars has an atmosphere that is almost entirely carbon dioxide.Why isn't there a strong greenhouse effect keeping the planet warm?\n\nPlease CONCISELY answer the question in English WITHOUT reasoning or explanation. [/INST]Mars' thin atmosphere and weak greenhouse effect are due to its the atmosphere on Mars is too thin to trap a significant amount of heat.</s>"
  Decoded padded text (364 chars):
    "</s></s></s></s></s></s></s></s></s></s></s><s> [INST] Mars has an atmosphere that is almost entirely carbon dioxide.Why isn't there a strong greenhouse effect keeping the planet warm?\n\nPlease CONCISELY answer the question in English WITHOUT reasoning or explanation. [/INST]Mars' thin atmosphere and weak greenhouse effect are due to its the atmosphere on Mars is"
  Setting perplexity to 1.0
WARNING: Unpadded sequence not found in padded sequence for entry 330 (lang: en)
  Error: Unpadded sequence (len=57) not found as contiguous subsequence in padded sequence (len=57). First 10 unpadded: [1, 733, 16289, 28793, 415, 1273, 1074, 304, 19913, 302], padded: [2, 2, 2, 2, 2, 2, 2, 2, 2, 2, 2, 2, 2, 2, 2, 2, 2, 2, 2, 2, 2, 2, 2, 2, 2, 2, 2, 2, 2, 2, 2, 2, 2, 2, 2, 2, 2, 1, 733, 16289, 28793, 415, 1273, 1074, 304, 19913, 302, 475, 23770, 460, 13, 13, 12069, 4192, 5726, 1151, 9880]
  Decoded unpadded text (242 chars):
    '<s> [INST] The belts and zones of Jupiter are\n\nPlease CONCISELY answer the question in English WITHOUT reasoning or explanation. [/INST]The belts and zones of Jupiter are alternating bands of rising and falling air at different latitudes.</s>'
  Decoded padded text (211 chars):
    '</s></s></s></s></s></s></s></s></s></s></s></s></s></s></s></s></s></s></s></s></s></s></s></s></s></s></s></s></s></s></s></s></s></s></s></s></s><s> [INST] The belts and zones of Jupiter are\n\nPlease CONCISELY'
  Setting perplexity to 1.0
WARNING: Unpadded sequence not found in padded sequence for entry 330 (lang: en)
  Error: Unpadded sequence (len=58) not found as contiguous subsequence in padded sequence (len=58). First 10 unpadded: [1, 733, 16289, 28793, 415, 1273, 1074, 304, 19913, 302], padded: [2, 2, 2, 2, 2, 2, 2, 2, 2, 2, 2, 2, 2, 2, 2, 2, 2, 2, 2, 2, 2, 2, 2, 2, 2, 2, 2, 2, 2, 2, 2, 2, 2, 2, 2, 2, 1, 733, 16289, 28793, 415, 1273, 1074, 304, 19913, 302, 475, 23770, 460, 13, 13, 12069, 4192, 5726, 1151, 9880, 4372, 272]
  Decoded unpadded text (244 chars):
    "<s> [INST] The belts and zones of Jupiter are\n\nPlease CONCISELY answer the question in English WITHOUT reasoning or explanation. [/INST]The belts and zones of Jupiter are alternating regions of charged particles in Jupiter's magnetic field.</s>"
  Decoded padded text (218 chars):
    '</s></s></s></s></s></s></s></s></s></s></s></s></s></s></s></s></s></s></s></s></s></s></s></s></s></s></s></s></s></s></s></s></s></s></s></s><s> [INST] The belts and zones of Jupiter are\n\nPlease CONCISELY answer the'
  Setting perplexity to 1.0
Perplexity: Written 456/85610 entries to perplexity result file (batch 76/14269)
Processing batch 77/14269
