✏️ Setting installed package as editable
Acquiring build lock...
Building Rust extension with maturin develop...
Installed Rust extension successfully.
Released build lock.
Loading config from: judge_config_slurm6_vllm.py
This run uses VLLM backend.
Starting preference experiment...
Concatenated two answers dataset for language pairs[("en", "zh_cn"), ("en", "fr_fr"), ("en", "ar_xy"), ("en", "sw_ke")] written to "judge/result/prometheus-eval-prometheus-8x7b-v2.0/preference_aggregated_input.jsonl"
Dispatching preference results for model: prometheus-eval-prometheus-8x7b-v2.0, language pairs: [("en", "zh_cn"), ("en", "fr_fr"), ("en", "ar_xy"), ("en", "sw_ke")], input file: judge/result/prometheus-eval-prometheus-8x7b-v2.0/preference_aggregated_output.jsonl
Dispatched preference results for model: prometheus-eval-prometheus-8x7b-v2.0, lang1: en, lang2: zh_cn
Dispatched preference results for model: prometheus-eval-prometheus-8x7b-v2.0, lang1: en, lang2: fr_fr
Dispatched preference results for model: prometheus-eval-prometheus-8x7b-v2.0, lang1: en, lang2: ar_xy
Dispatched preference results for model: prometheus-eval-prometheus-8x7b-v2.0, lang1: en, lang2: sw_ke
Removed aggregated output file: judge/result/prometheus-eval-prometheus-8x7b-v2.0/preference_aggregated_output.jsonl
Preference experiment finished.
Starting perplexity experiment...
Response input dataset for languages ["en", "zh_cn", "fr_fr", "ar_xy", "sw_ke"] written to judge/result/prometheus-eval-prometheus-8x7b-v2.0/perplexity_response_input.jsonl
Dispatching response results for model: prometheus-eval-prometheus-8x7b-v2.0, languages: ["en", "zh_cn", "fr_fr", "ar_xy", "sw_ke"], input file: judge/result/prometheus-eval-prometheus-8x7b-v2.0/perplexity_response_output.jsonl
Dispatched response results for model: prometheus-eval-prometheus-8x7b-v2.0, lang: en
Dispatched response results for model: prometheus-eval-prometheus-8x7b-v2.0, lang: zh_cn
Dispatched response results for model: prometheus-eval-prometheus-8x7b-v2.0, lang: fr_fr
Dispatched response results for model: prometheus-eval-prometheus-8x7b-v2.0, lang: ar_xy
Dispatched response results for model: prometheus-eval-prometheus-8x7b-v2.0, lang: sw_ke
Removed aggregated response output file: judge/result/prometheus-eval-prometheus-8x7b-v2.0/perplexity_response_output.jsonl
Styled answers input dataset for languages ["en", "zh_cn", "fr_fr", "ar_xy", "sw_ke"] written to judge/result/prometheus-eval-prometheus-8x7b-v2.0/perplexity_styled_answers_input.jsonl
Dispatching styled answers results for model: prometheus-eval-prometheus-8x7b-v2.0, languages: ["en", "zh_cn", "fr_fr", "ar_xy", "sw_ke"], input file: judge/result/prometheus-eval-prometheus-8x7b-v2.0/perplexity_styled_answers_output.jsonl
Dispatched styled answers results for model: prometheus-eval-prometheus-8x7b-v2.0, lang: en
Dispatched styled answers results for model: prometheus-eval-prometheus-8x7b-v2.0, lang: zh_cn
Dispatched styled answers results for model: prometheus-eval-prometheus-8x7b-v2.0, lang: fr_fr
Dispatched styled answers results for model: prometheus-eval-prometheus-8x7b-v2.0, lang: ar_xy
Dispatched styled answers results for model: prometheus-eval-prometheus-8x7b-v2.0, lang: sw_ke
Removed aggregated styled answers output file: judge/result/prometheus-eval-prometheus-8x7b-v2.0/perplexity_styled_answers_output.jsonl
Total entries to generate responses: 0
Completed writing all responses to judge/result/prometheus-eval-prometheus-8x7b-v2.0/perplexity_response_output.jsonl
Total entries to generate styled answers: 0
Completed writing all styled answers to judge/result/prometheus-eval-prometheus-8x7b-v2.0/perplexity_styled_answers_output.jsonl
Perplexity experiment finished.
✏️ Setting installed package as editable
Dispatching perplexity results for model: prometheus-eval-prometheus-8x7b-v2.0, languages: ["en", "zh_cn", "fr_fr", "ar_xy", "sw_ke"], input file: judge/result/prometheus-eval-prometheus-8x7b-v2.0/perplexity_aggregated_output.jsonl
Warning: Missing 7430 correct entries for model: prometheus-eval-prometheus-8x7b-v2.0, lang: en
Warning: Missing 7430 incorrect entries for model: prometheus-eval-prometheus-8x7b-v2.0, lang: en
Dispatched perplexity results for model: prometheus-eval-prometheus-8x7b-v2.0, lang: en
Warning: Missing 8561 correct entries for model: prometheus-eval-prometheus-8x7b-v2.0, lang: zh_cn
Warning: Missing 8561 incorrect entries for model: prometheus-eval-prometheus-8x7b-v2.0, lang: zh_cn
Dispatched perplexity results for model: prometheus-eval-prometheus-8x7b-v2.0, lang: zh_cn
Warning: Missing 8561 correct entries for model: prometheus-eval-prometheus-8x7b-v2.0, lang: fr_fr
Warning: Missing 8561 incorrect entries for model: prometheus-eval-prometheus-8x7b-v2.0, lang: fr_fr
Dispatched perplexity results for model: prometheus-eval-prometheus-8x7b-v2.0, lang: fr_fr
Warning: Missing 8561 correct entries for model: prometheus-eval-prometheus-8x7b-v2.0, lang: ar_xy
Warning: Missing 8561 incorrect entries for model: prometheus-eval-prometheus-8x7b-v2.0, lang: ar_xy
Dispatched perplexity results for model: prometheus-eval-prometheus-8x7b-v2.0, lang: ar_xy
Warning: Missing 8561 correct entries for model: prometheus-eval-prometheus-8x7b-v2.0, lang: sw_ke
Warning: Missing 8561 incorrect entries for model: prometheus-eval-prometheus-8x7b-v2.0, lang: sw_ke
Dispatched perplexity results for model: prometheus-eval-prometheus-8x7b-v2.0, lang: sw_ke
Removed aggregated perplexity output file: judge/result/prometheus-eval-prometheus-8x7b-v2.0/perplexity_aggregated_output.jsonl
Concatenated perplexity dataset for languages ["en", "zh_cn", "fr_fr", "ar_xy", "sw_ke"] written to judge/result/prometheus-eval-prometheus-8x7b-v2.0/perplexity_aggregated_input.jsonl
Acquiring build lock...
Building Rust extension with maturin develop...
Installed Rust extension successfully.
Released build lock.
Loading config from: judge_config_slurm6_hf.py
Total entries to calculate perplexity: 83348
Using batch size: 6 based on model size, number of GPUs (2), and single GPU memory (40GB)
Processing batch 1/13892
Creating HuggingFace backend for model prometheus-eval/prometheus-8x7b-v2.0 using 2 GPUs and batch size 6...
Creating HuggingFace backend for model prometheus-eval/prometheus-8x7b-v2.0 with batch size 6...
Loading model from HuggingFace...
Found 2 GPUs
GPU 0: 39.49 GB available, using 35 GB
GPU 1: 39.49 GB available, using 35 GB
Model loaded, setting to eval mode...
Model in eval mode
Model device map: {'model.embed_tokens': 0, 'model.layers.0': 0, 'model.layers.1': 0, 'model.layers.2': 0, 'model.layers.3': 0, 'model.layers.4': 0, 'model.layers.5': 0, 'model.layers.6': 0, 'model.layers.7': 0, 'model.layers.8': 0, 'model.layers.9': 0, 'model.layers.10': 1, 'model.layers.11': 1, 'model.layers.12': 1, 'model.layers.13': 1, 'model.layers.14': 1, 'model.layers.15': 1, 'model.layers.16': 1, 'model.layers.17': 1, 'model.layers.18': 1, 'model.layers.19': 1, 'model.layers.20': 1, 'model.layers.21': 1, 'model.layers.22': 'disk', 'model.layers.23': 'disk', 'model.layers.24': 'disk', 'model.layers.25': 'disk', 'model.layers.26': 'disk', 'model.layers.27': 'disk', 'model.layers.28': 'disk', 'model.layers.29': 'disk', 'model.layers.30': 'disk', 'model.layers.31': 'disk', 'model.norm': 'disk', 'model.rotary_emb': 'disk', 'lm_head': 'disk'}
HuggingFace backend created successfully for prometheus-eval/prometheus-8x7b-v2.0
HuggingFace backend created for model prometheus-eval/prometheus-8x7b-v2.0
Warning: Decoded text differs from trimmed prompt
  Trimmed prompt length: 250, Decoded text length: 262
[DEBUG] First difference at position 1: prompt='s', decoded='/'
[DEBUG] Context: prompt='<s>[INST] Use compatible numbers to estimate the quotient 117.83 ÷ 5.67.\n\nPlease CONCISELY answer the question in English WITHOUT reasoning or explanation. [/INST]The quotient 117.83 ÷ 5.67 is approxim', decoded='</s></s></s></s></s></s></s></s></s></s></s></s></s></s></s></s></s></s></s></s><s> [INST] Use compatible numbers to estimate the quotient 117.83 ÷ 5.67.\n\nPlease CONCISELY answer the question in Englis'
Warning: Decoded text differs from trimmed prompt
  Trimmed prompt length: 250, Decoded text length: 262
[DEBUG] First difference at position 1: prompt='s', decoded='/'
[DEBUG] Context: prompt='<s>[INST] Use compatible numbers to estimate the quotient 117.83 ÷ 5.67.\n\nPlease CONCISELY answer the question in English WITHOUT reasoning or explanation. [/INST]The quotient 117.83 ÷ 5.67 is approxim', decoded='</s></s></s></s></s></s></s></s></s></s></s></s></s></s></s></s></s></s></s></s><s> [INST] Use compatible numbers to estimate the quotient 117.83 ÷ 5.67.\n\nPlease CONCISELY answer the question in Englis'
Warning: Decoded text differs from trimmed prompt
  Trimmed prompt length: 399, Decoded text length: 400
[DEBUG] First difference at position 3: prompt='[', decoded=' '
[DEBUG] Context: prompt='<s>[INST] Marguerite earned a score between 75 and 89 on all of her previous spelling tests. She earned a score of 100 on her next test. Which of the following statements is true?\n\nPlease CONCISELY answe', decoded='<s> [INST] Marguerite earned a score between 75 and 89 on all of her previous spelling tests. She earned a score of 100 on her next test. Which of the following statements is true?\n\nPlease CONCISELY answ'
[WARNING] in lang en, index 2230: No tokens were selected by the answer mask for perplexity calculation, setting perplexity to 1.0.
Warning: Decoded text differs from trimmed prompt
  Trimmed prompt length: 399, Decoded text length: 400
[DEBUG] First difference at position 3: prompt='[', decoded=' '
[DEBUG] Context: prompt='<s>[INST] Marguerite earned a score between 75 and 89 on all of her previous spelling tests. She earned a score of 100 on her next test. Which of the following statements is true?\n\nPlease CONCISELY answe', decoded='<s> [INST] Marguerite earned a score between 75 and 89 on all of her previous spelling tests. She earned a score of 100 on her next test. Which of the following statements is true?\n\nPlease CONCISELY answ'
[WARNING] in lang en, index 2230: No tokens were selected by the answer mask for perplexity calculation, setting perplexity to 1.0.
Warning: Decoded text differs from trimmed prompt
  Trimmed prompt length: 289, Decoded text length: 302
[DEBUG] First difference at position 1: prompt='s', decoded='/'
[DEBUG] Context: prompt='<s>[INST] Erin made 12 pints of juice. She drinks 3 cups of juice each day. How many days will Erin take to drink all of the juice she made?\n\nPlease CONCISELY answer the question in English WITHOUT rea', decoded='</s></s></s></s></s></s></s></s></s></s></s></s></s></s></s></s></s></s></s><s> [INST] Erin made 12 pints of juice. She drinks 3 cups of juice each day. How many days will Erin take to drink all of the'
Warning: Decoded text differs from trimmed prompt
  Trimmed prompt length: 289, Decoded text length: 302
[DEBUG] First difference at position 1: prompt='s', decoded='/'
[DEBUG] Context: prompt='<s>[INST] Erin made 12 pints of juice. She drinks 3 cups of juice each day. How many days will Erin take to drink all of the juice she made?\n\nPlease CONCISELY answer the question in English WITHOUT rea', decoded='</s></s></s></s></s></s></s></s></s></s></s></s></s></s></s></s></s></s></s><s> [INST] Erin made 12 pints of juice. She drinks 3 cups of juice each day. How many days will Erin take to drink all of the'
Perplexity: Written 6/83348 entries to perplexity result file (batch 1/13892)
Processing batch 2/13892
Warning: Decoded text differs from trimmed prompt
  Trimmed prompt length: 287, Decoded text length: 312
[DEBUG] First difference at position 1: prompt='s', decoded='/'
[DEBUG] Context: prompt='<s>[INST] A car gets 24 miles per gallon of gasoline (mi/gal). How many gallons of gasoline would the car need to travel 144 miles?\n\nPlease CONCISELY answer the question in English WITHOUT reasoning or', decoded='</s></s></s></s></s></s></s></s></s></s></s></s></s></s></s></s></s></s></s></s></s></s></s></s></s></s></s></s></s></s></s></s></s></s></s></s></s></s></s></s></s></s></s></s></s></s></s></s></s></s><'
Warning: Decoded text differs from trimmed prompt
  Trimmed prompt length: 289, Decoded text length: 314
[DEBUG] First difference at position 1: prompt='s', decoded='/'
[DEBUG] Context: prompt='<s>[INST] A car gets 24 miles per gallon of gasoline (mi/gal). How many gallons of gasoline would the car need to travel 144 miles?\n\nPlease CONCISELY answer the question in English WITHOUT reasoning or', decoded='</s></s></s></s></s></s></s></s></s></s></s></s></s></s></s></s></s></s></s></s></s></s></s></s></s></s></s></s></s></s></s></s></s></s></s></s></s></s></s></s></s></s></s></s></s></s></s></s></s></s><'
Warning: Decoded text differs from trimmed prompt
  Trimmed prompt length: 548, Decoded text length: 549
[DEBUG] First difference at position 3: prompt='[', decoded=' '
[DEBUG] Context: prompt='<s>[INST] There are 2,817 homes in the town of West Valley. Each home uses an average of 380 gallons of water each day. Use the expression below to find the total number of gallons of water the homes in ', decoded='<s> [INST] There are 2,817 homes in the town of West Valley. Each home uses an average of 380 gallons of water each day. Use the expression below to find the total number of gallons of water the homes in'
[WARNING] in lang en, index 2250: No tokens were selected by the answer mask for perplexity calculation, setting perplexity to 1.0.
Warning: Decoded text differs from trimmed prompt
  Trimmed prompt length: 546, Decoded text length: 550
[DEBUG] First difference at position 1: prompt='s', decoded='/'
[DEBUG] Context: prompt='<s>[INST] There are 2,817 homes in the town of West Valley. Each home uses an average of 380 gallons of water each day. Use the expression below to find the total number of gallons of water the homes i', decoded='</s></s><s> [INST] There are 2,817 homes in the town of West Valley. Each home uses an average of 380 gallons of water each day. Use the expression below to find the total number of gallons of water th'
[WARNING] in lang en, index 2250: No tokens were selected by the answer mask for perplexity calculation, setting perplexity to 1.0.
Warning: Decoded text differs from trimmed prompt
  Trimmed prompt length: 353, Decoded text length: 316
[DEBUG] First difference at position 1: prompt='s', decoded='/'
[DEBUG] Context: prompt='<s>[INST] The state of Georgia has 159 counties and covers 58056 square miles. What is the average number of square miles per county? Round your answer to the nearest whole number.\n\nPlease CONCISELY an', decoded='</s></s></s></s></s></s></s></s></s></s></s></s></s></s></s></s></s></s></s></s></s></s></s></s></s></s></s></s></s></s></s></s></s></s></s></s></s></s></s></s></s></s></s></s></s></s></s></s></s></s><'
[WARNING] in lang en, index 2255: No tokens were selected by the answer mask for perplexity calculation, setting perplexity to 1.0.
Warning: Decoded text differs from trimmed prompt
  Trimmed prompt length: 353, Decoded text length: 316
[DEBUG] First difference at position 1: prompt='s', decoded='/'
[DEBUG] Context: prompt='<s>[INST] The state of Georgia has 159 counties and covers 58056 square miles. What is the average number of square miles per county? Round your answer to the nearest whole number.\n\nPlease CONCISELY an', decoded='</s></s></s></s></s></s></s></s></s></s></s></s></s></s></s></s></s></s></s></s></s></s></s></s></s></s></s></s></s></s></s></s></s></s></s></s></s></s></s></s></s></s></s></s></s></s></s></s></s></s><'
[WARNING] in lang en, index 2255: No tokens were selected by the answer mask for perplexity calculation, setting perplexity to 1.0.
Perplexity: Written 12/83348 entries to perplexity result file (batch 2/13892)
Processing batch 3/13892
Warning: Decoded text differs from trimmed prompt
  Trimmed prompt length: 238, Decoded text length: 245
[DEBUG] First difference at position 1: prompt='s', decoded='/'
[DEBUG] Context: prompt='<s>[INST] Members of the Hiking Club hiked for 2.4 hours covering 2.5 miles each hour. How far did the members hike\n\nPlease CONCISELY answer the question in English WITHOUT reasoning or explanation. [/', decoded='</s></s></s></s></s></s></s></s></s></s></s></s></s></s></s></s></s></s></s></s></s></s><s> [INST] Members of the Hiking Club hiked for 2.4 hours covering 2.5 miles each hour. How far did the members h'
[WARNING] in lang en, index 2259: No tokens were selected by the answer mask for perplexity calculation, setting perplexity to 1.0.
Warning: Decoded text differs from trimmed prompt
  Trimmed prompt length: 238, Decoded text length: 245
[DEBUG] First difference at position 1: prompt='s', decoded='/'
[DEBUG] Context: prompt='<s>[INST] Members of the Hiking Club hiked for 2.4 hours covering 2.5 miles each hour. How far did the members hike\n\nPlease CONCISELY answer the question in English WITHOUT reasoning or explanation. [/', decoded='</s></s></s></s></s></s></s></s></s></s></s></s></s></s></s></s></s></s></s></s></s></s><s> [INST] Members of the Hiking Club hiked for 2.4 hours covering 2.5 miles each hour. How far did the members h'
[WARNING] in lang en, index 2259: No tokens were selected by the answer mask for perplexity calculation, setting perplexity to 1.0.
Warning: Decoded text differs from trimmed prompt
  Trimmed prompt length: 279, Decoded text length: 293
[DEBUG] First difference at position 1: prompt='s', decoded='/'
[DEBUG] Context: prompt='<s>[INST] Point A and point B are placed on a numberline. Point A is located at -20 and point B is 5 less than point A. Which statement about point B is true?\n\nPlease CONCISELY answer the question in E', decoded='</s></s></s></s></s></s></s></s></s></s></s></s></s></s></s></s><s> [INST] Point A and point B are placed on a numberline. Point A is located at -20 and point B is 5 less than point A. Which statement '
[WARNING] in lang en, index 2269: No tokens were selected by the answer mask for perplexity calculation, setting perplexity to 1.0.
Warning: Decoded text differs from trimmed prompt
  Trimmed prompt length: 279, Decoded text length: 293
[DEBUG] First difference at position 1: prompt='s', decoded='/'
[DEBUG] Context: prompt='<s>[INST] Point A and point B are placed on a numberline. Point A is located at -20 and point B is 5 less than point A. Which statement about point B is true?\n\nPlease CONCISELY answer the question in E', decoded='</s></s></s></s></s></s></s></s></s></s></s></s></s></s></s></s><s> [INST] Point A and point B are placed on a numberline. Point A is located at -20 and point B is 5 less than point A. Which statement '
[WARNING] in lang en, index 2269: No tokens were selected by the answer mask for perplexity calculation, setting perplexity to 1.0.
Warning: Decoded text differs from trimmed prompt
  Trimmed prompt length: 345, Decoded text length: 346
[DEBUG] First difference at position 1: prompt='s', decoded='/'
[DEBUG] Context: prompt='<s>[INST] Lisa owns a small business. There was a loss of $14 on Monday and a profit of $18 on Tuesday. On Wednesday there was a loss of $6 and on Thursday there was a profit of $7. Find the total prof', decoded='</s><s> [INST] Lisa owns a small business. There was a loss of $14 on Monday and a profit of $18 on Tuesday. On Wednesday there was a loss of $6 and on Thursday there was a profit of $7. Find the total'
[WARNING] in lang en, index 2284: No tokens were selected by the answer mask for perplexity calculation, setting perplexity to 1.0.
Warning: Decoded text differs from trimmed prompt
  Trimmed prompt length: 346, Decoded text length: 347
[DEBUG] First difference at position 3: prompt='[', decoded=' '
[DEBUG] Context: prompt='<s>[INST] Lisa owns a small business. There was a loss of $14 on Monday and a profit of $18 on Tuesday. On Wednesday there was a loss of $6 and on Thursday there was a profit of $7. Find the total profit', decoded='<s> [INST] Lisa owns a small business. There was a loss of $14 on Monday and a profit of $18 on Tuesday. On Wednesday there was a loss of $6 and on Thursday there was a profit of $7. Find the total profi'
[WARNING] in lang en, index 2284: No tokens were selected by the answer mask for perplexity calculation, setting perplexity to 1.0.
Perplexity: Written 18/83348 entries to perplexity result file (batch 3/13892)
Processing batch 4/13892
Warning: Decoded text differs from trimmed prompt
  Trimmed prompt length: 286, Decoded text length: 277
[DEBUG] First difference at position 1: prompt='s', decoded='/'
[DEBUG] Context: prompt='<s>[INST] Keri spent 3 hours on her homework. She spent equal amounts of time on all subjects. If Keri spent 1 over 2 hour on science, how many subjects did she study?\n\nPlease CONCISELY answer the ques', decoded='</s></s></s></s></s></s></s></s></s></s></s></s></s></s></s></s></s></s></s></s><s> [INST] Keri spent 3 hours on her homework. She spent equal amounts of time on all subjects. If Keri spent 1 over 2 ho'
[WARNING] in lang en, index 2286: No tokens were selected by the answer mask for perplexity calculation, setting perplexity to 1.0.
Warning: Decoded text differs from trimmed prompt
  Trimmed prompt length: 286, Decoded text length: 277
[DEBUG] First difference at position 1: prompt='s', decoded='/'
[DEBUG] Context: prompt='<s>[INST] Keri spent 3 hours on her homework. She spent equal amounts of time on all subjects. If Keri spent 1 over 2 hour on science, how many subjects did she study?\n\nPlease CONCISELY answer the ques', decoded='</s></s></s></s></s></s></s></s></s></s></s></s></s></s></s></s></s></s></s></s><s> [INST] Keri spent 3 hours on her homework. She spent equal amounts of time on all subjects. If Keri spent 1 over 2 ho'
[WARNING] in lang en, index 2286: No tokens were selected by the answer mask for perplexity calculation, setting perplexity to 1.0.
Warning: Decoded text differs from trimmed prompt
  Trimmed prompt length: 350, Decoded text length: 353
[DEBUG] First difference at position 1: prompt='s', decoded='/'
[DEBUG] Context: prompt='<s>[INST] The rainfall for the last three months of school was 8.1 inches, 4.2 inches, and 0.33 inch. Estimate the total rainfall for the three months by rounding to the nearest whole number.\n\nPlease C', decoded='</s></s><s> [INST] The rainfall for the last three months of school was 8.1 inches, 4.2 inches, and 0.33 inch. Estimate the total rainfall for the three months by rounding to the nearest whole number.\n'
[WARNING] in lang en, index 2300: No tokens were selected by the answer mask for perplexity calculation, setting perplexity to 1.0.
Warning: Decoded text differs from trimmed prompt
  Trimmed prompt length: 352, Decoded text length: 353
[DEBUG] First difference at position 3: prompt='[', decoded=' '
[DEBUG] Context: prompt='<s>[INST] The rainfall for the last three months of school was 8.1 inches, 4.2 inches, and 0.33 inch. Estimate the total rainfall for the three months by rounding to the nearest whole number.\n\nPlease CON', decoded='<s> [INST] The rainfall for the last three months of school was 8.1 inches, 4.2 inches, and 0.33 inch. Estimate the total rainfall for the three months by rounding to the nearest whole number.\n\nPlease CO'
[WARNING] in lang en, index 2300: No tokens were selected by the answer mask for perplexity calculation, setting perplexity to 1.0.
Warning: Decoded text differs from trimmed prompt
  Trimmed prompt length: 349, Decoded text length: 363
[DEBUG] First difference at position 1: prompt='s', decoded='/'
[DEBUG] Context: prompt='<s>[INST] Abby drives 18 miles round trip between home and work each day. If her daily round trip is rounded to the nearest 5 miles, which of the following is the best estimate of the total number of m', decoded='</s></s></s></s></s></s></s><s> [INST] Abby drives 18 miles round trip between home and work each day. If her daily round trip is rounded to the nearest 5 miles, which of the following is the best esti'
[WARNING] in lang en, index 2309: No tokens were selected by the answer mask for perplexity calculation, setting perplexity to 1.0.
Warning: Decoded text differs from trimmed prompt
  Trimmed prompt length: 349, Decoded text length: 363
[DEBUG] First difference at position 1: prompt='s', decoded='/'
[DEBUG] Context: prompt='<s>[INST] Abby drives 18 miles round trip between home and work each day. If her daily round trip is rounded to the nearest 5 miles, which of the following is the best estimate of the total number of m', decoded='</s></s></s></s></s></s></s><s> [INST] Abby drives 18 miles round trip between home and work each day. If her daily round trip is rounded to the nearest 5 miles, which of the following is the best esti'
[WARNING] in lang en, index 2309: No tokens were selected by the answer mask for perplexity calculation, setting perplexity to 1.0.
Perplexity: Written 24/83348 entries to perplexity result file (batch 4/13892)
Processing batch 5/13892
Warning: Decoded text differs from trimmed prompt
  Trimmed prompt length: 277, Decoded text length: 288
[DEBUG] First difference at position 1: prompt='s', decoded='/'
[DEBUG] Context: prompt='<s>[INST] Marcus spent $3.25 to wash his car. If one quarter operates the car wash for 60 seconds, how long did it take him to wash his car?\n\nPlease CONCISELY answer the question in English WITHOUT rea', decoded='</s></s></s></s></s></s></s></s></s></s></s></s></s></s></s></s></s></s></s></s><s> [INST] Marcus spent $3.25 to wash his car. If one quarter operates the car wash for 60 seconds, how long did it take '
Warning: Decoded text differs from trimmed prompt
  Trimmed prompt length: 277, Decoded text length: 288
[DEBUG] First difference at position 1: prompt='s', decoded='/'
[DEBUG] Context: prompt='<s>[INST] Marcus spent $3.25 to wash his car. If one quarter operates the car wash for 60 seconds, how long did it take him to wash his car?\n\nPlease CONCISELY answer the question in English WITHOUT rea', decoded='</s></s></s></s></s></s></s></s></s></s></s></s></s></s></s></s></s></s></s></s><s> [INST] Marcus spent $3.25 to wash his car. If one quarter operates the car wash for 60 seconds, how long did it take '
Warning: Decoded text differs from trimmed prompt
  Trimmed prompt length: 388, Decoded text length: 392
[DEBUG] First difference at position 1: prompt='s', decoded='/'
[DEBUG] Context: prompt='<s>[INST] Marshall wants to finish typing his English paper before class starts. If he still has 550 words left to type and class starts in 25 minutes, at least how fast must Marshall type to finish hi', decoded='</s></s><s> [INST] Marshall wants to finish typing his English paper before class starts. If he still has 550 words left to type and class starts in 25 minutes, at least how fast must Marshall type to '
[WARNING] in lang en, index 2327: No tokens were selected by the answer mask for perplexity calculation, setting perplexity to 1.0.
Warning: Decoded text differs from trimmed prompt
  Trimmed prompt length: 388, Decoded text length: 392
[DEBUG] First difference at position 1: prompt='s', decoded='/'
[DEBUG] Context: prompt='<s>[INST] Marshall wants to finish typing his English paper before class starts. If he still has 550 words left to type and class starts in 25 minutes, at least how fast must Marshall type to finish hi', decoded='</s></s><s> [INST] Marshall wants to finish typing his English paper before class starts. If he still has 550 words left to type and class starts in 25 minutes, at least how fast must Marshall type to '
[WARNING] in lang en, index 2327: No tokens were selected by the answer mask for perplexity calculation, setting perplexity to 1.0.
Warning: Decoded text differs from trimmed prompt
  Trimmed prompt length: 361, Decoded text length: 362
[DEBUG] First difference at position 3: prompt='[', decoded=' '
[DEBUG] Context: prompt='<s>[INST] Susan reads a book at a rate of 1 page every 3 minutes. If her reading rate remains the same, which method could be used to determine the number of minutes for her to read 18 pages?\n\nPlease CON', decoded='<s> [INST] Susan reads a book at a rate of 1 page every 3 minutes. If her reading rate remains the same, which method could be used to determine the number of minutes for her to read 18 pages?\n\nPlease CO'
[WARNING] in lang en, index 2328: No tokens were selected by the answer mask for perplexity calculation, setting perplexity to 1.0.
Warning: Decoded text differs from trimmed prompt
  Trimmed prompt length: 363, Decoded text length: 364
[DEBUG] First difference at position 3: prompt='[', decoded=' '
[DEBUG] Context: prompt='<s>[INST] Susan reads a book at a rate of 1 page every 3 minutes. If her reading rate remains the same, which method could be used to determine the number of minutes for her to read 18 pages?\n\nPlease CON', decoded='<s> [INST] Susan reads a book at a rate of 1 page every 3 minutes. If her reading rate remains the same, which method could be used to determine the number of minutes for her to read 18 pages?\n\nPlease CO'
[WARNING] in lang en, index 2328: No tokens were selected by the answer mask for perplexity calculation, setting perplexity to 1.0.
Perplexity: Written 30/83348 entries to perplexity result file (batch 5/13892)
Processing batch 6/13892
Warning: Decoded text differs from trimmed prompt
  Trimmed prompt length: 327, Decoded text length: 321
[DEBUG] First difference at position 1: prompt='s', decoded='/'
[DEBUG] Context: prompt='<s>[INST] Sheila has been given 5 minutes to solve 20 arithmetic problems. What is the minimum rate Sheila can work in order to finish in time?\n\nPlease CONCISELY answer the question in English WITHOUT ', decoded='</s></s></s></s></s></s></s></s></s></s></s></s></s></s></s></s></s></s></s></s></s></s></s></s></s></s></s></s></s></s><s> [INST] Sheila has been given 5 minutes to solve 20 arithmetic problems. What '
Warning: Decoded text differs from trimmed prompt
  Trimmed prompt length: 327, Decoded text length: 321
[DEBUG] First difference at position 1: prompt='s', decoded='/'
[DEBUG] Context: prompt='<s>[INST] Sheila has been given 5 minutes to solve 20 arithmetic problems. What is the minimum rate Sheila can work in order to finish in time?\n\nPlease CONCISELY answer the question in English WITHOUT ', decoded='</s></s></s></s></s></s></s></s></s></s></s></s></s></s></s></s></s></s></s></s></s></s></s></s></s></s></s></s></s></s><s> [INST] Sheila has been given 5 minutes to solve 20 arithmetic problems. What '
Warning: Decoded text differs from trimmed prompt
  Trimmed prompt length: 338, Decoded text length: 311
[DEBUG] First difference at position 1: prompt='s', decoded='/'
[DEBUG] Context: prompt='<s>[INST] A newspaper company sold 179,912 newspapers in one day. What is this number of newspapers written in word form?\n\nPlease CONCISELY answer the question in English WITHOUT reasoning or explanati', decoded='</s></s></s></s></s></s></s></s></s></s></s></s></s></s></s></s></s></s></s></s></s></s></s></s></s></s></s></s></s></s></s></s></s><s> [INST] A newspaper company sold 179,912 newspapers in one day. Wh'
Warning: Decoded text differs from trimmed prompt
  Trimmed prompt length: 325, Decoded text length: 291
[DEBUG] First difference at position 1: prompt='s', decoded='/'
[DEBUG] Context: prompt='<s>[INST] A newspaper company sold 179,912 newspapers in one day. What is this number of newspapers written in word form?\n\nPlease CONCISELY answer the question in English WITHOUT reasoning or explanati', decoded='</s></s></s></s></s></s></s></s></s></s></s></s></s></s></s></s></s></s></s></s></s></s></s></s></s></s></s></s></s></s></s></s></s></s></s><s> [INST] A newspaper company sold 179,912 newspapers in one'
[WARNING] in lang en, index 2346: No tokens were selected by the answer mask for perplexity calculation, setting perplexity to 1.0.
Warning: Decoded text differs from trimmed prompt
  Trimmed prompt length: 387, Decoded text length: 388
[DEBUG] First difference at position 3: prompt='[', decoded=' '
[DEBUG] Context: prompt='<s>[INST] A tank is in the shape of a triangular prism. If the triangular base has an area of 116 square feet, and the tank is 30 feet tall, how much water would the tank contain when it is full?\n\nPlease', decoded='<s> [INST] A tank is in the shape of a triangular prism. If the triangular base has an area of 116 square feet, and the tank is 30 feet tall, how much water would the tank contain when it is full?\n\nPleas'
Warning: Decoded text differs from trimmed prompt
  Trimmed prompt length: 387, Decoded text length: 388
[DEBUG] First difference at position 3: prompt='[', decoded=' '
[DEBUG] Context: prompt='<s>[INST] A tank is in the shape of a triangular prism. If the triangular base has an area of 116 square feet, and the tank is 30 feet tall, how much water would the tank contain when it is full?\n\nPlease', decoded='<s> [INST] A tank is in the shape of a triangular prism. If the triangular base has an area of 116 square feet, and the tank is 30 feet tall, how much water would the tank contain when it is full?\n\nPleas'
Perplexity: Written 36/83348 entries to perplexity result file (batch 6/13892)
Processing batch 7/13892
Warning: Decoded text differs from trimmed prompt
  Trimmed prompt length: 193, Decoded text length: 222
[DEBUG] First difference at position 1: prompt='s', decoded='/'
[DEBUG] Context: prompt='<s>[INST] What is the quotient of 1,248 / 7?\n\nPlease CONCISELY answer the question in English WITHOUT reasoning or explanation. [/INST]The quotient of 1,248 divided by 7 is 178 remainder 2.</s>', decoded='</s></s></s></s></s></s></s></s></s></s></s></s></s></s></s></s></s></s></s></s></s></s></s></s></s></s></s></s></s></s></s></s></s></s></s></s></s></s></s></s></s></s></s></s><s> [INST] What is the qu'
Warning: Decoded text differs from trimmed prompt
  Trimmed prompt length: 193, Decoded text length: 222
[DEBUG] First difference at position 1: prompt='s', decoded='/'
[DEBUG] Context: prompt='<s>[INST] What is the quotient of 1,248 / 7?\n\nPlease CONCISELY answer the question in English WITHOUT reasoning or explanation. [/INST]The quotient of 1,248 divided by 7 is 178 remainder 3.</s>', decoded='</s></s></s></s></s></s></s></s></s></s></s></s></s></s></s></s></s></s></s></s></s></s></s></s></s></s></s></s></s></s></s></s></s></s></s></s></s></s></s></s></s></s></s></s><s> [INST] What is the qu'
Warning: Decoded text differs from trimmed prompt
  Trimmed prompt length: 366, Decoded text length: 367
[DEBUG] First difference at position 3: prompt='[', decoded=' '
[DEBUG] Context: prompt='<s>[INST] A field is in the shape of a trapezoid. The shorter base of the trapezoid is 130 yards long and the longer base is 390 yards long. The distance between the two bases is 75 yards. What is the ar', decoded='<s> [INST] A field is in the shape of a trapezoid. The shorter base of the trapezoid is 130 yards long and the longer base is 390 yards long. The distance between the two bases is 75 yards. What is the a'
[WARNING] in lang en, index 2371: No tokens were selected by the answer mask for perplexity calculation, setting perplexity to 1.0.
Warning: Decoded text differs from trimmed prompt
  Trimmed prompt length: 366, Decoded text length: 367
[DEBUG] First difference at position 3: prompt='[', decoded=' '
[DEBUG] Context: prompt='<s>[INST] A field is in the shape of a trapezoid. The shorter base of the trapezoid is 130 yards long and the longer base is 390 yards long. The distance between the two bases is 75 yards. What is the ar', decoded='<s> [INST] A field is in the shape of a trapezoid. The shorter base of the trapezoid is 130 yards long and the longer base is 390 yards long. The distance between the two bases is 75 yards. What is the a'
[WARNING] in lang en, index 2371: No tokens were selected by the answer mask for perplexity calculation, setting perplexity to 1.0.
Warning: Decoded text differs from trimmed prompt
  Trimmed prompt length: 362, Decoded text length: 369
[DEBUG] First difference at position 1: prompt='s', decoded='/'
[DEBUG] Context: prompt='<s>[INST] A school district is proposing a 5% increase in the number of days in a school year. Currently there are 180 days in a school year. How long would a school year be with the proposed increase?', decoded='</s></s></s></s></s></s></s></s></s></s></s></s></s></s></s></s></s></s></s></s></s><s> [INST] A school district is proposing a 5% increase in the number of days in a school year. Currently there are 1'
Warning: Decoded text differs from trimmed prompt
  Trimmed prompt length: 362, Decoded text length: 369
[DEBUG] First difference at position 1: prompt='s', decoded='/'
[DEBUG] Context: prompt='<s>[INST] A school district is proposing a 5% increase in the number of days in a school year. Currently there are 180 days in a school year. How long would a school year be with the proposed increase?', decoded='</s></s></s></s></s></s></s></s></s></s></s></s></s></s></s></s></s></s></s></s></s><s> [INST] A school district is proposing a 5% increase in the number of days in a school year. Currently there are 1'
Perplexity: Written 42/83348 entries to perplexity result file (batch 7/13892)
Processing batch 8/13892
Warning: Decoded text differs from trimmed prompt
  Trimmed prompt length: 506, Decoded text length: 496
[DEBUG] First difference at position 1: prompt='s', decoded='/'
[DEBUG] Context: prompt='<s>[INST] The lowest point on Earth is the bottom of the Mariana Trench at a depth of 35,840 feet below sea level. The highest point on Earth is the summit of Mt. Everest at a height of 29,028 feet abo', decoded='</s></s></s></s></s></s></s></s></s></s></s></s></s></s></s></s></s></s></s></s></s></s></s></s></s></s></s></s></s></s></s></s></s></s></s></s></s></s></s></s></s></s></s></s></s><s> [INST] The lowest'
[WARNING] in lang en, index 2383: No tokens were selected by the answer mask for perplexity calculation, setting perplexity to 1.0.
Warning: Decoded text differs from trimmed prompt
  Trimmed prompt length: 505, Decoded text length: 490
[DEBUG] First difference at position 1: prompt='s', decoded='/'
[DEBUG] Context: prompt='<s>[INST] The lowest point on Earth is the bottom of the Mariana Trench at a depth of 35,840 feet below sea level. The highest point on Earth is the summit of Mt. Everest at a height of 29,028 feet abo', decoded='</s></s></s></s></s></s></s></s></s></s></s></s></s></s></s></s></s></s></s></s></s></s></s></s></s></s></s></s></s></s></s></s></s></s></s></s></s></s></s></s></s></s></s></s></s></s><s> [INST] The lo'
[WARNING] in lang en, index 2383: No tokens were selected by the answer mask for perplexity calculation, setting perplexity to 1.0.
Warning: Decoded text differs from trimmed prompt
  Trimmed prompt length: 631, Decoded text length: 632
[DEBUG] First difference at position 3: prompt='[', decoded=' '
[DEBUG] Context: prompt='<s>[INST] Information about what the students in Mr. Paulson’s class and in Ms. Hugo’s class ate for lunch is listed below. In Mr. Paulson’s class, 0.5 of the students ate pizza for lunch. In Ms. Hugo’s ', decoded='<s> [INST] Information about what the students in Mr. Paulson’s class and in Ms. Hugo’s class ate for lunch is listed below. In Mr. Paulson’s class, 0.5 of the students ate pizza for lunch. In Ms. Hugo’s'
[WARNING] in lang en, index 2386: No tokens were selected by the answer mask for perplexity calculation, setting perplexity to 1.0.
Warning: Decoded text differs from trimmed prompt
  Trimmed prompt length: 636, Decoded text length: 637
[DEBUG] First difference at position 1: prompt='s', decoded='/'
[DEBUG] Context: prompt='<s>[INST] Information about what the students in Mr. Paulson’s class and in Ms. Hugo’s class ate for lunch is listed below. In Mr. Paulson’s class, 0.5 of the students ate pizza for lunch. In Ms. Hugo’', decoded='</s><s> [INST] Information about what the students in Mr. Paulson’s class and in Ms. Hugo’s class ate for lunch is listed below. In Mr. Paulson’s class, 0.5 of the students ate pizza for lunch. In Ms. '
[WARNING] in lang en, index 2386: No tokens were selected by the answer mask for perplexity calculation, setting perplexity to 1.0.
Warning: Decoded text differs from trimmed prompt
  Trimmed prompt length: 358, Decoded text length: 346
[DEBUG] First difference at position 1: prompt='s', decoded='/'
[DEBUG] Context: prompt='<s>[INST] A bulletin board can be covered completely by 30 square pieces of paper without any gaps or overlaps. If each piece of paper has side lengths of 1 foot, what is the total area of the bulletin', decoded='</s></s></s></s></s></s></s></s></s></s></s></s></s></s></s></s></s></s></s></s></s></s></s></s></s></s></s></s></s></s></s></s></s></s></s></s></s></s></s></s></s></s></s></s></s></s></s></s></s></s><'
Warning: Decoded text differs from trimmed prompt
  Trimmed prompt length: 350, Decoded text length: 344
[DEBUG] First difference at position 1: prompt='s', decoded='/'
[DEBUG] Context: prompt='<s>[INST] A bulletin board can be covered completely by 30 square pieces of paper without any gaps or overlaps. If each piece of paper has side lengths of 1 foot, what is the total area of the bulletin', decoded='</s></s></s></s></s></s></s></s></s></s></s></s></s></s></s></s></s></s></s></s></s></s></s></s></s></s></s></s></s></s></s></s></s></s></s></s></s></s></s></s></s></s></s></s></s></s></s></s></s></s><'
Perplexity: Written 48/83348 entries to perplexity result file (batch 8/13892)
Processing batch 9/13892
Warning: Decoded text differs from trimmed prompt
  Trimmed prompt length: 377, Decoded text length: 378
[DEBUG] First difference at position 3: prompt='[', decoded=' '
[DEBUG] Context: prompt='<s>[INST] A group of students make a map of the area around their school. They place the school at (0, 0). The nearest store is placed at the point (–5, 7). In which quadrant is the point representing th', decoded='<s> [INST] A group of students make a map of the area around their school. They place the school at (0, 0). The nearest store is placed at the point (–5, 7). In which quadrant is the point representing t'
[WARNING] in lang en, index 2401: No tokens were selected by the answer mask for perplexity calculation, setting perplexity to 1.0.
Warning: Decoded text differs from trimmed prompt
  Trimmed prompt length: 378, Decoded text length: 379
[DEBUG] First difference at position 3: prompt='[', decoded=' '
[DEBUG] Context: prompt='<s>[INST] A group of students make a map of the area around their school. They place the school at (0, 0). The nearest store is placed at the point (–5, 7). In which quadrant is the point representing th', decoded='<s> [INST] A group of students make a map of the area around their school. They place the school at (0, 0). The nearest store is placed at the point (–5, 7). In which quadrant is the point representing t'
[WARNING] in lang en, index 2401: No tokens were selected by the answer mask for perplexity calculation, setting perplexity to 1.0.
Warning: Decoded text differs from trimmed prompt
  Trimmed prompt length: 314, Decoded text length: 320
[DEBUG] First difference at position 1: prompt='s', decoded='/'
[DEBUG] Context: prompt='<s>[INST] A group of students played a basketball game after school. Which total can be found using the expression 7 x 2?\n\nPlease CONCISELY answer the question in English WITHOUT reasoning or explanati', decoded='</s></s></s></s></s></s></s></s></s></s></s></s></s></s></s></s></s><s> [INST] A group of students played a basketball game after school. Which total can be found using the expression 7 x 2?\n\nPlease CO'
Warning: Decoded text differs from trimmed prompt
  Trimmed prompt length: 314, Decoded text length: 324
[DEBUG] First difference at position 1: prompt='s', decoded='/'
[DEBUG] Context: prompt='<s>[INST] A group of students played a basketball game after school. Which total can be found using the expression 7 x 2?\n\nPlease CONCISELY answer the question in English WITHOUT reasoning or explanati', decoded='</s></s></s></s></s></s></s></s></s></s></s></s></s></s></s></s></s><s> [INST] A group of students played a basketball game after school. Which total can be found using the expression 7 x 2?\n\nPlease CO'
Warning: Decoded text differs from trimmed prompt
  Trimmed prompt length: 301, Decoded text length: 305
[DEBUG] First difference at position 1: prompt='s', decoded='/'
[DEBUG] Context: prompt='<s>[INST] Sapphire is making bouquets of balloons for a graduation party. She has 179 balloons and needs to put 7 balloons in each bouquet. How many bouquets can Sapphire make?\n\nPlease CONCISELY answer', decoded='</s></s><s> [INST] Sapphire is making bouquets of balloons for a graduation party. She has 179 balloons and needs to put 7 balloons in each bouquet. How many bouquets can Sapphire make?\n\nPlease CONCISE'
[WARNING] in lang en, index 2418: No tokens were selected by the answer mask for perplexity calculation, setting perplexity to 1.0.
Warning: Decoded text differs from trimmed prompt
  Trimmed prompt length: 301, Decoded text length: 305
[DEBUG] First difference at position 1: prompt='s', decoded='/'
[DEBUG] Context: prompt='<s>[INST] Sapphire is making bouquets of balloons for a graduation party. She has 179 balloons and needs to put 7 balloons in each bouquet. How many bouquets can Sapphire make?\n\nPlease CONCISELY answer', decoded='</s></s><s> [INST] Sapphire is making bouquets of balloons for a graduation party. She has 179 balloons and needs to put 7 balloons in each bouquet. How many bouquets can Sapphire make?\n\nPlease CONCISE'
[WARNING] in lang en, index 2418: No tokens were selected by the answer mask for perplexity calculation, setting perplexity to 1.0.
Perplexity: Written 54/83348 entries to perplexity result file (batch 9/13892)
Processing batch 10/13892
Warning: Decoded text differs from trimmed prompt
  Trimmed prompt length: 319, Decoded text length: 328
[DEBUG] First difference at position 1: prompt='s', decoded='/'
[DEBUG] Context: prompt='<s>[INST] Peter is in a group of 25 people. All 25 people went fishing in boats. There were 5 people in each boat. How can Peter find the number of boats the group used?\n\nPlease CONCISELY answer the qu', decoded='</s></s></s></s></s></s></s></s></s></s></s></s></s></s></s></s></s></s></s></s></s></s></s></s></s></s></s></s></s></s></s></s></s></s></s></s></s></s></s></s></s></s></s></s></s></s></s></s></s></s><'
Warning: Decoded text differs from trimmed prompt
  Trimmed prompt length: 322, Decoded text length: 328
[DEBUG] First difference at position 1: prompt='s', decoded='/'
[DEBUG] Context: prompt='<s>[INST] Peter is in a group of 25 people. All 25 people went fishing in boats. There were 5 people in each boat. How can Peter find the number of boats the group used?\n\nPlease CONCISELY answer the qu', decoded='</s></s></s></s></s></s></s></s></s></s></s></s></s></s></s></s></s></s></s></s></s></s></s></s></s></s></s></s></s></s></s></s></s></s></s></s></s></s></s></s></s></s></s></s></s></s></s></s></s></s><'
Warning: Decoded text differs from trimmed prompt
  Trimmed prompt length: 782, Decoded text length: 786
[DEBUG] First difference at position 1: prompt='s', decoded='/'
[DEBUG] Context: prompt='<s>[INST] Identify the conclusion of the following argument. It is hard not to verify in our peers the same weakened intelligence due to emotions that we observe in our everyday patients. The arrogance', decoded='</s></s><s> [INST] Identify the conclusion of the following argument. It is hard not to verify in our peers the same weakened intelligence due to emotions that we observe in our everyday patients. The '
Warning: Decoded text differs from trimmed prompt
  Trimmed prompt length: 784, Decoded text length: 785
[DEBUG] First difference at position 3: prompt='[', decoded=' '
[DEBUG] Context: prompt='<s>[INST] Identify the conclusion of the following argument. It is hard not to verify in our peers the same weakened intelligence due to emotions that we observe in our everyday patients. The arrogance o', decoded='<s> [INST] Identify the conclusion of the following argument. It is hard not to verify in our peers the same weakened intelligence due to emotions that we observe in our everyday patients. The arrogance '
Warning: Decoded text differs from trimmed prompt
  Trimmed prompt length: 471, Decoded text length: 441
[DEBUG] First difference at position 1: prompt='s', decoded='/'
[DEBUG] Context: prompt='<s>[INST]  Select the best English interpretation of the given proposition, using the following translation key: Ax: x is an apartment Hx: x is a house Lx: x is large Bxy: x is bigger than y (∃x)[(Ax •', decoded='</s></s></s></s></s></s></s></s></s></s></s></s></s></s></s></s></s></s></s></s></s></s></s></s></s></s></s></s></s></s></s></s></s><s> [INST]  Select the best English interpretation of the given propo'
[WARNING] in lang en, index 2445: No tokens were selected by the answer mask for perplexity calculation, setting perplexity to 1.0.
Warning: Decoded text differs from trimmed prompt
  Trimmed prompt length: 472, Decoded text length: 442
[DEBUG] First difference at position 1: prompt='s', decoded='/'
[DEBUG] Context: prompt='<s>[INST]  Select the best English interpretation of the given proposition, using the following translation key: Ax: x is an apartment Hx: x is a house Lx: x is large Bxy: x is bigger than y (∃x)[(Ax •', decoded='</s></s></s></s></s></s></s></s></s></s></s></s></s></s></s></s></s></s></s></s></s></s></s></s></s></s></s></s></s></s></s></s><s> [INST]  Select the best English interpretation of the given propositi'
[WARNING] in lang en, index 2445: No tokens were selected by the answer mask for perplexity calculation, setting perplexity to 1.0.
Perplexity: Written 60/83348 entries to perplexity result file (batch 10/13892)
Processing batch 11/13892
Warning: Decoded text differs from trimmed prompt
  Trimmed prompt length: 368, Decoded text length: 414
[DEBUG] First difference at position 1: prompt='s', decoded='/'
[DEBUG] Context: prompt='<s>[INST]  Select the best English interpretation of the given proposition, using the following translation key: Ax: x is an apartment Hx: x is a house Lx: x is large Bxy: x is bigger than y (∃x)[Hx • ', decoded='</s></s></s></s></s></s></s></s></s></s></s></s></s></s></s></s></s></s></s></s></s></s></s></s></s></s></s></s></s></s></s></s></s></s></s></s></s></s></s></s></s></s></s></s></s></s></s></s></s></s><'
Warning: Decoded text differs from trimmed prompt
  Trimmed prompt length: 368, Decoded text length: 414
[DEBUG] First difference at position 1: prompt='s', decoded='/'
[DEBUG] Context: prompt='<s>[INST]  Select the best English interpretation of the given proposition, using the following translation key: Ax: x is an apartment Hx: x is a house Lx: x is large Bxy: x is bigger than y (∃x)[Hx • ', decoded='</s></s></s></s></s></s></s></s></s></s></s></s></s></s></s></s></s></s></s></s></s></s></s></s></s></s></s></s></s></s></s></s></s></s></s></s></s></s></s></s></s></s></s></s></s></s></s></s></s></s><'
Warning: Decoded text differs from trimmed prompt
  Trimmed prompt length: 399, Decoded text length: 334
[DEBUG] First difference at position 1: prompt='s', decoded='/'
[DEBUG] Context: prompt='<s>[INST] Identify the antecedent of the following conditional proposition: If the university does not increase financial aid, either the president fails to approve it or the board of trustees prevents', decoded='</s></s></s></s></s></s></s></s></s></s></s></s></s></s></s></s></s></s></s></s></s></s></s></s></s></s></s></s></s></s></s></s></s></s></s></s></s></s></s></s></s></s></s></s></s></s></s></s></s></s><'
[WARNING] in lang en, index 2450: No tokens were selected by the answer mask for perplexity calculation, setting perplexity to 1.0.
Warning: Decoded text differs from trimmed prompt
  Trimmed prompt length: 386, Decoded text length: 334
[DEBUG] First difference at position 1: prompt='s', decoded='/'
[DEBUG] Context: prompt='<s>[INST] Identify the antecedent of the following conditional proposition: If the university does not increase financial aid, either the president fails to approve it or the board of trustees prevents', decoded='</s></s></s></s></s></s></s></s></s></s></s></s></s></s></s></s></s></s></s></s></s></s></s></s></s></s></s></s></s></s></s></s></s></s></s></s></s></s></s></s></s></s></s></s></s></s></s></s></s></s><'
[WARNING] in lang en, index 2450: No tokens were selected by the answer mask for perplexity calculation, setting perplexity to 1.0.
Warning: Decoded text differs from trimmed prompt
  Trimmed prompt length: 556, Decoded text length: 549
[DEBUG] First difference at position 1: prompt='s', decoded='/'
[DEBUG] Context: prompt='<s>[INST]  Construct a complete truth table for the following pairs of propositions. Then, using the truth tables, determine whether the statements are logically equivalent or contradictory. If neither', decoded='</s></s></s></s></s></s></s></s><s> [INST]  Construct a complete truth table for the following pairs of propositions. Then, using the truth tables, determine whether the statements are logically equiva'
Warning: Decoded text differs from trimmed prompt
  Trimmed prompt length: 605, Decoded text length: 606
[DEBUG] First difference at position 3: prompt='[', decoded=' '
[DEBUG] Context: prompt='<s>[INST]  Construct a complete truth table for the following pairs of propositions. Then, using the truth tables, determine whether the statements are logically equivalent or contradictory. If neither, ', decoded='<s> [INST]  Construct a complete truth table for the following pairs of propositions. Then, using the truth tables, determine whether the statements are logically equivalent or contradictory. If neither,'
Perplexity: Written 66/83348 entries to perplexity result file (batch 11/13892)
Processing batch 12/13892
Warning: Decoded text differs from trimmed prompt
  Trimmed prompt length: 440, Decoded text length: 441
[DEBUG] First difference at position 1: prompt='s', decoded='/'
[DEBUG] Context: prompt='<s>[INST]  Select the best English interpretation of the given proposition, using the following translation key: Ax: x is an apartment Hx: x is a house Lx: x is large Bxy: x is bigger than y (∀x){Ax ⊃ ', decoded='</s><s> [INST]  Select the best English interpretation of the given proposition, using the following translation key: Ax: x is an apartment Hx: x is a house Lx: x is large Bxy: x is bigger than y (∀x){'
[WARNING] in lang en, index 2465: No tokens were selected by the answer mask for perplexity calculation, setting perplexity to 1.0.
Warning: Decoded text differs from trimmed prompt
  Trimmed prompt length: 453, Decoded text length: 454
[DEBUG] First difference at position 3: prompt='[', decoded=' '
[DEBUG] Context: prompt='<s>[INST]  Select the best English interpretation of the given proposition, using the following translation key: Ax: x is an apartment Hx: x is a house Lx: x is large Bxy: x is bigger than y (∀x){Ax ⊃ (∀', decoded='<s> [INST]  Select the best English interpretation of the given proposition, using the following translation key: Ax: x is an apartment Hx: x is a house Lx: x is large Bxy: x is bigger than y (∀x){Ax ⊃ ('
[WARNING] in lang en, index 2465: No tokens were selected by the answer mask for perplexity calculation, setting perplexity to 1.0.
Warning: Decoded text differs from trimmed prompt
  Trimmed prompt length: 427, Decoded text length: 446
[DEBUG] First difference at position 1: prompt='s', decoded='/'
[DEBUG] Context: prompt='<s>[INST]  Use indirect truth tables to determine whether each set of propositions is consistent. If the set is consistent, choose an option with a consistent valuation. (There may be other consistent ', decoded='</s></s></s></s></s></s></s></s></s></s></s></s></s></s></s></s></s></s></s></s></s></s><s> [INST]  Use indirect truth tables to determine whether each set of propositions is consistent. If the set is '
Warning: Decoded text differs from trimmed prompt
  Trimmed prompt length: 425, Decoded text length: 440
[DEBUG] First difference at position 1: prompt='s', decoded='/'
[DEBUG] Context: prompt='<s>[INST]  Use indirect truth tables to determine whether each set of propositions is consistent. If the set is consistent, choose an option with a consistent valuation. (There may be other consistent ', decoded='</s></s></s></s></s></s></s></s></s></s></s></s></s></s></s></s></s></s></s></s></s></s></s><s> [INST]  Use indirect truth tables to determine whether each set of propositions is consistent. If the set'
Warning: Decoded text differs from trimmed prompt
  Trimmed prompt length: 369, Decoded text length: 357
[DEBUG] First difference at position 1: prompt='s', decoded='/'
[DEBUG] Context: prompt="<s>[INST] Identify the antecedent of the following conditional proposition: If the Bees don't win their first game, then both the Aardvarks and the Chipmunks win their first games.\n\nPlease CONCISELY an", decoded='</s></s></s></s></s></s></s></s></s></s></s></s></s></s></s></s></s></s></s></s></s></s></s></s></s></s></s></s></s></s></s></s></s></s></s></s></s></s></s></s><s> [INST] Identify the antecedent of the'
Warning: Decoded text differs from trimmed prompt
  Trimmed prompt length: 368, Decoded text length: 357
[DEBUG] First difference at position 1: prompt='s', decoded='/'
[DEBUG] Context: prompt="<s>[INST] Identify the antecedent of the following conditional proposition: If the Bees don't win their first game, then both the Aardvarks and the Chipmunks win their first games.\n\nPlease CONCISELY an", decoded='</s></s></s></s></s></s></s></s></s></s></s></s></s></s></s></s></s></s></s></s></s></s></s></s></s></s></s></s></s></s></s></s></s></s></s></s></s></s></s></s><s> [INST] Identify the antecedent of the'
Perplexity: Written 72/83348 entries to perplexity result file (batch 12/13892)
Processing batch 13/13892
Warning: Decoded text differs from trimmed prompt
  Trimmed prompt length: 397, Decoded text length: 384
[DEBUG] First difference at position 1: prompt='s', decoded='/'
[DEBUG] Context: prompt='<s>[INST] Identify the antecedent of the following conditional proposition: The university raises tuition if both the governor approves of it and the board of trustees recommends it.\n\nPlease CONCISELY ', decoded='</s></s></s></s></s></s></s></s></s></s></s></s></s></s></s></s></s></s></s></s></s></s></s></s></s></s></s></s></s></s></s></s></s></s></s></s></s></s></s></s></s></s></s></s></s></s></s></s></s></s><'
Warning: Decoded text differs from trimmed prompt
  Trimmed prompt length: 359, Decoded text length: 316
[DEBUG] First difference at position 1: prompt='s', decoded='/'
[DEBUG] Context: prompt='<s>[INST] Identify the antecedent of the following conditional proposition: The university raises tuition if both the governor approves of it and the board of trustees recommends it.\n\nPlease CONCISELY ', decoded='</s></s></s></s></s></s></s></s></s></s></s></s></s></s></s></s></s></s></s></s></s></s></s></s></s></s></s></s></s></s></s></s></s></s></s></s></s></s></s></s></s></s></s></s></s></s></s></s></s></s><'
[WARNING] in lang en, index 2480: No tokens were selected by the answer mask for perplexity calculation, setting perplexity to 1.0.
Warning: Decoded text differs from trimmed prompt
  Trimmed prompt length: 332, Decoded text length: 292
[DEBUG] First difference at position 1: prompt='s', decoded='/'
[DEBUG] Context: prompt='<s>[INST]  Identify the antecedent of the following conditional proposition: The restaurant does not have peas, so instead they serve corn and potatoes.\n\nPlease CONCISELY answer the question in English', decoded='</s></s></s></s></s></s></s></s></s></s></s></s></s></s></s></s></s></s></s></s></s></s></s></s></s></s></s></s></s></s></s></s></s></s></s></s></s></s></s></s></s></s></s></s></s></s></s></s></s></s><'
[WARNING] in lang en, index 2481: No tokens were selected by the answer mask for perplexity calculation, setting perplexity to 1.0.
Warning: Decoded text differs from trimmed prompt
  Trimmed prompt length: 325, Decoded text length: 284
[DEBUG] First difference at position 1: prompt='s', decoded='/'
[DEBUG] Context: prompt='<s>[INST]  Identify the antecedent of the following conditional proposition: The restaurant does not have peas, so instead they serve corn and potatoes.\n\nPlease CONCISELY answer the question in English', decoded='</s></s></s></s></s></s></s></s></s></s></s></s></s></s></s></s></s></s></s></s></s></s></s></s></s></s></s></s></s></s></s></s></s></s></s></s></s></s></s></s></s></s></s></s></s></s></s></s></s></s><'
[WARNING] in lang en, index 2481: No tokens were selected by the answer mask for perplexity calculation, setting perplexity to 1.0.
Warning: Decoded text differs from trimmed prompt
  Trimmed prompt length: 606, Decoded text length: 605
[DEBUG] First difference at position 1: prompt='s', decoded='/'
[DEBUG] Context: prompt='<s>[INST] Identify the conclusion of the following argument. That the world is my idea is a truth valid for every living creature, though only man can contemplate it. In doing so, he attains philosophi', decoded='</s></s></s></s></s></s></s></s></s></s></s></s></s></s></s></s></s><s> [INST] Identify the conclusion of the following argument. That the world is my idea is a truth valid for every living creature, t'
[WARNING] in lang en, index 2483: No tokens were selected by the answer mask for perplexity calculation, setting perplexity to 1.0.
Warning: Decoded text differs from trimmed prompt
  Trimmed prompt length: 690, Decoded text length: 691
[DEBUG] First difference at position 3: prompt='[', decoded=' '
[DEBUG] Context: prompt='<s>[INST] Identify the conclusion of the following argument. That the world is my idea is a truth valid for every living creature, though only man can contemplate it. In doing so, he attains philosophica', decoded='<s> [INST] Identify the conclusion of the following argument. That the world is my idea is a truth valid for every living creature, though only man can contemplate it. In doing so, he attains philosophic'
[WARNING] in lang en, index 2483: No tokens were selected by the answer mask for perplexity calculation, setting perplexity to 1.0.
Perplexity: Written 78/83348 entries to perplexity result file (batch 13/13892)
Processing batch 14/13892
Warning: Decoded text differs from trimmed prompt
  Trimmed prompt length: 510, Decoded text length: 536
[DEBUG] First difference at position 1: prompt='s', decoded='/'
[DEBUG] Context: prompt='<s>[INST]  Construct a complete truth table for the following pairs of propositions. Then, using the truth tables, determine whether the statements are logically equivalent or contradictory. If neither', decoded='</s></s></s></s></s></s></s></s></s></s></s></s></s></s></s></s></s></s></s></s></s></s></s></s></s></s></s></s></s></s></s></s></s></s></s></s></s></s></s></s></s></s></s></s></s></s></s></s></s></s><'
Warning: Decoded text differs from trimmed prompt
  Trimmed prompt length: 460, Decoded text length: 482
[DEBUG] First difference at position 1: prompt='s', decoded='/'
[DEBUG] Context: prompt='<s>[INST]  Construct a complete truth table for the following pairs of propositions. Then, using the truth tables, determine whether the statements are logically equivalent or contradictory. If neither', decoded='</s></s></s></s></s></s></s></s></s></s></s></s></s></s></s></s></s></s></s></s></s></s></s></s></s></s></s></s></s></s></s></s></s></s></s></s></s></s></s></s></s></s></s></s></s></s></s></s></s></s><'
Warning: Decoded text differs from trimmed prompt
  Trimmed prompt length: 462, Decoded text length: 460
[DEBUG] First difference at position 1: prompt='s', decoded='/'
[DEBUG] Context: prompt='<s>[INST]  Construct a complete truth table for the following pairs of propositions. Then, using the truth tables, determine whether the statements are logically equivalent or contradictory. If neither', decoded='</s></s></s></s></s></s></s></s></s></s></s></s></s></s></s></s></s></s></s></s></s></s></s></s></s></s></s></s></s></s></s></s></s></s></s></s></s></s></s></s></s></s></s></s></s></s></s></s></s></s><'
Warning: Decoded text differs from trimmed prompt
  Trimmed prompt length: 455, Decoded text length: 460
[DEBUG] First difference at position 1: prompt='s', decoded='/'
[DEBUG] Context: prompt='<s>[INST]  Construct a complete truth table for the following pairs of propositions. Then, using the truth tables, determine whether the statements are logically equivalent or contradictory. If neither', decoded='</s></s></s></s></s></s></s></s></s></s></s></s></s></s></s></s></s></s></s></s></s></s></s></s></s></s></s></s></s></s></s></s></s></s></s></s></s></s></s></s></s></s></s></s></s></s></s></s></s></s><'
Warning: Decoded text differs from trimmed prompt
  Trimmed prompt length: 638, Decoded text length: 639
[DEBUG] First difference at position 3: prompt='[', decoded=' '
[DEBUG] Context: prompt='<s>[INST]  Use the following key to translate the given formula of PL to natural, English sentences.\nA: Marina reads a Percy Jackson book.\nB: Izzy plays Minecraft.\nC: Emily stops working.\nD: Russell make', decoded='<s> [INST]  Use the following key to translate the given formula of PL to natural, English sentences.\nA: Marina reads a Percy Jackson book.\nB: Izzy plays Minecraft.\nC: Emily stops working.\nD: Russell mak'
Warning: Decoded text differs from trimmed prompt
  Trimmed prompt length: 591, Decoded text length: 601
[DEBUG] First difference at position 1: prompt='s', decoded='/'
[DEBUG] Context: prompt='<s>[INST]  Use the following key to translate the given formula of PL to natural, English sentences.\nA: Marina reads a Percy Jackson book.\nB: Izzy plays Minecraft.\nC: Emily stops working.\nD: Russell ma', decoded='</s></s></s></s></s></s></s></s></s></s></s></s></s><s> [INST]  Use the following key to translate the given formula of PL to natural, English sentences.\nA: Marina reads a Percy Jackson book.\nB: Izzy p'
Perplexity: Written 84/83348 entries to perplexity result file (batch 14/13892)
Processing batch 15/13892
Warning: Decoded text differs from trimmed prompt
  Trimmed prompt length: 536, Decoded text length: 537
[DEBUG] First difference at position 3: prompt='[', decoded=' '
[DEBUG] Context: prompt='<s>[INST]  Select the best English interpretation of the given arguments in predicate logic.\nDh ⊃ ~Pt\n(∀x)Px ∨ (∀x)Mx\n~Mb\t/ ~Dh\n\nPlease CONCISELY answer the question in English WITHOUT reasoning or expla', decoded='<s> [INST]  Select the best English interpretation of the given arguments in predicate logic.\nDh ⊃ ~Pt\n(∀x)Px ∨ (∀x)Mx\n~Mb\t/ ~Dh\n\nPlease CONCISELY answer the question in English WITHOUT reasoning or expl'
Warning: Decoded text differs from trimmed prompt
  Trimmed prompt length: 534, Decoded text length: 535
[DEBUG] First difference at position 3: prompt='[', decoded=' '
[DEBUG] Context: prompt='<s>[INST]  Select the best English interpretation of the given arguments in predicate logic.\nDh ⊃ ~Pt\n(∀x)Px ∨ (∀x)Mx\n~Mb\t/ ~Dh\n\nPlease CONCISELY answer the question in English WITHOUT reasoning or expla', decoded='<s> [INST]  Select the best English interpretation of the given arguments in predicate logic.\nDh ⊃ ~Pt\n(∀x)Px ∨ (∀x)Mx\n~Mb\t/ ~Dh\n\nPlease CONCISELY answer the question in English WITHOUT reasoning or expl'
Warning: Decoded text differs from trimmed prompt
  Trimmed prompt length: 406, Decoded text length: 409
[DEBUG] First difference at position 1: prompt='s', decoded='/'
[DEBUG] Context: prompt='<s>[INST] Identify the antecedent of the following conditional proposition: The Bees winning their first game is necessary for either the Aardvarks or the Chipmunks not winning their first game.\n\nPleas', decoded='</s></s></s></s></s></s></s></s></s></s></s></s></s></s></s></s></s></s></s></s></s></s></s></s></s></s></s></s></s></s></s></s></s></s></s></s></s></s></s></s></s></s></s></s></s></s></s></s></s></s><'
Warning: Decoded text differs from trimmed prompt
  Trimmed prompt length: 382, Decoded text length: 378
[DEBUG] First difference at position 1: prompt='s', decoded='/'
[DEBUG] Context: prompt='<s>[INST] Identify the antecedent of the following conditional proposition: The Bees winning their first game is necessary for either the Aardvarks or the Chipmunks not winning their first game.\n\nPleas', decoded='</s></s></s></s></s></s></s></s></s></s></s></s></s></s></s></s></s></s></s></s></s></s></s></s></s></s></s></s></s></s></s></s></s></s></s></s></s></s></s></s></s></s></s></s></s></s></s></s></s></s><'
Warning: Decoded text differs from trimmed prompt
  Trimmed prompt length: 357, Decoded text length: 359
[DEBUG] First difference at position 1: prompt='s', decoded='/'
[DEBUG] Context: prompt='<s>[INST] Identify the antecedent of the following conditional proposition: The Bees win their first game only if either the Aardvarks or the Chipmunks do not win their first games.\n\nPlease CONCISELY a', decoded='</s></s></s></s></s></s></s></s></s></s></s></s></s></s></s></s></s></s></s></s></s></s></s></s></s></s></s></s></s></s></s></s></s></s></s></s></s></s></s></s></s></s></s></s></s></s></s></s></s></s><'
Warning: Decoded text differs from trimmed prompt
  Trimmed prompt length: 369, Decoded text length: 378
[DEBUG] First difference at position 1: prompt='s', decoded='/'
[DEBUG] Context: prompt='<s>[INST] Identify the antecedent of the following conditional proposition: The Bees win their first game only if either the Aardvarks or the Chipmunks do not win their first games.\n\nPlease CONCISELY a', decoded='</s></s></s></s></s></s></s></s></s></s></s></s></s></s></s></s></s></s></s></s></s></s></s></s></s></s></s></s></s></s></s></s></s></s></s></s></s></s></s></s></s></s></s></s></s></s></s></s></s></s><'
Perplexity: Written 90/83348 entries to perplexity result file (batch 15/13892)
Processing batch 16/13892
Warning: Decoded text differs from trimmed prompt
  Trimmed prompt length: 459, Decoded text length: 428
[DEBUG] First difference at position 1: prompt='s', decoded='/'
[DEBUG] Context: prompt='<s>[INST]  Construct a complete truth table for the following pairs of propositions. Then, using the truth tables, determine whether the statements are logically equivalent or contradictory. If neither', decoded='</s></s></s></s></s></s></s></s></s></s></s></s></s></s></s></s></s></s></s></s></s></s></s></s></s></s></s></s></s></s></s></s></s></s></s></s></s></s></s></s></s></s></s></s></s></s></s></s></s></s><'
Warning: Decoded text differs from trimmed prompt
  Trimmed prompt length: 508, Decoded text length: 470
[DEBUG] First difference at position 1: prompt='s', decoded='/'
[DEBUG] Context: prompt='<s>[INST]  Construct a complete truth table for the following pairs of propositions. Then, using the truth tables, determine whether the statements are logically equivalent or contradictory. If neither', decoded='</s></s></s></s></s></s></s></s></s></s></s></s></s></s></s></s></s></s></s></s></s></s></s></s></s></s></s></s></s></s></s></s></s></s></s></s></s></s></s></s></s></s></s></s></s></s></s></s></s></s><'
Warning: Decoded text differs from trimmed prompt
  Trimmed prompt length: 884, Decoded text length: 843
[DEBUG] First difference at position 1: prompt='s', decoded='/'
[DEBUG] Context: prompt='<s>[INST]  Identify the conclusion of the following argument. There are those who use predicate variables; the values of these variables are attributes. Predicates are wanted in all sentences regardles', decoded='</s></s></s></s></s></s></s></s></s></s></s></s></s></s></s></s></s></s></s></s></s></s></s></s></s></s></s></s></s></s></s></s></s></s></s><s> [INST]  Identify the conclusion of the following argument'
Warning: Decoded text differs from trimmed prompt
  Trimmed prompt length: 772, Decoded text length: 745
[DEBUG] First difference at position 1: prompt='s', decoded='/'
[DEBUG] Context: prompt='<s>[INST]  Identify the conclusion of the following argument. There are those who use predicate variables; the values of these variables are attributes. Predicates are wanted in all sentences regardles', decoded='</s></s></s></s></s></s></s></s></s></s></s></s></s></s></s></s></s></s></s></s></s></s></s></s></s></s></s></s></s></s></s></s></s></s></s></s></s></s></s></s></s></s></s></s></s></s></s></s></s></s><'
[WARNING] in lang en, index 2504: No tokens were selected by the answer mask for perplexity calculation, setting perplexity to 1.0.
Warning: Decoded text differs from trimmed prompt
  Trimmed prompt length: 1011, Decoded text length: 1009
[DEBUG] First difference at position 1: prompt='s', decoded='/'
[DEBUG] Context: prompt='<s>[INST] Identify the conclusion of the following argument. All of psychology has gotten stuck in moral prejudices and fears. No one has come close to understanding it as the development of the will t', decoded='</s></s></s></s><s> [INST] Identify the conclusion of the following argument. All of psychology has gotten stuck in moral prejudices and fears. No one has come close to understanding it as the developm'
Warning: Decoded text differs from trimmed prompt
  Trimmed prompt length: 1018, Decoded text length: 1019
[DEBUG] First difference at position 3: prompt='[', decoded=' '
[DEBUG] Context: prompt='<s>[INST] Identify the conclusion of the following argument. All of psychology has gotten stuck in moral prejudices and fears. No one has come close to understanding it as the development of the will to ', decoded='<s> [INST] Identify the conclusion of the following argument. All of psychology has gotten stuck in moral prejudices and fears. No one has come close to understanding it as the development of the will to'
Perplexity: Written 96/83348 entries to perplexity result file (batch 16/13892)
Processing batch 17/13892
Warning: Decoded text differs from trimmed prompt
  Trimmed prompt length: 455, Decoded text length: 470
[DEBUG] First difference at position 1: prompt='s', decoded='/'
[DEBUG] Context: prompt='<s>[INST]  Use indirect truth tables to determine whether each set of propositions is consistent. If the set is consistent, choose an option with a consistent valuation. (There may be other consistent ', decoded='</s></s></s></s></s></s></s></s></s></s></s></s></s></s></s></s></s></s></s></s></s></s></s></s></s></s></s></s></s></s></s></s></s></s></s></s></s></s></s></s></s></s></s></s></s></s></s></s></s></s><'
Warning: Decoded text differs from trimmed prompt
  Trimmed prompt length: 455, Decoded text length: 470
[DEBUG] First difference at position 1: prompt='s', decoded='/'
[DEBUG] Context: prompt='<s>[INST]  Use indirect truth tables to determine whether each set of propositions is consistent. If the set is consistent, choose an option with a consistent valuation. (There may be other consistent ', decoded='</s></s></s></s></s></s></s></s></s></s></s></s></s></s></s></s></s></s></s></s></s></s></s></s></s></s></s></s></s></s></s></s></s></s></s></s></s></s></s></s></s></s></s></s></s></s></s></s></s></s><'
Warning: Decoded text differs from trimmed prompt
  Trimmed prompt length: 548, Decoded text length: 549
[DEBUG] First difference at position 3: prompt='[', decoded=' '
[DEBUG] Context: prompt='<s>[INST]  Use indirect truth tables to determine whether each set of propositions is consistent. If the set is consistent, choose an option with a consistent valuation. (There may be other consistent va', decoded='<s> [INST]  Use indirect truth tables to determine whether each set of propositions is consistent. If the set is consistent, choose an option with a consistent valuation. (There may be other consistent v'
Warning: Decoded text differs from trimmed prompt
  Trimmed prompt length: 547, Decoded text length: 548
[DEBUG] First difference at position 3: prompt='[', decoded=' '
[DEBUG] Context: prompt='<s>[INST]  Use indirect truth tables to determine whether each set of propositions is consistent. If the set is consistent, choose an option with a consistent valuation. (There may be other consistent va', decoded='<s> [INST]  Use indirect truth tables to determine whether each set of propositions is consistent. If the set is consistent, choose an option with a consistent valuation. (There may be other consistent v'
Warning: Decoded text differs from trimmed prompt
  Trimmed prompt length: 709, Decoded text length: 681
[DEBUG] First difference at position 1: prompt='s', decoded='/'
[DEBUG] Context: prompt='<s>[INST] Identify the conclusion of the following argument. Utilitarian theory is embarrassed by the possibility of utility monsters. A utility monster gets enormous gains in utility, greater than the', decoded='</s></s></s></s></s></s></s></s></s></s></s></s></s></s></s></s></s></s></s></s></s></s><s> [INST] Identify the conclusion of the following argument. Utilitarian theory is embarrassed by the possibilit'
[WARNING] in lang en, index 2526: No tokens were selected by the answer mask for perplexity calculation, setting perplexity to 1.0.
Warning: Decoded text differs from trimmed prompt
  Trimmed prompt length: 685, Decoded text length: 656
[DEBUG] First difference at position 1: prompt='s', decoded='/'
[DEBUG] Context: prompt='<s>[INST] Identify the conclusion of the following argument. Utilitarian theory is embarrassed by the possibility of utility monsters. A utility monster gets enormous gains in utility, greater than the', decoded='</s></s></s></s></s></s></s></s></s></s></s></s></s></s></s></s></s></s></s></s></s></s></s></s></s></s><s> [INST] Identify the conclusion of the following argument. Utilitarian theory is embarrassed b'
[WARNING] in lang en, index 2526: No tokens were selected by the answer mask for perplexity calculation, setting perplexity to 1.0.
Perplexity: Written 102/83348 entries to perplexity result file (batch 17/13892)
Processing batch 18/13892
Warning: Decoded text differs from trimmed prompt
  Trimmed prompt length: 388, Decoded text length: 389
[DEBUG] First difference at position 3: prompt='[', decoded=' '
[DEBUG] Context: prompt='<s>[INST]  Select the best English interpretation of the given proposition, using the following translation key: Ax: x is an apartment Hx: x is a house Lx: x is large Bxy: x is bigger than y (∀x)[Ax ⊃ (∃', decoded='<s> [INST]  Select the best English interpretation of the given proposition, using the following translation key: Ax: x is an apartment Hx: x is a house Lx: x is large Bxy: x is bigger than y (∀x)[Ax ⊃ ('
[WARNING] in lang en, index 2532: No tokens were selected by the answer mask for perplexity calculation, setting perplexity to 1.0.
Warning: Decoded text differs from trimmed prompt
  Trimmed prompt length: 392, Decoded text length: 393
[DEBUG] First difference at position 3: prompt='[', decoded=' '
[DEBUG] Context: prompt='<s>[INST]  Select the best English interpretation of the given proposition, using the following translation key: Ax: x is an apartment Hx: x is a house Lx: x is large Bxy: x is bigger than y (∀x)[Ax ⊃ (∃', decoded='<s> [INST]  Select the best English interpretation of the given proposition, using the following translation key: Ax: x is an apartment Hx: x is a house Lx: x is large Bxy: x is bigger than y (∀x)[Ax ⊃ ('
[WARNING] in lang en, index 2532: No tokens were selected by the answer mask for perplexity calculation, setting perplexity to 1.0.
Warning: Decoded text differs from trimmed prompt
  Trimmed prompt length: 363, Decoded text length: 337
[DEBUG] First difference at position 1: prompt='s', decoded='/'
[DEBUG] Context: prompt='<s>[INST] Identify the antecedent of the following conditional proposition: The university raises tuition only if both the governor approves of it and the board of trustees recommends it.\n\nPlease CONCI', decoded='</s></s></s></s></s></s></s></s></s></s></s></s></s></s></s></s></s></s></s></s></s></s></s></s></s></s></s></s></s></s><s> [INST] Identify the antecedent of the following conditional proposition: The '
[WARNING] in lang en, index 2534: No tokens were selected by the answer mask for perplexity calculation, setting perplexity to 1.0.
Warning: Decoded text differs from trimmed prompt
  Trimmed prompt length: 361, Decoded text length: 345
[DEBUG] First difference at position 1: prompt='s', decoded='/'
[DEBUG] Context: prompt='<s>[INST] Identify the antecedent of the following conditional proposition: The university raises tuition only if both the governor approves of it and the board of trustees recommends it.\n\nPlease CONCI', decoded='</s></s></s></s></s></s></s></s></s></s></s></s></s></s></s></s></s></s></s></s></s></s></s></s></s></s></s></s></s><s> [INST] Identify the antecedent of the following conditional proposition: The univ'
[WARNING] in lang en, index 2534: No tokens were selected by the answer mask for perplexity calculation, setting perplexity to 1.0.
Warning: Decoded text differs from trimmed prompt
  Trimmed prompt length: 372, Decoded text length: 354
[DEBUG] First difference at position 1: prompt='s', decoded='/'
[DEBUG] Context: prompt="<s>[INST] Identify the antecedent of the following conditional proposition: When the university raises tuition, then either the governor approves of it or the board of trustees doesn't prevent it.\n\nPle", decoded='</s></s></s></s></s></s></s></s></s></s></s></s></s></s></s></s></s></s></s></s></s></s></s></s></s></s></s><s> [INST] Identify the antecedent of the following conditional proposition: When the univers'
[WARNING] in lang en, index 2536: No tokens were selected by the answer mask for perplexity calculation, setting perplexity to 1.0.
Warning: Decoded text differs from trimmed prompt
  Trimmed prompt length: 370, Decoded text length: 368
[DEBUG] First difference at position 1: prompt='s', decoded='/'
[DEBUG] Context: prompt="<s>[INST] Identify the antecedent of the following conditional proposition: When the university raises tuition, then either the governor approves of it or the board of trustees doesn't prevent it.\n\nPle", decoded='</s></s></s></s></s></s></s></s></s></s></s></s></s></s></s></s></s></s></s></s></s></s></s></s></s></s><s> [INST] Identify the antecedent of the following conditional proposition: When the university '
[WARNING] in lang en, index 2536: No tokens were selected by the answer mask for perplexity calculation, setting perplexity to 1.0.
Perplexity: Written 108/83348 entries to perplexity result file (batch 18/13892)
Processing batch 19/13892
Warning: Decoded text differs from trimmed prompt
  Trimmed prompt length: 580, Decoded text length: 573
[DEBUG] First difference at position 1: prompt='s', decoded='/'
[DEBUG] Context: prompt='<s>[INST] Identify the conclusion of the following argument. The sense of a term is supposed to determine its reference. But reference can vary without any difference in thought. So, the senses of term', decoded='</s></s></s></s></s></s></s></s></s></s></s></s></s></s></s></s></s></s></s></s></s></s><s> [INST] Identify the conclusion of the following argument. The sense of a term is supposed to determine its re'
Warning: Decoded text differs from trimmed prompt
  Trimmed prompt length: 553, Decoded text length: 522
[DEBUG] First difference at position 1: prompt='s', decoded='/'
[DEBUG] Context: prompt='<s>[INST] Identify the conclusion of the following argument. The sense of a term is supposed to determine its reference. But reference can vary without any difference in thought. So, the senses of term', decoded='</s></s></s></s></s></s></s></s></s></s></s></s></s></s></s></s></s></s></s></s></s></s></s></s></s></s></s></s></s></s><s> [INST] Identify the conclusion of the following argument. The sense of a term'
[WARNING] in lang en, index 2541: No tokens were selected by the answer mask for perplexity calculation, setting perplexity to 1.0.
Warning: Decoded text differs from trimmed prompt
  Trimmed prompt length: 654, Decoded text length: 655
[DEBUG] First difference at position 3: prompt='[', decoded=' '
[DEBUG] Context: prompt='<s>[INST]  Construct a complete truth table for the following pairs of propositions. Then, using the truth tables, determine whether the statements are logically equivalent or contradictory. If neither, ', decoded='<s> [INST]  Construct a complete truth table for the following pairs of propositions. Then, using the truth tables, determine whether the statements are logically equivalent or contradictory. If neither,'
Warning: Decoded text differs from trimmed prompt
  Trimmed prompt length: 604, Decoded text length: 597
[DEBUG] First difference at position 1: prompt='s', decoded='/'
[DEBUG] Context: prompt='<s>[INST]  Construct a complete truth table for the following pairs of propositions. Then, using the truth tables, determine whether the statements are logically equivalent or contradictory. If neither', decoded='</s></s></s></s></s></s></s></s></s><s> [INST]  Construct a complete truth table for the following pairs of propositions. Then, using the truth tables, determine whether the statements are logically eq'
Warning: Decoded text differs from trimmed prompt
  Trimmed prompt length: 503, Decoded text length: 487
[DEBUG] First difference at position 1: prompt='s', decoded='/'
[DEBUG] Context: prompt='<s>[INST] Identify the conclusion of the following argument. Remember to remove any conclusion indicators. It is wrong for society to kill a murderer. This follows for the reason that if a murderer is ', decoded='</s></s></s></s></s></s></s></s></s></s></s></s></s></s></s></s></s></s></s></s></s></s></s></s></s></s></s></s></s></s></s></s></s></s></s></s></s></s></s><s> [INST] Identify the conclusion of the fol'
[WARNING] in lang en, index 2545: No tokens were selected by the answer mask for perplexity calculation, setting perplexity to 1.0.
Warning: Decoded text differs from trimmed prompt
  Trimmed prompt length: 590, Decoded text length: 579
[DEBUG] First difference at position 1: prompt='s', decoded='/'
[DEBUG] Context: prompt='<s>[INST] Identify the conclusion of the following argument. Remember to remove any conclusion indicators. It is wrong for society to kill a murderer. This follows for the reason that if a murderer is ', decoded='</s></s></s></s></s></s></s></s></s></s></s></s></s></s></s></s></s></s></s></s></s></s><s> [INST] Identify the conclusion of the following argument. Remember to remove any conclusion indicators. It is'
Perplexity: Written 114/83348 entries to perplexity result file (batch 19/13892)
Processing batch 20/13892
Warning: Decoded text differs from trimmed prompt
  Trimmed prompt length: 435, Decoded text length: 478
[DEBUG] First difference at position 1: prompt='s', decoded='/'
[DEBUG] Context: prompt='<s>[INST]  Construct a complete truth table for the following pairs of propositions. Then, using the truth tables, determine whether the statements are logically equivalent or contradictory. If neither', decoded='</s></s></s></s></s></s></s></s></s></s></s></s></s></s></s></s></s></s></s></s></s></s></s></s></s></s></s></s></s></s></s></s></s></s></s></s></s></s></s></s></s></s></s></s></s></s></s></s></s><s> ['
Warning: Decoded text differs from trimmed prompt
  Trimmed prompt length: 443, Decoded text length: 476
[DEBUG] First difference at position 1: prompt='s', decoded='/'
[DEBUG] Context: prompt='<s>[INST]  Construct a complete truth table for the following pairs of propositions. Then, using the truth tables, determine whether the statements are logically equivalent or contradictory. If neither', decoded='</s></s></s></s></s></s></s></s></s></s></s></s></s></s></s></s></s></s></s></s></s></s></s></s></s></s></s></s></s></s></s></s></s></s></s></s></s></s></s></s></s></s></s></s></s></s></s></s><s> [INST'
Warning: Decoded text differs from trimmed prompt
  Trimmed prompt length: 684, Decoded text length: 694
[DEBUG] First difference at position 1: prompt='s', decoded='/'
[DEBUG] Context: prompt='<s>[INST] Identify the conclusion of the following argument. From a historical point of view, genetics is a young science. The principles that govern inheritance traits were described less than 150 yea', decoded='</s></s></s></s><s> [INST] Identify the conclusion of the following argument. From a historical point of view, genetics is a young science. The principles that govern inheritance traits were described '
Warning: Decoded text differs from trimmed prompt
  Trimmed prompt length: 708, Decoded text length: 709
[DEBUG] First difference at position 3: prompt='[', decoded=' '
[DEBUG] Context: prompt='<s>[INST] Identify the conclusion of the following argument. From a historical point of view, genetics is a young science. The principles that govern inheritance traits were described less than 150 years', decoded='<s> [INST] Identify the conclusion of the following argument. From a historical point of view, genetics is a young science. The principles that govern inheritance traits were described less than 150 year'
Warning: Decoded text differs from trimmed prompt
  Trimmed prompt length: 429, Decoded text length: 419
[DEBUG] First difference at position 1: prompt='s', decoded='/'
[DEBUG] Context: prompt="<s>[INST] Identify the conclusion of the following argument. We shouldn't abolish capital punishment. If we do, prisons will become more crowded. If prisons become more crowded, then we will have to bu", decoded='</s></s></s></s></s></s></s></s></s></s></s></s></s></s></s></s></s></s></s></s></s></s></s></s></s></s></s></s></s></s></s></s></s></s></s></s></s></s></s></s></s></s></s></s></s></s></s></s></s></s><'
Warning: Decoded text differs from trimmed prompt
  Trimmed prompt length: 432, Decoded text length: 430
[DEBUG] First difference at position 1: prompt='s', decoded='/'
[DEBUG] Context: prompt="<s>[INST] Identify the conclusion of the following argument. We shouldn't abolish capital punishment. If we do, prisons will become more crowded. If prisons become more crowded, then we will have to bu", decoded='</s></s></s></s></s></s></s></s></s></s></s></s></s></s></s></s></s></s></s></s></s></s></s></s></s></s></s></s></s></s></s></s></s></s></s></s></s></s></s></s></s></s></s></s></s></s></s></s></s></s><'
Perplexity: Written 120/83348 entries to perplexity result file (batch 20/13892)
Processing batch 21/13892
Warning: Decoded text differs from trimmed prompt
  Trimmed prompt length: 328, Decoded text length: 338
[DEBUG] First difference at position 1: prompt='s', decoded='/'
[DEBUG] Context: prompt='<s>[INST] What was GDP per capita in the United States in 1850 when adjusting for inflation and PPP in 2011 prices?\n\nPlease CONCISELY answer the question in English WITHOUT reasoning or explanation. [/', decoded='</s></s></s></s><s> [INST] What was GDP per capita in the United States in 1850 when adjusting for inflation and PPP in 2011 prices?\n\nPlease CONCISELY answer the question in English WITHOUT reasoning o'
[WARNING] in lang en, index 2570: No tokens were selected by the answer mask for perplexity calculation, setting perplexity to 1.0.
Warning: Decoded text differs from trimmed prompt
  Trimmed prompt length: 328, Decoded text length: 338
[DEBUG] First difference at position 1: prompt='s', decoded='/'
[DEBUG] Context: prompt='<s>[INST] What was GDP per capita in the United States in 1850 when adjusting for inflation and PPP in 2011 prices?\n\nPlease CONCISELY answer the question in English WITHOUT reasoning or explanation. [/', decoded='</s></s></s></s><s> [INST] What was GDP per capita in the United States in 1850 when adjusting for inflation and PPP in 2011 prices?\n\nPlease CONCISELY answer the question in English WITHOUT reasoning o'
[WARNING] in lang en, index 2570: No tokens were selected by the answer mask for perplexity calculation, setting perplexity to 1.0.
Warning: Decoded text differs from trimmed prompt
  Trimmed prompt length: 350, Decoded text length: 351
[DEBUG] First difference at position 3: prompt='[', decoded=' '
[DEBUG] Context: prompt='<s>[INST] Controlling for inflation and PPP-adjustment, about how much did GDP per capita increase from 1950 to 2016 in Japan?\n\nPlease CONCISELY answer the question in English WITHOUT reasoning or explan', decoded='<s> [INST] Controlling for inflation and PPP-adjustment, about how much did GDP per capita increase from 1950 to 2016 in Japan?\n\nPlease CONCISELY answer the question in English WITHOUT reasoning or expla'
Warning: Decoded text differs from trimmed prompt
  Trimmed prompt length: 350, Decoded text length: 351
[DEBUG] First difference at position 3: prompt='[', decoded=' '
[DEBUG] Context: prompt='<s>[INST] Controlling for inflation and PPP-adjustment, about how much did GDP per capita increase from 1950 to 2016 in Japan?\n\nPlease CONCISELY answer the question in English WITHOUT reasoning or explan', decoded='<s> [INST] Controlling for inflation and PPP-adjustment, about how much did GDP per capita increase from 1950 to 2016 in Japan?\n\nPlease CONCISELY answer the question in English WITHOUT reasoning or expla'
Warning: Decoded text differs from trimmed prompt
  Trimmed prompt length: 298, Decoded text length: 306
[DEBUG] First difference at position 1: prompt='s', decoded='/'
[DEBUG] Context: prompt='<s>[INST] What is the biggest cause of death in children under five years old (as of 2017)?\n\nPlease CONCISELY answer the question in English WITHOUT reasoning or explanation. [/INST]Pneumonia was the b', decoded='</s></s></s></s></s></s></s></s></s></s></s></s></s></s></s></s></s></s></s></s></s></s></s><s> [INST] What is the biggest cause of death in children under five years old (as of 2017)?\n\nPlease CONCISEL'
Warning: Decoded text differs from trimmed prompt
  Trimmed prompt length: 297, Decoded text length: 296
[DEBUG] First difference at position 1: prompt='s', decoded='/'
[DEBUG] Context: prompt='<s>[INST] What is the biggest cause of death in children under five years old (as of 2017)?\n\nPlease CONCISELY answer the question in English WITHOUT reasoning or explanation. [/INST]Pneumonia was the b', decoded='</s></s></s></s></s></s></s></s></s></s></s></s></s></s></s></s></s></s></s></s></s></s></s></s><s> [INST] What is the biggest cause of death in children under five years old (as of 2017)?\n\nPlease CONC'
Perplexity: Written 126/83348 entries to perplexity result file (batch 21/13892)
Processing batch 22/13892
Warning: Decoded text differs from trimmed prompt
  Trimmed prompt length: 220, Decoded text length: 242
[DEBUG] First difference at position 1: prompt='s', decoded='/'
[DEBUG] Context: prompt='<s>[INST] What was GDP per capita in the United States in 1950 when adjusting for inflation and PPP in 2011 prices?\n\nPlease CONCISELY answer the question in English WITHOUT reasoning or explanation. [/', decoded='</s></s></s></s></s></s></s></s></s></s></s></s></s></s></s></s></s></s></s></s></s></s></s></s></s></s></s></s></s></s></s></s></s></s></s></s><s> [INST] What was GDP per capita in the United States i'
Warning: Decoded text differs from trimmed prompt
  Trimmed prompt length: 220, Decoded text length: 242
[DEBUG] First difference at position 1: prompt='s', decoded='/'
[DEBUG] Context: prompt='<s>[INST] What was GDP per capita in the United States in 1950 when adjusting for inflation and PPP in 2011 prices?\n\nPlease CONCISELY answer the question in English WITHOUT reasoning or explanation. [/', decoded='</s></s></s></s></s></s></s></s></s></s></s></s></s></s></s></s></s></s></s></s></s></s></s></s></s></s></s></s></s></s></s></s></s></s></s></s><s> [INST] What was GDP per capita in the United States i'
Warning: Decoded text differs from trimmed prompt
  Trimmed prompt length: 244, Decoded text length: 241
[DEBUG] First difference at position 1: prompt='s', decoded='/'
[DEBUG] Context: prompt='<s>[INST] In 2018, about how many chickens were killed for meat production?\n\nPlease CONCISELY answer the question in English WITHOUT reasoning or explanation. [/INST]Approximately 69 billion chickens w', decoded='</s></s></s></s></s></s></s></s></s></s></s></s></s></s></s></s></s></s></s></s></s></s></s></s></s></s></s></s></s></s></s></s></s></s></s><s> [INST] In 2018, about how many chickens were killed for m'
Warning: Decoded text differs from trimmed prompt
  Trimmed prompt length: 245, Decoded text length: 250
[DEBUG] First difference at position 1: prompt='s', decoded='/'
[DEBUG] Context: prompt='<s>[INST] In 2018, about how many chickens were killed for meat production?\n\nPlease CONCISELY answer the question in English WITHOUT reasoning or explanation. [/INST]Approximately 690 billion chickens ', decoded='</s></s></s></s></s></s></s></s></s></s></s></s></s></s></s></s></s></s></s></s></s></s></s></s></s></s></s></s></s></s></s></s></s></s><s> [INST] In 2018, about how many chickens were killed for meat '
Warning: Decoded text differs from trimmed prompt
  Trimmed prompt length: 334, Decoded text length: 335
[DEBUG] First difference at position 3: prompt='[', decoded=' '
[DEBUG] Context: prompt='<s>[INST] Controlling for inflation and PPP-adjustment, about how much did GDP per capita increase from 1950 to 2016 in China?\n\nPlease CONCISELY answer the question in English WITHOUT reasoning or explan', decoded='<s> [INST] Controlling for inflation and PPP-adjustment, about how much did GDP per capita increase from 1950 to 2016 in China?\n\nPlease CONCISELY answer the question in English WITHOUT reasoning or expla'
Warning: Decoded text differs from trimmed prompt
  Trimmed prompt length: 334, Decoded text length: 335
[DEBUG] First difference at position 3: prompt='[', decoded=' '
[DEBUG] Context: prompt='<s>[INST] Controlling for inflation and PPP-adjustment, about how much did GDP per capita increase from 1950 to 2016 in China?\n\nPlease CONCISELY answer the question in English WITHOUT reasoning or explan', decoded='<s> [INST] Controlling for inflation and PPP-adjustment, about how much did GDP per capita increase from 1950 to 2016 in China?\n\nPlease CONCISELY answer the question in English WITHOUT reasoning or expla'
Perplexity: Written 132/83348 entries to perplexity result file (batch 22/13892)
Processing batch 23/13892
Warning: Decoded text differs from trimmed prompt
  Trimmed prompt length: 348, Decoded text length: 349
[DEBUG] First difference at position 3: prompt='[', decoded=' '
[DEBUG] Context: prompt='<s>[INST] Controlling for inflation and PPP-adjustment, about how much did GDP per capita increase from 1950 to 2016 in South Korea?\n\nPlease CONCISELY answer the question in English WITHOUT reasoning or ', decoded='<s> [INST] Controlling for inflation and PPP-adjustment, about how much did GDP per capita increase from 1950 to 2016 in South Korea?\n\nPlease CONCISELY answer the question in English WITHOUT reasoning or'
Warning: Decoded text differs from trimmed prompt
  Trimmed prompt length: 347, Decoded text length: 348
[DEBUG] First difference at position 1: prompt='s', decoded='/'
[DEBUG] Context: prompt='<s>[INST] Controlling for inflation and PPP-adjustment, about how much did GDP per capita increase from 1950 to 2016 in South Korea?\n\nPlease CONCISELY answer the question in English WITHOUT reasoning o', decoded='</s><s> [INST] Controlling for inflation and PPP-adjustment, about how much did GDP per capita increase from 1950 to 2016 in South Korea?\n\nPlease CONCISELY answer the question in English WITHOUT reason'
Warning: Decoded text differs from trimmed prompt
  Trimmed prompt length: 224, Decoded text length: 210
[DEBUG] First difference at position 1: prompt='s', decoded='/'
[DEBUG] Context: prompt='<s>[INST] As of 2019, unsafe water is responsible for about how many deaths each year?\n\nPlease CONCISELY answer the question in English WITHOUT reasoning or explanation. [/INST]Approximately 1.2 millio', decoded='</s></s></s></s></s></s></s></s></s></s></s></s></s></s></s></s></s></s></s></s></s></s></s></s></s></s></s></s></s></s></s></s></s></s></s></s></s></s></s></s></s></s></s><s> [INST] As of 2019, unsafe'
Warning: Decoded text differs from trimmed prompt
  Trimmed prompt length: 224, Decoded text length: 210
[DEBUG] First difference at position 1: prompt='s', decoded='/'
[DEBUG] Context: prompt='<s>[INST] As of 2019, unsafe water is responsible for about how many deaths each year?\n\nPlease CONCISELY answer the question in English WITHOUT reasoning or explanation. [/INST]Approximately 2.4 millio', decoded='</s></s></s></s></s></s></s></s></s></s></s></s></s></s></s></s></s></s></s></s></s></s></s></s></s></s></s></s></s></s></s></s></s></s></s></s></s></s></s></s></s></s></s><s> [INST] As of 2019, unsafe'
Warning: Decoded text differs from trimmed prompt
  Trimmed prompt length: 440, Decoded text length: 441
[DEBUG] First difference at position 1: prompt='s', decoded='/'
[DEBUG] Context: prompt='<s>[INST] The conjecture that inequality first increases with development, then decreases with further development (known as the “inverted U hypothesis”) has, as of 2020, been\n\nPlease CONCISELY answer ', decoded='</s><s> [INST] The conjecture that inequality first increases with development, then decreases with further development (known as the “inverted U hypothesis”) has, as of 2020, been\n\nPlease CONCISELY an'
Warning: Decoded text differs from trimmed prompt
  Trimmed prompt length: 440, Decoded text length: 441
[DEBUG] First difference at position 1: prompt='s', decoded='/'
[DEBUG] Context: prompt='<s>[INST] The conjecture that inequality first increases with development, then decreases with further development (known as the “inverted U hypothesis”) has, as of 2020, been\n\nPlease CONCISELY answer ', decoded='</s><s> [INST] The conjecture that inequality first increases with development, then decreases with further development (known as the “inverted U hypothesis”) has, as of 2020, been\n\nPlease CONCISELY an'
Perplexity: Written 138/83348 entries to perplexity result file (batch 23/13892)
Processing batch 24/13892
Warning: Decoded text differs from trimmed prompt
  Trimmed prompt length: 372, Decoded text length: 373
[DEBUG] First difference at position 3: prompt='[', decoded=' '
[DEBUG] Context: prompt='<s>[INST] How many children between the ages of 5-14 worked globally as of 2012?\n\nPlease CONCISELY answer the question in English WITHOUT reasoning or explanation. [/INST]According to the International L', decoded='<s> [INST] How many children between the ages of 5-14 worked globally as of 2012?\n\nPlease CONCISELY answer the question in English WITHOUT reasoning or explanation. [/INST]According to the International '
Warning: Decoded text differs from trimmed prompt
  Trimmed prompt length: 372, Decoded text length: 373
[DEBUG] First difference at position 3: prompt='[', decoded=' '
[DEBUG] Context: prompt='<s>[INST] How many children between the ages of 5-14 worked globally as of 2012?\n\nPlease CONCISELY answer the question in English WITHOUT reasoning or explanation. [/INST]According to the International L', decoded='<s> [INST] How many children between the ages of 5-14 worked globally as of 2012?\n\nPlease CONCISELY answer the question in English WITHOUT reasoning or explanation. [/INST]According to the International '
Warning: Decoded text differs from trimmed prompt
  Trimmed prompt length: 426, Decoded text length: 428
[DEBUG] First difference at position 1: prompt='s', decoded='/'
[DEBUG] Context: prompt='<s>[INST] Consider the following statements: (1) In every country, people think other individuals in their country are less happy than they actually are. (2) In the United States, women’s happiness has', decoded='</s></s></s><s> [INST] Consider the following statements: (1) In every country, people think other individuals in their country are less happy than they actually are. (2) In the United States, women’s '
[WARNING] in lang en, index 2633: No tokens were selected by the answer mask for perplexity calculation, setting perplexity to 1.0.
Warning: Decoded text differs from trimmed prompt
  Trimmed prompt length: 426, Decoded text length: 429
[DEBUG] First difference at position 1: prompt='s', decoded='/'
[DEBUG] Context: prompt='<s>[INST] Consider the following statements: (1) In every country, people think other individuals in their country are less happy than they actually are. (2) In the United States, women’s happiness has', decoded='</s></s></s><s> [INST] Consider the following statements: (1) In every country, people think other individuals in their country are less happy than they actually are. (2) In the United States, women’s '
[WARNING] in lang en, index 2633: No tokens were selected by the answer mask for perplexity calculation, setting perplexity to 1.0.
Warning: Decoded text differs from trimmed prompt
  Trimmed prompt length: 227, Decoded text length: 220
[DEBUG] First difference at position 1: prompt='s', decoded='/'
[DEBUG] Context: prompt='<s>[INST] As of 2015, the global fertility rate was about\n\nPlease CONCISELY answer the question in English WITHOUT reasoning or explanation. [/INST]The global fertility rate in 2015 was approximately 2', decoded='</s></s></s></s></s></s></s></s></s></s></s></s></s></s></s></s></s></s></s></s></s></s></s></s></s></s></s></s></s></s></s></s></s></s></s></s><s> [INST] As of 2015, the global fertility rate was abou'
Warning: Decoded text differs from trimmed prompt
  Trimmed prompt length: 227, Decoded text length: 220
[DEBUG] First difference at position 1: prompt='s', decoded='/'
[DEBUG] Context: prompt='<s>[INST] As of 2015, the global fertility rate was about\n\nPlease CONCISELY answer the question in English WITHOUT reasoning or explanation. [/INST]The global fertility rate in 2015 was approximately 3', decoded='</s></s></s></s></s></s></s></s></s></s></s></s></s></s></s></s></s></s></s></s></s></s></s></s></s></s></s></s></s></s></s></s></s></s></s></s><s> [INST] As of 2015, the global fertility rate was abou'
Perplexity: Written 144/83348 entries to perplexity result file (batch 24/13892)
Processing batch 25/13892
Warning: Decoded text differs from trimmed prompt
  Trimmed prompt length: 897, Decoded text length: 898
[DEBUG] First difference at position 3: prompt='[', decoded=' '
[DEBUG] Context: prompt='<s>[INST] Consider the following statements: (1) As countries get richer, the population tends to report higher average life satisfaction. (2) Important life events such as marriage or divorce do affect ', decoded='<s> [INST] Consider the following statements: (1) As countries get richer, the population tends to report higher average life satisfaction. (2) Important life events such as marriage or divorce do affect'
Warning: Decoded text differs from trimmed prompt
  Trimmed prompt length: 898, Decoded text length: 899
[DEBUG] First difference at position 3: prompt='[', decoded=' '
[DEBUG] Context: prompt='<s>[INST] Consider the following statements: (1) As countries get richer, the population tends to report higher average life satisfaction. (2) Important life events such as marriage or divorce do affect ', decoded='<s> [INST] Consider the following statements: (1) As countries get richer, the population tends to report higher average life satisfaction. (2) Important life events such as marriage or divorce do affect'
Warning: Decoded text differs from trimmed prompt
  Trimmed prompt length: 250, Decoded text length: 232
[DEBUG] First difference at position 1: prompt='s', decoded='/'
[DEBUG] Context: prompt='<s>[INST] At the time of independence, there were already hundreds of thousands of university graduates in ____, but hardly any at all in ____.\n\nPlease CONCISELY answer the question in English WITHOUT ', decoded='</s></s></s></s></s></s></s></s></s></s></s></s></s></s></s></s></s></s></s></s></s></s></s></s></s></s></s></s></s></s></s></s></s></s></s></s></s></s></s></s></s></s></s></s></s></s></s></s></s></s><'
[WARNING] in lang en, index 2660: No tokens were selected by the answer mask for perplexity calculation, setting perplexity to 1.0.
Warning: Decoded text differs from trimmed prompt
  Trimmed prompt length: 256, Decoded text length: 232
[DEBUG] First difference at position 1: prompt='s', decoded='/'
[DEBUG] Context: prompt='<s>[INST] At the time of independence, there were already hundreds of thousands of university graduates in ____, but hardly any at all in ____.\n\nPlease CONCISELY answer the question in English WITHOUT ', decoded='</s></s></s></s></s></s></s></s></s></s></s></s></s></s></s></s></s></s></s></s></s></s></s></s></s></s></s></s></s></s></s></s></s></s></s></s></s></s></s></s></s></s></s></s></s></s></s></s></s></s><'
[WARNING] in lang en, index 2660: No tokens were selected by the answer mask for perplexity calculation, setting perplexity to 1.0.
Warning: Decoded text differs from trimmed prompt
  Trimmed prompt length: 400, Decoded text length: 344
[DEBUG] First difference at position 1: prompt='s', decoded='/'
[DEBUG] Context: prompt='<s>[INST] In a population of giraffes, an environmental change occurs that favors individuals that are tallest. As a result, more of the taller individuals are able to obtain nutrients and survive to p', decoded='</s></s></s></s></s></s></s></s></s></s></s></s></s></s></s></s></s></s></s></s></s></s></s></s></s></s></s></s></s></s></s></s></s></s></s></s></s></s></s></s></s></s></s></s></s></s></s></s></s></s><'
[WARNING] in lang en, index 2669: No tokens were selected by the answer mask for perplexity calculation, setting perplexity to 1.0.
Warning: Decoded text differs from trimmed prompt
  Trimmed prompt length: 400, Decoded text length: 344
[DEBUG] First difference at position 1: prompt='s', decoded='/'
[DEBUG] Context: prompt='<s>[INST] In a population of giraffes, an environmental change occurs that favors individuals that are tallest. As a result, more of the taller individuals are able to obtain nutrients and survive to p', decoded='</s></s></s></s></s></s></s></s></s></s></s></s></s></s></s></s></s></s></s></s></s></s></s></s></s></s></s></s></s></s></s></s></s></s></s></s></s></s></s></s></s></s></s></s></s></s></s></s></s></s><'
[WARNING] in lang en, index 2669: No tokens were selected by the answer mask for perplexity calculation, setting perplexity to 1.0.
Perplexity: Written 150/83348 entries to perplexity result file (batch 25/13892)
Processing batch 26/13892
Warning: Decoded text differs from trimmed prompt
  Trimmed prompt length: 330, Decoded text length: 332
[DEBUG] First difference at position 1: prompt='s', decoded='/'
[DEBUG] Context: prompt='<s>[INST] Which of the changes below following the start codon in an mRNA would most likely have the greatest deleterious effect?\n\nPlease CONCISELY answer the question in English WITHOUT reasoning or e', decoded='</s></s></s></s></s></s><s> [INST] Which of the changes below following the start codon in an mRNA would most likely have the greatest deleterious effect?\n\nPlease CONCISELY answer the question in Engli'
[WARNING] in lang en, index 2670: No tokens were selected by the answer mask for perplexity calculation, setting perplexity to 1.0.
Warning: Decoded text differs from trimmed prompt
  Trimmed prompt length: 331, Decoded text length: 336
[DEBUG] First difference at position 1: prompt='s', decoded='/'
[DEBUG] Context: prompt='<s>[INST] Which of the changes below following the start codon in an mRNA would most likely have the greatest deleterious effect?\n\nPlease CONCISELY answer the question in English WITHOUT reasoning or e', decoded='</s></s></s></s></s><s> [INST] Which of the changes below following the start codon in an mRNA would most likely have the greatest deleterious effect?\n\nPlease CONCISELY answer the question in English W'
[WARNING] in lang en, index 2670: No tokens were selected by the answer mask for perplexity calculation, setting perplexity to 1.0.
Warning: Decoded text differs from trimmed prompt
  Trimmed prompt length: 377, Decoded text length: 378
[DEBUG] First difference at position 1: prompt='s', decoded='/'
[DEBUG] Context: prompt='<s>[INST] The energy given up by electrons as they move through the electron transport chain is used to\n\nPlease CONCISELY answer the question in English WITHOUT reasoning or explanation. [/INST]The ene', decoded='</s><s> [INST] The energy given up by electrons as they move through the electron transport chain is used to\n\nPlease CONCISELY answer the question in English WITHOUT reasoning or explanation. [/INST]Th'
Warning: Decoded text differs from trimmed prompt
  Trimmed prompt length: 375, Decoded text length: 376
[DEBUG] First difference at position 3: prompt='[', decoded=' '
[DEBUG] Context: prompt='<s>[INST] The energy given up by electrons as they move through the electron transport chain is used to\n\nPlease CONCISELY answer the question in English WITHOUT reasoning or explanation. [/INST]The energ', decoded='<s> [INST] The energy given up by electrons as they move through the electron transport chain is used to\n\nPlease CONCISELY answer the question in English WITHOUT reasoning or explanation. [/INST]The ener'
Warning: Decoded text differs from trimmed prompt
  Trimmed prompt length: 260, Decoded text length: 259
[DEBUG] First difference at position 1: prompt='s', decoded='/'
[DEBUG] Context: prompt='<s>[INST] During the period when life is believed to have begun, the atmosphere on primitive Earth contained abundant amounts of all the following gases EXCEPT\n\nPlease CONCISELY answer the question in ', decoded='</s></s></s></s></s></s></s></s></s></s></s></s></s></s></s></s></s></s></s></s></s></s></s></s></s></s></s></s><s> [INST] During the period when life is believed to have begun, the atmosphere on primi'
[WARNING] in lang en, index 2672: No tokens were selected by the answer mask for perplexity calculation, setting perplexity to 1.0.
Warning: Decoded text differs from trimmed prompt
  Trimmed prompt length: 262, Decoded text length: 261
[DEBUG] First difference at position 1: prompt='s', decoded='/'
[DEBUG] Context: prompt='<s>[INST] During the period when life is believed to have begun, the atmosphere on primitive Earth contained abundant amounts of all the following gases EXCEPT\n\nPlease CONCISELY answer the question in ', decoded='</s></s></s></s></s></s></s></s></s></s></s></s></s></s></s></s></s></s></s></s></s></s></s></s></s></s></s><s> [INST] During the period when life is believed to have begun, the atmosphere on primitive'
[WARNING] in lang en, index 2672: No tokens were selected by the answer mask for perplexity calculation, setting perplexity to 1.0.
Perplexity: Written 156/83348 entries to perplexity result file (batch 26/13892)
Processing batch 27/13892
Warning: Decoded text differs from trimmed prompt
  Trimmed prompt length: 193, Decoded text length: 184
[DEBUG] First difference at position 1: prompt='s', decoded='/'
[DEBUG] Context: prompt='<s>[INST] Two unrelated species evolve in a way that makes them more similar.\n\nPlease CONCISELY answer the question in English WITHOUT reasoning or explanation. [/INST]Convergent evolution.</s>', decoded='</s></s></s></s></s></s></s></s></s></s></s></s></s></s></s></s></s></s></s></s></s></s></s></s></s></s></s></s></s></s></s></s></s></s></s></s></s></s></s></s></s></s></s></s></s></s>'
Warning: Decoded text differs from trimmed prompt
  Trimmed prompt length: 191, Decoded text length: 176
[DEBUG] First difference at position 1: prompt='s', decoded='/'
[DEBUG] Context: prompt='<s>[INST] Two unrelated species evolve in a way that makes them more similar.\n\nPlease CONCISELY answer the question in English WITHOUT reasoning or explanation. [/INST]Parallel evolution.</s>', decoded='</s></s></s></s></s></s></s></s></s></s></s></s></s></s></s></s></s></s></s></s></s></s></s></s></s></s></s></s></s></s></s></s></s></s></s></s></s></s></s></s></s></s></s></s>'
Warning: Decoded text differs from trimmed prompt
  Trimmed prompt length: 366, Decoded text length: 300
[DEBUG] First difference at position 1: prompt='s', decoded='/'
[DEBUG] Context: prompt='<s>[INST] A man contracts the same flu strain for the second time in a single winter season. The second time he experiences fewer symptoms and recovers more quickly. Which cells are responsible for thi', decoded='</s></s></s></s></s></s></s></s></s></s></s></s></s></s></s></s></s></s></s></s></s></s></s></s></s></s></s></s></s></s></s></s></s></s></s></s></s></s></s></s></s></s></s></s></s></s></s></s></s></s><'
[WARNING] in lang en, index 2679: No tokens were selected by the answer mask for perplexity calculation, setting perplexity to 1.0.
Warning: Decoded text differs from trimmed prompt
  Trimmed prompt length: 366, Decoded text length: 304
[DEBUG] First difference at position 1: prompt='s', decoded='/'
[DEBUG] Context: prompt='<s>[INST] A man contracts the same flu strain for the second time in a single winter season. The second time he experiences fewer symptoms and recovers more quickly. Which cells are responsible for thi', decoded='</s></s></s></s></s></s></s></s></s></s></s></s></s></s></s></s></s></s></s></s></s></s></s></s></s></s></s></s></s></s></s></s></s></s></s></s></s></s></s></s></s></s></s></s></s></s></s></s></s></s><'
[WARNING] in lang en, index 2679: No tokens were selected by the answer mask for perplexity calculation, setting perplexity to 1.0.
Warning: Decoded text differs from trimmed prompt
  Trimmed prompt length: 839, Decoded text length: 832
[DEBUG] First difference at position 1: prompt='s', decoded='/'
[DEBUG] Context: prompt='<s>[INST] The same gene that causes various coat patterns in wild and domesticated cats also causes the cross-eyed condition in these cats, the cross-eyed condition being slightly maladaptive. In a hyp', decoded='</s></s></s></s></s></s></s></s></s><s> [INST] The same gene that causes various coat patterns in wild and domesticated cats also causes the cross-eyed condition in these cats, the cross-eyed condition'
[WARNING] in lang en, index 2680: No tokens were selected by the answer mask for perplexity calculation, setting perplexity to 1.0.
Warning: Decoded text differs from trimmed prompt
  Trimmed prompt length: 895, Decoded text length: 896
[DEBUG] First difference at position 3: prompt='[', decoded=' '
[DEBUG] Context: prompt='<s>[INST] The same gene that causes various coat patterns in wild and domesticated cats also causes the cross-eyed condition in these cats, the cross-eyed condition being slightly maladaptive. In a hypot', decoded='<s> [INST] The same gene that causes various coat patterns in wild and domesticated cats also causes the cross-eyed condition in these cats, the cross-eyed condition being slightly maladaptive. In a hypo'
[WARNING] in lang en, index 2680: No tokens were selected by the answer mask for perplexity calculation, setting perplexity to 1.0.
Perplexity: Written 162/83348 entries to perplexity result file (batch 27/13892)
Processing batch 28/13892
Warning: Decoded text differs from trimmed prompt
  Trimmed prompt length: 197, Decoded text length: 193
[DEBUG] First difference at position 1: prompt='s', decoded='/'
[DEBUG] Context: prompt='<s>[INST] A gas phase is generally absent from which of the following biogeochemical cycles?\n\nPlease CONCISELY answer the question in English WITHOUT reasoning or explanation. [/INST]Phosphorus</s>', decoded='</s></s></s></s></s></s></s></s></s></s></s></s></s></s></s></s></s></s></s></s></s></s></s></s></s></s></s></s><s> [INST] A gas phase is generally absent from which of the following biogeochem'
[WARNING] in lang en, index 2682: No tokens were selected by the answer mask for perplexity calculation, setting perplexity to 1.0.
Warning: Decoded text differs from trimmed prompt
  Trimmed prompt length: 192, Decoded text length: 190
[DEBUG] First difference at position 1: prompt='s', decoded='/'
[DEBUG] Context: prompt='<s>[INST] A gas phase is generally absent from which of the following biogeochemical cycles?\n\nPlease CONCISELY answer the question in English WITHOUT reasoning or explanation. [/INST]Water</s>', decoded='</s></s></s></s></s></s></s></s></s></s></s></s></s></s></s></s></s></s></s></s></s></s></s></s></s></s></s></s></s></s><s> [INST] A gas phase is generally absent from which of the following'
[WARNING] in lang en, index 2682: No tokens were selected by the answer mask for perplexity calculation, setting perplexity to 1.0.
Warning: Decoded text differs from trimmed prompt
  Trimmed prompt length: 272, Decoded text length: 275
[DEBUG] First difference at position 1: prompt='s', decoded='/'
[DEBUG] Context: prompt='<s>[INST] Which of the following is a property that is shared by Zika fever‚ West Nile fever‚ and malaria?\n\nPlease CONCISELY answer the question in English WITHOUT reasoning or explanation. [/INST]They', decoded='</s></s></s></s></s></s></s></s></s><s> [INST] Which of the following is a property that is shared by Zika fever‚ West Nile fever‚ and malaria?\n\nPlease CONCISELY answer the question in English WITHOUT '
Warning: Decoded text differs from trimmed prompt
  Trimmed prompt length: 232, Decoded text length: 232
[DEBUG] First difference at position 1: prompt='s', decoded='/'
[DEBUG] Context: prompt='<s>[INST] Which of the following is a property that is shared by Zika fever‚ West Nile fever‚ and malaria?\n\nPlease CONCISELY answer the question in English WITHOUT reasoning or explanation. [/INST]They', decoded='</s></s></s></s></s></s></s></s></s></s></s></s></s></s></s></s></s><s> [INST] Which of the following is a property that is shared by Zika fever‚ West Nile fever‚ and malaria?\n\nPlease CONCISELY answer '
[WARNING] in lang en, index 2683: No tokens were selected by the answer mask for perplexity calculation, setting perplexity to 1.0.
Warning: Decoded text differs from trimmed prompt
  Trimmed prompt length: 315, Decoded text length: 306
[DEBUG] First difference at position 1: prompt='s', decoded='/'
[DEBUG] Context: prompt='<s>[INST] If the HMS Beagle had completely bypassed the Galapagos Islands, Darwin would have had a much poorer understanding of the\n\nPlease CONCISELY answer the question in English WITHOUT reasoning or', decoded='</s></s></s></s></s><s> [INST] If the HMS Beagle had completely bypassed the Galapagos Islands, Darwin would have had a much poorer understanding of the\n\nPlease CONCISELY answer the question in English'
Warning: Decoded text differs from trimmed prompt
  Trimmed prompt length: 322, Decoded text length: 323
[DEBUG] First difference at position 3: prompt='[', decoded=' '
[DEBUG] Context: prompt='<s>[INST] If the HMS Beagle had completely bypassed the Galapagos Islands, Darwin would have had a much poorer understanding of the\n\nPlease CONCISELY answer the question in English WITHOUT reasoning or e', decoded='<s> [INST] If the HMS Beagle had completely bypassed the Galapagos Islands, Darwin would have had a much poorer understanding of the\n\nPlease CONCISELY answer the question in English WITHOUT reasoning or '
Perplexity: Written 168/83348 entries to perplexity result file (batch 28/13892)
Processing batch 29/13892
Warning: Decoded text differs from trimmed prompt
  Trimmed prompt length: 983, Decoded text length: 980
[DEBUG] First difference at position 1: prompt='s', decoded='/'
[DEBUG] Context: prompt="<s>[INST] The calypso orchid, Calypso bulbosa, grows in close association with mycorrhizae fungi. The fungi penetrate the roots of the flower and take advantage of the plant's food resources. The fungi", decoded="</s></s></s></s><s> [INST] The calypso orchid, Calypso bulbosa, grows in close association with mycorrhizae fungi. The fungi penetrate the roots of the flower and take advantage of the plant's food res"
Warning: Decoded text differs from trimmed prompt
  Trimmed prompt length: 987, Decoded text length: 988
[DEBUG] First difference at position 3: prompt='[', decoded=' '
[DEBUG] Context: prompt="<s>[INST] The calypso orchid, Calypso bulbosa, grows in close association with mycorrhizae fungi. The fungi penetrate the roots of the flower and take advantage of the plant's food resources. The fungi c", decoded="<s> [INST] The calypso orchid, Calypso bulbosa, grows in close association with mycorrhizae fungi. The fungi penetrate the roots of the flower and take advantage of the plant's food resources. The fungi "
Warning: Decoded text differs from trimmed prompt
  Trimmed prompt length: 328, Decoded text length: 300
[DEBUG] First difference at position 1: prompt='s', decoded='/'
[DEBUG] Context: prompt='<s>[INST] Mules are relatively long-lived and hardy organisms that cannot, generally speaking, perform successful meiosis. Consequently, which statement about mules is true?\n\nPlease CONCISELY answer th', decoded='</s></s></s></s></s></s></s></s></s></s></s></s></s></s></s></s></s></s></s></s></s></s></s></s></s></s></s></s></s></s></s></s></s></s></s></s></s></s></s></s></s></s></s></s></s></s></s></s></s></s><'
Warning: Decoded text differs from trimmed prompt
  Trimmed prompt length: 339, Decoded text length: 304
[DEBUG] First difference at position 1: prompt='s', decoded='/'
[DEBUG] Context: prompt='<s>[INST] Mules are relatively long-lived and hardy organisms that cannot, generally speaking, perform successful meiosis. Consequently, which statement about mules is true?\n\nPlease CONCISELY answer th', decoded='</s></s></s></s></s></s></s></s></s></s></s></s></s></s></s></s></s></s></s></s></s></s></s></s></s></s></s></s></s></s></s></s></s></s></s></s></s></s></s></s></s></s></s></s></s></s></s></s></s></s><'
Warning: Decoded text differs from trimmed prompt
  Trimmed prompt length: 310, Decoded text length: 316
[DEBUG] First difference at position 1: prompt='s', decoded='/'
[DEBUG] Context: prompt='<s>[INST] ADH is a hormone secreted by the kidneys that reduces the amount of water excreted in the urine. ADH is released in times of dehydration. This is an example of\n\nPlease CONCISELY answer the qu', decoded='</s></s></s></s></s></s></s></s></s></s></s></s></s></s></s></s></s></s></s></s></s></s></s></s></s></s></s></s></s></s></s></s></s></s></s></s></s></s></s></s></s></s></s></s></s></s></s></s></s></s><'
Warning: Decoded text differs from trimmed prompt
  Trimmed prompt length: 324, Decoded text length: 324
[DEBUG] First difference at position 1: prompt='s', decoded='/'
[DEBUG] Context: prompt='<s>[INST] ADH is a hormone secreted by the kidneys that reduces the amount of water excreted in the urine. ADH is released in times of dehydration. This is an example of\n\nPlease CONCISELY answer the qu', decoded='</s></s></s></s></s></s></s></s></s></s></s></s></s></s></s></s></s></s></s></s></s></s></s></s></s></s></s></s></s></s></s></s></s></s></s></s></s></s></s></s></s></s></s></s></s></s></s></s></s></s><'
Perplexity: Written 174/83348 entries to perplexity result file (batch 29/13892)
Processing batch 30/13892
Warning: Decoded text differs from trimmed prompt
  Trimmed prompt length: 228, Decoded text length: 220
[DEBUG] First difference at position 1: prompt='s', decoded='/'
[DEBUG] Context: prompt='<s>[INST] Which of the following statements most accurately explains what EcoR1 is?\n\nPlease CONCISELY answer the question in English WITHOUT reasoning or explanation. [/INST]It is a restriction enzyme ', decoded='</s></s></s></s></s></s></s></s></s></s></s></s></s></s></s></s></s></s></s></s></s></s></s></s></s></s></s></s></s></s></s></s></s></s></s></s></s></s></s></s></s></s></s></s></s></s></s></s></s></s><'
Warning: Decoded text differs from trimmed prompt
  Trimmed prompt length: 227, Decoded text length: 212
[DEBUG] First difference at position 1: prompt='s', decoded='/'
[DEBUG] Context: prompt='<s>[INST] Which of the following statements most accurately explains what EcoR1 is?\n\nPlease CONCISELY answer the question in English WITHOUT reasoning or explanation. [/INST]It is a type of DNA used ex', decoded='</s></s></s></s></s></s></s></s></s></s></s></s></s></s></s></s></s></s></s></s></s></s></s></s></s></s></s></s></s></s></s></s></s></s></s></s></s></s></s></s></s></s></s></s></s></s></s></s></s></s><'
Warning: Decoded text differs from trimmed prompt
  Trimmed prompt length: 179, Decoded text length: 168
[DEBUG] First difference at position 1: prompt='s', decoded='/'
[DEBUG] Context: prompt='<s>[INST] The development of an egg without fertilization is known as\n\nPlease CONCISELY answer the question in English WITHOUT reasoning or explanation. [/INST]parthenogenesis</s>', decoded='</s></s></s></s></s></s></s></s></s></s></s></s></s></s></s></s></s></s></s></s></s></s></s></s></s></s></s></s></s></s></s></s></s></s></s></s></s></s></s></s></s></s>'
Warning: Decoded text differs from trimmed prompt
  Trimmed prompt length: 177, Decoded text length: 168
[DEBUG] First difference at position 1: prompt='s', decoded='/'
[DEBUG] Context: prompt='<s>[INST] The development of an egg without fertilization is known as\n\nPlease CONCISELY answer the question in English WITHOUT reasoning or explanation. [/INST]embryogenesis</s>', decoded='</s></s></s></s></s></s></s></s></s></s></s></s></s></s></s></s></s></s></s></s></s></s></s></s></s></s></s></s></s></s></s></s></s></s></s></s></s></s></s></s></s></s>'
Warning: Decoded text differs from trimmed prompt
  Trimmed prompt length: 488, Decoded text length: 489
[DEBUG] First difference at position 3: prompt='[', decoded=' '
[DEBUG] Context: prompt='<s>[INST] Male satin bowerbirds adorn structures that they build, called "bowers," with parrot feathers, flowers, and other bizarre ornaments in order to attract females. Females inspect the bowers and, ', decoded='<s> [INST] Male satin bowerbirds adorn structures that they build, called "bowers," with parrot feathers, flowers, and other bizarre ornaments in order to attract females. Females inspect the bowers and,'
[WARNING] in lang en, index 2702: No tokens were selected by the answer mask for perplexity calculation, setting perplexity to 1.0.
Warning: Decoded text differs from trimmed prompt
  Trimmed prompt length: 489, Decoded text length: 490
[DEBUG] First difference at position 3: prompt='[', decoded=' '
[DEBUG] Context: prompt='<s>[INST] Male satin bowerbirds adorn structures that they build, called "bowers," with parrot feathers, flowers, and other bizarre ornaments in order to attract females. Females inspect the bowers and, ', decoded='<s> [INST] Male satin bowerbirds adorn structures that they build, called "bowers," with parrot feathers, flowers, and other bizarre ornaments in order to attract females. Females inspect the bowers and,'
[WARNING] in lang en, index 2702: No tokens were selected by the answer mask for perplexity calculation, setting perplexity to 1.0.
Perplexity: Written 180/83348 entries to perplexity result file (batch 30/13892)
Processing batch 31/13892
Warning: Decoded text differs from trimmed prompt
  Trimmed prompt length: 303, Decoded text length: 278
[DEBUG] First difference at position 1: prompt='s', decoded='/'
[DEBUG] Context: prompt='<s>[INST] Which of the following best explains why a population is described as the evolutionary unit?\n\nPlease CONCISELY answer the question in English WITHOUT reasoning or explanation. [/INST]A popula', decoded='</s></s></s></s></s></s></s></s></s></s></s></s></s></s></s></s></s></s><s> [INST] Which of the following best explains why a population is described as the evolutionary unit?\n\nPlease CONCISELY answer '
[WARNING] in lang en, index 2703: No tokens were selected by the answer mask for perplexity calculation, setting perplexity to 1.0.
Warning: Decoded text differs from trimmed prompt
  Trimmed prompt length: 311, Decoded text length: 287
[DEBUG] First difference at position 1: prompt='s', decoded='/'
[DEBUG] Context: prompt='<s>[INST] Which of the following best explains why a population is described as the evolutionary unit?\n\nPlease CONCISELY answer the question in English WITHOUT reasoning or explanation. [/INST]A popula', decoded='</s></s></s></s></s></s></s></s></s></s></s></s></s></s></s></s></s><s> [INST] Which of the following best explains why a population is described as the evolutionary unit?\n\nPlease CONCISELY answer the '
Warning: Decoded text differs from trimmed prompt
  Trimmed prompt length: 269, Decoded text length: 260
[DEBUG] First difference at position 1: prompt='s', decoded='/'
[DEBUG] Context: prompt='<s>[INST] Which of the following contributes the MOST to genetic variability in a population?\n\nPlease CONCISELY answer the question in English WITHOUT reasoning or explanation. [/INST]Mutation contribu', decoded='</s></s></s></s></s></s></s></s></s></s></s></s></s></s></s></s></s></s></s></s><s> [INST] Which of the following contributes the MOST to genetic variability in a population?\n\nPlease CONCISELY answer t'
[WARNING] in lang en, index 2706: No tokens were selected by the answer mask for perplexity calculation, setting perplexity to 1.0.
Warning: Decoded text differs from trimmed prompt
  Trimmed prompt length: 272, Decoded text length: 261
[DEBUG] First difference at position 1: prompt='s', decoded='/'
[DEBUG] Context: prompt='<s>[INST] Which of the following contributes the MOST to genetic variability in a population?\n\nPlease CONCISELY answer the question in English WITHOUT reasoning or explanation. [/INST]Mutation contribu', decoded='</s></s></s></s></s></s></s></s></s></s></s></s></s></s></s></s></s></s></s><s> [INST] Which of the following contributes the MOST to genetic variability in a population?\n\nPlease CONCISELY answer the q'
[WARNING] in lang en, index 2706: No tokens were selected by the answer mask for perplexity calculation, setting perplexity to 1.0.
Warning: Decoded text differs from trimmed prompt
  Trimmed prompt length: 354, Decoded text length: 355
[DEBUG] First difference at position 3: prompt='[', decoded=' '
[DEBUG] Context: prompt='<s>[INST] According to the heterotroph hypothesis, which event had to occur before oxygen filled the atmosphere?\n\nPlease CONCISELY answer the question in English WITHOUT reasoning or explanation. [/INST]', decoded='<s> [INST] According to the heterotroph hypothesis, which event had to occur before oxygen filled the atmosphere?\n\nPlease CONCISELY answer the question in English WITHOUT reasoning or explanation. [/INST'
Warning: Decoded text differs from trimmed prompt
  Trimmed prompt length: 328, Decoded text length: 329
[DEBUG] First difference at position 1: prompt='s', decoded='/'
[DEBUG] Context: prompt='<s>[INST] According to the heterotroph hypothesis, which event had to occur before oxygen filled the atmosphere?\n\nPlease CONCISELY answer the question in English WITHOUT reasoning or explanation. [/INS', decoded='</s></s></s></s></s></s></s><s> [INST] According to the heterotroph hypothesis, which event had to occur before oxygen filled the atmosphere?\n\nPlease CONCISELY answer the question in English WITHOUT re'
Perplexity: Written 186/83348 entries to perplexity result file (batch 31/13892)
Processing batch 32/13892
Warning: Decoded text differs from trimmed prompt
  Trimmed prompt length: 189, Decoded text length: 173
[DEBUG] First difference at position 1: prompt='s', decoded='/'
[DEBUG] Context: prompt='<s>[INST] Two related species evolve in a way that makes them less similar.\n\nPlease CONCISELY answer the question in English WITHOUT reasoning or explanation. [/INST]Divergent evolution</s>', decoded='</s></s></s></s></s></s></s></s></s></s></s></s></s></s></s></s></s></s></s></s></s></s></s></s></s></s></s></s></s></s></s></s></s></s></s></s></s></s></s></s></s><s> [INST'
Warning: Decoded text differs from trimmed prompt
  Trimmed prompt length: 190, Decoded text length: 173
[DEBUG] First difference at position 1: prompt='s', decoded='/'
[DEBUG] Context: prompt='<s>[INST] Two related species evolve in a way that makes them less similar.\n\nPlease CONCISELY answer the question in English WITHOUT reasoning or explanation. [/INST]Convergent evolution</s>', decoded='</s></s></s></s></s></s></s></s></s></s></s></s></s></s></s></s></s></s></s></s></s></s></s></s></s></s></s></s></s></s></s></s></s></s></s></s></s></s></s></s></s><s> [INST'
Warning: Decoded text differs from trimmed prompt
  Trimmed prompt length: 328, Decoded text length: 322
[DEBUG] First difference at position 1: prompt='s', decoded='/'
[DEBUG] Context: prompt='<s>[INST] DNA sequences in many human genes are very similar to the sequences of corresponding genes in chimpanzees. The most likely explanation for this result is that\n\nPlease CONCISELY answer the que', decoded='</s></s></s></s></s></s></s></s></s></s></s></s></s><s> [INST] DNA sequences in many human genes are very similar to the sequences of corresponding genes in chimpanzees. The most likely explanation for'
[WARNING] in lang en, index 2712: No tokens were selected by the answer mask for perplexity calculation, setting perplexity to 1.0.
Warning: Decoded text differs from trimmed prompt
  Trimmed prompt length: 319, Decoded text length: 326
[DEBUG] First difference at position 1: prompt='s', decoded='/'
[DEBUG] Context: prompt='<s>[INST] DNA sequences in many human genes are very similar to the sequences of corresponding genes in chimpanzees. The most likely explanation for this result is that\n\nPlease CONCISELY answer the que', decoded='</s></s></s></s></s></s></s></s></s></s></s></s><s> [INST] DNA sequences in many human genes are very similar to the sequences of corresponding genes in chimpanzees. The most likely explanation for thi'
[WARNING] in lang en, index 2712: No tokens were selected by the answer mask for perplexity calculation, setting perplexity to 1.0.
Warning: Decoded text differs from trimmed prompt
  Trimmed prompt length: 327, Decoded text length: 328
[DEBUG] First difference at position 3: prompt='[', decoded=' '
[DEBUG] Context: prompt='<s>[INST] A researcher conducts a survey of a biome and finds 35 percent more species than she has found in any other biome. Which biome is she most likely to be in?\n\nPlease CONCISELY answer the question', decoded='<s> [INST] A researcher conducts a survey of a biome and finds 35 percent more species than she has found in any other biome. Which biome is she most likely to be in?\n\nPlease CONCISELY answer the questio'
[WARNING] in lang en, index 2714: No tokens were selected by the answer mask for perplexity calculation, setting perplexity to 1.0.
Warning: Decoded text differs from trimmed prompt
  Trimmed prompt length: 334, Decoded text length: 335
[DEBUG] First difference at position 3: prompt='[', decoded=' '
[DEBUG] Context: prompt='<s>[INST] A researcher conducts a survey of a biome and finds 35 percent more species than she has found in any other biome. Which biome is she most likely to be in?\n\nPlease CONCISELY answer the question', decoded='<s> [INST] A researcher conducts a survey of a biome and finds 35 percent more species than she has found in any other biome. Which biome is she most likely to be in?\n\nPlease CONCISELY answer the questio'
[WARNING] in lang en, index 2714: No tokens were selected by the answer mask for perplexity calculation, setting perplexity to 1.0.
Perplexity: Written 192/83348 entries to perplexity result file (batch 32/13892)
Processing batch 33/13892
Warning: Decoded text differs from trimmed prompt
  Trimmed prompt length: 631, Decoded text length: 632
[DEBUG] First difference at position 3: prompt='[', decoded=' '
[DEBUG] Context: prompt='<s>[INST] Which of the following best explains why people can digest starch but cannot digest cellulose even though both molecules are composed of glucose monomers?\n\nPlease CONCISELY answer the question ', decoded='<s> [INST] Which of the following best explains why people can digest starch but cannot digest cellulose even though both molecules are composed of glucose monomers?\n\nPlease CONCISELY answer the question'
Warning: Decoded text differs from trimmed prompt
  Trimmed prompt length: 590, Decoded text length: 590
[DEBUG] First difference at position 1: prompt='s', decoded='/'
[DEBUG] Context: prompt='<s>[INST] Which of the following best explains why people can digest starch but cannot digest cellulose even though both molecules are composed of glucose monomers?\n\nPlease CONCISELY answer the questio', decoded='</s></s></s></s></s></s></s></s></s></s></s></s><s> [INST] Which of the following best explains why people can digest starch but cannot digest cellulose even though both molecules are composed of gluco'
Warning: Decoded text differs from trimmed prompt
  Trimmed prompt length: 215, Decoded text length: 204
[DEBUG] First difference at position 1: prompt='s', decoded='/'
[DEBUG] Context: prompt='<s>[INST] In humans, fertilization normally occurs in the\n\nPlease CONCISELY answer the question in English WITHOUT reasoning or explanation. [/INST]Fertilization in humans typically occurs in the fallo', decoded='</s></s></s></s></s></s></s></s></s></s></s></s></s></s></s></s></s></s></s></s></s></s></s></s></s></s></s></s></s></s></s></s></s></s></s></s></s></s></s></s></s></s></s></s></s></s></s></s></s></s><'
Warning: Decoded text differs from trimmed prompt
  Trimmed prompt length: 207, Decoded text length: 200
[DEBUG] First difference at position 1: prompt='s', decoded='/'
[DEBUG] Context: prompt='<s>[INST] In humans, fertilization normally occurs in the\n\nPlease CONCISELY answer the question in English WITHOUT reasoning or explanation. [/INST]Fertilization in humans typically occurs in the uteru', decoded='</s></s></s></s></s></s></s></s></s></s></s></s></s></s></s></s></s></s></s></s></s></s></s></s></s></s></s></s></s></s></s></s></s></s></s></s></s></s></s></s></s></s></s></s></s></s></s></s></s></s>'
Warning: Decoded text differs from trimmed prompt
  Trimmed prompt length: 542, Decoded text length: 487
[DEBUG] First difference at position 1: prompt='s', decoded='/'
[DEBUG] Context: prompt='<s>[INST] As a young biologist, Charles Darwin had expected the living plants of temperate South America would resemble those of temperate Europe, but he was surprised to find that they more closely re', decoded='</s></s></s></s></s></s></s></s></s></s></s></s></s></s></s></s></s></s></s></s></s></s></s></s></s></s></s></s></s></s></s></s></s></s></s></s></s></s></s></s></s></s></s></s></s></s><s> [INST] As a y'
[WARNING] in lang en, index 2719: No tokens were selected by the answer mask for perplexity calculation, setting perplexity to 1.0.
Warning: Decoded text differs from trimmed prompt
  Trimmed prompt length: 541, Decoded text length: 503
[DEBUG] First difference at position 1: prompt='s', decoded='/'
[DEBUG] Context: prompt='<s>[INST] As a young biologist, Charles Darwin had expected the living plants of temperate South America would resemble those of temperate Europe, but he was surprised to find that they more closely re', decoded='</s></s></s></s></s></s></s></s></s></s></s></s></s></s></s></s></s></s></s></s></s></s></s></s></s></s></s></s></s></s></s></s></s></s></s></s></s></s></s></s></s></s></s></s></s><s> [INST] As a young'
[WARNING] in lang en, index 2719: No tokens were selected by the answer mask for perplexity calculation, setting perplexity to 1.0.
Perplexity: Written 198/83348 entries to perplexity result file (batch 33/13892)
Processing batch 34/13892
Warning: Decoded text differs from trimmed prompt
  Trimmed prompt length: 177, Decoded text length: 180
[DEBUG] First difference at position 1: prompt='s', decoded='/'
[DEBUG] Context: prompt='<s>[INST] The Krebs cycle in humans occurs in the\n\nPlease CONCISELY answer the question in English WITHOUT reasoning or explanation. [/INST]Mitochondria mitochondrial matrix</s>', decoded='</s></s></s></s></s></s></s></s></s></s></s></s></s></s></s></s></s></s></s></s></s></s></s></s></s></s></s></s></s></s></s></s></s></s></s></s></s></s></s></s></s></s></s></s></s>'
Warning: Decoded text differs from trimmed prompt
  Trimmed prompt length: 185, Decoded text length: 188
[DEBUG] First difference at position 1: prompt='s', decoded='/'
[DEBUG] Context: prompt='<s>[INST] The Krebs cycle in humans occurs in the\n\nPlease CONCISELY answer the question in English WITHOUT reasoning or explanation. [/INST]Mitochondria inner mitochondrial membrane</s>', decoded='</s></s></s></s></s></s></s></s></s></s></s></s></s></s></s></s></s></s></s></s></s></s></s></s></s></s></s></s></s></s></s></s></s></s></s></s></s></s></s></s></s></s></s></s></s></s></s>'
Warning: Decoded text differs from trimmed prompt
  Trimmed prompt length: 439, Decoded text length: 440
[DEBUG] First difference at position 3: prompt='[', decoded=' '
[DEBUG] Context: prompt='<s>[INST] Ichthyosaurs were aquatic dinosaurs. Fossils show us that they had dorsal fins and tails, as do fish, even though their closest relatives were terrestrial reptiles that had neither dorsal fins ', decoded='<s> [INST] Ichthyosaurs were aquatic dinosaurs. Fossils show us that they had dorsal fins and tails, as do fish, even though their closest relatives were terrestrial reptiles that had neither dorsal fins'
[WARNING] in lang en, index 2722: No tokens were selected by the answer mask for perplexity calculation, setting perplexity to 1.0.
Warning: Decoded text differs from trimmed prompt
  Trimmed prompt length: 438, Decoded text length: 439
[DEBUG] First difference at position 1: prompt='s', decoded='/'
[DEBUG] Context: prompt='<s>[INST] Ichthyosaurs were aquatic dinosaurs. Fossils show us that they had dorsal fins and tails, as do fish, even though their closest relatives were terrestrial reptiles that had neither dorsal fin', decoded='</s><s> [INST] Ichthyosaurs were aquatic dinosaurs. Fossils show us that they had dorsal fins and tails, as do fish, even though their closest relatives were terrestrial reptiles that had neither dorsa'
[WARNING] in lang en, index 2722: No tokens were selected by the answer mask for perplexity calculation, setting perplexity to 1.0.
Warning: Decoded text differs from trimmed prompt
  Trimmed prompt length: 506, Decoded text length: 492
[DEBUG] First difference at position 1: prompt='s', decoded='/'
[DEBUG] Context: prompt='<s>[INST] Two trees of the same species growing close together will use the same resources, such as light, water, and nutrients. If any of these resources becomes limiting, then each tree will receive ', decoded='</s></s></s></s></s></s></s></s></s></s></s><s> [INST] Two trees of the same species growing close together will use the same resources, such as light, water, and nutrients. If any of these resources b'
[WARNING] in lang en, index 2724: No tokens were selected by the answer mask for perplexity calculation, setting perplexity to 1.0.
Warning: Decoded text differs from trimmed prompt
  Trimmed prompt length: 491, Decoded text length: 486
[DEBUG] First difference at position 1: prompt='s', decoded='/'
[DEBUG] Context: prompt='<s>[INST] Two trees of the same species growing close together will use the same resources, such as light, water, and nutrients. If any of these resources becomes limiting, then each tree will receive ', decoded='</s></s></s></s></s></s></s></s></s></s></s></s></s><s> [INST] Two trees of the same species growing close together will use the same resources, such as light, water, and nutrients. If any of these res'
[WARNING] in lang en, index 2724: No tokens were selected by the answer mask for perplexity calculation, setting perplexity to 1.0.
Perplexity: Written 204/83348 entries to perplexity result file (batch 34/13892)
Processing batch 35/13892
Warning: Decoded text differs from trimmed prompt
  Trimmed prompt length: 222, Decoded text length: 200
[DEBUG] First difference at position 1: prompt='s', decoded='/'
[DEBUG] Context: prompt='<s>[INST] Short sequence by promoter that assists transcription by interacting with regulatory proteins.\n\nPlease CONCISELY answer the question in English WITHOUT reasoning or explanation. [/INST]The an', decoded='</s></s></s></s></s></s></s></s></s></s></s></s></s></s></s></s></s></s></s></s></s></s></s></s></s></s></s></s></s></s></s></s></s></s></s></s></s></s></s></s></s></s></s></s></s></s></s></s></s></s>'
[WARNING] in lang en, index 2725: No tokens were selected by the answer mask for perplexity calculation, setting perplexity to 1.0.
Warning: Decoded text differs from trimmed prompt
  Trimmed prompt length: 222, Decoded text length: 200
[DEBUG] First difference at position 1: prompt='s', decoded='/'
[DEBUG] Context: prompt='<s>[INST] Short sequence by promoter that assists transcription by interacting with regulatory proteins.\n\nPlease CONCISELY answer the question in English WITHOUT reasoning or explanation. [/INST]The an', decoded='</s></s></s></s></s></s></s></s></s></s></s></s></s></s></s></s></s></s></s></s></s></s></s></s></s></s></s></s></s></s></s></s></s></s></s></s></s></s></s></s></s></s></s></s></s></s></s></s></s></s>'
[WARNING] in lang en, index 2725: No tokens were selected by the answer mask for perplexity calculation, setting perplexity to 1.0.
Warning: Decoded text differs from trimmed prompt
  Trimmed prompt length: 336, Decoded text length: 339
[DEBUG] First difference at position 1: prompt='s', decoded='/'
[DEBUG] Context: prompt="<s>[INST] Catastrophism, meaning the regular occurrence of geological or meteorological disturbances (catastrophes), was Cuvier's attempt to explain the existence of\n\nPlease CONCISELY answer the questi", decoded='</s></s></s></s></s></s></s></s></s></s></s></s></s></s></s></s></s></s></s></s></s></s><s> [INST] Catastrophism, meaning the regular occurrence of geological or meteorological disturbances (catastroph'
[WARNING] in lang en, index 2726: No tokens were selected by the answer mask for perplexity calculation, setting perplexity to 1.0.
Warning: Decoded text differs from trimmed prompt
  Trimmed prompt length: 336, Decoded text length: 340
[DEBUG] First difference at position 1: prompt='s', decoded='/'
[DEBUG] Context: prompt="<s>[INST] Catastrophism, meaning the regular occurrence of geological or meteorological disturbances (catastrophes), was Cuvier's attempt to explain the existence of\n\nPlease CONCISELY answer the questi", decoded='</s></s></s></s></s></s></s></s></s></s></s></s></s></s></s></s></s></s></s></s></s></s></s><s> [INST] Catastrophism, meaning the regular occurrence of geological or meteorological disturbances (catast'
[WARNING] in lang en, index 2726: No tokens were selected by the answer mask for perplexity calculation, setting perplexity to 1.0.
Warning: Decoded text differs from trimmed prompt
  Trimmed prompt length: 459, Decoded text length: 460
[DEBUG] First difference at position 3: prompt='[', decoded=' '
[DEBUG] Context: prompt='<s>[INST] When imbalances occur in the sex ratio of sexual species that have two sexes (i.e., other than a 50:50 ratio), the members of the minority sex often receive a greater proportion of care and res', decoded='<s> [INST] When imbalances occur in the sex ratio of sexual species that have two sexes (i.e., other than a 50:50 ratio), the members of the minority sex often receive a greater proportion of care and re'
[WARNING] in lang en, index 2728: No tokens were selected by the answer mask for perplexity calculation, setting perplexity to 1.0.
Warning: Decoded text differs from trimmed prompt
  Trimmed prompt length: 446, Decoded text length: 450
[DEBUG] First difference at position 1: prompt='s', decoded='/'
[DEBUG] Context: prompt='<s>[INST] When imbalances occur in the sex ratio of sexual species that have two sexes (i.e., other than a 50:50 ratio), the members of the minority sex often receive a greater proportion of care and r', decoded='</s></s><s> [INST] When imbalances occur in the sex ratio of sexual species that have two sexes (i.e., other than a 50:50 ratio), the members of the minority sex often receive a greater proportion of c'
[WARNING] in lang en, index 2728: No tokens were selected by the answer mask for perplexity calculation, setting perplexity to 1.0.
Perplexity: Written 210/83348 entries to perplexity result file (batch 35/13892)
Processing batch 36/13892
Warning: Decoded text differs from trimmed prompt
  Trimmed prompt length: 281, Decoded text length: 282
[DEBUG] First difference at position 3: prompt='[', decoded=' '
[DEBUG] Context: prompt='<s>[INST] Crossover would most likely occur in which situation?\n\nPlease CONCISELY answer the question in English WITHOUT reasoning or explanation. [/INST]Crossover most likely occurs when gene 1 is locat', decoded='<s> [INST] Crossover would most likely occur in which situation?\n\nPlease CONCISELY answer the question in English WITHOUT reasoning or explanation. [/INST]Crossover most likely occurs when gene 1 is loca'
Warning: Decoded text differs from trimmed prompt
  Trimmed prompt length: 265, Decoded text length: 274
[DEBUG] First difference at position 1: prompt='s', decoded='/'
[DEBUG] Context: prompt='<s>[INST] Crossover would most likely occur in which situation?\n\nPlease CONCISELY answer the question in English WITHOUT reasoning or explanation. [/INST]Crossover most likely occurs when two genes (1 ', decoded='</s></s></s></s></s><s> [INST] Crossover would most likely occur in which situation?\n\nPlease CONCISELY answer the question in English WITHOUT reasoning or explanation. [/INST]Crossover most likely occu'
Warning: Decoded text differs from trimmed prompt
  Trimmed prompt length: 218, Decoded text length: 199
[DEBUG] First difference at position 1: prompt='s', decoded='/'
[DEBUG] Context: prompt='<s>[INST] Which aspects of cell structure best reveals the unity of all life?\n\nPlease CONCISELY answer the question in English WITHOUT reasoning or explanation. [/INST]All cells are surrounded by a pla', decoded='</s></s></s></s></s></s></s></s></s></s></s></s></s></s></s></s></s></s></s></s></s></s></s><s> [INST] Which aspects of cell structure best reveals the unity of all life?\n\nPlease CONCISELY answer the'
Warning: Decoded text differs from trimmed prompt
  Trimmed prompt length: 208, Decoded text length: 192
[DEBUG] First difference at position 1: prompt='s', decoded='/'
[DEBUG] Context: prompt='<s>[INST] Which aspects of cell structure best reveals the unity of all life?\n\nPlease CONCISELY answer the question in English WITHOUT reasoning or explanation. [/INST]All cells have at least one nucle', decoded='</s></s></s></s></s></s></s></s></s></s></s></s></s></s></s></s></s></s></s></s></s></s></s></s><s> [INST] Which aspects of cell structure best reveals the unity of all life?\n\nPlease CONCISELY'
Warning: Decoded text differs from trimmed prompt
  Trimmed prompt length: 200, Decoded text length: 197
[DEBUG] First difference at position 1: prompt='s', decoded='/'
[DEBUG] Context: prompt='<s>[INST] This biome contains plants whose roots cannot go deep due to the presence of a permafrost.\n\nPlease CONCISELY answer the question in English WITHOUT reasoning or explanation. [/INST]Taiga</s>', decoded='</s></s></s></s></s></s></s></s></s></s></s></s></s></s></s></s></s></s></s></s></s></s><s> [INST] This biome contains plants whose roots cannot go deep due to the presence of a permafrost.\n\nPlease'
[WARNING] in lang en, index 2732: No tokens were selected by the answer mask for perplexity calculation, setting perplexity to 1.0.
Warning: Decoded text differs from trimmed prompt
  Trimmed prompt length: 212, Decoded text length: 199
[DEBUG] First difference at position 1: prompt='s', decoded='/'
[DEBUG] Context: prompt='<s>[INST] This biome contains plants whose roots cannot go deep due to the presence of a permafrost.\n\nPlease CONCISELY answer the question in English WITHOUT reasoning or explanation. [/INST]Deciduous ', decoded='</s></s></s></s></s></s></s></s></s></s></s></s></s></s></s></s></s></s></s></s></s><s> [INST] This biome contains plants whose roots cannot go deep due to the presence of a permafrost.\n\nPlease CONCI'
[WARNING] in lang en, index 2732: No tokens were selected by the answer mask for perplexity calculation, setting perplexity to 1.0.
Perplexity: Written 216/83348 entries to perplexity result file (batch 36/13892)
Processing batch 37/13892
Warning: Decoded text differs from trimmed prompt
  Trimmed prompt length: 196, Decoded text length: 173
[DEBUG] First difference at position 1: prompt='s', decoded='/'
[DEBUG] Context: prompt='<s>[INST] This biome contains trees that drop their leaves during the winter months.\n\nPlease CONCISELY answer the question in English WITHOUT reasoning or explanation. [/INST]Deciduous forests</s>', decoded='</s></s></s></s></s></s></s></s></s></s></s></s></s></s></s></s></s></s></s></s></s></s></s></s></s></s></s></s></s></s></s></s></s></s></s></s></s></s></s></s></s><s> [INST'
[WARNING] in lang en, index 2733: No tokens were selected by the answer mask for perplexity calculation, setting perplexity to 1.0.
Warning: Decoded text differs from trimmed prompt
  Trimmed prompt length: 185, Decoded text length: 168
[DEBUG] First difference at position 1: prompt='s', decoded='/'
[DEBUG] Context: prompt='<s>[INST] This biome contains trees that drop their leaves during the winter months.\n\nPlease CONCISELY answer the question in English WITHOUT reasoning or explanation. [/INST]Desert</s>', decoded='</s></s></s></s></s></s></s></s></s></s></s></s></s></s></s></s></s></s></s></s></s></s></s></s></s></s></s></s></s></s></s></s></s></s></s></s></s></s></s></s></s></s>'
[WARNING] in lang en, index 2733: No tokens were selected by the answer mask for perplexity calculation, setting perplexity to 1.0.
Warning: Decoded text differs from trimmed prompt
  Trimmed prompt length: 303, Decoded text length: 304
[DEBUG] First difference at position 1: prompt='s', decoded='/'
[DEBUG] Context: prompt='<s>[INST] A change in a neuron membrane potential from +50 millivolts to -70 millivolts is considered\n\nPlease CONCISELY answer the question in English WITHOUT reasoning or explanation. [/INST]A change ', decoded='</s><s> [INST] A change in a neuron membrane potential from +50 millivolts to -70 millivolts is considered\n\nPlease CONCISELY answer the question in English WITHOUT reasoning or explanation. [/INST]A ch'
[WARNING] in lang en, index 2734: No tokens were selected by the answer mask for perplexity calculation, setting perplexity to 1.0.
Warning: Decoded text differs from trimmed prompt
  Trimmed prompt length: 306, Decoded text length: 307
[DEBUG] First difference at position 3: prompt='[', decoded=' '
[DEBUG] Context: prompt='<s>[INST] A change in a neuron membrane potential from +50 millivolts to -70 millivolts is considered\n\nPlease CONCISELY answer the question in English WITHOUT reasoning or explanation. [/INST]A change in', decoded='<s> [INST] A change in a neuron membrane potential from +50 millivolts to -70 millivolts is considered\n\nPlease CONCISELY answer the question in English WITHOUT reasoning or explanation. [/INST]A change i'
[WARNING] in lang en, index 2734: No tokens were selected by the answer mask for perplexity calculation, setting perplexity to 1.0.
Warning: Decoded text differs from trimmed prompt
  Trimmed prompt length: 302, Decoded text length: 295
[DEBUG] First difference at position 1: prompt='s', decoded='/'
[DEBUG] Context: prompt='<s>[INST] Most animal cells, regardless of species, are relatively small and about the same size. Relative to larger cells, why is this?\n\nPlease CONCISELY answer the question in English WITHOUT reasoni', decoded='</s></s></s></s></s></s></s></s></s></s></s></s></s></s></s></s><s> [INST] Most animal cells, regardless of species, are relatively small and about the same size. Relative to larger cells, why is this?'
Warning: Decoded text differs from trimmed prompt
  Trimmed prompt length: 290, Decoded text length: 270
[DEBUG] First difference at position 1: prompt='s', decoded='/'
[DEBUG] Context: prompt='<s>[INST] Most animal cells, regardless of species, are relatively small and about the same size. Relative to larger cells, why is this?\n\nPlease CONCISELY answer the question in English WITHOUT reasoni', decoded='</s></s></s></s></s></s></s></s></s></s></s></s></s></s></s></s></s></s></s></s></s><s> [INST] Most animal cells, regardless of species, are relatively small and about the same size. Relative to larger'
[WARNING] in lang en, index 2736: No tokens were selected by the answer mask for perplexity calculation, setting perplexity to 1.0.
Perplexity: Written 222/83348 entries to perplexity result file (batch 37/13892)
Processing batch 38/13892
Warning: Decoded text differs from trimmed prompt
  Trimmed prompt length: 352, Decoded text length: 346
[DEBUG] First difference at position 1: prompt='s', decoded='/'
[DEBUG] Context: prompt='<s>[INST] Each of the following has a better chance of influencing gene frequencies in small populations than in large populations, but which one most consistently requires a small population as a prec', decoded='</s></s></s></s></s></s></s></s></s></s></s></s></s></s></s></s></s></s></s></s></s></s></s></s></s></s></s></s></s></s></s></s></s><s> [INST] Each of the following has a better chance of influencing g'
[WARNING] in lang en, index 2738: No tokens were selected by the answer mask for perplexity calculation, setting perplexity to 1.0.
Warning: Decoded text differs from trimmed prompt
  Trimmed prompt length: 356, Decoded text length: 337
[DEBUG] First difference at position 1: prompt='s', decoded='/'
[DEBUG] Context: prompt='<s>[INST] Each of the following has a better chance of influencing gene frequencies in small populations than in large populations, but which one most consistently requires a small population as a prec', decoded='</s></s></s></s></s></s></s></s></s></s></s></s></s></s></s></s></s></s></s></s></s></s></s></s></s></s></s></s></s></s></s></s></s></s><s> [INST] Each of the following has a better chance of influenci'
[WARNING] in lang en, index 2738: No tokens were selected by the answer mask for perplexity calculation, setting perplexity to 1.0.
Warning: Decoded text differs from trimmed prompt
  Trimmed prompt length: 351, Decoded text length: 334
[DEBUG] First difference at position 1: prompt='s', decoded='/'
[DEBUG] Context: prompt='<s>[INST] No two people are genetically identical, except for identical twins. The chief cause of genetic variation among human individuals is\n\nPlease CONCISELY answer the question in English WITHOUT r', decoded='</s></s></s></s></s></s></s></s></s></s></s></s></s></s></s></s></s></s></s></s></s></s></s></s></s></s></s></s></s></s></s><s> [INST] No two people are genetically identical, except for identical twin'
Warning: Decoded text differs from trimmed prompt
  Trimmed prompt length: 355, Decoded text length: 313
[DEBUG] First difference at position 1: prompt='s', decoded='/'
[DEBUG] Context: prompt='<s>[INST] No two people are genetically identical, except for identical twins. The chief cause of genetic variation among human individuals is\n\nPlease CONCISELY answer the question in English WITHOUT r', decoded='</s></s></s></s></s></s></s></s></s></s></s></s></s></s></s></s></s></s></s></s></s></s></s></s></s></s></s></s></s></s></s></s></s><s> [INST] No two people are genetically identical, except for identi'
[WARNING] in lang en, index 2739: No tokens were selected by the answer mask for perplexity calculation, setting perplexity to 1.0.
Warning: Decoded text differs from trimmed prompt
  Trimmed prompt length: 456, Decoded text length: 457
[DEBUG] First difference at position 3: prompt='[', decoded=' '
[DEBUG] Context: prompt='<s>[INST] DDT was once considered a "silver bullet" that would permanently eradicate insect pests. Today, instead, DDT is largely useless against many insects. Which of these would have been required for', decoded='<s> [INST] DDT was once considered a "silver bullet" that would permanently eradicate insect pests. Today, instead, DDT is largely useless against many insects. Which of these would have been required fo'
Warning: Decoded text differs from trimmed prompt
  Trimmed prompt length: 408, Decoded text length: 408
[DEBUG] First difference at position 1: prompt='s', decoded='/'
[DEBUG] Context: prompt='<s>[INST] DDT was once considered a "silver bullet" that would permanently eradicate insect pests. Today, instead, DDT is largely useless against many insects. Which of these would have been required f', decoded='</s></s></s></s></s></s></s></s></s><s> [INST] DDT was once considered a "silver bullet" that would permanently eradicate insect pests. Today, instead, DDT is largely useless against many insects. Whic'
[WARNING] in lang en, index 2743: No tokens were selected by the answer mask for perplexity calculation, setting perplexity to 1.0.
Perplexity: Written 228/83348 entries to perplexity result file (batch 38/13892)
Processing batch 39/13892
Warning: Decoded text differs from trimmed prompt
  Trimmed prompt length: 543, Decoded text length: 544
[DEBUG] First difference at position 3: prompt='[', decoded=' '
[DEBUG] Context: prompt="<s>[INST] Within a few weeks of treatment with the drug 3TC, a patient's HIV population consists entirely of 3TC-resistant viruses. How can this result best be explained?\n\nPlease CONCISELY answer the que", decoded="<s> [INST] Within a few weeks of treatment with the drug 3TC, a patient's HIV population consists entirely of 3TC-resistant viruses. How can this result best be explained?\n\nPlease CONCISELY answer the qu"
Warning: Decoded text differs from trimmed prompt
  Trimmed prompt length: 478, Decoded text length: 469
[DEBUG] First difference at position 1: prompt='s', decoded='/'
[DEBUG] Context: prompt="<s>[INST] Within a few weeks of treatment with the drug 3TC, a patient's HIV population consists entirely of 3TC-resistant viruses. How can this result best be explained?\n\nPlease CONCISELY answer the q", decoded="</s></s></s></s></s></s></s></s></s></s></s></s><s> [INST] Within a few weeks of treatment with the drug 3TC, a patient's HIV population consists entirely of 3TC-resistant viruses. How can this result "
[WARNING] in lang en, index 2744: No tokens were selected by the answer mask for perplexity calculation, setting perplexity to 1.0.
Warning: Decoded text differs from trimmed prompt
  Trimmed prompt length: 315, Decoded text length: 303
[DEBUG] First difference at position 1: prompt='s', decoded='/'
[DEBUG] Context: prompt='<s>[INST] The higher the proportion of loci that are "fixed" in a population, the lower is that population\'s\n\nPlease CONCISELY answer the question in English WITHOUT reasoning or explanation. [/INST]Th', decoded='</s></s></s></s></s></s></s></s></s></s></s></s></s></s></s></s></s></s></s></s></s></s></s></s></s></s></s></s></s></s></s></s></s></s></s></s></s></s></s></s></s></s></s></s></s></s></s></s><s> [INST'
[WARNING] in lang en, index 2745: No tokens were selected by the answer mask for perplexity calculation, setting perplexity to 1.0.
Warning: Decoded text differs from trimmed prompt
  Trimmed prompt length: 326, Decoded text length: 309
[DEBUG] First difference at position 1: prompt='s', decoded='/'
[DEBUG] Context: prompt='<s>[INST] The higher the proportion of loci that are "fixed" in a population, the lower is that population\'s\n\nPlease CONCISELY answer the question in English WITHOUT reasoning or explanation. [/INST]Th', decoded='</s></s></s></s></s></s></s></s></s></s></s></s></s></s></s></s></s></s></s></s></s></s></s></s></s></s></s></s></s></s></s></s></s></s></s></s></s></s></s></s></s></s></s></s></s></s></s><s> [INST] Th'
[WARNING] in lang en, index 2745: No tokens were selected by the answer mask for perplexity calculation, setting perplexity to 1.0.
Warning: Decoded text differs from trimmed prompt
  Trimmed prompt length: 340, Decoded text length: 323
[DEBUG] First difference at position 1: prompt='s', decoded='/'
[DEBUG] Context: prompt='<s>[INST] The resting membrane potential depends on which of the following? I. Active transport II. Selective permeability III. Differential distribution of ions across the axonal membrane\n\nPlease CONC', decoded='</s></s></s></s></s></s></s></s></s></s></s></s></s></s></s></s></s></s></s></s></s></s></s></s></s></s></s></s></s></s></s></s></s></s></s></s></s></s></s></s></s></s></s></s></s></s></s><s> [INST] Th'
[WARNING] in lang en, index 2746: No tokens were selected by the answer mask for perplexity calculation, setting perplexity to 1.0.
Warning: Decoded text differs from trimmed prompt
  Trimmed prompt length: 334, Decoded text length: 311
[DEBUG] First difference at position 1: prompt='s', decoded='/'
[DEBUG] Context: prompt='<s>[INST] The resting membrane potential depends on which of the following? I. Active transport II. Selective permeability III. Differential distribution of ions across the axonal membrane\n\nPlease CONC', decoded='</s></s></s></s></s></s></s></s></s></s></s></s></s></s></s></s></s></s></s></s></s></s></s></s></s></s></s></s></s></s></s></s></s></s></s></s></s></s></s></s></s></s></s></s></s></s></s></s></s></s><'
[WARNING] in lang en, index 2746: No tokens were selected by the answer mask for perplexity calculation, setting perplexity to 1.0.
Perplexity: Written 234/83348 entries to perplexity result file (batch 39/13892)
Processing batch 40/13892
Warning: Decoded text differs from trimmed prompt
  Trimmed prompt length: 286, Decoded text length: 244
[DEBUG] First difference at position 1: prompt='s', decoded='/'
[DEBUG] Context: prompt='<s>[INST] When we say that an individual organism has a greater fitness than another individual, we specifically mean that the organism\n\nPlease CONCISELY answer the question in English WITHOUT reasonin', decoded='</s></s></s></s></s></s></s></s></s></s></s></s></s></s></s></s></s></s></s></s></s></s></s></s></s></s></s></s></s></s></s></s></s></s></s></s></s></s></s></s></s></s></s></s></s></s></s></s></s></s><'
Warning: Decoded text differs from trimmed prompt
  Trimmed prompt length: 270, Decoded text length: 232
[DEBUG] First difference at position 1: prompt='s', decoded='/'
[DEBUG] Context: prompt='<s>[INST] When we say that an individual organism has a greater fitness than another individual, we specifically mean that the organism\n\nPlease CONCISELY answer the question in English WITHOUT reasonin', decoded='</s></s></s></s></s></s></s></s></s></s></s></s></s></s></s></s></s></s></s></s></s></s></s></s></s></s></s></s></s></s></s></s></s></s></s></s></s></s></s></s></s></s></s></s></s></s></s></s></s></s><'
Warning: Decoded text differs from trimmed prompt
  Trimmed prompt length: 325, Decoded text length: 280
[DEBUG] First difference at position 1: prompt='s', decoded='/'
[DEBUG] Context: prompt='<s>[INST] Most Swiss starlings produce four to five eggs in each clutch. Those producing fewer or more than this have reduced fitness. Which of the following terms best describes this?\n\nPlease CONCISEL', decoded='</s></s></s></s></s></s></s></s></s></s></s></s></s></s></s></s></s></s></s></s></s></s></s></s></s></s></s></s></s></s></s></s></s></s></s></s></s></s></s></s></s></s></s></s></s></s></s></s></s></s><'
[WARNING] in lang en, index 2749: No tokens were selected by the answer mask for perplexity calculation, setting perplexity to 1.0.
Warning: Decoded text differs from trimmed prompt
  Trimmed prompt length: 324, Decoded text length: 280
[DEBUG] First difference at position 1: prompt='s', decoded='/'
[DEBUG] Context: prompt='<s>[INST] Most Swiss starlings produce four to five eggs in each clutch. Those producing fewer or more than this have reduced fitness. Which of the following terms best describes this?\n\nPlease CONCISEL', decoded='</s></s></s></s></s></s></s></s></s></s></s></s></s></s></s></s></s></s></s></s></s></s></s></s></s></s></s></s></s></s></s></s></s></s></s></s></s></s></s></s></s></s></s></s></s></s></s></s></s></s><'
[WARNING] in lang en, index 2749: No tokens were selected by the answer mask for perplexity calculation, setting perplexity to 1.0.
Warning: Decoded text differs from trimmed prompt
  Trimmed prompt length: 885, Decoded text length: 886
[DEBUG] First difference at position 3: prompt='[', decoded=' '
[DEBUG] Context: prompt='<s>[INST] Members of two different species possess a similar-looking structure that they use in a similar fashion to perform the same function. Which information would best help distinguish between an ex', decoded='<s> [INST] Members of two different species possess a similar-looking structure that they use in a similar fashion to perform the same function. Which information would best help distinguish between an e'
Warning: Decoded text differs from trimmed prompt
  Trimmed prompt length: 840, Decoded text length: 832
[DEBUG] First difference at position 1: prompt='s', decoded='/'
[DEBUG] Context: prompt='<s>[INST] Members of two different species possess a similar-looking structure that they use in a similar fashion to perform the same function. Which information would best help distinguish between an ', decoded='</s></s></s></s></s></s></s></s></s></s><s> [INST] Members of two different species possess a similar-looking structure that they use in a similar fashion to perform the same function. Which informatio'
[WARNING] in lang en, index 2750: No tokens were selected by the answer mask for perplexity calculation, setting perplexity to 1.0.
Perplexity: Written 240/83348 entries to perplexity result file (batch 40/13892)
Processing batch 41/13892
Warning: Decoded text differs from trimmed prompt
  Trimmed prompt length: 318, Decoded text length: 284
[DEBUG] First difference at position 1: prompt='s', decoded='/'
[DEBUG] Context: prompt='<s>[INST] When driving from east to west in the U.S. from a forest ecosystem to grasslands, trees gradually give way to grasses. Which of the following is the critical factor responsible for this shift', decoded='</s></s></s></s></s></s></s></s></s></s></s></s></s></s></s></s></s></s></s></s></s></s></s></s></s></s></s></s></s></s></s></s></s></s></s></s></s></s></s></s></s></s></s></s></s></s></s></s></s></s><'
[WARNING] in lang en, index 2751: No tokens were selected by the answer mask for perplexity calculation, setting perplexity to 1.0.
Warning: Decoded text differs from trimmed prompt
  Trimmed prompt length: 321, Decoded text length: 284
[DEBUG] First difference at position 1: prompt='s', decoded='/'
[DEBUG] Context: prompt='<s>[INST] When driving from east to west in the U.S. from a forest ecosystem to grasslands, trees gradually give way to grasses. Which of the following is the critical factor responsible for this shift', decoded='</s></s></s></s></s></s></s></s></s></s></s></s></s></s></s></s></s></s></s></s></s></s></s></s></s></s></s></s></s></s></s></s></s></s></s></s></s></s></s></s></s></s></s></s></s></s></s></s></s></s><'
[WARNING] in lang en, index 2751: No tokens were selected by the answer mask for perplexity calculation, setting perplexity to 1.0.
Warning: Decoded text differs from trimmed prompt
  Trimmed prompt length: 569, Decoded text length: 570
[DEBUG] First difference at position 3: prompt='[', decoded=' '
[DEBUG] Context: prompt='<s>[INST] A rooster with gray feathers and a hen with the same phenotype produce 17 gray, 7 black, and 8 white chicks. What is the simplest explanation for the inheritance of these colors in chickens?\n\nP', decoded='<s> [INST] A rooster with gray feathers and a hen with the same phenotype produce 17 gray, 7 black, and 8 white chicks. What is the simplest explanation for the inheritance of these colors in chickens?\n\n'
[WARNING] in lang en, index 2754: No tokens were selected by the answer mask for perplexity calculation, setting perplexity to 1.0.
Warning: Decoded text differs from trimmed prompt
  Trimmed prompt length: 560, Decoded text length: 561
[DEBUG] First difference at position 1: prompt='s', decoded='/'
[DEBUG] Context: prompt='<s>[INST] A rooster with gray feathers and a hen with the same phenotype produce 17 gray, 7 black, and 8 white chicks. What is the simplest explanation for the inheritance of these colors in chickens?\n', decoded='</s><s> [INST] A rooster with gray feathers and a hen with the same phenotype produce 17 gray, 7 black, and 8 white chicks. What is the simplest explanation for the inheritance of these colors in chick'
[WARNING] in lang en, index 2754: No tokens were selected by the answer mask for perplexity calculation, setting perplexity to 1.0.
Warning: Decoded text differs from trimmed prompt
  Trimmed prompt length: 422, Decoded text length: 357
[DEBUG] First difference at position 1: prompt='s', decoded='/'
[DEBUG] Context: prompt="<s>[INST] In Darwin's thinking, the more closely related two different organisms are, the\n\nPlease CONCISELY answer the question in English WITHOUT reasoning or explanation. [/INST]The more closely rela", decoded="</s></s></s></s></s></s></s></s></s></s></s></s></s></s></s></s></s></s></s></s></s></s></s></s></s></s></s></s></s></s></s></s></s></s></s></s></s></s></s></s></s></s></s></s><s> [INST] In Darwin's th"
Warning: Decoded text differs from trimmed prompt
  Trimmed prompt length: 432, Decoded text length: 383
[DEBUG] First difference at position 1: prompt='s', decoded='/'
[DEBUG] Context: prompt="<s>[INST] In Darwin's thinking, the more closely related two different organisms are, the\n\nPlease CONCISELY answer the question in English WITHOUT reasoning or explanation. [/INST]The more closely rela", decoded="</s></s></s></s></s></s></s></s></s></s></s></s></s></s></s></s></s></s></s></s></s></s></s></s></s></s></s></s></s></s></s></s></s></s></s></s></s></s></s></s></s><s> [INST] In Darwin's thinking, the "
Perplexity: Written 246/83348 entries to perplexity result file (batch 41/13892)
Processing batch 42/13892
Warning: Decoded text differs from trimmed prompt
  Trimmed prompt length: 486, Decoded text length: 489
[DEBUG] First difference at position 1: prompt='s', decoded='/'
[DEBUG] Context: prompt='<s>[INST] Which of the following is most likely to increase the rate of diffusion of an uncharged solute across the plasma membrane of a cell?\n\nPlease CONCISELY answer the question in English WITHOUT r', decoded='</s></s></s></s><s> [INST] Which of the following is most likely to increase the rate of diffusion of an uncharged solute across the plasma membrane of a cell?\n\nPlease CONCISELY answer the question in '
Warning: Decoded text differs from trimmed prompt
  Trimmed prompt length: 480, Decoded text length: 481
[DEBUG] First difference at position 3: prompt='[', decoded=' '
[DEBUG] Context: prompt='<s>[INST] Which of the following is most likely to increase the rate of diffusion of an uncharged solute across the plasma membrane of a cell?\n\nPlease CONCISELY answer the question in English WITHOUT rea', decoded='<s> [INST] Which of the following is most likely to increase the rate of diffusion of an uncharged solute across the plasma membrane of a cell?\n\nPlease CONCISELY answer the question in English WITHOUT re'
[WARNING] in lang en, index 2758: No tokens were selected by the answer mask for perplexity calculation, setting perplexity to 1.0.
Warning: Decoded text differs from trimmed prompt
  Trimmed prompt length: 414, Decoded text length: 414
[DEBUG] First difference at position 1: prompt='s', decoded='/'
[DEBUG] Context: prompt='<s>[INST] In a certain pond, there are long-finned fish and short-finned fish. A horrific summer thunderstorm leads to the death of a disproportionate number of long-finned fish to the point where the ', decoded='</s></s></s></s></s></s></s></s></s></s><s> [INST] In a certain pond, there are long-finned fish and short-finned fish. A horrific summer thunderstorm leads to the death of a disproportionate number of'
[WARNING] in lang en, index 2759: No tokens were selected by the answer mask for perplexity calculation, setting perplexity to 1.0.
Warning: Decoded text differs from trimmed prompt
  Trimmed prompt length: 422, Decoded text length: 415
[DEBUG] First difference at position 1: prompt='s', decoded='/'
[DEBUG] Context: prompt='<s>[INST] In a certain pond, there are long-finned fish and short-finned fish. A horrific summer thunderstorm leads to the death of a disproportionate number of long-finned fish to the point where the ', decoded='</s></s></s></s></s></s></s></s></s><s> [INST] In a certain pond, there are long-finned fish and short-finned fish. A horrific summer thunderstorm leads to the death of a disproportionate number of lon'
[WARNING] in lang en, index 2759: No tokens were selected by the answer mask for perplexity calculation, setting perplexity to 1.0.
Warning: Decoded text differs from trimmed prompt
  Trimmed prompt length: 224, Decoded text length: 208
[DEBUG] First difference at position 1: prompt='s', decoded='/'
[DEBUG] Context: prompt='<s>[INST] A form of species interaction in which one of the species benefits while the other is unaffected is called\n\nPlease CONCISELY answer the question in English WITHOUT reasoning or explanation. [', decoded='</s></s></s></s></s></s></s></s></s></s></s></s></s></s></s></s></s></s></s></s></s></s></s></s></s></s></s></s></s></s></s></s></s></s></s></s></s></s></s></s></s></s></s></s></s></s></s></s></s></s><'
Warning: Decoded text differs from trimmed prompt
  Trimmed prompt length: 221, Decoded text length: 208
[DEBUG] First difference at position 1: prompt='s', decoded='/'
[DEBUG] Context: prompt='<s>[INST] A form of species interaction in which one of the species benefits while the other is unaffected is called\n\nPlease CONCISELY answer the question in English WITHOUT reasoning or explanation. [', decoded='</s></s></s></s></s></s></s></s></s></s></s></s></s></s></s></s></s></s></s></s></s></s></s></s></s></s></s></s></s></s></s></s></s></s></s></s></s></s></s></s></s></s></s></s></s></s></s></s></s></s><'
Perplexity: Written 252/83348 entries to perplexity result file (batch 42/13892)
Processing batch 43/13892
Warning: Decoded text differs from trimmed prompt
  Trimmed prompt length: 257, Decoded text length: 246
[DEBUG] First difference at position 1: prompt='s', decoded='/'
[DEBUG] Context: prompt='<s>[INST] Chemical substances released by organisms that elicit a physiological or behavioral response in other members of the same species are known as\n\nPlease CONCISELY answer the question in English', decoded='</s></s></s></s></s></s></s></s></s></s></s></s></s></s></s></s><s> [INST] Chemical substances released by organisms that elicit a physiological or behavioral response in other members of the same spec'
[WARNING] in lang en, index 2761: No tokens were selected by the answer mask for perplexity calculation, setting perplexity to 1.0.
Warning: Decoded text differs from trimmed prompt
  Trimmed prompt length: 254, Decoded text length: 246
[DEBUG] First difference at position 1: prompt='s', decoded='/'
[DEBUG] Context: prompt='<s>[INST] Chemical substances released by organisms that elicit a physiological or behavioral response in other members of the same species are known as\n\nPlease CONCISELY answer the question in English', decoded='</s></s></s></s></s></s></s></s></s></s></s></s></s></s></s></s><s> [INST] Chemical substances released by organisms that elicit a physiological or behavioral response in other members of the same spec'
[WARNING] in lang en, index 2761: No tokens were selected by the answer mask for perplexity calculation, setting perplexity to 1.0.
Warning: Decoded text differs from trimmed prompt
  Trimmed prompt length: 191, Decoded text length: 193
[DEBUG] First difference at position 1: prompt='s', decoded='/'
[DEBUG] Context: prompt='<s>[INST] All viruses contain at least these two principal components:\n\nPlease CONCISELY answer the question in English WITHOUT reasoning or explanation. [/INST]nucleic acid and a capsid.</s>', decoded='</s></s></s></s></s></s></s></s></s></s></s></s></s></s></s></s></s></s></s></s></s></s></s></s></s></s></s><s> [INST] All viruses contain at least these two principal components:\n\nPlease CONCI'
Warning: Decoded text differs from trimmed prompt
  Trimmed prompt length: 187, Decoded text length: 190
[DEBUG] First difference at position 1: prompt='s', decoded='/'
[DEBUG] Context: prompt='<s>[INST] All viruses contain at least these two principal components:\n\nPlease CONCISELY answer the question in English WITHOUT reasoning or explanation. [/INST]DNA and cell membrane.</s>', decoded='</s></s></s></s></s></s></s></s></s></s></s></s></s></s></s></s></s></s></s></s></s></s></s></s></s></s></s></s></s></s><s> [INST] All viruses contain at least these two principal components'
Warning: Decoded text differs from trimmed prompt
  Trimmed prompt length: 333, Decoded text length: 337
[DEBUG] First difference at position 1: prompt='s', decoded='/'
[DEBUG] Context: prompt='<s>[INST] Which of the following represents an idea that Darwin learned from the writings of Thomas Malthus?\n\nPlease CONCISELY answer the question in English WITHOUT reasoning or explanation. [/INST]Th', decoded='</s></s><s> [INST] Which of the following represents an idea that Darwin learned from the writings of Thomas Malthus?\n\nPlease CONCISELY answer the question in English WITHOUT reasoning or explanation. '
Warning: Decoded text differs from trimmed prompt
  Trimmed prompt length: 320, Decoded text length: 321
[DEBUG] First difference at position 3: prompt='[', decoded=' '
[DEBUG] Context: prompt='<s>[INST] Which of the following represents an idea that Darwin learned from the writings of Thomas Malthus?\n\nPlease CONCISELY answer the question in English WITHOUT reasoning or explanation. [/INST]The ', decoded='<s> [INST] Which of the following represents an idea that Darwin learned from the writings of Thomas Malthus?\n\nPlease CONCISELY answer the question in English WITHOUT reasoning or explanation. [/INST]The'
Perplexity: Written 258/83348 entries to perplexity result file (batch 43/13892)
Processing batch 44/13892
Warning: Decoded text differs from trimmed prompt
  Trimmed prompt length: 326, Decoded text length: 329
[DEBUG] First difference at position 1: prompt='s', decoded='/'
[DEBUG] Context: prompt='<s>[INST] Which of the following would most likely describe the fate of a vesicle formed as a result of phagocytosis?\n\nPlease CONCISELY answer the question in English WITHOUT reasoning or explanation. ', decoded='</s></s></s></s></s></s></s></s></s></s></s><s> [INST] Which of the following would most likely describe the fate of a vesicle formed as a result of phagocytosis?\n\nPlease CONCISELY answer the question '
Warning: Decoded text differs from trimmed prompt
  Trimmed prompt length: 374, Decoded text length: 375
[DEBUG] First difference at position 3: prompt='[', decoded=' '
[DEBUG] Context: prompt='<s>[INST] Which of the following would most likely describe the fate of a vesicle formed as a result of phagocytosis?\n\nPlease CONCISELY answer the question in English WITHOUT reasoning or explanation. [/', decoded='<s> [INST] Which of the following would most likely describe the fate of a vesicle formed as a result of phagocytosis?\n\nPlease CONCISELY answer the question in English WITHOUT reasoning or explanation. ['
Warning: Decoded text differs from trimmed prompt
  Trimmed prompt length: 382, Decoded text length: 378
[DEBUG] First difference at position 1: prompt='s', decoded='/'
[DEBUG] Context: prompt='<s>[INST] A population undergoes a shift in which those who are really tall and those who are really short decrease in relative frequency compared to those of medium size, due to a change in the availa', decoded='</s></s></s></s></s></s></s></s></s></s></s></s></s></s></s></s><s> [INST] A population undergoes a shift in which those who are really tall and those who are really short decrease in relative frequenc'
[WARNING] in lang en, index 2767: No tokens were selected by the answer mask for perplexity calculation, setting perplexity to 1.0.
Warning: Decoded text differs from trimmed prompt
  Trimmed prompt length: 381, Decoded text length: 378
[DEBUG] First difference at position 1: prompt='s', decoded='/'
[DEBUG] Context: prompt='<s>[INST] A population undergoes a shift in which those who are really tall and those who are really short decrease in relative frequency compared to those of medium size, due to a change in the availa', decoded='</s></s></s></s></s></s></s></s></s></s></s></s></s></s></s></s><s> [INST] A population undergoes a shift in which those who are really tall and those who are really short decrease in relative frequenc'
[WARNING] in lang en, index 2767: No tokens were selected by the answer mask for perplexity calculation, setting perplexity to 1.0.
Warning: Decoded text differs from trimmed prompt
  Trimmed prompt length: 339, Decoded text length: 343
[DEBUG] First difference at position 1: prompt='s', decoded='/'
[DEBUG] Context: prompt='<s>[INST] Which of the following theories is based on the notion that mitochondria and chloroplasts evolved from prokaryotic cells?\n\nPlease CONCISELY answer the question in English WITHOUT reasoning or', decoded='</s></s></s></s></s></s></s></s></s></s></s><s> [INST] Which of the following theories is based on the notion that mitochondria and chloroplasts evolved from prokaryotic cells?\n\nPlease CONCISELY answer'
Warning: Decoded text differs from trimmed prompt
  Trimmed prompt length: 335, Decoded text length: 342
[DEBUG] First difference at position 1: prompt='s', decoded='/'
[DEBUG] Context: prompt='<s>[INST] Which of the following theories is based on the notion that mitochondria and chloroplasts evolved from prokaryotic cells?\n\nPlease CONCISELY answer the question in English WITHOUT reasoning or', decoded='</s></s></s></s></s></s></s></s></s></s></s></s></s><s> [INST] Which of the following theories is based on the notion that mitochondria and chloroplasts evolved from prokaryotic cells?\n\nPlease CONCISEL'
Perplexity: Written 264/83348 entries to perplexity result file (batch 44/13892)
Processing batch 45/13892
Warning: Decoded text differs from trimmed prompt
  Trimmed prompt length: 632, Decoded text length: 633
[DEBUG] First difference at position 3: prompt='[', decoded=' '
[DEBUG] Context: prompt='<s>[INST] During drought years on the Galapagos, small, easily eaten seeds become rare, leaving mostly large, hard-cased seeds that only birds with large beaks can eat. If a drought persists for several ', decoded='<s> [INST] During drought years on the Galapagos, small, easily eaten seeds become rare, leaving mostly large, hard-cased seeds that only birds with large beaks can eat. If a drought persists for several'
Warning: Decoded text differs from trimmed prompt
  Trimmed prompt length: 632, Decoded text length: 633
[DEBUG] First difference at position 3: prompt='[', decoded=' '
[DEBUG] Context: prompt='<s>[INST] During drought years on the Galapagos, small, easily eaten seeds become rare, leaving mostly large, hard-cased seeds that only birds with large beaks can eat. If a drought persists for several ', decoded='<s> [INST] During drought years on the Galapagos, small, easily eaten seeds become rare, leaving mostly large, hard-cased seeds that only birds with large beaks can eat. If a drought persists for several'
Warning: Decoded text differs from trimmed prompt
  Trimmed prompt length: 326, Decoded text length: 310
[DEBUG] First difference at position 1: prompt='s', decoded='/'
[DEBUG] Context: prompt='<s>[INST] Which group is composed entirely of individuals who maintained that species are fixed (i.e., unchanging)?\n\nPlease CONCISELY answer the question in English WITHOUT reasoning or explanation. [/', decoded='</s></s></s></s></s></s></s></s></s></s></s></s></s></s></s></s></s></s></s></s></s></s></s></s></s></s></s></s></s></s></s></s></s></s></s></s></s></s></s></s></s></s></s></s></s></s></s></s></s></s><'
Warning: Decoded text differs from trimmed prompt
  Trimmed prompt length: 325, Decoded text length: 299
[DEBUG] First difference at position 1: prompt='s', decoded='/'
[DEBUG] Context: prompt='<s>[INST] Which group is composed entirely of individuals who maintained that species are fixed (i.e., unchanging)?\n\nPlease CONCISELY answer the question in English WITHOUT reasoning or explanation. [/', decoded='</s></s></s></s></s></s></s></s></s></s></s></s></s></s></s></s></s></s></s></s></s></s></s></s></s></s></s></s></s></s></s></s></s></s></s></s></s></s></s></s></s></s></s></s></s></s></s></s></s></s><'
Warning: Decoded text differs from trimmed prompt
  Trimmed prompt length: 388, Decoded text length: 330
[DEBUG] First difference at position 1: prompt='s', decoded='/'
[DEBUG] Context: prompt='<s>[INST] Except for identical twins, no two people are genetically identical. Which of the following statements most accurately describes the main source of variation in humans?\n\nPlease CONCISELY answ', decoded='</s></s></s></s></s></s></s></s></s></s></s></s></s></s></s></s></s></s></s></s></s></s></s></s></s></s></s></s></s></s></s></s></s></s></s></s></s></s></s></s></s></s></s></s></s></s></s></s></s></s><'
Warning: Decoded text differs from trimmed prompt
  Trimmed prompt length: 397, Decoded text length: 315
[DEBUG] First difference at position 1: prompt='s', decoded='/'
[DEBUG] Context: prompt='<s>[INST] Except for identical twins, no two people are genetically identical. Which of the following statements most accurately describes the main source of variation in humans?\n\nPlease CONCISELY answ', decoded='</s></s></s></s></s></s></s></s></s></s></s></s></s></s></s></s></s></s></s></s></s></s></s></s></s></s></s></s></s></s></s></s></s></s></s></s></s></s></s></s></s></s></s></s></s></s></s></s></s></s><'
[WARNING] in lang en, index 2774: No tokens were selected by the answer mask for perplexity calculation, setting perplexity to 1.0.
Perplexity: Written 270/83348 entries to perplexity result file (batch 45/13892)
Processing batch 46/13892
Warning: Decoded text differs from trimmed prompt
  Trimmed prompt length: 561, Decoded text length: 567
[DEBUG] First difference at position 1: prompt='s', decoded='/'
[DEBUG] Context: prompt='<s>[INST] An eager AP Biology student interested in studying osmosis and the movement of water in solutions took a dialysis bag containing a 0.5 M solution and placed it into a beaker containing a 0.6 ', decoded='</s></s></s></s></s></s><s> [INST] An eager AP Biology student interested in studying osmosis and the movement of water in solutions took a dialysis bag containing a 0.5 M solution and placed it into a'
[WARNING] in lang en, index 2775: No tokens were selected by the answer mask for perplexity calculation, setting perplexity to 1.0.
Warning: Decoded text differs from trimmed prompt
  Trimmed prompt length: 598, Decoded text length: 599
[DEBUG] First difference at position 3: prompt='[', decoded=' '
[DEBUG] Context: prompt='<s>[INST] An eager AP Biology student interested in studying osmosis and the movement of water in solutions took a dialysis bag containing a 0.5 M solution and placed it into a beaker containing a 0.6 M ', decoded='<s> [INST] An eager AP Biology student interested in studying osmosis and the movement of water in solutions took a dialysis bag containing a 0.5 M solution and placed it into a beaker containing a 0.6 M'
[WARNING] in lang en, index 2775: No tokens were selected by the answer mask for perplexity calculation, setting perplexity to 1.0.
Warning: Decoded text differs from trimmed prompt
  Trimmed prompt length: 268, Decoded text length: 244
[DEBUG] First difference at position 1: prompt='s', decoded='/'
[DEBUG] Context: prompt='<s>[INST] Crossing-over during meiosis permits scientists to determine\n\nPlease CONCISELY answer the question in English WITHOUT reasoning or explanation. [/INST]Crossing-over during meiosis allows scie', decoded='</s></s></s></s></s></s></s></s></s></s></s></s></s></s></s></s></s></s></s></s></s></s></s></s></s></s></s></s></s></s></s></s></s></s></s></s></s></s></s></s></s></s></s></s></s></s></s></s></s></s><'
Warning: Decoded text differs from trimmed prompt
  Trimmed prompt length: 264, Decoded text length: 240
[DEBUG] First difference at position 1: prompt='s', decoded='/'
[DEBUG] Context: prompt='<s>[INST] Crossing-over during meiosis permits scientists to determine\n\nPlease CONCISELY answer the question in English WITHOUT reasoning or explanation. [/INST]Crossing-over during meiosis allows scie', decoded='</s></s></s></s></s></s></s></s></s></s></s></s></s></s></s></s></s></s></s></s></s></s></s></s></s></s></s></s></s></s></s></s></s></s></s></s></s></s></s></s></s></s></s></s></s></s></s></s></s></s><'
Warning: Decoded text differs from trimmed prompt
  Trimmed prompt length: 489, Decoded text length: 433
[DEBUG] First difference at position 1: prompt='s', decoded='/'
[DEBUG] Context: prompt='<s>[INST] An organism exposed to wild temperature fluctuations shows very little, if any, change in its metabolic rate. This organism is most probably a\n\nPlease CONCISELY answer the question in English', decoded='</s></s></s></s></s></s></s></s></s></s></s></s></s></s></s></s></s></s></s></s></s></s></s></s></s></s></s></s></s></s></s></s></s></s></s></s></s></s></s></s><s> [INST] An organism exposed to wild te'
Warning: Decoded text differs from trimmed prompt
  Trimmed prompt length: 490, Decoded text length: 433
[DEBUG] First difference at position 1: prompt='s', decoded='/'
[DEBUG] Context: prompt='<s>[INST] An organism exposed to wild temperature fluctuations shows very little, if any, change in its metabolic rate. This organism is most probably a\n\nPlease CONCISELY answer the question in English', decoded='</s></s></s></s></s></s></s></s></s></s></s></s></s></s></s></s></s></s></s></s></s></s></s></s></s></s></s></s></s></s></s></s></s></s></s></s></s></s></s></s><s> [INST] An organism exposed to wild te'
Perplexity: Written 276/83348 entries to perplexity result file (batch 46/13892)
Processing batch 47/13892
Warning: Decoded text differs from trimmed prompt
  Trimmed prompt length: 271, Decoded text length: 248
[DEBUG] First difference at position 1: prompt='s', decoded='/'
[DEBUG] Context: prompt='<s>[INST] What was the prevailing notion prior to the time of Lyell and Darwin?\n\nPlease CONCISELY answer the question in English WITHOUT reasoning or explanation. [/INST]The prevailing notion was that ', decoded='</s></s></s></s></s></s></s></s></s></s></s></s></s></s></s></s></s></s></s></s></s></s></s></s></s></s></s></s></s></s></s></s></s></s></s></s></s></s></s></s></s></s></s></s></s></s></s></s></s></s><'
Warning: Decoded text differs from trimmed prompt
  Trimmed prompt length: 273, Decoded text length: 244
[DEBUG] First difference at position 1: prompt='s', decoded='/'
[DEBUG] Context: prompt='<s>[INST] What was the prevailing notion prior to the time of Lyell and Darwin?\n\nPlease CONCISELY answer the question in English WITHOUT reasoning or explanation. [/INST]The prevailing notion was that ', decoded='</s></s></s></s></s></s></s></s></s></s></s></s></s></s></s></s></s></s></s></s></s></s></s></s></s></s></s></s></s></s></s></s></s></s></s></s></s></s></s></s></s></s></s></s></s></s></s></s></s></s><'
Warning: Decoded text differs from trimmed prompt
  Trimmed prompt length: 859, Decoded text length: 860
[DEBUG] First difference at position 3: prompt='[', decoded=' '
[DEBUG] Context: prompt='<s>[INST] On Andros Islands in the Bahamas, populations of mosquito fish, Gambusia hubbsi, colonized a series of ponds. These ponds are no longer connected. However, the environments are very similar exc', decoded='<s> [INST] On Andros Islands in the Bahamas, populations of mosquito fish, Gambusia hubbsi, colonized a series of ponds. These ponds are no longer connected. However, the environments are very similar ex'
[WARNING] in lang en, index 2779: No tokens were selected by the answer mask for perplexity calculation, setting perplexity to 1.0.
Warning: Decoded text differs from trimmed prompt
  Trimmed prompt length: 858, Decoded text length: 859
[DEBUG] First difference at position 1: prompt='s', decoded='/'
[DEBUG] Context: prompt='<s>[INST] On Andros Islands in the Bahamas, populations of mosquito fish, Gambusia hubbsi, colonized a series of ponds. These ponds are no longer connected. However, the environments are very similar e', decoded='</s><s> [INST] On Andros Islands in the Bahamas, populations of mosquito fish, Gambusia hubbsi, colonized a series of ponds. These ponds are no longer connected. However, the environments are very simi'
[WARNING] in lang en, index 2779: No tokens were selected by the answer mask for perplexity calculation, setting perplexity to 1.0.
Warning: Decoded text differs from trimmed prompt
  Trimmed prompt length: 578, Decoded text length: 515
[DEBUG] First difference at position 1: prompt='s', decoded='/'
[DEBUG] Context: prompt='<s>[INST] A proficient engineer can easily design skeletal structures that are more functional than those currently found in the forelimbs of such diverse mammals as horses, whales, and bats. That the ', decoded='</s></s></s></s></s></s></s></s></s></s></s></s></s></s></s></s></s></s></s></s></s></s></s></s></s></s></s></s></s></s></s></s></s></s></s></s></s></s></s></s></s></s></s></s></s></s></s></s></s></s><'
Warning: Decoded text differs from trimmed prompt
  Trimmed prompt length: 571, Decoded text length: 524
[DEBUG] First difference at position 1: prompt='s', decoded='/'
[DEBUG] Context: prompt='<s>[INST] A proficient engineer can easily design skeletal structures that are more functional than those currently found in the forelimbs of such diverse mammals as horses, whales, and bats. That the ', decoded='</s></s></s></s></s></s></s></s></s></s></s></s></s></s></s></s></s></s></s></s></s></s></s></s></s></s></s></s></s></s></s></s></s></s></s></s></s></s></s></s></s></s></s></s></s></s></s></s></s></s><'
Perplexity: Written 282/83348 entries to perplexity result file (batch 47/13892)
Processing batch 48/13892
Warning: Decoded text differs from trimmed prompt
  Trimmed prompt length: 342, Decoded text length: 322
[DEBUG] First difference at position 1: prompt='s', decoded='/'
[DEBUG] Context: prompt='<s>[INST] Which of the following pieces of evidence most strongly supports the common origin of all life on Earth?\n\nPlease CONCISELY answer the question in English WITHOUT reasoning or explanation. [/I', decoded='</s></s></s></s></s></s></s></s></s></s></s></s></s></s></s></s><s> [INST] Which of the following pieces of evidence most strongly supports the common origin of all life on Earth?\n\nPlease CONCISELY ans'
Warning: Decoded text differs from trimmed prompt
  Trimmed prompt length: 314, Decoded text length: 289
[DEBUG] First difference at position 1: prompt='s', decoded='/'
[DEBUG] Context: prompt='<s>[INST] Which of the following pieces of evidence most strongly supports the common origin of all life on Earth?\n\nPlease CONCISELY answer the question in English WITHOUT reasoning or explanation. [/I', decoded='</s></s></s></s></s></s></s></s></s></s></s></s></s></s></s></s></s></s></s></s><s> [INST] Which of the following pieces of evidence most strongly supports the common origin of all life on Earth?\n\nPlea'
Warning: Decoded text differs from trimmed prompt
  Trimmed prompt length: 335, Decoded text length: 336
[DEBUG] First difference at position 3: prompt='[', decoded=' '
[DEBUG] Context: prompt='<s>[INST] In the inherited disorder called Pompe disease, glycogen breakdown in the cytosol occurs normally and blood glucose levels are normal, yet glycogen accumulates in lysosomes. This suggests a mal', decoded='<s> [INST] In the inherited disorder called Pompe disease, glycogen breakdown in the cytosol occurs normally and blood glucose levels are normal, yet glycogen accumulates in lysosomes. This suggests a ma'
[WARNING] in lang en, index 2789: No tokens were selected by the answer mask for perplexity calculation, setting perplexity to 1.0.
Warning: Decoded text differs from trimmed prompt
  Trimmed prompt length: 338, Decoded text length: 339
[DEBUG] First difference at position 3: prompt='[', decoded=' '
[DEBUG] Context: prompt='<s>[INST] In the inherited disorder called Pompe disease, glycogen breakdown in the cytosol occurs normally and blood glucose levels are normal, yet glycogen accumulates in lysosomes. This suggests a mal', decoded='<s> [INST] In the inherited disorder called Pompe disease, glycogen breakdown in the cytosol occurs normally and blood glucose levels are normal, yet glycogen accumulates in lysosomes. This suggests a ma'
[WARNING] in lang en, index 2789: No tokens were selected by the answer mask for perplexity calculation, setting perplexity to 1.0.
Warning: Decoded text differs from trimmed prompt
  Trimmed prompt length: 363, Decoded text length: 351
[DEBUG] First difference at position 1: prompt='s', decoded='/'
[DEBUG] Context: prompt='<s>[INST] A trend toward the decrease in the size of plants on the slopes of mountains as altitudes increase is an example of\n\nPlease CONCISELY answer the question in English WITHOUT reasoning or expla', decoded='</s></s></s></s></s></s></s></s><s> [INST] A trend toward the decrease in the size of plants on the slopes of mountains as altitudes increase is an example of\n\nPlease CONCISELY answer the question in E'
Warning: Decoded text differs from trimmed prompt
  Trimmed prompt length: 368, Decoded text length: 356
[DEBUG] First difference at position 1: prompt='s', decoded='/'
[DEBUG] Context: prompt='<s>[INST] A trend toward the decrease in the size of plants on the slopes of mountains as altitudes increase is an example of\n\nPlease CONCISELY answer the question in English WITHOUT reasoning or expla', decoded='</s></s></s></s></s></s></s><s> [INST] A trend toward the decrease in the size of plants on the slopes of mountains as altitudes increase is an example of\n\nPlease CONCISELY answer the question in Engli'
Perplexity: Written 288/83348 entries to perplexity result file (batch 48/13892)
Processing batch 49/13892
Warning: Decoded text differs from trimmed prompt
  Trimmed prompt length: 406, Decoded text length: 407
[DEBUG] First difference at position 1: prompt='s', decoded='/'
[DEBUG] Context: prompt="<s>[INST] Females with Turner's syndrome have a high incidence of hemophilia, a recessive, X-linked trait. Based on this information, it can be inferred that females with this condition\n\nPlease CONCISE", decoded="</s><s> [INST] Females with Turner's syndrome have a high incidence of hemophilia, a recessive, X-linked trait. Based on this information, it can be inferred that females with this condition\n\nPlease CO"
Warning: Decoded text differs from trimmed prompt
  Trimmed prompt length: 417, Decoded text length: 418
[DEBUG] First difference at position 3: prompt='[', decoded=' '
[DEBUG] Context: prompt="<s>[INST] Females with Turner's syndrome have a high incidence of hemophilia, a recessive, X-linked trait. Based on this information, it can be inferred that females with this condition\n\nPlease CONCISELY", decoded="<s> [INST] Females with Turner's syndrome have a high incidence of hemophilia, a recessive, X-linked trait. Based on this information, it can be inferred that females with this condition\n\nPlease CONCISEL"
Warning: Decoded text differs from trimmed prompt
  Trimmed prompt length: 242, Decoded text length: 230
[DEBUG] First difference at position 1: prompt='s', decoded='/'
[DEBUG] Context: prompt='<s>[INST] Lampreys attach to the skin of lake trout and absorb nutrients from its body. This relationship is an example of\n\nPlease CONCISELY answer the question in English WITHOUT reasoning or explanat', decoded='</s></s></s></s></s></s></s></s></s></s></s></s></s></s></s></s></s></s></s></s></s></s></s></s></s></s></s></s></s></s></s></s></s></s></s></s></s></s></s></s></s></s></s></s></s></s><s> [INST] Lampre'
[WARNING] in lang en, index 2796: No tokens were selected by the answer mask for perplexity calculation, setting perplexity to 1.0.
Warning: Decoded text differs from trimmed prompt
  Trimmed prompt length: 241, Decoded text length: 226
[DEBUG] First difference at position 1: prompt='s', decoded='/'
[DEBUG] Context: prompt='<s>[INST] Lampreys attach to the skin of lake trout and absorb nutrients from its body. This relationship is an example of\n\nPlease CONCISELY answer the question in English WITHOUT reasoning or explanat', decoded='</s></s></s></s></s></s></s></s></s></s></s></s></s></s></s></s></s></s></s></s></s></s></s></s></s></s></s></s></s></s></s></s></s></s></s></s></s></s></s></s></s></s></s></s></s></s></s><s> [INST] La'
[WARNING] in lang en, index 2796: No tokens were selected by the answer mask for perplexity calculation, setting perplexity to 1.0.
Warning: Decoded text differs from trimmed prompt
  Trimmed prompt length: 513, Decoded text length: 520
[DEBUG] First difference at position 1: prompt='s', decoded='/'
[DEBUG] Context: prompt='<s>[INST] Unlike large populations, small populations are vulnerable to various processes that draw populations down an extinction vortex toward smaller and smaller populations until no individuals sur', decoded='</s></s></s></s></s></s></s></s><s> [INST] Unlike large populations, small populations are vulnerable to various processes that draw populations down an extinction vortex toward smaller and smaller pop'
Warning: Decoded text differs from trimmed prompt
  Trimmed prompt length: 521, Decoded text length: 529
[DEBUG] First difference at position 1: prompt='s', decoded='/'
[DEBUG] Context: prompt='<s>[INST] Unlike large populations, small populations are vulnerable to various processes that draw populations down an extinction vortex toward smaller and smaller populations until no individuals sur', decoded='</s></s></s></s></s></s></s></s></s><s> [INST] Unlike large populations, small populations are vulnerable to various processes that draw populations down an extinction vortex toward smaller and smaller'
Perplexity: Written 294/83348 entries to perplexity result file (batch 49/13892)
Processing batch 50/13892
Warning: Decoded text differs from trimmed prompt
  Trimmed prompt length: 281, Decoded text length: 240
[DEBUG] First difference at position 1: prompt='s', decoded='/'
[DEBUG] Context: prompt='<s>[INST] Fossil evidence indicates that horses have gradually increased in size over geologic time. Which of the following terms best describes this?\n\nPlease CONCISELY answer the question in English W', decoded='</s></s></s></s></s></s></s></s></s></s></s></s></s></s></s></s></s></s></s></s></s></s></s></s></s></s></s></s></s></s></s></s></s></s></s></s></s></s></s></s></s></s></s></s></s></s></s></s></s></s><'
[WARNING] in lang en, index 2799: No tokens were selected by the answer mask for perplexity calculation, setting perplexity to 1.0.
Warning: Decoded text differs from trimmed prompt
  Trimmed prompt length: 281, Decoded text length: 240
[DEBUG] First difference at position 1: prompt='s', decoded='/'
[DEBUG] Context: prompt='<s>[INST] Fossil evidence indicates that horses have gradually increased in size over geologic time. Which of the following terms best describes this?\n\nPlease CONCISELY answer the question in English W', decoded='</s></s></s></s></s></s></s></s></s></s></s></s></s></s></s></s></s></s></s></s></s></s></s></s></s></s></s></s></s></s></s></s></s></s></s></s></s></s></s></s></s></s></s></s></s></s></s></s></s></s><'
[WARNING] in lang en, index 2799: No tokens were selected by the answer mask for perplexity calculation, setting perplexity to 1.0.
Warning: Decoded text differs from trimmed prompt
  Trimmed prompt length: 573, Decoded text length: 574
[DEBUG] First difference at position 3: prompt='[', decoded=' '
[DEBUG] Context: prompt='<s>[INST] Which describes an African butterfly species that exists in two strikingly different color patterns?\n\nPlease CONCISELY answer the question in English WITHOUT reasoning or explanation. [/INST]Th', decoded='<s> [INST] Which describes an African butterfly species that exists in two strikingly different color patterns?\n\nPlease CONCISELY answer the question in English WITHOUT reasoning or explanation. [/INST]T'
[WARNING] in lang en, index 2800: No tokens were selected by the answer mask for perplexity calculation, setting perplexity to 1.0.
Warning: Decoded text differs from trimmed prompt
  Trimmed prompt length: 573, Decoded text length: 574
[DEBUG] First difference at position 1: prompt='s', decoded='/'
[DEBUG] Context: prompt='<s>[INST] Which describes an African butterfly species that exists in two strikingly different color patterns?\n\nPlease CONCISELY answer the question in English WITHOUT reasoning or explanation. [/INST]', decoded='</s><s> [INST] Which describes an African butterfly species that exists in two strikingly different color patterns?\n\nPlease CONCISELY answer the question in English WITHOUT reasoning or explanation. [/'
[WARNING] in lang en, index 2800: No tokens were selected by the answer mask for perplexity calculation, setting perplexity to 1.0.
Warning: Decoded text differs from trimmed prompt
  Trimmed prompt length: 502, Decoded text length: 492
[DEBUG] First difference at position 1: prompt='s', decoded='/'
[DEBUG] Context: prompt='<s>[INST] Oligomycin is an antibiotic that blocks proton channels in the cristae of mitochondria by binding to ATP synthase. Which of the following would be the first expected response after the applic', decoded='</s></s></s></s></s></s></s></s></s></s></s></s></s><s> [INST] Oligomycin is an antibiotic that blocks proton channels in the cristae of mitochondria by binding to ATP synthase. Which of the following '
Warning: Decoded text differs from trimmed prompt
  Trimmed prompt length: 471, Decoded text length: 468
[DEBUG] First difference at position 1: prompt='s', decoded='/'
[DEBUG] Context: prompt='<s>[INST] Oligomycin is an antibiotic that blocks proton channels in the cristae of mitochondria by binding to ATP synthase. Which of the following would be the first expected response after the applic', decoded='</s></s></s></s></s></s></s></s></s></s></s></s></s></s></s></s></s><s> [INST] Oligomycin is an antibiotic that blocks proton channels in the cristae of mitochondria by binding to ATP synthase. Which o'
Perplexity: Written 300/83348 entries to perplexity result file (batch 50/13892)
Processing batch 51/13892
Warning: Decoded text differs from trimmed prompt
  Trimmed prompt length: 219, Decoded text length: 215
[DEBUG] First difference at position 1: prompt='s', decoded='/'
[DEBUG] Context: prompt='<s>[INST] If neutral variation is truly "neutral," then it should have no effect on\n\nPlease CONCISELY answer the question in English WITHOUT reasoning or explanation. [/INST]relative fitness or evoluti', decoded='</s></s></s></s></s></s><s> [INST] If neutral variation is truly "neutral," then it should have no effect on\n\nPlease CONCISELY answer the question in English WITHOUT reasoning or explanation. [/INST]re'
Warning: Decoded text differs from trimmed prompt
  Trimmed prompt length: 223, Decoded text length: 227
[DEBUG] First difference at position 1: prompt='s', decoded='/'
[DEBUG] Context: prompt='<s>[INST] If neutral variation is truly "neutral," then it should have no effect on\n\nPlease CONCISELY answer the question in English WITHOUT reasoning or explanation. [/INST]nucleotide diversity or evo', decoded='</s></s><s> [INST] If neutral variation is truly "neutral," then it should have no effect on\n\nPlease CONCISELY answer the question in English WITHOUT reasoning or explanation. [/INST]nucleotide diversi'
Warning: Decoded text differs from trimmed prompt
  Trimmed prompt length: 195, Decoded text length: 196
[DEBUG] First difference at position 1: prompt='s', decoded='/'
[DEBUG] Context: prompt='<s>[INST] This process leads to the net production of two pyruvate, two ATP, and two NADH.\n\nPlease CONCISELY answer the question in English WITHOUT reasoning or explanation. [/INST]Glycolysis</s>', decoded='</s><s> [INST] This process leads to the net production of two pyruvate, two ATP, and two NADH.\n\nPlease CONCISELY answer the question in English WITHOUT reasoning or explanation. [/INST]Glycolysis'
[WARNING] in lang en, index 2806: No tokens were selected by the answer mask for perplexity calculation, setting perplexity to 1.0.
Warning: Decoded text differs from trimmed prompt
  Trimmed prompt length: 197, Decoded text length: 198
[DEBUG] First difference at position 3: prompt='[', decoded=' '
[DEBUG] Context: prompt='<s>[INST] This process leads to the net production of two pyruvate, two ATP, and two NADH.\n\nPlease CONCISELY answer the question in English WITHOUT reasoning or explanation. [/INST]Chemiosmosis</s>', decoded='<s> [INST] This process leads to the net production of two pyruvate, two ATP, and two NADH.\n\nPlease CONCISELY answer the question in English WITHOUT reasoning or explanation. [/INST]Chemiosmosis</s>'
[WARNING] in lang en, index 2806: No tokens were selected by the answer mask for perplexity calculation, setting perplexity to 1.0.
Warning: Decoded text differs from trimmed prompt
  Trimmed prompt length: 214, Decoded text length: 219
[DEBUG] First difference at position 1: prompt='s', decoded='/'
[DEBUG] Context: prompt='<s>[INST] When oxygen becomes unavailable, this process regenerates NAD+, allowing respiration to continue.\n\nPlease CONCISELY answer the question in English WITHOUT reasoning or explanation. [/INST]Fer', decoded='</s></s></s></s></s><s> [INST] When oxygen becomes unavailable, this process regenerates NAD+, allowing respiration to continue.\n\nPlease CONCISELY answer the question in English WITHOUT reasoning or ex'
[WARNING] in lang en, index 2807: No tokens were selected by the answer mask for perplexity calculation, setting perplexity to 1.0.
Warning: Decoded text differs from trimmed prompt
  Trimmed prompt length: 214, Decoded text length: 218
[DEBUG] First difference at position 1: prompt='s', decoded='/'
[DEBUG] Context: prompt='<s>[INST] When oxygen becomes unavailable, this process regenerates NAD+, allowing respiration to continue.\n\nPlease CONCISELY answer the question in English WITHOUT reasoning or explanation. [/INST]Cal', decoded='</s></s></s></s></s></s><s> [INST] When oxygen becomes unavailable, this process regenerates NAD+, allowing respiration to continue.\n\nPlease CONCISELY answer the question in English WITHOUT reasoning o'
[WARNING] in lang en, index 2807: No tokens were selected by the answer mask for perplexity calculation, setting perplexity to 1.0.
Perplexity: Written 306/83348 entries to perplexity result file (batch 51/13892)
Processing batch 52/13892
Warning: Decoded text differs from trimmed prompt
  Trimmed prompt length: 694, Decoded text length: 695
[DEBUG] First difference at position 3: prompt='[', decoded=' '
[DEBUG] Context: prompt='<s>[INST] Before the human genome was sequenced by the Human Genome Project, scientists expected that they would find about 100,000 genes. In fact, they discovered that humans have only about 24,000 gene', decoded='<s> [INST] Before the human genome was sequenced by the Human Genome Project, scientists expected that they would find about 100,000 genes. In fact, they discovered that humans have only about 24,000 gen'
Warning: Decoded text differs from trimmed prompt
  Trimmed prompt length: 689, Decoded text length: 688
[DEBUG] First difference at position 1: prompt='s', decoded='/'
[DEBUG] Context: prompt='<s>[INST] Before the human genome was sequenced by the Human Genome Project, scientists expected that they would find about 100,000 genes. In fact, they discovered that humans have only about 24,000 ge', decoded='</s></s></s><s> [INST] Before the human genome was sequenced by the Human Genome Project, scientists expected that they would find about 100,000 genes. In fact, they discovered that humans have only ab'
Warning: Decoded text differs from trimmed prompt
  Trimmed prompt length: 244, Decoded text length: 196
[DEBUG] First difference at position 1: prompt='s', decoded='/'
[DEBUG] Context: prompt='<s>[INST] Which of the following must exist in a population before natural selection can act upon that population?\n\nPlease CONCISELY answer the question in English WITHOUT reasoning or explanation. [/I', decoded='</s></s></s></s></s></s></s></s></s></s></s></s></s></s></s></s></s></s></s></s></s></s></s></s></s></s></s></s></s></s></s></s></s></s></s></s></s></s></s></s></s></s></s></s></s></s></s></s></s>'
[WARNING] in lang en, index 2809: No tokens were selected by the answer mask for perplexity calculation, setting perplexity to 1.0.
Warning: Decoded text differs from trimmed prompt
  Trimmed prompt length: 268, Decoded text length: 208
[DEBUG] First difference at position 1: prompt='s', decoded='/'
[DEBUG] Context: prompt='<s>[INST] Which of the following must exist in a population before natural selection can act upon that population?\n\nPlease CONCISELY answer the question in English WITHOUT reasoning or explanation. [/I', decoded='</s></s></s></s></s></s></s></s></s></s></s></s></s></s></s></s></s></s></s></s></s></s></s></s></s></s></s></s></s></s></s></s></s></s></s></s></s></s></s></s></s></s></s></s></s></s></s></s></s></s><'
Warning: Decoded text differs from trimmed prompt
  Trimmed prompt length: 513, Decoded text length: 492
[DEBUG] First difference at position 1: prompt='s', decoded='/'
[DEBUG] Context: prompt='<s>[INST] In most ecosystems, net primary productivity is important because it represents the\n\nPlease CONCISELY answer the question in English WITHOUT reasoning or explanation. [/INST]Net primary produ', decoded='</s></s></s></s></s></s></s></s></s></s></s></s></s></s></s></s></s></s></s></s></s></s></s></s></s></s></s></s></s></s></s></s></s></s></s></s></s></s></s></s><s> [INST] In most ecosystems, net primar'
Warning: Decoded text differs from trimmed prompt
  Trimmed prompt length: 510, Decoded text length: 477
[DEBUG] First difference at position 1: prompt='s', decoded='/'
[DEBUG] Context: prompt='<s>[INST] In most ecosystems, net primary productivity is important because it represents the\n\nPlease CONCISELY answer the question in English WITHOUT reasoning or explanation. [/INST]Net primary produ', decoded='</s></s></s></s></s></s></s></s></s></s></s></s></s></s></s></s></s></s></s></s></s></s></s></s></s></s></s></s></s></s></s></s></s></s></s></s></s></s></s></s></s></s></s></s><s> [INST] In most ecosys'
Perplexity: Written 312/83348 entries to perplexity result file (batch 52/13892)
Processing batch 53/13892
Warning: Decoded text differs from trimmed prompt
  Trimmed prompt length: 600, Decoded text length: 601
[DEBUG] First difference at position 3: prompt='[', decoded=' '
[DEBUG] Context: prompt='<s>[INST] During a study session about evolution, one of your fellow students remarks, "The giraffe stretched its neck while reaching for higher leaves; its offspring inherited longer necks as a result."', decoded='<s> [INST] During a study session about evolution, one of your fellow students remarks, "The giraffe stretched its neck while reaching for higher leaves; its offspring inherited longer necks as a result.'
Warning: Decoded text differs from trimmed prompt
  Trimmed prompt length: 572, Decoded text length: 573
[DEBUG] First difference at position 1: prompt='s', decoded='/'
[DEBUG] Context: prompt='<s>[INST] During a study session about evolution, one of your fellow students remarks, "The giraffe stretched its neck while reaching for higher leaves; its offspring inherited longer necks as a result', decoded='</s></s></s></s><s> [INST] During a study session about evolution, one of your fellow students remarks, "The giraffe stretched its neck while reaching for higher leaves; its offspring inherited longer '
[WARNING] in lang en, index 2813: No tokens were selected by the answer mask for perplexity calculation, setting perplexity to 1.0.
Warning: Decoded text differs from trimmed prompt
  Trimmed prompt length: 357, Decoded text length: 330
[DEBUG] First difference at position 1: prompt='s', decoded='/'
[DEBUG] Context: prompt='<s>[INST] Which of the following best explains why drinking breast milk is beneficial to a human infant?\n\nPlease CONCISELY answer the question in English WITHOUT reasoning or explanation. [/INST]Breast', decoded='</s></s></s></s></s></s></s></s></s></s></s></s></s></s></s></s></s></s></s></s></s></s></s></s></s></s></s></s></s></s></s></s></s></s></s></s></s></s></s></s></s></s></s></s></s></s></s></s></s></s><'
Warning: Decoded text differs from trimmed prompt
  Trimmed prompt length: 347, Decoded text length: 317
[DEBUG] First difference at position 1: prompt='s', decoded='/'
[DEBUG] Context: prompt='<s>[INST] Which of the following best explains why drinking breast milk is beneficial to a human infant?\n\nPlease CONCISELY answer the question in English WITHOUT reasoning or explanation. [/INST]Breast', decoded='</s></s></s></s></s></s></s></s></s></s></s></s></s></s></s></s></s></s></s></s></s></s></s></s></s></s></s></s></s></s></s></s></s></s></s></s></s></s></s></s></s></s></s></s></s></s></s></s></s></s><'
Warning: Decoded text differs from trimmed prompt
  Trimmed prompt length: 468, Decoded text length: 450
[DEBUG] First difference at position 1: prompt='s', decoded='/'
[DEBUG] Context: prompt='<s>[INST] During oxidative phosphorylation, the energy needed to drive ATP synthesis comes from one source. Which of the following statements states the immediate source of that energy?\n\nPlease CONCISE', decoded='</s></s></s></s></s></s></s></s></s></s></s></s></s></s></s></s></s></s></s></s></s></s></s></s></s></s></s><s> [INST] During oxidative phosphorylation, the energy needed to drive ATP synthesis comes f'
Warning: Decoded text differs from trimmed prompt
  Trimmed prompt length: 445, Decoded text length: 422
[DEBUG] First difference at position 1: prompt='s', decoded='/'
[DEBUG] Context: prompt='<s>[INST] During oxidative phosphorylation, the energy needed to drive ATP synthesis comes from one source. Which of the following statements states the immediate source of that energy?\n\nPlease CONCISE', decoded='</s></s></s></s></s></s></s></s></s></s></s></s></s></s></s></s></s></s></s></s></s></s></s></s></s></s></s></s></s></s></s></s></s><s> [INST] During oxidative phosphorylation, the energy needed to dri'
Perplexity: Written 318/83348 entries to perplexity result file (batch 53/13892)
Processing batch 54/13892
Warning: Decoded text differs from trimmed prompt
  Trimmed prompt length: 200, Decoded text length: 207
[DEBUG] First difference at position 1: prompt='s', decoded='/'
[DEBUG] Context: prompt='<s>[INST] Photosynthesis requires\n\nPlease CONCISELY answer the question in English WITHOUT reasoning or explanation. [/INST]Photosynthesis requires light, CO2, water to produce glucose and oxygen.</s>', decoded='</s></s></s></s></s></s></s></s></s></s></s></s></s></s></s></s></s></s></s></s></s></s></s></s></s></s></s></s></s></s></s></s></s></s></s></s></s></s></s></s></s></s></s></s></s></s></s></s></s></s><'
Warning: Decoded text differs from trimmed prompt
  Trimmed prompt length: 198, Decoded text length: 207
[DEBUG] First difference at position 1: prompt='s', decoded='/'
[DEBUG] Context: prompt='<s>[INST] Photosynthesis requires\n\nPlease CONCISELY answer the question in English WITHOUT reasoning or explanation. [/INST]Photosynthesis requires water, soil, O2 to produce glucose and oxygen.</s>', decoded='</s></s></s></s></s></s></s></s></s></s></s></s></s></s></s></s></s></s></s></s></s></s></s></s></s></s></s></s></s></s></s></s></s></s></s></s></s></s></s></s></s></s></s></s></s></s></s></s></s></s><'
Warning: Decoded text differs from trimmed prompt
  Trimmed prompt length: 406, Decoded text length: 407
[DEBUG] First difference at position 3: prompt='[', decoded=' '
[DEBUG] Context: prompt='<s>[INST] The sequence of amino acids in hemoglobin molecules of humans is more similar to the hemoglobin of chimpanzees than it is to the hemoglobin of dogs. This similarity suggests that\n\nPlease CONCIS', decoded='<s> [INST] The sequence of amino acids in hemoglobin molecules of humans is more similar to the hemoglobin of chimpanzees than it is to the hemoglobin of dogs. This similarity suggests that\n\nPlease CONCI'
Warning: Decoded text differs from trimmed prompt
  Trimmed prompt length: 387, Decoded text length: 391
[DEBUG] First difference at position 1: prompt='s', decoded='/'
[DEBUG] Context: prompt='<s>[INST] The sequence of amino acids in hemoglobin molecules of humans is more similar to the hemoglobin of chimpanzees than it is to the hemoglobin of dogs. This similarity suggests that\n\nPlease CONC', decoded='</s></s><s> [INST] The sequence of amino acids in hemoglobin molecules of humans is more similar to the hemoglobin of chimpanzees than it is to the hemoglobin of dogs. This similarity suggests that\n\nPl'
Warning: Decoded text differs from trimmed prompt
  Trimmed prompt length: 182, Decoded text length: 164
[DEBUG] First difference at position 1: prompt='s', decoded='/'
[DEBUG] Context: prompt='<s>[INST] Basepair sequence that signals the start site for gene transcription.\n\nPlease CONCISELY answer the question in English WITHOUT reasoning or explanation. [/INST]Promoter</s>', decoded='</s></s></s></s></s></s></s></s></s></s></s></s></s></s></s></s></s></s></s></s></s></s></s></s></s></s></s></s></s></s></s></s></s></s></s></s></s></s></s></s></s>'
[WARNING] in lang en, index 2827: No tokens were selected by the answer mask for perplexity calculation, setting perplexity to 1.0.
Warning: Decoded text differs from trimmed prompt
  Trimmed prompt length: 182, Decoded text length: 168
[DEBUG] First difference at position 1: prompt='s', decoded='/'
[DEBUG] Context: prompt='<s>[INST] Basepair sequence that signals the start site for gene transcription.\n\nPlease CONCISELY answer the question in English WITHOUT reasoning or explanation. [/INST]Enhancer</s>', decoded='</s></s></s></s></s></s></s></s></s></s></s></s></s></s></s></s></s></s></s></s></s></s></s></s></s></s></s></s></s></s></s></s></s></s></s></s></s></s></s></s></s></s>'
[WARNING] in lang en, index 2827: No tokens were selected by the answer mask for perplexity calculation, setting perplexity to 1.0.
Perplexity: Written 324/83348 entries to perplexity result file (batch 54/13892)
Processing batch 55/13892
Warning: Decoded text differs from trimmed prompt
  Trimmed prompt length: 240, Decoded text length: 234
[DEBUG] First difference at position 1: prompt='s', decoded='/'
[DEBUG] Context: prompt='<s>[INST] Those being hunted adopt a coloring scheme that allows them to blend in to the colors of the environment.\n\nPlease CONCISELY answer the question in English WITHOUT reasoning or explanation. [/', decoded='</s></s></s></s></s></s></s></s></s></s></s></s></s></s></s></s></s></s></s></s></s></s></s></s></s><s> [INST] Those being hunted adopt a coloring scheme that allows them to blend in to the colors of t'
[WARNING] in lang en, index 2828: No tokens were selected by the answer mask for perplexity calculation, setting perplexity to 1.0.
Warning: Decoded text differs from trimmed prompt
  Trimmed prompt length: 243, Decoded text length: 241
[DEBUG] First difference at position 1: prompt='s', decoded='/'
[DEBUG] Context: prompt='<s>[INST] Those being hunted adopt a coloring scheme that allows them to blend in to the colors of the environment.\n\nPlease CONCISELY answer the question in English WITHOUT reasoning or explanation. [/', decoded='</s></s></s></s></s></s></s></s></s></s></s></s></s></s></s></s></s></s></s></s></s></s></s></s><s> [INST] Those being hunted adopt a coloring scheme that allows them to blend in to the colors of the e'
[WARNING] in lang en, index 2828: No tokens were selected by the answer mask for perplexity calculation, setting perplexity to 1.0.
Warning: Decoded text differs from trimmed prompt
  Trimmed prompt length: 358, Decoded text length: 362
[DEBUG] First difference at position 1: prompt='s', decoded='/'
[DEBUG] Context: prompt='<s>[INST] A baby duck runs for cover when a large object is tossed over its head. After this object is repeatedly passed overhead, the duck learns there is no danger and stops running for cover when th', decoded='</s></s></s></s><s> [INST] A baby duck runs for cover when a large object is tossed over its head. After this object is repeatedly passed overhead, the duck learns there is no danger and stops running '
[WARNING] in lang en, index 2829: No tokens were selected by the answer mask for perplexity calculation, setting perplexity to 1.0.
Warning: Decoded text differs from trimmed prompt
  Trimmed prompt length: 357, Decoded text length: 361
[DEBUG] First difference at position 1: prompt='s', decoded='/'
[DEBUG] Context: prompt='<s>[INST] A baby duck runs for cover when a large object is tossed over its head. After this object is repeatedly passed overhead, the duck learns there is no danger and stops running for cover when th', decoded='</s></s></s></s><s> [INST] A baby duck runs for cover when a large object is tossed over its head. After this object is repeatedly passed overhead, the duck learns there is no danger and stops running '
[WARNING] in lang en, index 2829: No tokens were selected by the answer mask for perplexity calculation, setting perplexity to 1.0.
Warning: Decoded text differs from trimmed prompt
  Trimmed prompt length: 419, Decoded text length: 420
[DEBUG] First difference at position 3: prompt='[', decoded=' '
[DEBUG] Context: prompt='<s>[INST] The theory of evolution is most accurately described as\n\nPlease CONCISELY answer the question in English WITHOUT reasoning or explanation. [/INST]The theory of evolution is an overarching expla', decoded='<s> [INST] The theory of evolution is most accurately described as\n\nPlease CONCISELY answer the question in English WITHOUT reasoning or explanation. [/INST]The theory of evolution is an overarching expl'
Warning: Decoded text differs from trimmed prompt
  Trimmed prompt length: 372, Decoded text length: 365
[DEBUG] First difference at position 1: prompt='s', decoded='/'
[DEBUG] Context: prompt='<s>[INST] The theory of evolution is most accurately described as\n\nPlease CONCISELY answer the question in English WITHOUT reasoning or explanation. [/INST]The theory of evolution is an educated guess ', decoded='</s></s></s></s></s></s></s></s></s><s> [INST] The theory of evolution is most accurately described as\n\nPlease CONCISELY answer the question in English WITHOUT reasoning or explanation. [/INST]The theo'
Perplexity: Written 330/83348 entries to perplexity result file (batch 55/13892)
Processing batch 56/13892
Warning: Decoded text differs from trimmed prompt
  Trimmed prompt length: 431, Decoded text length: 435
[DEBUG] First difference at position 1: prompt='s', decoded='/'
[DEBUG] Context: prompt='<s>[INST] Which of the following statements explains how a point mutation can have no negative impact in the protein formed from a sequence in DNA?\n\nPlease CONCISELY answer the question in English WITH', decoded='</s></s></s></s></s></s><s> [INST] Which of the following statements explains how a point mutation can have no negative impact in the protein formed from a sequence in DNA?\n\nPlease CONCISELY answer the'
[WARNING] in lang en, index 2832: No tokens were selected by the answer mask for perplexity calculation, setting perplexity to 1.0.
Warning: Decoded text differs from trimmed prompt
  Trimmed prompt length: 464, Decoded text length: 465
[DEBUG] First difference at position 3: prompt='[', decoded=' '
[DEBUG] Context: prompt='<s>[INST] Which of the following statements explains how a point mutation can have no negative impact in the protein formed from a sequence in DNA?\n\nPlease CONCISELY answer the question in English WITHOU', decoded='<s> [INST] Which of the following statements explains how a point mutation can have no negative impact in the protein formed from a sequence in DNA?\n\nPlease CONCISELY answer the question in English WITHO'
Warning: Decoded text differs from trimmed prompt
  Trimmed prompt length: 258, Decoded text length: 252
[DEBUG] First difference at position 1: prompt='s', decoded='/'
[DEBUG] Context: prompt='<s>[INST] Water and minerals that reach the xylem in the center of a plant root must first\n\nPlease CONCISELY answer the question in English WITHOUT reasoning or explanation. [/INST]Pass through the roo', decoded='</s></s></s></s></s></s></s></s></s></s></s></s></s></s></s></s></s></s></s></s></s></s></s></s></s></s></s></s></s></s></s></s></s></s></s></s></s></s></s></s><s> [INST] Water and minerals that reach '
Warning: Decoded text differs from trimmed prompt
  Trimmed prompt length: 256, Decoded text length: 243
[DEBUG] First difference at position 1: prompt='s', decoded='/'
[DEBUG] Context: prompt='<s>[INST] Water and minerals that reach the xylem in the center of a plant root must first\n\nPlease CONCISELY answer the question in English WITHOUT reasoning or explanation. [/INST]Pass through the roo', decoded='</s></s></s></s></s></s></s></s></s></s></s></s></s></s></s></s></s></s></s></s></s></s></s></s></s></s></s></s></s></s></s></s></s></s></s></s></s></s></s></s></s></s><s> [INST] Water and minerals tha'
Warning: Decoded text differs from trimmed prompt
  Trimmed prompt length: 254, Decoded text length: 251
[DEBUG] First difference at position 1: prompt='s', decoded='/'
[DEBUG] Context: prompt='<s>[INST] A lizard lacking a chemical defense mechanism that is colored in the same way as a lizard that has a defense mechanism is displaying\n\nPlease CONCISELY answer the question in English WITHOUT r', decoded='</s></s></s></s></s></s></s></s></s></s></s></s></s></s></s></s></s></s></s></s></s></s></s></s></s></s></s></s></s></s></s></s></s></s></s></s></s></s></s></s></s></s></s></s><s> [INST] A lizard lacki'
Warning: Decoded text differs from trimmed prompt
  Trimmed prompt length: 255, Decoded text length: 256
[DEBUG] First difference at position 1: prompt='s', decoded='/'
[DEBUG] Context: prompt='<s>[INST] A lizard lacking a chemical defense mechanism that is colored in the same way as a lizard that has a defense mechanism is displaying\n\nPlease CONCISELY answer the question in English WITHOUT r', decoded='</s></s></s></s></s></s></s></s></s></s></s></s></s></s></s></s></s></s></s></s></s></s></s></s></s></s></s></s></s></s></s></s></s></s></s></s></s></s></s></s></s></s></s><s> [INST] A lizard lacking a'
Perplexity: Written 336/83348 entries to perplexity result file (batch 56/13892)
Processing batch 57/13892
Warning: Decoded text differs from trimmed prompt
  Trimmed prompt length: 481, Decoded text length: 441
[DEBUG] First difference at position 1: prompt='s', decoded='/'
[DEBUG] Context: prompt='<s>[INST] Logically, which of these should cast the most doubt on the relationships depicted by an evolutionary tree?\n\nPlease CONCISELY answer the question in English WITHOUT reasoning or explanation. ', decoded='</s></s></s></s></s></s></s></s></s></s></s></s></s></s></s></s></s></s><s> [INST] Logically, which of these should cast the most doubt on the relationships depicted by an evolutionary tree?\n\nPlease CO'
Warning: Decoded text differs from trimmed prompt
  Trimmed prompt length: 435, Decoded text length: 431
[DEBUG] First difference at position 1: prompt='s', decoded='/'
[DEBUG] Context: prompt='<s>[INST] Logically, which of these should cast the most doubt on the relationships depicted by an evolutionary tree?\n\nPlease CONCISELY answer the question in English WITHOUT reasoning or explanation. ', decoded='</s></s></s></s></s></s></s></s></s></s></s></s></s></s></s></s></s></s></s></s></s><s> [INST] Logically, which of these should cast the most doubt on the relationships depicted by an evolutionary tree'
Warning: Decoded text differs from trimmed prompt
  Trimmed prompt length: 214, Decoded text length: 216
[DEBUG] First difference at position 1: prompt='s', decoded='/'
[DEBUG] Context: prompt='<s>[INST] Sexual dimorphism is most often a result of\n\nPlease CONCISELY answer the question in English WITHOUT reasoning or explanation. [/INST]Sexual dimorphism is most often a result of intersexual s', decoded='</s></s></s></s></s></s></s></s></s></s></s></s></s></s></s></s></s></s></s></s></s></s></s></s></s></s></s></s></s></s></s></s></s></s></s></s></s></s></s></s></s></s></s></s></s></s></s></s></s></s><'
Warning: Decoded text differs from trimmed prompt
  Trimmed prompt length: 212, Decoded text length: 216
[DEBUG] First difference at position 1: prompt='s', decoded='/'
[DEBUG] Context: prompt='<s>[INST] Sexual dimorphism is most often a result of\n\nPlease CONCISELY answer the question in English WITHOUT reasoning or explanation. [/INST]Sexual dimorphism is most often a result of pansexual sel', decoded='</s></s></s></s></s></s></s></s></s></s></s></s></s></s></s></s></s></s></s></s></s></s></s></s></s></s></s></s></s></s></s></s></s></s></s></s></s></s></s></s></s></s></s></s></s></s></s></s></s></s><'
Warning: Decoded text differs from trimmed prompt
  Trimmed prompt length: 490, Decoded text length: 491
[DEBUG] First difference at position 3: prompt='[', decoded=' '
[DEBUG] Context: prompt='<s>[INST] Stomata allow gases, such as H2O and CO2, to exchange between the inside of a plant leaf and the surrounding environment. Which of the following occurs under normal daytime environmental condit', decoded='<s> [INST] Stomata allow gases, such as H2O and CO2, to exchange between the inside of a plant leaf and the surrounding environment. Which of the following occurs under normal daytime environmental condi'
[WARNING] in lang en, index 2840: No tokens were selected by the answer mask for perplexity calculation, setting perplexity to 1.0.
Warning: Decoded text differs from trimmed prompt
  Trimmed prompt length: 490, Decoded text length: 491
[DEBUG] First difference at position 3: prompt='[', decoded=' '
[DEBUG] Context: prompt='<s>[INST] Stomata allow gases, such as H2O and CO2, to exchange between the inside of a plant leaf and the surrounding environment. Which of the following occurs under normal daytime environmental condit', decoded='<s> [INST] Stomata allow gases, such as H2O and CO2, to exchange between the inside of a plant leaf and the surrounding environment. Which of the following occurs under normal daytime environmental condi'
[WARNING] in lang en, index 2840: No tokens were selected by the answer mask for perplexity calculation, setting perplexity to 1.0.
Perplexity: Written 342/83348 entries to perplexity result file (batch 57/13892)
Processing batch 58/13892
Warning: Decoded text differs from trimmed prompt
  Trimmed prompt length: 388, Decoded text length: 389
[DEBUG] First difference at position 3: prompt='[', decoded=' '
[DEBUG] Context: prompt='<s>[INST] Which of these makes determining the evolutionary relatedness of different species based on the amino acid sequence of homologous proteins generally less accurate than determinations of related', decoded='<s> [INST] Which of these makes determining the evolutionary relatedness of different species based on the amino acid sequence of homologous proteins generally less accurate than determinations of relate'
[WARNING] in lang en, index 2841: No tokens were selected by the answer mask for perplexity calculation, setting perplexity to 1.0.
Warning: Decoded text differs from trimmed prompt
  Trimmed prompt length: 389, Decoded text length: 390
[DEBUG] First difference at position 3: prompt='[', decoded=' '
[DEBUG] Context: prompt='<s>[INST] Which of these makes determining the evolutionary relatedness of different species based on the amino acid sequence of homologous proteins generally less accurate than determinations of related', decoded='<s> [INST] Which of these makes determining the evolutionary relatedness of different species based on the amino acid sequence of homologous proteins generally less accurate than determinations of relate'
[WARNING] in lang en, index 2841: No tokens were selected by the answer mask for perplexity calculation, setting perplexity to 1.0.
Warning: Decoded text differs from trimmed prompt
  Trimmed prompt length: 304, Decoded text length: 312
[DEBUG] First difference at position 1: prompt='s', decoded='/'
[DEBUG] Context: prompt='<s>[INST] An animal that is harmless copies the appearance of an animal that is dangerous as a defense mechanism to make predators think twice about attacking.\n\nPlease CONCISELY answer the question in ', decoded='</s></s></s></s></s></s></s></s></s></s><s> [INST] An animal that is harmless copies the appearance of an animal that is dangerous as a defense mechanism to make predators think twice about attacking.\n'
[WARNING] in lang en, index 2842: No tokens were selected by the answer mask for perplexity calculation, setting perplexity to 1.0.
Warning: Decoded text differs from trimmed prompt
  Trimmed prompt length: 306, Decoded text length: 310
[DEBUG] First difference at position 1: prompt='s', decoded='/'
[DEBUG] Context: prompt='<s>[INST] An animal that is harmless copies the appearance of an animal that is dangerous as a defense mechanism to make predators think twice about attacking.\n\nPlease CONCISELY answer the question in ', decoded='</s></s></s></s></s></s></s></s></s></s></s><s> [INST] An animal that is harmless copies the appearance of an animal that is dangerous as a defense mechanism to make predators think twice about attacki'
[WARNING] in lang en, index 2842: No tokens were selected by the answer mask for perplexity calculation, setting perplexity to 1.0.
Warning: Decoded text differs from trimmed prompt
  Trimmed prompt length: 215, Decoded text length: 206
[DEBUG] First difference at position 1: prompt='s', decoded='/'
[DEBUG] Context: prompt='<s>[INST] A plant grows in the opposite direction of the gravitational force. This is an example of\n\nPlease CONCISELY answer the question in English WITHOUT reasoning or explanation. [/INST]negative gr', decoded='</s></s></s></s></s></s></s></s></s></s></s></s></s></s></s></s></s></s></s></s></s></s></s></s></s></s></s></s></s></s></s></s><s> [INST] A plant grows in the opposite direction of the gravitational f'
Warning: Decoded text differs from trimmed prompt
  Trimmed prompt length: 216, Decoded text length: 217
[DEBUG] First difference at position 1: prompt='s', decoded='/'
[DEBUG] Context: prompt='<s>[INST] A plant grows in the opposite direction of the gravitational force. This is an example of\n\nPlease CONCISELY answer the question in English WITHOUT reasoning or explanation. [/INST]positive th', decoded='</s></s></s></s></s></s></s></s></s></s></s></s></s></s></s></s></s></s></s></s></s></s></s></s></s></s></s></s></s></s><s> [INST] A plant grows in the opposite direction of the gravitational force. Th'
Perplexity: Written 348/83348 entries to perplexity result file (batch 58/13892)
Processing batch 59/13892
Warning: Decoded text differs from trimmed prompt
  Trimmed prompt length: 311, Decoded text length: 332
[DEBUG] First difference at position 1: prompt='s', decoded='/'
[DEBUG] Context: prompt='<s>[INST] Which of the following is known to be involved in the photoperiodic flowering response of angiosperms?\n\nPlease CONCISELY answer the question in English WITHOUT reasoning or explanation. [/INS', decoded='</s></s></s></s></s></s></s></s></s></s></s></s></s></s></s></s></s></s></s></s></s></s></s></s></s></s></s></s></s></s></s></s></s></s><s> [INST] Which of the following is known to be involved in the '
Warning: Decoded text differs from trimmed prompt
  Trimmed prompt length: 312, Decoded text length: 332
[DEBUG] First difference at position 1: prompt='s', decoded='/'
[DEBUG] Context: prompt='<s>[INST] Which of the following is known to be involved in the photoperiodic flowering response of angiosperms?\n\nPlease CONCISELY answer the question in English WITHOUT reasoning or explanation. [/INS', decoded='</s></s></s></s></s></s></s></s></s></s></s></s></s></s></s></s></s></s></s></s></s></s></s></s></s></s></s></s></s></s></s></s></s></s><s> [INST] Which of the following is known to be involved in the '
Warning: Decoded text differs from trimmed prompt
  Trimmed prompt length: 295, Decoded text length: 300
[DEBUG] First difference at position 1: prompt='s', decoded='/'
[DEBUG] Context: prompt='<s>[INST] In plants, the tendency of climbing vines to twine their tendrils around a trellis is called\n\nPlease CONCISELY answer the question in English WITHOUT reasoning or explanation. [/INST]The tend', decoded='</s></s></s></s></s></s></s></s></s></s></s></s></s></s></s></s></s></s></s></s></s></s></s></s></s></s></s></s></s></s></s></s></s></s></s></s></s><s> [INST] In plants, the tendency of climbing vines '
Warning: Decoded text differs from trimmed prompt
  Trimmed prompt length: 294, Decoded text length: 300
[DEBUG] First difference at position 1: prompt='s', decoded='/'
[DEBUG] Context: prompt='<s>[INST] In plants, the tendency of climbing vines to twine their tendrils around a trellis is called\n\nPlease CONCISELY answer the question in English WITHOUT reasoning or explanation. [/INST]The tend', decoded='</s></s></s></s></s></s></s></s></s></s></s></s></s></s></s></s></s></s></s></s></s></s></s></s></s></s></s></s></s></s></s></s></s></s></s></s></s><s> [INST] In plants, the tendency of climbing vines '
Warning: Decoded text differs from trimmed prompt
  Trimmed prompt length: 492, Decoded text length: 496
[DEBUG] First difference at position 1: prompt='s', decoded='/'
[DEBUG] Context: prompt='<s>[INST] Microtubules are protein filaments assembled from tubulin protein subunits. The chemical colchicine prevents the assembly of microtubules by binding to tubulin protein subunits. Which of the ', decoded='</s></s></s></s><s> [INST] Microtubules are protein filaments assembled from tubulin protein subunits. The chemical colchicine prevents the assembly of microtubules by binding to tubulin protein subuni'
Warning: Decoded text differs from trimmed prompt
  Trimmed prompt length: 497, Decoded text length: 498
[DEBUG] First difference at position 3: prompt='[', decoded=' '
[DEBUG] Context: prompt='<s>[INST] Microtubules are protein filaments assembled from tubulin protein subunits. The chemical colchicine prevents the assembly of microtubules by binding to tubulin protein subunits. Which of the fo', decoded='<s> [INST] Microtubules are protein filaments assembled from tubulin protein subunits. The chemical colchicine prevents the assembly of microtubules by binding to tubulin protein subunits. Which of the f'
Perplexity: Written 354/83348 entries to perplexity result file (batch 59/13892)
Processing batch 60/13892
Warning: Decoded text differs from trimmed prompt
  Trimmed prompt length: 176, Decoded text length: 164
[DEBUG] First difference at position 1: prompt='s', decoded='/'
[DEBUG] Context: prompt='<s>[INST] The principle inorganic compound found in living things is\n\nPlease CONCISELY answer the question in English WITHOUT reasoning or explanation. [/INST]Water (water)</s>', decoded='</s></s></s></s></s></s></s></s></s></s></s></s></s></s></s></s></s></s></s></s></s></s></s></s></s></s></s></s></s></s></s></s></s></s></s></s></s></s></s></s></s>'
[WARNING] in lang en, index 2849: No tokens were selected by the answer mask for perplexity calculation, setting perplexity to 1.0.
Warning: Decoded text differs from trimmed prompt
  Trimmed prompt length: 178, Decoded text length: 172
[DEBUG] First difference at position 1: prompt='s', decoded='/'
[DEBUG] Context: prompt='<s>[INST] The principle inorganic compound found in living things is\n\nPlease CONCISELY answer the question in English WITHOUT reasoning or explanation. [/INST]Water (glucose)</s>', decoded='</s></s></s></s></s></s></s></s></s></s></s></s></s></s></s></s></s></s></s></s></s></s></s></s></s></s></s></s></s></s></s></s></s></s></s></s></s></s></s></s></s></s></s>'
Warning: Decoded text differs from trimmed prompt
  Trimmed prompt length: 788, Decoded text length: 789
[DEBUG] First difference at position 3: prompt='[', decoded=' '
[DEBUG] Context: prompt='<s>[INST] Recently, seasonal dead zones in low-oxygen waters have been occurring annually in the Gulf of Mexico near the mouth of the Mississippi River. The dead zones result from the rapid growth of pho', decoded='<s> [INST] Recently, seasonal dead zones in low-oxygen waters have been occurring annually in the Gulf of Mexico near the mouth of the Mississippi River. The dead zones result from the rapid growth of ph'
Warning: Decoded text differs from trimmed prompt
  Trimmed prompt length: 763, Decoded text length: 756
[DEBUG] First difference at position 1: prompt='s', decoded='/'
[DEBUG] Context: prompt='<s>[INST] Recently, seasonal dead zones in low-oxygen waters have been occurring annually in the Gulf of Mexico near the mouth of the Mississippi River. The dead zones result from the rapid growth of p', decoded='</s></s></s></s></s></s></s></s><s> [INST] Recently, seasonal dead zones in low-oxygen waters have been occurring annually in the Gulf of Mexico near the mouth of the Mississippi River. The dead zones '
Warning: Decoded text differs from trimmed prompt
  Trimmed prompt length: 220, Decoded text length: 204
[DEBUG] First difference at position 1: prompt='s', decoded='/'
[DEBUG] Context: prompt='<s>[INST] Which of the following is the correct characteristic of arteries?\n\nPlease CONCISELY answer the question in English WITHOUT reasoning or explanation. [/INST]Arteries are they carry blood away ', decoded='</s></s></s></s></s></s></s></s></s></s></s></s></s></s></s></s></s></s></s></s></s></s></s></s></s></s></s></s></s></s></s></s></s></s></s></s></s></s></s></s></s></s></s></s></s></s></s></s></s></s><'
Warning: Decoded text differs from trimmed prompt
  Trimmed prompt length: 218, Decoded text length: 208
[DEBUG] First difference at position 1: prompt='s', decoded='/'
[DEBUG] Context: prompt='<s>[INST] Which of the following is the correct characteristic of arteries?\n\nPlease CONCISELY answer the question in English WITHOUT reasoning or explanation. [/INST]Arteries are they are thin-walled b', decoded='</s></s></s></s></s></s></s></s></s></s></s></s></s></s></s></s></s></s></s></s></s></s></s></s></s></s></s></s></s></s></s></s></s></s></s></s></s></s></s></s></s></s></s></s></s></s></s></s></s></s><'
Perplexity: Written 360/83348 entries to perplexity result file (batch 60/13892)
Processing batch 61/13892
Warning: Decoded text differs from trimmed prompt
  Trimmed prompt length: 215, Decoded text length: 206
[DEBUG] First difference at position 1: prompt='s', decoded='/'
[DEBUG] Context: prompt='<s>[INST] Transcription-affecting DNA region that may be located thousands of basepairs away from the promoter.\n\nPlease CONCISELY answer the question in English WITHOUT reasoning or explanation. [/INST', decoded='</s></s></s></s></s></s></s></s></s></s></s></s></s></s></s></s></s></s></s></s></s></s></s></s></s></s></s></s></s></s></s></s></s></s></s></s></s></s></s></s></s></s></s><s> [INST] Transcription-affe'
Warning: Decoded text differs from trimmed prompt
  Trimmed prompt length: 216, Decoded text length: 206
[DEBUG] First difference at position 1: prompt='s', decoded='/'
[DEBUG] Context: prompt='<s>[INST] Transcription-affecting DNA region that may be located thousands of basepairs away from the promoter.\n\nPlease CONCISELY answer the question in English WITHOUT reasoning or explanation. [/INST', decoded='</s></s></s></s></s></s></s></s></s></s></s></s></s></s></s></s></s></s></s></s></s></s></s></s></s></s></s></s></s></s></s></s></s></s></s></s></s></s></s></s></s></s></s><s> [INST] Transcription-affe'
Warning: Decoded text differs from trimmed prompt
  Trimmed prompt length: 292, Decoded text length: 288
[DEBUG] First difference at position 1: prompt='s', decoded='/'
[DEBUG] Context: prompt='<s>[INST] Which of the following are traits that are affected by more than one gene?\n\nPlease CONCISELY answer the question in English WITHOUT reasoning or explanation. [/INST]Eye color, height, and ski', decoded='</s></s></s></s></s></s></s></s></s></s></s></s></s></s></s></s></s></s></s></s></s></s></s></s></s></s></s></s><s> [INST] Which of the following are traits that are affected by more than one gene?\n\nPl'
[WARNING] in lang en, index 2857: No tokens were selected by the answer mask for perplexity calculation, setting perplexity to 1.0.
Warning: Decoded text differs from trimmed prompt
  Trimmed prompt length: 291, Decoded text length: 288
[DEBUG] First difference at position 1: prompt='s', decoded='/'
[DEBUG] Context: prompt='<s>[INST] Which of the following are traits that are affected by more than one gene?\n\nPlease CONCISELY answer the question in English WITHOUT reasoning or explanation. [/INST]Eye color, height, and ski', decoded='</s></s></s></s></s></s></s></s></s></s></s></s></s></s></s></s></s></s></s></s></s></s></s></s></s></s></s></s><s> [INST] Which of the following are traits that are affected by more than one gene?\n\nPl'
[WARNING] in lang en, index 2857: No tokens were selected by the answer mask for perplexity calculation, setting perplexity to 1.0.
Warning: Decoded text differs from trimmed prompt
  Trimmed prompt length: 360, Decoded text length: 361
[DEBUG] First difference at position 3: prompt='[', decoded=' '
[DEBUG] Context: prompt='<s>[INST] Kangaroo rats are better able to concentrate urine than humans are. It would be expected that, compared to the nephrons of human kidneys, the nephrons of kangaroo-rat kidneys would have\n\nPlease', decoded='<s> [INST] Kangaroo rats are better able to concentrate urine than humans are. It would be expected that, compared to the nephrons of human kidneys, the nephrons of kangaroo-rat kidneys would have\n\nPleas'
[WARNING] in lang en, index 2859: No tokens were selected by the answer mask for perplexity calculation, setting perplexity to 1.0.
Warning: Decoded text differs from trimmed prompt
  Trimmed prompt length: 363, Decoded text length: 364
[DEBUG] First difference at position 3: prompt='[', decoded=' '
[DEBUG] Context: prompt='<s>[INST] Kangaroo rats are better able to concentrate urine than humans are. It would be expected that, compared to the nephrons of human kidneys, the nephrons of kangaroo-rat kidneys would have\n\nPlease', decoded='<s> [INST] Kangaroo rats are better able to concentrate urine than humans are. It would be expected that, compared to the nephrons of human kidneys, the nephrons of kangaroo-rat kidneys would have\n\nPleas'
[WARNING] in lang en, index 2859: No tokens were selected by the answer mask for perplexity calculation, setting perplexity to 1.0.
Perplexity: Written 366/83348 entries to perplexity result file (batch 61/13892)
Processing batch 62/13892
Warning: Decoded text differs from trimmed prompt
  Trimmed prompt length: 296, Decoded text length: 302
[DEBUG] First difference at position 1: prompt='s', decoded='/'
[DEBUG] Context: prompt='<s>[INST] An animal cell that is permeable to water but not salts has an internal NaCl concentration of 10%. If placed in freshwater the cell will\n\nPlease CONCISELY answer the question in English WITHO', decoded='</s></s></s></s></s></s></s></s></s></s></s></s><s> [INST] An animal cell that is permeable to water but not salts has an internal NaCl concentration of 10%. If placed in freshwater the cell will\n\nPlea'
Warning: Decoded text differs from trimmed prompt
  Trimmed prompt length: 316, Decoded text length: 325
[DEBUG] First difference at position 1: prompt='s', decoded='/'
[DEBUG] Context: prompt='<s>[INST] An animal cell that is permeable to water but not salts has an internal NaCl concentration of 10%. If placed in freshwater the cell will\n\nPlease CONCISELY answer the question in English WITHO', decoded='</s></s></s></s></s></s><s> [INST] An animal cell that is permeable to water but not salts has an internal NaCl concentration of 10%. If placed in freshwater the cell will\n\nPlease CONCISELY answer the '
Warning: Decoded text differs from trimmed prompt
  Trimmed prompt length: 204, Decoded text length: 207
[DEBUG] First difference at position 1: prompt='s', decoded='/'
[DEBUG] Context: prompt='<s>[INST] Chemiosmosis occurs in I.Mitochondria II. Nuclei III. Chloroplasts\n\nPlease CONCISELY answer the question in English WITHOUT reasoning or explanation. [/INST]Chemiosmosis occurs in I and III.<', decoded='</s></s></s></s></s></s></s></s></s></s></s></s></s></s></s></s></s></s></s></s></s></s></s><s> [INST] Chemiosmosis occurs in I.Mitochondria II. Nuclei III. Chloroplasts\n\nPlease CONCISELY answer the qu'
Warning: Decoded text differs from trimmed prompt
  Trimmed prompt length: 201, Decoded text length: 198
[DEBUG] First difference at position 1: prompt='s', decoded='/'
[DEBUG] Context: prompt='<s>[INST] Chemiosmosis occurs in I.Mitochondria II. Nuclei III. Chloroplasts\n\nPlease CONCISELY answer the question in English WITHOUT reasoning or explanation. [/INST]Chemiosmosis occurs in I only.</s>', decoded='</s></s></s></s></s></s></s></s></s></s></s></s></s></s></s></s></s></s></s></s></s></s></s></s><s> [INST] Chemiosmosis occurs in I.Mitochondria II. Nuclei III. Chloroplasts\n\nPlease CONCISELY answer'
[WARNING] in lang en, index 2862: No tokens were selected by the answer mask for perplexity calculation, setting perplexity to 1.0.
Warning: Decoded text differs from trimmed prompt
  Trimmed prompt length: 378, Decoded text length: 379
[DEBUG] First difference at position 3: prompt='[', decoded=' '
[DEBUG] Context: prompt='<s>[INST] The relatives of a group of pelicans from the same species that separated from each other because of an unsuccessful migration are reunited 150 years later and find that they are unable to prod', decoded='<s> [INST] The relatives of a group of pelicans from the same species that separated from each other because of an unsuccessful migration are reunited 150 years later and find that they are unable to pro'
[WARNING] in lang en, index 2864: No tokens were selected by the answer mask for perplexity calculation, setting perplexity to 1.0.
Warning: Decoded text differs from trimmed prompt
  Trimmed prompt length: 377, Decoded text length: 378
[DEBUG] First difference at position 1: prompt='s', decoded='/'
[DEBUG] Context: prompt='<s>[INST] The relatives of a group of pelicans from the same species that separated from each other because of an unsuccessful migration are reunited 150 years later and find that they are unable to pr', decoded='</s><s> [INST] The relatives of a group of pelicans from the same species that separated from each other because of an unsuccessful migration are reunited 150 years later and find that they are unable '
[WARNING] in lang en, index 2864: No tokens were selected by the answer mask for perplexity calculation, setting perplexity to 1.0.
Perplexity: Written 372/83348 entries to perplexity result file (batch 62/13892)
Processing batch 63/13892
Warning: Decoded text differs from trimmed prompt
  Trimmed prompt length: 325, Decoded text length: 326
[DEBUG] First difference at position 3: prompt='[', decoded=' '
[DEBUG] Context: prompt='<s>[INST] If two modern organisms are distantly related in an evolutionary sense, then one should expect that\n\nPlease CONCISELY answer the question in English WITHOUT reasoning or explanation. [/INST]The', decoded='<s> [INST] If two modern organisms are distantly related in an evolutionary sense, then one should expect that\n\nPlease CONCISELY answer the question in English WITHOUT reasoning or explanation. [/INST]Th'
Warning: Decoded text differs from trimmed prompt
  Trimmed prompt length: 291, Decoded text length: 282
[DEBUG] First difference at position 1: prompt='s', decoded='/'
[DEBUG] Context: prompt='<s>[INST] If two modern organisms are distantly related in an evolutionary sense, then one should expect that\n\nPlease CONCISELY answer the question in English WITHOUT reasoning or explanation. [/INST]T', decoded='</s></s></s></s></s><s> [INST] If two modern organisms are distantly related in an evolutionary sense, then one should expect that\n\nPlease CONCISELY answer the question in English WITHOUT reasoning or '
Warning: Decoded text differs from trimmed prompt
  Trimmed prompt length: 277, Decoded text length: 277
[DEBUG] First difference at position 1: prompt='s', decoded='/'
[DEBUG] Context: prompt='<s>[INST] When water evaporates from the surface of a pond, what happens to the remaining liquid water?\n\nPlease CONCISELY answer the question in English WITHOUT reasoning or explanation. [/INST]The rem', decoded='</s></s></s></s></s><s> [INST] When water evaporates from the surface of a pond, what happens to the remaining liquid water?\n\nPlease CONCISELY answer the question in English WITHOUT reasoning or explan'
Warning: Decoded text differs from trimmed prompt
  Trimmed prompt length: 277, Decoded text length: 277
[DEBUG] First difference at position 1: prompt='s', decoded='/'
[DEBUG] Context: prompt='<s>[INST] When water evaporates from the surface of a pond, what happens to the remaining liquid water?\n\nPlease CONCISELY answer the question in English WITHOUT reasoning or explanation. [/INST]The rem', decoded='</s></s></s></s></s><s> [INST] When water evaporates from the surface of a pond, what happens to the remaining liquid water?\n\nPlease CONCISELY answer the question in English WITHOUT reasoning or explan'
Warning: Decoded text differs from trimmed prompt
  Trimmed prompt length: 267, Decoded text length: 267
[DEBUG] First difference at position 1: prompt='s', decoded='/'
[DEBUG] Context: prompt='<s>[INST] Members of which of the following groups are most likely to be surrounded by a protein coat?\n\nPlease CONCISELY answer the question in English WITHOUT reasoning or explanation. [/INST]Viruses ', decoded='</s></s></s></s></s></s></s><s> [INST] Members of which of the following groups are most likely to be surrounded by a protein coat?\n\nPlease CONCISELY answer the question in English WITHOUT reasoning or'
[WARNING] in lang en, index 2867: No tokens were selected by the answer mask for perplexity calculation, setting perplexity to 1.0.
Warning: Decoded text differs from trimmed prompt
  Trimmed prompt length: 268, Decoded text length: 276
[DEBUG] First difference at position 1: prompt='s', decoded='/'
[DEBUG] Context: prompt='<s>[INST] Members of which of the following groups are most likely to be surrounded by a protein coat?\n\nPlease CONCISELY answer the question in English WITHOUT reasoning or explanation. [/INST]Viruses ', decoded='</s></s></s></s></s></s><s> [INST] Members of which of the following groups are most likely to be surrounded by a protein coat?\n\nPlease CONCISELY answer the question in English WITHOUT reasoning or exp'
[WARNING] in lang en, index 2867: No tokens were selected by the answer mask for perplexity calculation, setting perplexity to 1.0.
Perplexity: Written 378/83348 entries to perplexity result file (batch 63/13892)
Processing batch 64/13892
Warning: Decoded text differs from trimmed prompt
  Trimmed prompt length: 237, Decoded text length: 244
[DEBUG] First difference at position 1: prompt='s', decoded='/'
[DEBUG] Context: prompt='<s>[INST] Villi and microvilli are present in the small intestine and aid in reabsorption by\n\nPlease CONCISELY answer the question in English WITHOUT reasoning or explanation. [/INST]increasing the sur', decoded='</s></s></s></s></s></s></s></s></s></s></s></s></s></s></s></s></s></s></s></s></s></s></s></s></s></s></s></s></s></s></s></s></s></s></s></s></s></s></s></s></s></s></s></s></s></s></s></s></s></s><'
Warning: Decoded text differs from trimmed prompt
  Trimmed prompt length: 237, Decoded text length: 244
[DEBUG] First difference at position 1: prompt='s', decoded='/'
[DEBUG] Context: prompt='<s>[INST] Villi and microvilli are present in the small intestine and aid in reabsorption by\n\nPlease CONCISELY answer the question in English WITHOUT reasoning or explanation. [/INST]decreasing the sur', decoded='</s></s></s></s></s></s></s></s></s></s></s></s></s></s></s></s></s></s></s></s></s></s></s></s></s></s></s></s></s></s></s></s></s></s></s></s></s></s></s></s></s></s></s></s></s></s></s></s></s></s><'
Warning: Decoded text differs from trimmed prompt
  Trimmed prompt length: 197, Decoded text length: 188
[DEBUG] First difference at position 1: prompt='s', decoded='/'
[DEBUG] Context: prompt='<s>[INST] The transfer of DNA between two bacterial cells connected by sex pili is known as\n\nPlease CONCISELY answer the question in English WITHOUT reasoning or explanation. [/INST]Conjugation</s>', decoded='</s></s></s></s></s></s></s></s></s></s></s></s></s></s></s></s></s></s></s></s></s></s></s></s></s></s></s></s></s></s></s></s></s></s></s></s></s></s></s></s></s></s></s></s></s></s></s>'
Warning: Decoded text differs from trimmed prompt
  Trimmed prompt length: 200, Decoded text length: 180
[DEBUG] First difference at position 1: prompt='s', decoded='/'
[DEBUG] Context: prompt='<s>[INST] The transfer of DNA between two bacterial cells connected by sex pili is known as\n\nPlease CONCISELY answer the question in English WITHOUT reasoning or explanation. [/INST]Transformation</s>', decoded='</s></s></s></s></s></s></s></s></s></s></s></s></s></s></s></s></s></s></s></s></s></s></s></s></s></s></s></s></s></s></s></s></s></s></s></s></s></s></s></s></s></s></s></s></s>'
[WARNING] in lang en, index 2869: No tokens were selected by the answer mask for perplexity calculation, setting perplexity to 1.0.
Warning: Decoded text differs from trimmed prompt
  Trimmed prompt length: 783, Decoded text length: 784
[DEBUG] First difference at position 3: prompt='[', decoded=' '
[DEBUG] Context: prompt="<s>[INST] More than a dozen species of Darwin's finches with various specialized adaptations inhabit the Galápagos Islands. Each species possesses a specialized adaptation for obtaining food. Why is it t", decoded="<s> [INST] More than a dozen species of Darwin's finches with various specialized adaptations inhabit the Galápagos Islands. Each species possesses a specialized adaptation for obtaining food. Why is it "
Warning: Decoded text differs from trimmed prompt
  Trimmed prompt length: 731, Decoded text length: 729
[DEBUG] First difference at position 1: prompt='s', decoded='/'
[DEBUG] Context: prompt="<s>[INST] More than a dozen species of Darwin's finches with various specialized adaptations inhabit the Galápagos Islands. Each species possesses a specialized adaptation for obtaining food. Why is it", decoded="</s></s></s></s></s></s></s></s></s></s></s></s></s><s> [INST] More than a dozen species of Darwin's finches with various specialized adaptations inhabit the Galápagos Islands. Each species possesses a"
[WARNING] in lang en, index 2870: No tokens were selected by the answer mask for perplexity calculation, setting perplexity to 1.0.
Perplexity: Written 384/83348 entries to perplexity result file (batch 64/13892)
Processing batch 65/13892
Warning: Decoded text differs from trimmed prompt
  Trimmed prompt length: 336, Decoded text length: 292
[DEBUG] First difference at position 1: prompt='s', decoded='/'
[DEBUG] Context: prompt='<s>[INST] A small population of birds is blown to an isolated island by a hurricane and establishes a colony. The gene pool of the newly established population of birds is likely to reflect the effects', decoded='</s></s></s></s></s></s></s></s></s></s></s></s></s></s></s></s></s></s></s></s></s></s></s></s></s></s></s></s></s></s></s></s></s></s></s></s></s></s></s></s></s></s></s></s></s></s></s></s></s></s><'
[WARNING] in lang en, index 2873: No tokens were selected by the answer mask for perplexity calculation, setting perplexity to 1.0.
Warning: Decoded text differs from trimmed prompt
  Trimmed prompt length: 341, Decoded text length: 296
[DEBUG] First difference at position 1: prompt='s', decoded='/'
[DEBUG] Context: prompt='<s>[INST] A small population of birds is blown to an isolated island by a hurricane and establishes a colony. The gene pool of the newly established population of birds is likely to reflect the effects', decoded='</s></s></s></s></s></s></s></s></s></s></s></s></s></s></s></s></s></s></s></s></s></s></s></s></s></s></s></s></s></s></s></s></s></s></s></s></s></s></s></s></s></s></s></s></s></s></s></s></s></s><'
[WARNING] in lang en, index 2873: No tokens were selected by the answer mask for perplexity calculation, setting perplexity to 1.0.
Warning: Decoded text differs from trimmed prompt
  Trimmed prompt length: 708, Decoded text length: 709
[DEBUG] First difference at position 3: prompt='[', decoded=' '
[DEBUG] Context: prompt='<s>[INST] Nymphaea odorata, a water lily, is an aquatic plant whose leaves and flowers float on the surface of the water. Which of the following characteristics would be expected for leaves of this plant', decoded='<s> [INST] Nymphaea odorata, a water lily, is an aquatic plant whose leaves and flowers float on the surface of the water. Which of the following characteristics would be expected for leaves of this plan'
[WARNING] in lang en, index 2874: No tokens were selected by the answer mask for perplexity calculation, setting perplexity to 1.0.
Warning: Decoded text differs from trimmed prompt
  Trimmed prompt length: 709, Decoded text length: 710
[DEBUG] First difference at position 3: prompt='[', decoded=' '
[DEBUG] Context: prompt='<s>[INST] Nymphaea odorata, a water lily, is an aquatic plant whose leaves and flowers float on the surface of the water. Which of the following characteristics would be expected for leaves of this plant', decoded='<s> [INST] Nymphaea odorata, a water lily, is an aquatic plant whose leaves and flowers float on the surface of the water. Which of the following characteristics would be expected for leaves of this plan'
[WARNING] in lang en, index 2874: No tokens were selected by the answer mask for perplexity calculation, setting perplexity to 1.0.
Warning: Decoded text differs from trimmed prompt
  Trimmed prompt length: 618, Decoded text length: 548
[DEBUG] First difference at position 1: prompt='s', decoded='/'
[DEBUG] Context: prompt='<s>[INST] Which of the following is most correct concerning cell differentiation in vertebrates?\n\nPlease CONCISELY answer the question in English WITHOUT reasoning or explanation. [/INST]Cell different', decoded='</s></s></s></s></s></s></s></s></s></s></s></s></s></s></s></s></s></s></s></s></s></s></s></s></s></s></s></s></s></s></s></s></s></s></s></s></s></s></s></s></s></s></s></s></s></s></s></s></s></s><'
Warning: Decoded text differs from trimmed prompt
  Trimmed prompt length: 592, Decoded text length: 533
[DEBUG] First difference at position 1: prompt='s', decoded='/'
[DEBUG] Context: prompt='<s>[INST] Which of the following is most correct concerning cell differentiation in vertebrates?\n\nPlease CONCISELY answer the question in English WITHOUT reasoning or explanation. [/INST]Cell different', decoded='</s></s></s></s></s></s></s></s></s></s></s></s></s></s></s></s></s></s></s></s></s></s></s></s></s></s></s></s></s></s></s></s></s></s></s></s></s></s></s></s></s></s></s></s></s></s></s></s></s></s><'
[WARNING] in lang en, index 2879: No tokens were selected by the answer mask for perplexity calculation, setting perplexity to 1.0.
Perplexity: Written 390/83348 entries to perplexity result file (batch 65/13892)
Processing batch 66/13892
Warning: Decoded text differs from trimmed prompt
  Trimmed prompt length: 440, Decoded text length: 445
[DEBUG] First difference at position 1: prompt='s', decoded='/'
[DEBUG] Context: prompt='<s>[INST] The frequency of a particular allele in a population of 1,000 birds in Hardy-Weinberg equilibrium is 0.3. If the population remains in equilibrium, what would be the expected frequency of tha', decoded='</s></s></s></s></s></s></s></s></s><s> [INST] The frequency of a particular allele in a population of 1,000 birds in Hardy-Weinberg equilibrium is 0.3. If the population remains in equilibrium, what w'
Warning: Decoded text differs from trimmed prompt
  Trimmed prompt length: 490, Decoded text length: 491
[DEBUG] First difference at position 3: prompt='[', decoded=' '
[DEBUG] Context: prompt='<s>[INST] The frequency of a particular allele in a population of 1,000 birds in Hardy-Weinberg equilibrium is 0.3. If the population remains in equilibrium, what would be the expected frequency of that ', decoded='<s> [INST] The frequency of a particular allele in a population of 1,000 birds in Hardy-Weinberg equilibrium is 0.3. If the population remains in equilibrium, what would be the expected frequency of that'
Warning: Decoded text differs from trimmed prompt
  Trimmed prompt length: 486, Decoded text length: 491
[DEBUG] First difference at position 1: prompt='s', decoded='/'
[DEBUG] Context: prompt='<s>[INST] Which of the following best accounts for the ability of legumes to grow well in nitrogen-poor soils?\n\nPlease CONCISELY answer the question in English WITHOUT reasoning or explanation. [/INST]', decoded='</s></s></s><s> [INST] Which of the following best accounts for the ability of legumes to grow well in nitrogen-poor soils?\n\nPlease CONCISELY answer the question in English WITHOUT reasoning or explana'
Warning: Decoded text differs from trimmed prompt
  Trimmed prompt length: 501, Decoded text length: 505
[DEBUG] First difference at position 1: prompt='s', decoded='/'
[DEBUG] Context: prompt='<s>[INST] Which of the following best accounts for the ability of legumes to grow well in nitrogen-poor soils?\n\nPlease CONCISELY answer the question in English WITHOUT reasoning or explanation. [/INST]', decoded='</s></s><s> [INST] Which of the following best accounts for the ability of legumes to grow well in nitrogen-poor soils?\n\nPlease CONCISELY answer the question in English WITHOUT reasoning or explanation'
Warning: Decoded text differs from trimmed prompt
  Trimmed prompt length: 391, Decoded text length: 347
[DEBUG] First difference at position 1: prompt='s', decoded='/'
[DEBUG] Context: prompt='<s>[INST] To ensure that hatchling sea turtles orient to the sea rather than inland, which of the following is the most environmentally sound practice around sea turtle nest sites?\n\nPlease CONCISELY an', decoded='</s></s></s></s></s></s></s></s></s></s></s></s></s></s></s></s></s></s></s></s></s></s></s></s></s></s></s></s></s></s></s></s></s></s></s></s></s><s> [INST] To ensure that hatchling sea turtles orien'
[WARNING] in lang en, index 2883: No tokens were selected by the answer mask for perplexity calculation, setting perplexity to 1.0.
Warning: Decoded text differs from trimmed prompt
  Trimmed prompt length: 411, Decoded text length: 392
[DEBUG] First difference at position 1: prompt='s', decoded='/'
[DEBUG] Context: prompt='<s>[INST] To ensure that hatchling sea turtles orient to the sea rather than inland, which of the following is the most environmentally sound practice around sea turtle nest sites?\n\nPlease CONCISELY an', decoded='</s></s></s></s></s></s></s></s></s></s></s></s></s></s></s></s></s></s></s></s></s></s></s></s></s></s></s></s></s></s><s> [INST] To ensure that hatchling sea turtles orient to the sea rather than inl'
Perplexity: Written 396/83348 entries to perplexity result file (batch 66/13892)
Processing batch 67/13892
Warning: Decoded text differs from trimmed prompt
  Trimmed prompt length: 208, Decoded text length: 188
[DEBUG] First difference at position 1: prompt='s', decoded='/'
[DEBUG] Context: prompt='<s>[INST] In general, animal cells differ from plant cells in that animal cells have\n\nPlease CONCISELY answer the question in English WITHOUT reasoning or explanation. [/INST]centrioles within centroso', decoded='</s></s></s></s></s></s></s></s></s></s></s></s></s></s></s></s></s></s></s></s></s></s></s></s></s></s></s></s></s></s></s></s></s></s></s></s></s></s></s></s></s></s></s></s></s></s></s>'
Warning: Decoded text differs from trimmed prompt
  Trimmed prompt length: 208, Decoded text length: 192
[DEBUG] First difference at position 1: prompt='s', decoded='/'
[DEBUG] Context: prompt='<s>[INST] In general, animal cells differ from plant cells in that animal cells have\n\nPlease CONCISELY answer the question in English WITHOUT reasoning or explanation. [/INST]a cell wall made of cellul', decoded='</s></s></s></s></s></s></s></s></s></s></s></s></s></s></s></s></s></s></s></s></s></s></s></s></s></s></s></s></s></s></s></s></s></s></s></s></s></s></s></s></s></s></s></s></s></s></s></s>'
Warning: Decoded text differs from trimmed prompt
  Trimmed prompt length: 292, Decoded text length: 275
[DEBUG] First difference at position 1: prompt='s', decoded='/'
[DEBUG] Context: prompt='<s>[INST] Which of the following disorders will most likely result from X chromosome aneuploidy in women?\n\nPlease CONCISELY answer the question in English WITHOUT reasoning or explanation. [/INST]The d', decoded='</s></s></s></s></s></s></s></s></s></s></s></s></s></s></s></s></s></s></s></s></s></s></s></s></s></s></s></s></s></s></s></s></s></s></s><s> [INST] Which of the following disorders will most likely '
[WARNING] in lang en, index 2885: No tokens were selected by the answer mask for perplexity calculation, setting perplexity to 1.0.
Warning: Decoded text differs from trimmed prompt
  Trimmed prompt length: 294, Decoded text length: 313
[DEBUG] First difference at position 1: prompt='s', decoded='/'
[DEBUG] Context: prompt='<s>[INST] Which of the following disorders will most likely result from X chromosome aneuploidy in women?\n\nPlease CONCISELY answer the question in English WITHOUT reasoning or explanation. [/INST]The d', decoded='</s></s></s></s></s></s></s></s></s></s></s></s></s></s></s></s></s></s></s></s></s></s></s></s></s></s></s></s></s></s></s><s> [INST] Which of the following disorders will most likely result from X ch'
Warning: Decoded text differs from trimmed prompt
  Trimmed prompt length: 443, Decoded text length: 444
[DEBUG] First difference at position 3: prompt='[', decoded=' '
[DEBUG] Context: prompt='<s>[INST] Which statement about the beak size of finches on the island of Daphne Major during prolonged drought is true?\n\nPlease CONCISELY answer the question in English WITHOUT reasoning or explanation.', decoded='<s> [INST] Which statement about the beak size of finches on the island of Daphne Major during prolonged drought is true?\n\nPlease CONCISELY answer the question in English WITHOUT reasoning or explanation'
Warning: Decoded text differs from trimmed prompt
  Trimmed prompt length: 460, Decoded text length: 461
[DEBUG] First difference at position 3: prompt='[', decoded=' '
[DEBUG] Context: prompt='<s>[INST] Which statement about the beak size of finches on the island of Daphne Major during prolonged drought is true?\n\nPlease CONCISELY answer the question in English WITHOUT reasoning or explanation.', decoded='<s> [INST] Which statement about the beak size of finches on the island of Daphne Major during prolonged drought is true?\n\nPlease CONCISELY answer the question in English WITHOUT reasoning or explanation'
Perplexity: Written 402/83348 entries to perplexity result file (batch 67/13892)
Processing batch 68/13892
Warning: Decoded text differs from trimmed prompt
  Trimmed prompt length: 414, Decoded text length: 425
[DEBUG] First difference at position 1: prompt='s', decoded='/'
[DEBUG] Context: prompt='<s>[INST] The normal pH of the cytosol is about 7.2. Most enzymes in the lysosome, however, are only active at a pH of 5. This suggests that\n\nPlease CONCISELY answer the question in English WITHOUT rea', decoded='</s></s></s></s></s></s></s></s></s></s><s> [INST] The normal pH of the cytosol is about 7.2. Most enzymes in the lysosome, however, are only active at a pH of 5. This suggests that\n\nPlease CONCISELY a'
[WARNING] in lang en, index 2887: No tokens were selected by the answer mask for perplexity calculation, setting perplexity to 1.0.
Warning: Decoded text differs from trimmed prompt
  Trimmed prompt length: 437, Decoded text length: 445
[DEBUG] First difference at position 1: prompt='s', decoded='/'
[DEBUG] Context: prompt='<s>[INST] The normal pH of the cytosol is about 7.2. Most enzymes in the lysosome, however, are only active at a pH of 5. This suggests that\n\nPlease CONCISELY answer the question in English WITHOUT rea', decoded='</s></s></s></s></s><s> [INST] The normal pH of the cytosol is about 7.2. Most enzymes in the lysosome, however, are only active at a pH of 5. This suggests that\n\nPlease CONCISELY answer the question i'
Warning: Decoded text differs from trimmed prompt
  Trimmed prompt length: 247, Decoded text length: 260
[DEBUG] First difference at position 1: prompt='s', decoded='/'
[DEBUG] Context: prompt='<s>[INST] A feature of amino acids NOT found in carbohydrates is the presence of\n\nPlease CONCISELY answer the question in English WITHOUT reasoning or explanation. [/INST]The feature of amino acids NOT', decoded='</s></s></s></s></s></s></s></s></s></s></s></s></s></s></s></s></s></s></s></s></s></s></s></s></s></s></s></s></s></s></s></s></s></s></s></s></s></s></s></s></s></s></s></s></s></s></s></s></s></s><'
Warning: Decoded text differs from trimmed prompt
  Trimmed prompt length: 247, Decoded text length: 260
[DEBUG] First difference at position 1: prompt='s', decoded='/'
[DEBUG] Context: prompt='<s>[INST] A feature of amino acids NOT found in carbohydrates is the presence of\n\nPlease CONCISELY answer the question in English WITHOUT reasoning or explanation. [/INST]The feature of amino acids NOT', decoded='</s></s></s></s></s></s></s></s></s></s></s></s></s></s></s></s></s></s></s></s></s></s></s></s></s></s></s></s></s></s></s></s></s></s></s></s></s></s></s></s></s></s></s></s></s></s></s></s></s></s><'
Warning: Decoded text differs from trimmed prompt
  Trimmed prompt length: 570, Decoded text length: 571
[DEBUG] First difference at position 3: prompt='[', decoded=' '
[DEBUG] Context: prompt='<s>[INST] A researcher grows a population of ferns in her laboratory. She notices, after a few generations, a new variant that has a distinct phenotype. When she tries to breed the original phenotype wit', decoded='<s> [INST] A researcher grows a population of ferns in her laboratory. She notices, after a few generations, a new variant that has a distinct phenotype. When she tries to breed the original phenotype wi'
[WARNING] in lang en, index 2889: No tokens were selected by the answer mask for perplexity calculation, setting perplexity to 1.0.
Warning: Decoded text differs from trimmed prompt
  Trimmed prompt length: 569, Decoded text length: 573
[DEBUG] First difference at position 1: prompt='s', decoded='/'
[DEBUG] Context: prompt='<s>[INST] A researcher grows a population of ferns in her laboratory. She notices, after a few generations, a new variant that has a distinct phenotype. When she tries to breed the original phenotype w', decoded='</s></s><s> [INST] A researcher grows a population of ferns in her laboratory. She notices, after a few generations, a new variant that has a distinct phenotype. When she tries to breed the original ph'
[WARNING] in lang en, index 2889: No tokens were selected by the answer mask for perplexity calculation, setting perplexity to 1.0.
Perplexity: Written 408/83348 entries to perplexity result file (batch 68/13892)
Processing batch 69/13892
Warning: Decoded text differs from trimmed prompt
  Trimmed prompt length: 330, Decoded text length: 309
[DEBUG] First difference at position 1: prompt='s', decoded='/'
[DEBUG] Context: prompt='<s>[INST] A certain species of land snail exists as either a cream color or a solid brown color. Intermediate individuals are relatively rare. Which of the following terms best describes this?\n\nPlease ', decoded='</s></s></s></s></s></s></s></s></s></s></s></s></s></s></s></s></s></s></s></s></s></s></s></s></s><s> [INST] A certain species of land snail exists as either a cream color or a solid brown color. Int'
[WARNING] in lang en, index 2892: No tokens were selected by the answer mask for perplexity calculation, setting perplexity to 1.0.
Warning: Decoded text differs from trimmed prompt
  Trimmed prompt length: 330, Decoded text length: 309
[DEBUG] First difference at position 1: prompt='s', decoded='/'
[DEBUG] Context: prompt='<s>[INST] A certain species of land snail exists as either a cream color or a solid brown color. Intermediate individuals are relatively rare. Which of the following terms best describes this?\n\nPlease ', decoded='</s></s></s></s></s></s></s></s></s></s></s></s></s></s></s></s></s></s></s></s></s></s></s></s></s></s><s> [INST] A certain species of land snail exists as either a cream color or a solid brown color.'
[WARNING] in lang en, index 2892: No tokens were selected by the answer mask for perplexity calculation, setting perplexity to 1.0.
Warning: Decoded text differs from trimmed prompt
  Trimmed prompt length: 357, Decoded text length: 350
[DEBUG] First difference at position 1: prompt='s', decoded='/'
[DEBUG] Context: prompt='<s>[INST] Once a plasmid has incorporated specific genes, such as the gene coding for the antibiotic ampicillin, into its genome, the plasmid may be cloned by\n\nPlease CONCISELY answer the question in E', decoded='</s></s></s></s></s></s><s> [INST] Once a plasmid has incorporated specific genes, such as the gene coding for the antibiotic ampicillin, into its genome, the plasmid may be cloned by\n\nPlease CONCISELY'
Warning: Decoded text differs from trimmed prompt
  Trimmed prompt length: 373, Decoded text length: 374
[DEBUG] First difference at position 3: prompt='[', decoded=' '
[DEBUG] Context: prompt='<s>[INST] Once a plasmid has incorporated specific genes, such as the gene coding for the antibiotic ampicillin, into its genome, the plasmid may be cloned by\n\nPlease CONCISELY answer the question in Eng', decoded='<s> [INST] Once a plasmid has incorporated specific genes, such as the gene coding for the antibiotic ampicillin, into its genome, the plasmid may be cloned by\n\nPlease CONCISELY answer the question in En'
Warning: Decoded text differs from trimmed prompt
  Trimmed prompt length: 261, Decoded text length: 260
[DEBUG] First difference at position 1: prompt='s', decoded='/'
[DEBUG] Context: prompt='<s>[INST] Which of the following pairs of scientists pioneered the ecological discipline known as island biogeography?\n\nPlease CONCISELY answer the question in English WITHOUT reasoning or explanation.', decoded='</s></s></s></s></s></s></s></s></s></s></s></s></s></s></s></s></s></s></s></s></s></s></s></s></s></s></s></s></s></s></s></s></s></s></s><s> [INST] Which of the following pairs of scientists pioneer'
Warning: Decoded text differs from trimmed prompt
  Trimmed prompt length: 258, Decoded text length: 245
[DEBUG] First difference at position 1: prompt='s', decoded='/'
[DEBUG] Context: prompt='<s>[INST] Which of the following pairs of scientists pioneered the ecological discipline known as island biogeography?\n\nPlease CONCISELY answer the question in English WITHOUT reasoning or explanation.', decoded='</s></s></s></s></s></s></s></s></s></s></s></s></s></s></s></s></s></s></s></s></s></s></s></s></s></s></s></s></s></s></s></s></s></s></s></s></s></s></s><s> [INST] Which of the following pairs of sc'
Perplexity: Written 414/83348 entries to perplexity result file (batch 69/13892)
Processing batch 70/13892
Warning: Decoded text differs from trimmed prompt
  Trimmed prompt length: 361, Decoded text length: 365
[DEBUG] First difference at position 1: prompt='s', decoded='/'
[DEBUG] Context: prompt='<s>[INST] The acrosome and cortical reactions that occur immediately after fertilization ensure which of the following?\n\nPlease CONCISELY answer the question in English WITHOUT reasoning or explanation', decoded='</s></s></s></s><s> [INST] The acrosome and cortical reactions that occur immediately after fertilization ensure which of the following?\n\nPlease CONCISELY answer the question in English WITHOUT reasoni'
Warning: Decoded text differs from trimmed prompt
  Trimmed prompt length: 376, Decoded text length: 377
[DEBUG] First difference at position 3: prompt='[', decoded=' '
[DEBUG] Context: prompt='<s>[INST] The acrosome and cortical reactions that occur immediately after fertilization ensure which of the following?\n\nPlease CONCISELY answer the question in English WITHOUT reasoning or explanation. ', decoded='<s> [INST] The acrosome and cortical reactions that occur immediately after fertilization ensure which of the following?\n\nPlease CONCISELY answer the question in English WITHOUT reasoning or explanation.'
Warning: Decoded text differs from trimmed prompt
  Trimmed prompt length: 278, Decoded text length: 271
[DEBUG] First difference at position 1: prompt='s', decoded='/'
[DEBUG] Context: prompt='<s>[INST] snRNPs are most closely associated with which of the following?\n\nPlease CONCISELY answer the question in English WITHOUT reasoning or explanation. [/INST]snRNPs (small nuclear ribonucleoprote', decoded='</s></s></s></s></s></s></s></s></s></s></s></s></s></s><s> [INST] snRNPs are most closely associated with which of the following?\n\nPlease CONCISELY answer the question in English WITHOUT reasoning or '
Warning: Decoded text differs from trimmed prompt
  Trimmed prompt length: 277, Decoded text length: 266
[DEBUG] First difference at position 1: prompt='s', decoded='/'
[DEBUG] Context: prompt='<s>[INST] snRNPs are most closely associated with which of the following?\n\nPlease CONCISELY answer the question in English WITHOUT reasoning or explanation. [/INST]snRNPs (small nuclear ribonucleoprote', decoded='</s></s></s></s></s></s></s></s></s></s></s></s></s></s></s><s> [INST] snRNPs are most closely associated with which of the following?\n\nPlease CONCISELY answer the question in English WITHOUT reasoning'
Warning: Decoded text differs from trimmed prompt
  Trimmed prompt length: 277, Decoded text length: 283
[DEBUG] First difference at position 1: prompt='s', decoded='/'
[DEBUG] Context: prompt='<s>[INST] Protein that prevents the binding of RNA polymerase to the promoter site.\n\nPlease CONCISELY answer the question in English WITHOUT reasoning or explanation. [/INST]The protein that prevents t', decoded='</s></s></s></s></s></s></s></s></s></s></s></s></s></s></s></s><s> [INST] Protein that prevents the binding of RNA polymerase to the promoter site.\n\nPlease CONCISELY answer the question in English WIT'
[WARNING] in lang en, index 2899: No tokens were selected by the answer mask for perplexity calculation, setting perplexity to 1.0.
Warning: Decoded text differs from trimmed prompt
  Trimmed prompt length: 276, Decoded text length: 283
[DEBUG] First difference at position 1: prompt='s', decoded='/'
[DEBUG] Context: prompt='<s>[INST] Protein that prevents the binding of RNA polymerase to the promoter site.\n\nPlease CONCISELY answer the question in English WITHOUT reasoning or explanation. [/INST]The protein that prevents t', decoded='</s></s></s></s></s></s></s></s></s></s></s></s></s></s></s></s></s><s> [INST] Protein that prevents the binding of RNA polymerase to the promoter site.\n\nPlease CONCISELY answer the question in English'
[WARNING] in lang en, index 2899: No tokens were selected by the answer mask for perplexity calculation, setting perplexity to 1.0.
Perplexity: Written 420/83348 entries to perplexity result file (batch 70/13892)
Processing batch 71/13892
Warning: Decoded text differs from trimmed prompt
  Trimmed prompt length: 260, Decoded text length: 233
[DEBUG] First difference at position 1: prompt='s', decoded='/'
[DEBUG] Context: prompt='<s>[INST] Which of these is the smallest unit that natural selection can change?\n\nPlease CONCISELY answer the question in English WITHOUT reasoning or explanation. [/INST]The smallest unit that natural', decoded='</s></s></s></s></s></s></s></s></s></s></s></s></s></s></s></s></s></s></s></s></s></s></s></s></s></s></s></s></s></s></s></s></s></s></s></s></s></s></s></s><s> [INST] Which of these is the smallest'
[WARNING] in lang en, index 2900: No tokens were selected by the answer mask for perplexity calculation, setting perplexity to 1.0.
Warning: Decoded text differs from trimmed prompt
  Trimmed prompt length: 253, Decoded text length: 233
[DEBUG] First difference at position 1: prompt='s', decoded='/'
[DEBUG] Context: prompt='<s>[INST] Which of these is the smallest unit that natural selection can change?\n\nPlease CONCISELY answer the question in English WITHOUT reasoning or explanation. [/INST]The smallest unit that natural', decoded='</s></s></s></s></s></s></s></s></s></s></s></s></s></s></s></s></s></s></s></s></s></s></s></s></s></s></s></s></s></s></s></s></s></s></s></s></s></s></s></s><s> [INST] Which of these is the smallest'
[WARNING] in lang en, index 2900: No tokens were selected by the answer mask for perplexity calculation, setting perplexity to 1.0.
Warning: Decoded text differs from trimmed prompt
  Trimmed prompt length: 274, Decoded text length: 243
[DEBUG] First difference at position 1: prompt='s', decoded='/'
[DEBUG] Context: prompt='<s>[INST] Which of these is the smallest unit upon which natural selection directly acts?\n\nPlease CONCISELY answer the question in English WITHOUT reasoning or explanation. [/INST]The smallest unit upo', decoded='</s></s></s></s></s></s></s></s></s></s></s></s></s></s></s></s></s></s></s></s></s></s></s></s></s></s></s></s></s></s></s></s></s></s></s></s></s></s><s> [INST] Which of these is the smallest unit up'
[WARNING] in lang en, index 2901: No tokens were selected by the answer mask for perplexity calculation, setting perplexity to 1.0.
Warning: Decoded text differs from trimmed prompt
  Trimmed prompt length: 274, Decoded text length: 245
[DEBUG] First difference at position 1: prompt='s', decoded='/'
[DEBUG] Context: prompt='<s>[INST] Which of these is the smallest unit upon which natural selection directly acts?\n\nPlease CONCISELY answer the question in English WITHOUT reasoning or explanation. [/INST]The smallest unit upo', decoded='</s></s></s></s></s></s></s></s></s></s></s></s></s></s></s></s></s></s></s></s></s></s></s></s></s></s></s></s></s></s></s></s></s></s></s></s></s></s></s><s> [INST] Which of these is the smallest uni'
[WARNING] in lang en, index 2901: No tokens were selected by the answer mask for perplexity calculation, setting perplexity to 1.0.
Warning: Decoded text differs from trimmed prompt
  Trimmed prompt length: 387, Decoded text length: 388
[DEBUG] First difference at position 3: prompt='[', decoded=' '
[DEBUG] Context: prompt='<s>[INST] A chemical agent is found to denature all enzymes in the synaptic cleft. What effect will this agent have on acetylcholine?\n\nPlease CONCISELY answer the question in English WITHOUT reasoning or', decoded='<s> [INST] A chemical agent is found to denature all enzymes in the synaptic cleft. What effect will this agent have on acetylcholine?\n\nPlease CONCISELY answer the question in English WITHOUT reasoning o'
Warning: Decoded text differs from trimmed prompt
  Trimmed prompt length: 395, Decoded text length: 396
[DEBUG] First difference at position 3: prompt='[', decoded=' '
[DEBUG] Context: prompt='<s>[INST] A chemical agent is found to denature all enzymes in the synaptic cleft. What effect will this agent have on acetylcholine?\n\nPlease CONCISELY answer the question in English WITHOUT reasoning or', decoded='<s> [INST] A chemical agent is found to denature all enzymes in the synaptic cleft. What effect will this agent have on acetylcholine?\n\nPlease CONCISELY answer the question in English WITHOUT reasoning o'
Perplexity: Written 426/83348 entries to perplexity result file (batch 71/13892)
Processing batch 72/13892
Warning: Decoded text differs from trimmed prompt
  Trimmed prompt length: 365, Decoded text length: 362
[DEBUG] First difference at position 1: prompt='s', decoded='/'
[DEBUG] Context: prompt='<s>[INST] The reaction A + B → C is catalyzed by enzyme K. If the reaction is in equilibrium, which of the following would allow more product C to be produced?\n\nPlease CONCISELY answer the question in ', decoded='</s></s></s></s></s></s></s></s></s></s></s></s></s></s></s></s></s></s><s> [INST] The reaction A + B → C is catalyzed by enzyme K. If the reaction is in equilibrium, which of the following would allow'
Warning: Decoded text differs from trimmed prompt
  Trimmed prompt length: 358, Decoded text length: 355
[DEBUG] First difference at position 1: prompt='s', decoded='/'
[DEBUG] Context: prompt='<s>[INST] The reaction A + B → C is catalyzed by enzyme K. If the reaction is in equilibrium, which of the following would allow more product C to be produced?\n\nPlease CONCISELY answer the question in ', decoded='</s></s></s></s></s></s></s></s></s></s></s></s></s></s></s></s></s></s><s> [INST] The reaction A + B → C is catalyzed by enzyme K. If the reaction is in equilibrium, which of the following would allow'
Warning: Decoded text differs from trimmed prompt
  Trimmed prompt length: 368, Decoded text length: 336
[DEBUG] First difference at position 1: prompt='s', decoded='/'
[DEBUG] Context: prompt='<s>[INST] A new plant was discovered and determined to have an unusually low number of stomata on the undersides of its leaves. For what environment would this plant most likely be best adapted?\n\nPleas', decoded='</s></s></s></s></s></s></s></s></s></s></s></s></s></s></s></s></s></s></s></s></s></s></s></s></s></s></s></s></s><s> [INST] A new plant was discovered and determined to have an unusually low number '
[WARNING] in lang en, index 2904: No tokens were selected by the answer mask for perplexity calculation, setting perplexity to 1.0.
Warning: Decoded text differs from trimmed prompt
  Trimmed prompt length: 371, Decoded text length: 345
[DEBUG] First difference at position 1: prompt='s', decoded='/'
[DEBUG] Context: prompt='<s>[INST] A new plant was discovered and determined to have an unusually low number of stomata on the undersides of its leaves. For what environment would this plant most likely be best adapted?\n\nPleas', decoded='</s></s></s></s></s></s></s></s></s></s></s></s></s></s></s></s></s></s></s></s></s></s></s></s></s></s></s></s><s> [INST] A new plant was discovered and determined to have an unusually low number of s'
[WARNING] in lang en, index 2904: No tokens were selected by the answer mask for perplexity calculation, setting perplexity to 1.0.
Warning: Decoded text differs from trimmed prompt
  Trimmed prompt length: 522, Decoded text length: 523
[DEBUG] First difference at position 3: prompt='[', decoded=' '
[DEBUG] Context: prompt='<s>[INST] Certain populations of finches have long been isolated on the Galapagos Islands off the western coast of South America. Compared with the larger stock population of mainland finches, these sepa', decoded='<s> [INST] Certain populations of finches have long been isolated on the Galapagos Islands off the western coast of South America. Compared with the larger stock population of mainland finches, these sep'
[WARNING] in lang en, index 2906: No tokens were selected by the answer mask for perplexity calculation, setting perplexity to 1.0.
Warning: Decoded text differs from trimmed prompt
  Trimmed prompt length: 523, Decoded text length: 524
[DEBUG] First difference at position 3: prompt='[', decoded=' '
[DEBUG] Context: prompt='<s>[INST] Certain populations of finches have long been isolated on the Galapagos Islands off the western coast of South America. Compared with the larger stock population of mainland finches, these sepa', decoded='<s> [INST] Certain populations of finches have long been isolated on the Galapagos Islands off the western coast of South America. Compared with the larger stock population of mainland finches, these sep'
[WARNING] in lang en, index 2906: No tokens were selected by the answer mask for perplexity calculation, setting perplexity to 1.0.
Perplexity: Written 432/83348 entries to perplexity result file (batch 72/13892)
Processing batch 73/13892
Warning: Decoded text differs from trimmed prompt
  Trimmed prompt length: 194, Decoded text length: 192
[DEBUG] First difference at position 1: prompt='s', decoded='/'
[DEBUG] Context: prompt='<s>[INST] Memory loss would most likely be due to a malfunction of which part of the brain?\n\nPlease CONCISELY answer the question in English WITHOUT reasoning or explanation. [/INST]cerebrum</s>', decoded='</s></s></s></s></s></s></s></s></s></s></s></s></s></s></s></s></s></s></s></s></s></s></s></s></s></s></s></s></s></s></s></s></s></s></s></s></s></s></s></s></s></s></s></s></s></s></s></s>'
Warning: Decoded text differs from trimmed prompt
  Trimmed prompt length: 190, Decoded text length: 180
[DEBUG] First difference at position 1: prompt='s', decoded='/'
[DEBUG] Context: prompt='<s>[INST] Memory loss would most likely be due to a malfunction of which part of the brain?\n\nPlease CONCISELY answer the question in English WITHOUT reasoning or explanation. [/INST]pons</s>', decoded='</s></s></s></s></s></s></s></s></s></s></s></s></s></s></s></s></s></s></s></s></s></s></s></s></s></s></s></s></s></s></s></s></s></s></s></s></s></s></s></s></s></s></s></s></s>'
[WARNING] in lang en, index 2907: No tokens were selected by the answer mask for perplexity calculation, setting perplexity to 1.0.
Warning: Decoded text differs from trimmed prompt
  Trimmed prompt length: 252, Decoded text length: 244
[DEBUG] First difference at position 1: prompt='s', decoded='/'
[DEBUG] Context: prompt='<s>[INST] The major difference between cartilage and bone is that cartilage\n\nPlease CONCISELY answer the question in English WITHOUT reasoning or explanation. [/INST]Cartilage is a lacks blood vessels ', decoded='</s></s></s></s></s></s></s></s></s></s></s></s></s></s></s></s></s></s></s></s></s></s></s></s></s></s></s></s></s></s></s></s></s></s></s></s></s></s></s></s><s> [INST] The major difference between c'
Warning: Decoded text differs from trimmed prompt
  Trimmed prompt length: 239, Decoded text length: 241
[DEBUG] First difference at position 1: prompt='s', decoded='/'
[DEBUG] Context: prompt='<s>[INST] The major difference between cartilage and bone is that cartilage\n\nPlease CONCISELY answer the question in English WITHOUT reasoning or explanation. [/INST]Cartilage is a secretes a matrix, w', decoded='</s></s></s></s></s></s></s></s></s></s></s></s></s></s></s></s></s></s></s></s></s></s></s></s></s></s></s></s></s></s></s></s></s></s></s></s></s></s></s></s></s></s><s> [INST] The major difference b'
Warning: Decoded text differs from trimmed prompt
  Trimmed prompt length: 474, Decoded text length: 473
[DEBUG] First difference at position 1: prompt='s', decoded='/'
[DEBUG] Context: prompt='<s>[INST] Viral transduction is the process by which viruses carry bacterial DNA from one bacterial cell to another. In what way does this process play a role in bacterial evolution?\n\nPlease CONCISELY ', decoded='</s></s></s></s><s> [INST] Viral transduction is the process by which viruses carry bacterial DNA from one bacterial cell to another. In what way does this process play a role in bacterial evolution?\n\n'
[WARNING] in lang en, index 2909: No tokens were selected by the answer mask for perplexity calculation, setting perplexity to 1.0.
Warning: Decoded text differs from trimmed prompt
  Trimmed prompt length: 493, Decoded text length: 494
[DEBUG] First difference at position 3: prompt='[', decoded=' '
[DEBUG] Context: prompt='<s>[INST] Viral transduction is the process by which viruses carry bacterial DNA from one bacterial cell to another. In what way does this process play a role in bacterial evolution?\n\nPlease CONCISELY an', decoded='<s> [INST] Viral transduction is the process by which viruses carry bacterial DNA from one bacterial cell to another. In what way does this process play a role in bacterial evolution?\n\nPlease CONCISELY a'
[WARNING] in lang en, index 2909: No tokens were selected by the answer mask for perplexity calculation, setting perplexity to 1.0.
Perplexity: Written 438/83348 entries to perplexity result file (batch 73/13892)
Processing batch 74/13892
Warning: Decoded text differs from trimmed prompt
  Trimmed prompt length: 610, Decoded text length: 607
[DEBUG] First difference at position 1: prompt='s', decoded='/'
[DEBUG] Context: prompt='<s>[INST] The fluidity of the plasma membrane can vary in response to temperature changes. For bacteria and yeast cells, which of the following would be a viable strategy to maintain homeostasis of the', decoded='</s></s></s></s></s></s></s></s></s></s></s></s></s></s></s></s></s></s></s></s></s></s></s><s> [INST] The fluidity of the plasma membrane can vary in response to temperature changes. For bacteria and '
Warning: Decoded text differs from trimmed prompt
  Trimmed prompt length: 525, Decoded text length: 514
[DEBUG] First difference at position 1: prompt='s', decoded='/'
[DEBUG] Context: prompt='<s>[INST] The fluidity of the plasma membrane can vary in response to temperature changes. For bacteria and yeast cells, which of the following would be a viable strategy to maintain homeostasis of the', decoded='</s></s></s></s></s></s></s></s></s></s></s></s></s></s></s></s></s></s></s></s></s></s></s></s></s></s></s></s></s></s></s></s></s></s></s></s></s></s></s></s></s></s><s> [INST] The fluidity of the pl'
[WARNING] in lang en, index 2911: No tokens were selected by the answer mask for perplexity calculation, setting perplexity to 1.0.
Warning: Decoded text differs from trimmed prompt
  Trimmed prompt length: 577, Decoded text length: 552
[DEBUG] First difference at position 1: prompt='s', decoded='/'
[DEBUG] Context: prompt='<s>[INST] A researcher is experimenting with nerve transmission using neurons from a giant squid. At the beginning of the experiment, the axon is at rest and has a threshold measured at –70 mV at 37oC.', decoded='</s></s></s></s></s></s></s></s></s></s></s></s></s></s></s></s></s></s></s></s></s></s></s></s></s></s></s></s><s> [INST] A researcher is experimenting with nerve transmission using neurons from a gia'
[WARNING] in lang en, index 2915: No tokens were selected by the answer mask for perplexity calculation, setting perplexity to 1.0.
Warning: Decoded text differs from trimmed prompt
  Trimmed prompt length: 609, Decoded text length: 627
[DEBUG] First difference at position 1: prompt='s', decoded='/'
[DEBUG] Context: prompt='<s>[INST] A researcher is experimenting with nerve transmission using neurons from a giant squid. At the beginning of the experiment, the axon is at rest and has a threshold measured at –70 mV at 37oC.', decoded='</s></s></s></s></s></s></s></s></s></s></s></s></s></s></s><s> [INST] A researcher is experimenting with nerve transmission using neurons from a giant squid. At the beginning of the experiment, the ax'
[WARNING] in lang en, index 2915: No tokens were selected by the answer mask for perplexity calculation, setting perplexity to 1.0.
Warning: Decoded text differs from trimmed prompt
  Trimmed prompt length: 661, Decoded text length: 662
[DEBUG] First difference at position 1: prompt='s', decoded='/'
[DEBUG] Context: prompt='<s>[INST] The structure of ATP synthase in the plasma membranes of bacteria is nearly identical to that in the mitochondria and chloroplasts of eukaryotic cells. This similarity best supports which of ', decoded='</s><s> [INST] The structure of ATP synthase in the plasma membranes of bacteria is nearly identical to that in the mitochondria and chloroplasts of eukaryotic cells. This similarity best supports whic'
Warning: Decoded text differs from trimmed prompt
  Trimmed prompt length: 648, Decoded text length: 649
[DEBUG] First difference at position 3: prompt='[', decoded=' '
[DEBUG] Context: prompt='<s>[INST] The structure of ATP synthase in the plasma membranes of bacteria is nearly identical to that in the mitochondria and chloroplasts of eukaryotic cells. This similarity best supports which of th', decoded='<s> [INST] The structure of ATP synthase in the plasma membranes of bacteria is nearly identical to that in the mitochondria and chloroplasts of eukaryotic cells. This similarity best supports which of t'
Perplexity: Written 444/83348 entries to perplexity result file (batch 74/13892)
Processing batch 75/13892
Warning: Decoded text differs from trimmed prompt
  Trimmed prompt length: 291, Decoded text length: 258
[DEBUG] First difference at position 1: prompt='s', decoded='/'
[DEBUG] Context: prompt='<s>[INST] The average birth weight for human babies is about 3 kg. Which of the following terms best describes this?\n\nPlease CONCISELY answer the question in English WITHOUT reasoning or explanation. [', decoded='</s></s></s></s></s></s></s></s></s></s></s></s></s></s></s></s></s></s></s></s></s></s></s></s></s></s></s></s><s> [INST] The average birth weight for human babies is about 3 kg. Which of the followin'
[WARNING] in lang en, index 2919: No tokens were selected by the answer mask for perplexity calculation, setting perplexity to 1.0.
Warning: Decoded text differs from trimmed prompt
  Trimmed prompt length: 290, Decoded text length: 258
[DEBUG] First difference at position 1: prompt='s', decoded='/'
[DEBUG] Context: prompt='<s>[INST] The average birth weight for human babies is about 3 kg. Which of the following terms best describes this?\n\nPlease CONCISELY answer the question in English WITHOUT reasoning or explanation. [', decoded='</s></s></s></s></s></s></s></s></s></s></s></s></s></s></s></s></s></s></s></s></s></s></s></s></s></s></s></s><s> [INST] The average birth weight for human babies is about 3 kg. Which of the followin'
[WARNING] in lang en, index 2919: No tokens were selected by the answer mask for perplexity calculation, setting perplexity to 1.0.
Warning: Decoded text differs from trimmed prompt
  Trimmed prompt length: 407, Decoded text length: 408
[DEBUG] First difference at position 3: prompt='[', decoded=' '
[DEBUG] Context: prompt='<s>[INST] Some strains of viruses can change normal mammalian cells into cancer cells in vitro. This transformation of the mammalian cell is usually associated with the\n\nPlease CONCISELY answer the quest', decoded='<s> [INST] Some strains of viruses can change normal mammalian cells into cancer cells in vitro. This transformation of the mammalian cell is usually associated with the\n\nPlease CONCISELY answer the ques'
Warning: Decoded text differs from trimmed prompt
  Trimmed prompt length: 386, Decoded text length: 392
[DEBUG] First difference at position 1: prompt='s', decoded='/'
[DEBUG] Context: prompt='<s>[INST] Some strains of viruses can change normal mammalian cells into cancer cells in vitro. This transformation of the mammalian cell is usually associated with the\n\nPlease CONCISELY answer the que', decoded='</s></s></s></s></s><s> [INST] Some strains of viruses can change normal mammalian cells into cancer cells in vitro. This transformation of the mammalian cell is usually associated with the\n\nPlease CON'
Warning: Decoded text differs from trimmed prompt
  Trimmed prompt length: 294, Decoded text length: 268
[DEBUG] First difference at position 1: prompt='s', decoded='/'
[DEBUG] Context: prompt='<s>[INST] The Darwinian fitness of an individual is measured most directly by\n\nPlease CONCISELY answer the question in English WITHOUT reasoning or explanation. [/INST]The Darwinian fitness of an indiv', decoded='</s></s></s></s></s></s></s></s></s></s></s></s></s></s></s></s></s></s></s></s></s></s></s></s></s></s></s></s></s></s><s> [INST] The Darwinian fitness of an individual is measured most directly by\n\nP'
Warning: Decoded text differs from trimmed prompt
  Trimmed prompt length: 280, Decoded text length: 268
[DEBUG] First difference at position 1: prompt='s', decoded='/'
[DEBUG] Context: prompt='<s>[INST] The Darwinian fitness of an individual is measured most directly by\n\nPlease CONCISELY answer the question in English WITHOUT reasoning or explanation. [/INST]The Darwinian fitness of an indiv', decoded='</s></s></s></s></s></s></s></s></s></s></s></s></s></s></s></s></s></s></s></s></s></s></s></s></s></s></s></s></s></s><s> [INST] The Darwinian fitness of an individual is measured most directly by\n\nP'
Perplexity: Written 450/83348 entries to perplexity result file (batch 75/13892)
Processing batch 76/13892
Warning: Decoded text differs from trimmed prompt
  Trimmed prompt length: 386, Decoded text length: 405
[DEBUG] First difference at position 1: prompt='s', decoded='/'
[DEBUG] Context: prompt="<s>[INST] Hemoglobin is a molecule that binds to both O2 and CO2. There is an allosteric relationship between the concentrations of O2 and CO2. Hemoglobin's affinity for O2\n\nPlease CONCISELY answer the", decoded='</s></s></s></s></s></s></s></s></s></s></s></s></s></s></s></s></s></s></s></s></s></s></s></s></s></s></s></s></s></s></s></s></s></s></s><s> [INST] Hemoglobin is a molecule that binds to both O2 and'
Warning: Decoded text differs from trimmed prompt
  Trimmed prompt length: 394, Decoded text length: 406
[DEBUG] First difference at position 1: prompt='s', decoded='/'
[DEBUG] Context: prompt="<s>[INST] Hemoglobin is a molecule that binds to both O2 and CO2. There is an allosteric relationship between the concentrations of O2 and CO2. Hemoglobin's affinity for O2\n\nPlease CONCISELY answer the", decoded='</s></s></s></s></s></s></s></s></s></s></s></s></s></s></s></s></s></s></s></s></s></s></s></s></s></s></s></s></s></s></s></s></s></s></s></s></s><s> [INST] Hemoglobin is a molecule that binds to bot'
Warning: Decoded text differs from trimmed prompt
  Trimmed prompt length: 659, Decoded text length: 660
[DEBUG] First difference at position 3: prompt='[', decoded=' '
[DEBUG] Context: prompt='<s>[INST] A researcher grows a population of ferns in her laboratory. She notices, after a few generations, a new variant that has a distinct phenotype. When she tries to breed the original phenotype wit', decoded='<s> [INST] A researcher grows a population of ferns in her laboratory. She notices, after a few generations, a new variant that has a distinct phenotype. When she tries to breed the original phenotype wi'
[WARNING] in lang en, index 2923: No tokens were selected by the answer mask for perplexity calculation, setting perplexity to 1.0.
Warning: Decoded text differs from trimmed prompt
  Trimmed prompt length: 667, Decoded text length: 668
[DEBUG] First difference at position 1: prompt='s', decoded='/'
[DEBUG] Context: prompt='<s>[INST] A researcher grows a population of ferns in her laboratory. She notices, after a few generations, a new variant that has a distinct phenotype. When she tries to breed the original phenotype w', decoded='</s><s> [INST] A researcher grows a population of ferns in her laboratory. She notices, after a few generations, a new variant that has a distinct phenotype. When she tries to breed the original phenot'
[WARNING] in lang en, index 2923: No tokens were selected by the answer mask for perplexity calculation, setting perplexity to 1.0.
Warning: Decoded text differs from trimmed prompt
  Trimmed prompt length: 381, Decoded text length: 346
[DEBUG] First difference at position 1: prompt='s', decoded='/'
[DEBUG] Context: prompt='<s>[INST] What is the best explanation for the fact that tuna, sharks, and dolphins all have a similar streamlined appearance?\n\nPlease CONCISELY answer the question in English WITHOUT reasoning or expl', decoded='</s></s></s></s></s></s></s></s></s></s></s></s></s></s></s></s></s></s></s></s></s></s></s></s></s></s></s></s></s></s></s></s></s></s></s></s></s></s></s></s></s></s></s></s></s></s></s></s></s></s><'
Warning: Decoded text differs from trimmed prompt
  Trimmed prompt length: 354, Decoded text length: 327
[DEBUG] First difference at position 1: prompt='s', decoded='/'
[DEBUG] Context: prompt='<s>[INST] What is the best explanation for the fact that tuna, sharks, and dolphins all have a similar streamlined appearance?\n\nPlease CONCISELY answer the question in English WITHOUT reasoning or expl', decoded='</s></s></s></s></s></s></s></s></s></s></s></s></s></s></s></s></s></s></s></s></s></s></s></s></s></s></s></s></s></s></s></s></s></s></s></s></s></s></s></s></s></s></s></s></s></s></s></s></s></s><'
Perplexity: Written 456/83348 entries to perplexity result file (batch 76/13892)
Processing batch 77/13892
Warning: Decoded text differs from trimmed prompt
  Trimmed prompt length: 464, Decoded text length: 465
[DEBUG] First difference at position 3: prompt='[', decoded=' '
[DEBUG] Context: prompt='<s>[INST] In a laboratory exercise, a student cuts disks of plant leaves and puts them in a beaker of water. To help submerge the leaves, a drop of soap is added to the water. How does the soap help subm', decoded='<s> [INST] In a laboratory exercise, a student cuts disks of plant leaves and puts them in a beaker of water. To help submerge the leaves, a drop of soap is added to the water. How does the soap help sub'
Warning: Decoded text differs from trimmed prompt
  Trimmed prompt length: 404, Decoded text length: 399
[DEBUG] First difference at position 1: prompt='s', decoded='/'
[DEBUG] Context: prompt='<s>[INST] In a laboratory exercise, a student cuts disks of plant leaves and puts them in a beaker of water. To help submerge the leaves, a drop of soap is added to the water. How does the soap help su', decoded='</s></s></s></s></s></s></s></s></s></s></s></s></s></s></s><s> [INST] In a laboratory exercise, a student cuts disks of plant leaves and puts them in a beaker of water. To help submerge the leaves, a '
Warning: Decoded text differs from trimmed prompt
  Trimmed prompt length: 224, Decoded text length: 204
[DEBUG] First difference at position 1: prompt='s', decoded='/'
[DEBUG] Context: prompt='<s>[INST] Which describes brightly colored peacocks mating more frequently than drab peacocks?\n\nPlease CONCISELY answer the question in English WITHOUT reasoning or explanation. [/INST]The phenomenon i', decoded='</s></s></s></s></s></s></s></s></s></s></s></s></s></s></s></s></s></s></s></s></s></s></s></s></s></s></s></s></s></s></s></s></s></s></s></s></s></s></s></s></s></s></s></s></s></s></s></s></s></s><'
Warning: Decoded text differs from trimmed prompt
  Trimmed prompt length: 228, Decoded text length: 204
[DEBUG] First difference at position 1: prompt='s', decoded='/'
[DEBUG] Context: prompt='<s>[INST] Which describes brightly colored peacocks mating more frequently than drab peacocks?\n\nPlease CONCISELY answer the question in English WITHOUT reasoning or explanation. [/INST]The phenomenon i', decoded='</s></s></s></s></s></s></s></s></s></s></s></s></s></s></s></s></s></s></s></s></s></s></s></s></s></s></s></s></s></s></s></s></s></s></s></s></s></s></s></s></s></s></s></s></s></s></s></s></s></s><'
Warning: Decoded text differs from trimmed prompt
  Trimmed prompt length: 255, Decoded text length: 212
[DEBUG] First difference at position 1: prompt='s', decoded='/'
[DEBUG] Context: prompt='<s>[INST] Charles Darwin was the first person to propose\n\nPlease CONCISELY answer the question in English WITHOUT reasoning or explanation. [/INST]Charles Darwin was the first person to propose a mecha', decoded='</s></s></s></s></s></s></s></s></s></s></s></s></s></s></s></s></s></s></s></s></s></s></s></s></s></s></s></s></s></s></s></s></s></s></s></s></s></s></s></s></s></s></s></s></s></s></s></s></s></s><'
Warning: Decoded text differs from trimmed prompt
  Trimmed prompt length: 220, Decoded text length: 188
[DEBUG] First difference at position 1: prompt='s', decoded='/'
[DEBUG] Context: prompt='<s>[INST] Charles Darwin was the first person to propose\n\nPlease CONCISELY answer the question in English WITHOUT reasoning or explanation. [/INST]Charles Darwin was the first person to propose that ev', decoded='</s></s></s></s></s></s></s></s></s></s></s></s></s></s></s></s></s></s></s></s></s></s></s></s></s></s></s></s></s></s></s></s></s></s></s></s></s></s></s></s></s></s></s></s></s></s></s>'
[WARNING] in lang en, index 2929: No tokens were selected by the answer mask for perplexity calculation, setting perplexity to 1.0.
Perplexity: Written 462/83348 entries to perplexity result file (batch 77/13892)
Processing batch 78/13892
Warning: Decoded text differs from trimmed prompt
  Trimmed prompt length: 284, Decoded text length: 285
[DEBUG] First difference at position 1: prompt='s', decoded='/'
[DEBUG] Context: prompt='<s>[INST] In cells, which of the following can catalyze reactions involving hydrogen peroxide, provide cellular energy, and make proteins, in that order?\n\nPlease CONCISELY answer the question in Englis', decoded='</s></s></s></s></s></s></s></s></s></s></s></s></s></s></s></s></s></s></s></s></s></s></s></s></s></s></s></s></s></s></s></s></s></s></s></s></s></s></s></s></s></s></s></s></s></s></s></s></s></s><'
Warning: Decoded text differs from trimmed prompt
  Trimmed prompt length: 284, Decoded text length: 286
[DEBUG] First difference at position 1: prompt='s', decoded='/'
[DEBUG] Context: prompt='<s>[INST] In cells, which of the following can catalyze reactions involving hydrogen peroxide, provide cellular energy, and make proteins, in that order?\n\nPlease CONCISELY answer the question in Englis', decoded='</s></s></s></s></s></s></s></s></s></s></s></s></s></s></s></s></s></s></s></s></s></s></s></s></s></s></s></s></s></s></s></s></s></s></s></s></s></s></s></s></s></s></s></s></s></s></s></s></s></s><'
Warning: Decoded text differs from trimmed prompt
  Trimmed prompt length: 195, Decoded text length: 192
[DEBUG] First difference at position 1: prompt='s', decoded='/'
[DEBUG] Context: prompt='<s>[INST] A reaction that includes energy as one of its reactants is called a(n)\n\nPlease CONCISELY answer the question in English WITHOUT reasoning or explanation. [/INST]endergonic reaction.</s>', decoded='</s></s></s></s></s></s></s></s></s></s></s></s></s></s></s></s></s></s></s></s></s></s></s></s></s></s></s></s></s></s></s></s></s></s></s></s></s></s></s></s></s></s></s></s></s></s></s></s>'
Warning: Decoded text differs from trimmed prompt
  Trimmed prompt length: 190, Decoded text length: 188
[DEBUG] First difference at position 1: prompt='s', decoded='/'
[DEBUG] Context: prompt='<s>[INST] A reaction that includes energy as one of its reactants is called a(n)\n\nPlease CONCISELY answer the question in English WITHOUT reasoning or explanation. [/INST]redox reaction.</s>', decoded='</s></s></s></s></s></s></s></s></s></s></s></s></s></s></s></s></s></s></s></s></s></s></s></s></s></s></s></s></s></s></s></s></s></s></s></s></s></s></s></s></s></s></s></s></s></s></s>'
Warning: Decoded text differs from trimmed prompt
  Trimmed prompt length: 601, Decoded text length: 600
[DEBUG] First difference at position 1: prompt='s', decoded='/'
[DEBUG] Context: prompt='<s>[INST] Many different fermentation pathways occur in different organisms in nature. For example, skeletal muscle cells convert pyruvate into lactic acid when no oxygen is present. Yeast cells can pr', decoded='</s></s></s></s><s> [INST] Many different fermentation pathways occur in different organisms in nature. For example, skeletal muscle cells convert pyruvate into lactic acid when no oxygen is present. Y'
[WARNING] in lang en, index 2933: No tokens were selected by the answer mask for perplexity calculation, setting perplexity to 1.0.
Warning: Decoded text differs from trimmed prompt
  Trimmed prompt length: 628, Decoded text length: 629
[DEBUG] First difference at position 3: prompt='[', decoded=' '
[DEBUG] Context: prompt='<s>[INST] Many different fermentation pathways occur in different organisms in nature. For example, skeletal muscle cells convert pyruvate into lactic acid when no oxygen is present. Yeast cells can prod', decoded='<s> [INST] Many different fermentation pathways occur in different organisms in nature. For example, skeletal muscle cells convert pyruvate into lactic acid when no oxygen is present. Yeast cells can pro'
[WARNING] in lang en, index 2933: No tokens were selected by the answer mask for perplexity calculation, setting perplexity to 1.0.
Perplexity: Written 468/83348 entries to perplexity result file (batch 78/13892)
Processing batch 79/13892
Warning: Decoded text differs from trimmed prompt
  Trimmed prompt length: 573, Decoded text length: 481
[DEBUG] First difference at position 1: prompt='s', decoded='/'
[DEBUG] Context: prompt='<s>[INST] Structures as different as human arms, bat wings, and dolphin flippers contain many of the same bones, these bones having developed from very similar embryonic tissues. How do biologists inte', decoded='</s></s></s></s></s></s></s></s></s></s></s></s></s></s></s></s></s></s></s></s></s></s></s></s></s></s></s></s></s></s></s></s></s></s></s></s></s></s></s></s></s></s></s></s></s></s></s></s></s></s><'
Warning: Decoded text differs from trimmed prompt
  Trimmed prompt length: 605, Decoded text length: 526
[DEBUG] First difference at position 1: prompt='s', decoded='/'
[DEBUG] Context: prompt='<s>[INST] Structures as different as human arms, bat wings, and dolphin flippers contain many of the same bones, these bones having developed from very similar embryonic tissues. How do biologists inte', decoded='</s></s></s></s></s></s></s></s></s></s></s></s></s></s></s></s></s></s></s></s></s></s></s></s></s></s></s></s></s></s></s></s></s></s></s></s></s></s></s></s></s></s></s></s></s></s></s></s></s></s><'
Warning: Decoded text differs from trimmed prompt
  Trimmed prompt length: 585, Decoded text length: 561
[DEBUG] First difference at position 1: prompt='s', decoded='/'
[DEBUG] Context: prompt='<s>[INST] Tay-Sachs is a disease caused by a recessive allele. Individuals with the genetic disorder usually do not survive more than a few years, and thus are not able to reproduce and pass on the gen', decoded='</s></s></s></s></s></s></s></s></s></s></s></s></s></s></s></s></s></s></s></s></s></s></s></s></s></s></s></s></s></s></s></s></s></s></s></s></s></s></s></s></s></s><s> [INST] Tay-Sachs is a disease'
[WARNING] in lang en, index 2937: No tokens were selected by the answer mask for perplexity calculation, setting perplexity to 1.0.
Warning: Decoded text differs from trimmed prompt
  Trimmed prompt length: 610, Decoded text length: 596
[DEBUG] First difference at position 1: prompt='s', decoded='/'
[DEBUG] Context: prompt='<s>[INST] Tay-Sachs is a disease caused by a recessive allele. Individuals with the genetic disorder usually do not survive more than a few years, and thus are not able to reproduce and pass on the gen', decoded='</s></s></s></s></s></s></s></s></s></s></s></s></s></s></s></s></s></s></s></s></s></s></s></s></s></s></s></s></s></s></s></s></s></s></s></s><s> [INST] Tay-Sachs is a disease caused by a recessive a'
[WARNING] in lang en, index 2937: No tokens were selected by the answer mask for perplexity calculation, setting perplexity to 1.0.
Warning: Decoded text differs from trimmed prompt
  Trimmed prompt length: 680, Decoded text length: 664
[DEBUG] First difference at position 1: prompt='s', decoded='/'
[DEBUG] Context: prompt='<s>[INST] In the Tularosa Basin of New Mexico are black lava formations surrounded by light-colored sandy desert. Pocket mice inhabit both areas. Dark-colored ones inhabit the lava formations, while li', decoded='</s></s></s></s></s></s></s></s></s></s></s></s></s></s></s></s></s></s></s></s></s></s></s></s></s><s> [INST] In the Tularosa Basin of New Mexico are black lava formations surrounded by light-colored '
[WARNING] in lang en, index 2938: No tokens were selected by the answer mask for perplexity calculation, setting perplexity to 1.0.
Warning: Decoded text differs from trimmed prompt
  Trimmed prompt length: 794, Decoded text length: 795
[DEBUG] First difference at position 3: prompt='[', decoded=' '
[DEBUG] Context: prompt='<s>[INST] In the Tularosa Basin of New Mexico are black lava formations surrounded by light-colored sandy desert. Pocket mice inhabit both areas. Dark-colored ones inhabit the lava formations, while ligh', decoded='<s> [INST] In the Tularosa Basin of New Mexico are black lava formations surrounded by light-colored sandy desert. Pocket mice inhabit both areas. Dark-colored ones inhabit the lava formations, while lig'
Perplexity: Written 474/83348 entries to perplexity result file (batch 79/13892)
Processing batch 80/13892
Warning: Decoded text differs from trimmed prompt
  Trimmed prompt length: 274, Decoded text length: 274
[DEBUG] First difference at position 1: prompt='s', decoded='/'
[DEBUG] Context: prompt='<s>[INST] Which of the following best explains why lignin is important to the evolutionary success of land plants?\n\nPlease CONCISELY answer the question in English WITHOUT reasoning or explanation. [/I', decoded='</s></s></s></s></s></s><s> [INST] Which of the following best explains why lignin is important to the evolutionary success of land plants?\n\nPlease CONCISELY answer the question in English WITHOUT reas'
Warning: Decoded text differs from trimmed prompt
  Trimmed prompt length: 278, Decoded text length: 282
[DEBUG] First difference at position 1: prompt='s', decoded='/'
[DEBUG] Context: prompt='<s>[INST] Which of the following best explains why lignin is important to the evolutionary success of land plants?\n\nPlease CONCISELY answer the question in English WITHOUT reasoning or explanation. [/I', decoded='</s></s><s> [INST] Which of the following best explains why lignin is important to the evolutionary success of land plants?\n\nPlease CONCISELY answer the question in English WITHOUT reasoning or explana'
Warning: Decoded text differs from trimmed prompt
  Trimmed prompt length: 224, Decoded text length: 231
[DEBUG] First difference at position 1: prompt='s', decoded='/'
[DEBUG] Context: prompt='<s>[INST] Crossing-over occurs during which of the following phases in meiosis?\n\nPlease CONCISELY answer the question in English WITHOUT reasoning or explanation. [/INST]Crossing-over occurs during Pro', decoded='</s></s></s></s></s></s></s></s></s></s><s> [INST] Crossing-over occurs during which of the following phases in meiosis?\n\nPlease CONCISELY answer the question in English WITHOUT reasoning or explanatio'
Warning: Decoded text differs from trimmed prompt
  Trimmed prompt length: 225, Decoded text length: 238
[DEBUG] First difference at position 1: prompt='s', decoded='/'
[DEBUG] Context: prompt='<s>[INST] Crossing-over occurs during which of the following phases in meiosis?\n\nPlease CONCISELY answer the question in English WITHOUT reasoning or explanation. [/INST]Crossing-over occurs during Met', decoded='</s></s></s></s></s></s></s></s></s><s> [INST] Crossing-over occurs during which of the following phases in meiosis?\n\nPlease CONCISELY answer the question in English WITHOUT reasoning or explanation. ['
Warning: Decoded text differs from trimmed prompt
  Trimmed prompt length: 281, Decoded text length: 282
[DEBUG] First difference at position 3: prompt='[', decoded=' '
[DEBUG] Context: prompt='<s>[INST] When a retrovirus inserted its DNA into the middle of a bacterial gene, it altered the normal reading frame by one base pair. This type of mutation is called\n\nPlease CONCISELY answer the questi', decoded='<s> [INST] When a retrovirus inserted its DNA into the middle of a bacterial gene, it altered the normal reading frame by one base pair. This type of mutation is called\n\nPlease CONCISELY answer the quest'
[WARNING] in lang en, index 2948: No tokens were selected by the answer mask for perplexity calculation, setting perplexity to 1.0.
Warning: Decoded text differs from trimmed prompt
  Trimmed prompt length: 273, Decoded text length: 271
[DEBUG] First difference at position 1: prompt='s', decoded='/'
[DEBUG] Context: prompt='<s>[INST] When a retrovirus inserted its DNA into the middle of a bacterial gene, it altered the normal reading frame by one base pair. This type of mutation is called\n\nPlease CONCISELY answer the ques', decoded='</s></s></s><s> [INST] When a retrovirus inserted its DNA into the middle of a bacterial gene, it altered the normal reading frame by one base pair. This type of mutation is called\n\nPlease CONCISELY an'
[WARNING] in lang en, index 2948: No tokens were selected by the answer mask for perplexity calculation, setting perplexity to 1.0.
Perplexity: Written 480/83348 entries to perplexity result file (batch 80/13892)
Processing batch 81/13892
Warning: Decoded text differs from trimmed prompt
  Trimmed prompt length: 300, Decoded text length: 325
[DEBUG] First difference at position 1: prompt='s', decoded='/'
[DEBUG] Context: prompt='<s>[INST] High levels of estrogen from maturing follicles inhibit the release of gonadotropin releasing hormone (GnRH). Which of the following endocrine glands produces GnRH?\n\nPlease CONCISELY answer t', decoded='</s></s></s></s></s></s></s></s></s></s></s></s></s></s></s></s></s></s></s></s></s></s></s></s></s></s></s></s></s></s></s></s></s></s></s></s></s></s></s><s> [INST] High levels of estrogen from matur'
Warning: Decoded text differs from trimmed prompt
  Trimmed prompt length: 300, Decoded text length: 315
[DEBUG] First difference at position 1: prompt='s', decoded='/'
[DEBUG] Context: prompt='<s>[INST] High levels of estrogen from maturing follicles inhibit the release of gonadotropin releasing hormone (GnRH). Which of the following endocrine glands produces GnRH?\n\nPlease CONCISELY answer t', decoded='</s></s></s></s></s></s></s></s></s></s></s></s></s></s></s></s></s></s></s></s></s></s></s></s></s></s></s></s></s></s></s></s></s></s></s></s></s></s></s></s><s> [INST] High levels of estrogen from m'
Warning: Decoded text differs from trimmed prompt
  Trimmed prompt length: 578, Decoded text length: 579
[DEBUG] First difference at position 3: prompt='[', decoded=' '
[DEBUG] Context: prompt='<s>[INST] Monkeys of South and Central America have prehensile tails, meaning that their tails can be used to grasp objects. The tails of African and Asian monkeys are not prehensile. Which discipline is', decoded='<s> [INST] Monkeys of South and Central America have prehensile tails, meaning that their tails can be used to grasp objects. The tails of African and Asian monkeys are not prehensile. Which discipline i'
[WARNING] in lang en, index 2952: No tokens were selected by the answer mask for perplexity calculation, setting perplexity to 1.0.
Warning: Decoded text differs from trimmed prompt
  Trimmed prompt length: 576, Decoded text length: 577
[DEBUG] First difference at position 3: prompt='[', decoded=' '
[DEBUG] Context: prompt='<s>[INST] Monkeys of South and Central America have prehensile tails, meaning that their tails can be used to grasp objects. The tails of African and Asian monkeys are not prehensile. Which discipline is', decoded='<s> [INST] Monkeys of South and Central America have prehensile tails, meaning that their tails can be used to grasp objects. The tails of African and Asian monkeys are not prehensile. Which discipline i'
[WARNING] in lang en, index 2952: No tokens were selected by the answer mask for perplexity calculation, setting perplexity to 1.0.
Warning: Decoded text differs from trimmed prompt
  Trimmed prompt length: 247, Decoded text length: 212
[DEBUG] First difference at position 1: prompt='s', decoded='/'
[DEBUG] Context: prompt='<s>[INST] Viruses are considered an exception to the cell theory because they\n\nPlease CONCISELY answer the question in English WITHOUT reasoning or explanation. [/INST]are not independent organisms, ma', decoded='</s></s></s></s></s></s></s></s></s></s></s></s></s></s></s></s></s></s></s></s></s></s></s></s></s></s></s></s></s></s></s></s></s></s></s></s></s></s></s></s></s></s></s></s></s></s></s></s></s></s><'
Warning: Decoded text differs from trimmed prompt
  Trimmed prompt length: 239, Decoded text length: 212
[DEBUG] First difference at position 1: prompt='s', decoded='/'
[DEBUG] Context: prompt='<s>[INST] Viruses are considered an exception to the cell theory because they\n\nPlease CONCISELY answer the question in English WITHOUT reasoning or explanation. [/INST]have only a few genes, making the', decoded='</s></s></s></s></s></s></s></s></s></s></s></s></s></s></s></s></s></s></s></s></s></s></s></s></s></s></s></s></s></s></s></s></s></s></s></s></s></s></s></s></s></s></s></s></s></s></s></s></s></s><'
Perplexity: Written 486/83348 entries to perplexity result file (batch 81/13892)
Processing batch 82/13892
Warning: Decoded text differs from trimmed prompt
  Trimmed prompt length: 334, Decoded text length: 300
[DEBUG] First difference at position 1: prompt='s', decoded='/'
[DEBUG] Context: prompt='<s>[INST] If a forest of fir, birch, and white spruce trees was devastated by fire, which of the following would most likely happen?\n\nPlease CONCISELY answer the question in English WITHOUT reasoning o', decoded='</s></s></s></s></s></s></s></s></s></s></s></s></s></s></s></s></s></s></s></s></s></s></s></s></s></s></s></s></s></s></s></s></s></s></s></s></s></s></s></s></s></s><s> [INST] If a forest of fir, bi'
[WARNING] in lang en, index 2955: No tokens were selected by the answer mask for perplexity calculation, setting perplexity to 1.0.
Warning: Decoded text differs from trimmed prompt
  Trimmed prompt length: 324, Decoded text length: 290
[DEBUG] First difference at position 1: prompt='s', decoded='/'
[DEBUG] Context: prompt='<s>[INST] If a forest of fir, birch, and white spruce trees was devastated by fire, which of the following would most likely happen?\n\nPlease CONCISELY answer the question in English WITHOUT reasoning o', decoded='</s></s></s></s></s></s></s></s></s></s></s></s></s></s></s></s></s></s></s></s></s></s></s></s></s></s></s></s></s></s></s></s></s></s></s></s></s></s></s></s></s></s></s><s> [INST] If a forest of fir'
[WARNING] in lang en, index 2955: No tokens were selected by the answer mask for perplexity calculation, setting perplexity to 1.0.
Warning: Decoded text differs from trimmed prompt
  Trimmed prompt length: 386, Decoded text length: 376
[DEBUG] First difference at position 1: prompt='s', decoded='/'
[DEBUG] Context: prompt='<s>[INST] Sickle cell anemia is a disease caused by the substitution of an incorrect nucleotide into the DNA sequence for a particular gene. The amino acids are still added to the growing protein chain', decoded='</s></s></s></s></s></s></s></s></s></s></s></s></s></s></s></s></s></s></s></s></s></s></s></s></s><s> [INST] Sickle cell anemia is a disease caused by the substitution of an incorrect nucleotide into'
[WARNING] in lang en, index 2956: No tokens were selected by the answer mask for perplexity calculation, setting perplexity to 1.0.
Warning: Decoded text differs from trimmed prompt
  Trimmed prompt length: 386, Decoded text length: 382
[DEBUG] First difference at position 1: prompt='s', decoded='/'
[DEBUG] Context: prompt='<s>[INST] Sickle cell anemia is a disease caused by the substitution of an incorrect nucleotide into the DNA sequence for a particular gene. The amino acids are still added to the growing protein chain', decoded='</s></s></s></s></s></s></s></s></s></s></s></s></s></s></s></s></s></s></s></s></s></s></s></s><s> [INST] Sickle cell anemia is a disease caused by the substitution of an incorrect nucleotide into the'
[WARNING] in lang en, index 2956: No tokens were selected by the answer mask for perplexity calculation, setting perplexity to 1.0.
Warning: Decoded text differs from trimmed prompt
  Trimmed prompt length: 543, Decoded text length: 544
[DEBUG] First difference at position 3: prompt='[', decoded=' '
[DEBUG] Context: prompt='<s>[INST] There are 40 individuals in population 1, all of which have genotype A1A1, and there are 25 individuals in population 2, all of genotype A2A2. Assume that these populations are located far from', decoded='<s> [INST] There are 40 individuals in population 1, all of which have genotype A1A1, and there are 25 individuals in population 2, all of genotype A2A2. Assume that these populations are located far fro'
[WARNING] in lang en, index 2957: No tokens were selected by the answer mask for perplexity calculation, setting perplexity to 1.0.
Warning: Decoded text differs from trimmed prompt
  Trimmed prompt length: 539, Decoded text length: 540
[DEBUG] First difference at position 3: prompt='[', decoded=' '
[DEBUG] Context: prompt='<s>[INST] There are 40 individuals in population 1, all of which have genotype A1A1, and there are 25 individuals in population 2, all of genotype A2A2. Assume that these populations are located far from', decoded='<s> [INST] There are 40 individuals in population 1, all of which have genotype A1A1, and there are 25 individuals in population 2, all of genotype A2A2. Assume that these populations are located far fro'
[WARNING] in lang en, index 2957: No tokens were selected by the answer mask for perplexity calculation, setting perplexity to 1.0.
Perplexity: Written 492/83348 entries to perplexity result file (batch 82/13892)
Processing batch 83/13892
Warning: Decoded text differs from trimmed prompt
  Trimmed prompt length: 768, Decoded text length: 769
[DEBUG] First difference at position 3: prompt='[', decoded=' '
[DEBUG] Context: prompt='<s>[INST] The end product of the alcohol fermentation pathway is the alcohol ethanol. A considerable amount of energy still remains in ethanol, yet ethanol is a waste product for the yeast cells that pro', decoded='<s> [INST] The end product of the alcohol fermentation pathway is the alcohol ethanol. A considerable amount of energy still remains in ethanol, yet ethanol is a waste product for the yeast cells that pr'
[WARNING] in lang en, index 2958: No tokens were selected by the answer mask for perplexity calculation, setting perplexity to 1.0.
Warning: Decoded text differs from trimmed prompt
  Trimmed prompt length: 742, Decoded text length: 747
[DEBUG] First difference at position 1: prompt='s', decoded='/'
[DEBUG] Context: prompt='<s>[INST] The end product of the alcohol fermentation pathway is the alcohol ethanol. A considerable amount of energy still remains in ethanol, yet ethanol is a waste product for the yeast cells that p', decoded='</s></s></s></s></s></s></s><s> [INST] The end product of the alcohol fermentation pathway is the alcohol ethanol. A considerable amount of energy still remains in ethanol, yet ethanol is a waste produ'
[WARNING] in lang en, index 2958: No tokens were selected by the answer mask for perplexity calculation, setting perplexity to 1.0.
Warning: Decoded text differs from trimmed prompt
  Trimmed prompt length: 363, Decoded text length: 324
[DEBUG] First difference at position 1: prompt='s', decoded='/'
[DEBUG] Context: prompt='<s>[INST] A cell is placed into a hypertonic environment and its cytoplasm shrivels up. This demonstrates the principle of\n\nPlease CONCISELY answer the question in English WITHOUT reasoning or explanat', decoded='</s></s></s></s></s></s></s></s></s></s></s></s></s></s></s></s></s></s></s></s></s></s></s></s></s></s></s></s></s></s></s></s></s></s></s></s></s></s></s></s></s></s></s></s></s></s></s></s></s></s><'
Warning: Decoded text differs from trimmed prompt
  Trimmed prompt length: 361, Decoded text length: 312
[DEBUG] First difference at position 1: prompt='s', decoded='/'
[DEBUG] Context: prompt='<s>[INST] A cell is placed into a hypertonic environment and its cytoplasm shrivels up. This demonstrates the principle of\n\nPlease CONCISELY answer the question in English WITHOUT reasoning or explanat', decoded='</s></s></s></s></s></s></s></s></s></s></s></s></s></s></s></s></s></s></s></s></s></s></s></s></s></s></s></s></s></s></s></s></s></s></s></s></s></s></s></s></s></s></s></s></s></s></s></s></s></s><'
Warning: Decoded text differs from trimmed prompt
  Trimmed prompt length: 403, Decoded text length: 368
[DEBUG] First difference at position 1: prompt='s', decoded='/'
[DEBUG] Context: prompt='<s>[INST] Compared to DNA viral replication, RNA viral replication is more susceptible to mutation because\n\nPlease CONCISELY answer the question in English WITHOUT reasoning or explanation. [/INST]The ', decoded='</s></s></s></s></s></s></s></s></s></s></s></s></s></s></s></s></s></s></s></s></s></s></s></s></s></s></s></s></s></s></s></s></s></s></s></s></s></s></s></s></s></s></s></s></s></s></s></s></s></s><'
Warning: Decoded text differs from trimmed prompt
  Trimmed prompt length: 417, Decoded text length: 390
[DEBUG] First difference at position 1: prompt='s', decoded='/'
[DEBUG] Context: prompt='<s>[INST] Compared to DNA viral replication, RNA viral replication is more susceptible to mutation because\n\nPlease CONCISELY answer the question in English WITHOUT reasoning or explanation. [/INST]The ', decoded='</s></s></s></s></s></s></s></s></s></s></s></s></s></s></s></s></s></s></s></s></s></s></s></s></s></s></s></s></s></s></s></s></s></s></s></s></s></s></s></s></s></s></s></s></s></s></s></s></s></s><'
Perplexity: Written 498/83348 entries to perplexity result file (batch 83/13892)
Processing batch 84/13892
Warning: Decoded text differs from trimmed prompt
  Trimmed prompt length: 389, Decoded text length: 390
[DEBUG] First difference at position 3: prompt='[', decoded=' '
[DEBUG] Context: prompt='<s>[INST] A child with type A B blood inherits an IA allele from one parent and an IB allele from the other. The child will carry both A and B glycoproteins on the surface of all red blood cells. This pa', decoded='<s> [INST] A child with type A B blood inherits an IA allele from one parent and an IB allele from the other. The child will carry both A and B glycoproteins on the surface of all red blood cells. This p'
[WARNING] in lang en, index 2961: No tokens were selected by the answer mask for perplexity calculation, setting perplexity to 1.0.
Warning: Decoded text differs from trimmed prompt
  Trimmed prompt length: 387, Decoded text length: 388
[DEBUG] First difference at position 1: prompt='s', decoded='/'
[DEBUG] Context: prompt='<s>[INST] A child with type A B blood inherits an IA allele from one parent and an IB allele from the other. The child will carry both A and B glycoproteins on the surface of all red blood cells. This ', decoded='</s><s> [INST] A child with type A B blood inherits an IA allele from one parent and an IB allele from the other. The child will carry both A and B glycoproteins on the surface of all red blood cells. '
[WARNING] in lang en, index 2961: No tokens were selected by the answer mask for perplexity calculation, setting perplexity to 1.0.
Warning: Decoded text differs from trimmed prompt
  Trimmed prompt length: 259, Decoded text length: 233
[DEBUG] First difference at position 1: prompt='s', decoded='/'
[DEBUG] Context: prompt='<s>[INST] In vertebrate embryos, which of the following developmental processes most directly results in the formation of the three primary germ layers?\n\nPlease CONCISELY answer the question in English', decoded='</s></s></s></s></s></s></s></s></s></s></s></s></s></s></s></s></s></s></s></s></s></s></s></s></s></s></s></s></s></s></s></s></s></s></s></s></s><s> [INST] In vertebrate embryos, which of the follow'
[WARNING] in lang en, index 2962: No tokens were selected by the answer mask for perplexity calculation, setting perplexity to 1.0.
Warning: Decoded text differs from trimmed prompt
  Trimmed prompt length: 258, Decoded text length: 233
[DEBUG] First difference at position 1: prompt='s', decoded='/'
[DEBUG] Context: prompt='<s>[INST] In vertebrate embryos, which of the following developmental processes most directly results in the formation of the three primary germ layers?\n\nPlease CONCISELY answer the question in English', decoded='</s></s></s></s></s></s></s></s></s></s></s></s></s></s></s></s></s></s></s></s></s></s></s></s></s></s></s></s></s></s></s></s></s></s></s></s></s><s> [INST] In vertebrate embryos, which of the follow'
[WARNING] in lang en, index 2962: No tokens were selected by the answer mask for perplexity calculation, setting perplexity to 1.0.
Warning: Decoded text differs from trimmed prompt
  Trimmed prompt length: 443, Decoded text length: 447
[DEBUG] First difference at position 1: prompt='s', decoded='/'
[DEBUG] Context: prompt='<s>[INST] DNA sequences in many human genes are very similar to the corresponding sequences in chimpanzees. Which statement gives the most likely explanation of this fact?\n\nPlease CONCISELY answer the ', decoded='</s></s><s> [INST] DNA sequences in many human genes are very similar to the corresponding sequences in chimpanzees. Which statement gives the most likely explanation of this fact?\n\nPlease CONCISELY an'
Warning: Decoded text differs from trimmed prompt
  Trimmed prompt length: 444, Decoded text length: 442
[DEBUG] First difference at position 1: prompt='s', decoded='/'
[DEBUG] Context: prompt='<s>[INST] DNA sequences in many human genes are very similar to the corresponding sequences in chimpanzees. Which statement gives the most likely explanation of this fact?\n\nPlease CONCISELY answer the ', decoded='</s></s></s><s> [INST] DNA sequences in many human genes are very similar to the corresponding sequences in chimpanzees. Which statement gives the most likely explanation of this fact?\n\nPlease CONCISEL'
Perplexity: Written 504/83348 entries to perplexity result file (batch 84/13892)
Processing batch 85/13892
Warning: Decoded text differs from trimmed prompt
  Trimmed prompt length: 600, Decoded text length: 601
[DEBUG] First difference at position 3: prompt='[', decoded=' '
[DEBUG] Context: prompt='<s>[INST] A large island is devastated by a volcanic eruption. Most of the horses die except for the heaviest males and heaviest females of the group. They survive, reproduce, and perpetuate the populati', decoded='<s> [INST] A large island is devastated by a volcanic eruption. Most of the horses die except for the heaviest males and heaviest females of the group. They survive, reproduce, and perpetuate the populat'
[WARNING] in lang en, index 2964: No tokens were selected by the answer mask for perplexity calculation, setting perplexity to 1.0.
Warning: Decoded text differs from trimmed prompt
  Trimmed prompt length: 579, Decoded text length: 579
[DEBUG] First difference at position 1: prompt='s', decoded='/'
[DEBUG] Context: prompt='<s>[INST] A large island is devastated by a volcanic eruption. Most of the horses die except for the heaviest males and heaviest females of the group. They survive, reproduce, and perpetuate the popula', decoded='</s></s></s><s> [INST] A large island is devastated by a volcanic eruption. Most of the horses die except for the heaviest males and heaviest females of the group. They survive, reproduce, and perpetua'
[WARNING] in lang en, index 2964: No tokens were selected by the answer mask for perplexity calculation, setting perplexity to 1.0.
Warning: Decoded text differs from trimmed prompt
  Trimmed prompt length: 383, Decoded text length: 287
[DEBUG] First difference at position 1: prompt='s', decoded='/'
[DEBUG] Context: prompt='<s>[INST] Natural selection changes allele frequencies in populations because some ____ survive and reproduce more successfully than others.\n\nPlease CONCISELY answer the question in English WITHOUT rea', decoded='</s></s></s></s></s></s></s></s></s></s></s></s></s></s></s></s></s></s></s></s></s></s></s></s></s></s></s></s></s></s></s></s></s></s></s></s></s></s></s></s></s></s></s></s></s></s></s></s></s></s><'
[WARNING] in lang en, index 2965: No tokens were selected by the answer mask for perplexity calculation, setting perplexity to 1.0.
Warning: Decoded text differs from trimmed prompt
  Trimmed prompt length: 379, Decoded text length: 298
[DEBUG] First difference at position 1: prompt='s', decoded='/'
[DEBUG] Context: prompt='<s>[INST] Natural selection changes allele frequencies in populations because some ____ survive and reproduce more successfully than others.\n\nPlease CONCISELY answer the question in English WITHOUT rea', decoded='</s></s></s></s></s></s></s></s></s></s></s></s></s></s></s></s></s></s></s></s></s></s></s></s></s></s></s></s></s></s></s></s></s></s></s></s></s></s></s></s></s></s></s></s></s></s></s></s></s></s><'
[WARNING] in lang en, index 2965: No tokens were selected by the answer mask for perplexity calculation, setting perplexity to 1.0.
Warning: Decoded text differs from trimmed prompt
  Trimmed prompt length: 276, Decoded text length: 278
[DEBUG] First difference at position 1: prompt='s', decoded='/'
[DEBUG] Context: prompt='<s>[INST] This process has as its products NADP+, ADP, and sugar.\n\nPlease CONCISELY answer the question in English WITHOUT reasoning or explanation. [/INST]The process you are referring to is likely Ca', decoded='</s></s></s></s></s></s></s></s></s></s></s></s></s></s></s></s></s></s></s></s></s></s></s></s></s></s></s></s></s></s></s></s></s></s></s></s></s></s></s></s></s></s></s></s></s></s></s></s></s></s><'
Warning: Decoded text differs from trimmed prompt
  Trimmed prompt length: 274, Decoded text length: 280
[DEBUG] First difference at position 1: prompt='s', decoded='/'
[DEBUG] Context: prompt='<s>[INST] This process has as its products NADP+, ADP, and sugar.\n\nPlease CONCISELY answer the question in English WITHOUT reasoning or explanation. [/INST]The process you are referring to is likely Gl', decoded='</s></s></s></s></s></s></s></s></s></s></s></s></s></s></s></s></s></s></s></s></s></s></s></s></s></s></s></s></s></s></s></s></s></s></s></s></s></s></s></s></s></s></s></s></s></s></s></s></s></s><'
Perplexity: Written 510/83348 entries to perplexity result file (batch 85/13892)
Processing batch 86/13892
Warning: Decoded text differs from trimmed prompt
  Trimmed prompt length: 206, Decoded text length: 188
[DEBUG] First difference at position 1: prompt='s', decoded='/'
[DEBUG] Context: prompt='<s>[INST] Warning coloration adopted by animals that possess a chemical defense mechanism.\n\nPlease CONCISELY answer the question in English WITHOUT reasoning or explanation. [/INST]Aposomatic coloratio', decoded='</s></s></s></s></s></s></s></s></s></s></s></s></s></s></s></s></s></s></s></s></s></s></s></s></s></s></s></s></s></s></s></s></s></s></s><s> [INST] Warning coloration adopted by animals'
Warning: Decoded text differs from trimmed prompt
  Trimmed prompt length: 201, Decoded text length: 188
[DEBUG] First difference at position 1: prompt='s', decoded='/'
[DEBUG] Context: prompt='<s>[INST] Warning coloration adopted by animals that possess a chemical defense mechanism.\n\nPlease CONCISELY answer the question in English WITHOUT reasoning or explanation. [/INST]Batesian mimicry</s>', decoded='</s></s></s></s></s></s></s></s></s></s></s></s></s></s></s></s></s></s></s></s></s></s></s></s></s></s></s></s></s></s></s></s></s></s></s><s> [INST] Warning coloration adopted by animals'
Warning: Decoded text differs from trimmed prompt
  Trimmed prompt length: 438, Decoded text length: 439
[DEBUG] First difference at position 3: prompt='[', decoded=' '
[DEBUG] Context: prompt='<s>[INST] Which of these evolutionary agents is most consistent at causing populations to become better suited to their environments over the course of generations?\n\nPlease CONCISELY answer the question ', decoded='<s> [INST] Which of these evolutionary agents is most consistent at causing populations to become better suited to their environments over the course of generations?\n\nPlease CONCISELY answer the question'
[WARNING] in lang en, index 2968: No tokens were selected by the answer mask for perplexity calculation, setting perplexity to 1.0.
Warning: Decoded text differs from trimmed prompt
  Trimmed prompt length: 429, Decoded text length: 430
[DEBUG] First difference at position 3: prompt='[', decoded=' '
[DEBUG] Context: prompt='<s>[INST] Which of these evolutionary agents is most consistent at causing populations to become better suited to their environments over the course of generations?\n\nPlease CONCISELY answer the question ', decoded='<s> [INST] Which of these evolutionary agents is most consistent at causing populations to become better suited to their environments over the course of generations?\n\nPlease CONCISELY answer the question'
[WARNING] in lang en, index 2968: No tokens were selected by the answer mask for perplexity calculation, setting perplexity to 1.0.
Warning: Decoded text differs from trimmed prompt
  Trimmed prompt length: 232, Decoded text length: 227
[DEBUG] First difference at position 1: prompt='s', decoded='/'
[DEBUG] Context: prompt='<s>[INST] The tandem back-and-forth evolution of closely related species, which is exemplified by predator-prey relationships.\n\nPlease CONCISELY answer the question in English WITHOUT reasoning or expl', decoded='</s></s></s></s></s></s></s></s></s></s></s></s></s></s></s></s></s></s></s></s></s></s></s></s></s><s> [INST] The tandem back-and-forth evolution of closely related species, which is exemplified by pr'
[WARNING] in lang en, index 2970: No tokens were selected by the answer mask for perplexity calculation, setting perplexity to 1.0.
Warning: Decoded text differs from trimmed prompt
  Trimmed prompt length: 240, Decoded text length: 225
[DEBUG] First difference at position 1: prompt='s', decoded='/'
[DEBUG] Context: prompt='<s>[INST] The tandem back-and-forth evolution of closely related species, which is exemplified by predator-prey relationships.\n\nPlease CONCISELY answer the question in English WITHOUT reasoning or expl', decoded='</s></s></s></s></s></s></s></s></s></s></s></s></s></s></s></s></s></s></s></s></s></s></s></s><s> [INST] The tandem back-and-forth evolution of closely related species, which is exemplified by predat'
[WARNING] in lang en, index 2970: No tokens were selected by the answer mask for perplexity calculation, setting perplexity to 1.0.
Perplexity: Written 516/83348 entries to perplexity result file (batch 86/13892)
Processing batch 87/13892
Warning: Decoded text differs from trimmed prompt
  Trimmed prompt length: 526, Decoded text length: 526
[DEBUG] First difference at position 1: prompt='s', decoded='/'
[DEBUG] Context: prompt='<s>[INST] In the process of generating ATP, hydrogen ions (H+, or protons) are transported across the inner mitochondrial membrane and the thylakoid membrane by a proton pump (an ATPase). You would exp', decoded='</s></s></s></s><s> [INST] In the process of generating ATP, hydrogen ions (H+, or protons) are transported across the inner mitochondrial membrane and the thylakoid membrane by a proton pump (an ATPas'
[WARNING] in lang en, index 2971: No tokens were selected by the answer mask for perplexity calculation, setting perplexity to 1.0.
Warning: Decoded text differs from trimmed prompt
  Trimmed prompt length: 540, Decoded text length: 541
[DEBUG] First difference at position 3: prompt='[', decoded=' '
[DEBUG] Context: prompt='<s>[INST] In the process of generating ATP, hydrogen ions (H+, or protons) are transported across the inner mitochondrial membrane and the thylakoid membrane by a proton pump (an ATPase). You would expec', decoded='<s> [INST] In the process of generating ATP, hydrogen ions (H+, or protons) are transported across the inner mitochondrial membrane and the thylakoid membrane by a proton pump (an ATPase). You would expe'
[WARNING] in lang en, index 2971: No tokens were selected by the answer mask for perplexity calculation, setting perplexity to 1.0.
Warning: Decoded text differs from trimmed prompt
  Trimmed prompt length: 312, Decoded text length: 283
[DEBUG] First difference at position 1: prompt='s', decoded='/'
[DEBUG] Context: prompt='<s>[INST] The base composition of DNA varies from one species to another. Which of the following ratios would you expect to remain constant in the DNA?\n\nPlease CONCISELY answer the question in English ', decoded='</s></s></s></s></s></s></s></s></s></s></s></s></s></s></s></s></s></s></s></s></s></s></s></s></s></s></s></s></s></s></s></s></s></s></s></s></s></s></s></s></s></s></s></s></s></s></s></s></s></s><'
Warning: Decoded text differs from trimmed prompt
  Trimmed prompt length: 310, Decoded text length: 278
[DEBUG] First difference at position 1: prompt='s', decoded='/'
[DEBUG] Context: prompt='<s>[INST] The base composition of DNA varies from one species to another. Which of the following ratios would you expect to remain constant in the DNA?\n\nPlease CONCISELY answer the question in English ', decoded='</s></s></s></s></s></s></s></s></s></s></s></s></s></s></s></s></s></s></s></s></s></s></s></s></s></s></s></s></s></s></s></s></s></s></s></s></s></s></s></s></s></s></s></s></s></s></s></s></s></s><'
Warning: Decoded text differs from trimmed prompt
  Trimmed prompt length: 241, Decoded text length: 260
[DEBUG] First difference at position 1: prompt='s', decoded='/'
[DEBUG] Context: prompt='<s>[INST] The primary site of glucose reabsorption is the\n\nPlease CONCISELY answer the question in English WITHOUT reasoning or explanation. [/INST]The primary site of glucose reabsorption is the proxi', decoded='</s></s></s></s></s></s></s></s></s></s></s></s></s></s></s></s></s></s></s></s></s></s></s></s></s></s></s></s></s></s></s></s></s></s></s></s></s></s></s></s></s></s></s></s></s></s></s></s></s></s><'
Warning: Decoded text differs from trimmed prompt
  Trimmed prompt length: 228, Decoded text length: 244
[DEBUG] First difference at position 1: prompt='s', decoded='/'
[DEBUG] Context: prompt='<s>[INST] The primary site of glucose reabsorption is the\n\nPlease CONCISELY answer the question in English WITHOUT reasoning or explanation. [/INST]The primary site of glucose reabsorption is the loop ', decoded='</s></s></s></s></s></s></s></s></s></s></s></s></s></s></s></s></s></s></s></s></s></s></s></s></s></s></s></s></s></s></s></s></s></s></s></s></s></s></s></s></s></s></s></s></s></s></s></s></s></s><'
Perplexity: Written 522/83348 entries to perplexity result file (batch 87/13892)
Processing batch 88/13892
Warning: Decoded text differs from trimmed prompt
  Trimmed prompt length: 480, Decoded text length: 481
[DEBUG] First difference at position 3: prompt='[', decoded=' '
[DEBUG] Context: prompt='<s>[INST] Which statement about natural selection is most correct?\n\nPlease CONCISELY answer the question in English WITHOUT reasoning or explanation. [/INST]Natural selection is a process in which indivi', decoded='<s> [INST] Which statement about natural selection is most correct?\n\nPlease CONCISELY answer the question in English WITHOUT reasoning or explanation. [/INST]Natural selection is a process in which indiv'
Warning: Decoded text differs from trimmed prompt
  Trimmed prompt length: 436, Decoded text length: 432
[DEBUG] First difference at position 1: prompt='s', decoded='/'
[DEBUG] Context: prompt='<s>[INST] Which statement about natural selection is most correct?\n\nPlease CONCISELY answer the question in English WITHOUT reasoning or explanation. [/INST]Natural selection is a process in which indi', decoded='</s></s></s></s></s></s></s></s></s></s></s><s> [INST] Which statement about natural selection is most correct?\n\nPlease CONCISELY answer the question in English WITHOUT reasoning or explanation. [/INST'
Warning: Decoded text differs from trimmed prompt
  Trimmed prompt length: 286, Decoded text length: 286
[DEBUG] First difference at position 1: prompt='s', decoded='/'
[DEBUG] Context: prompt='<s>[INST] This process couples the production of ATP with the movement of electrons down the electron transport chain by harnessing the driving force created by a proton gradient.\n\nPlease CONCISELY ans', decoded='</s></s></s></s></s></s></s></s></s></s></s></s></s></s></s></s></s></s></s></s></s></s></s></s></s></s></s></s></s></s></s></s></s></s><s> [INST] This process couples the production of ATP with the mo'
[WARNING] in lang en, index 2977: No tokens were selected by the answer mask for perplexity calculation, setting perplexity to 1.0.
Warning: Decoded text differs from trimmed prompt
  Trimmed prompt length: 286, Decoded text length: 276
[DEBUG] First difference at position 1: prompt='s', decoded='/'
[DEBUG] Context: prompt='<s>[INST] This process couples the production of ATP with the movement of electrons down the electron transport chain by harnessing the driving force created by a proton gradient.\n\nPlease CONCISELY ans', decoded='</s></s></s></s></s></s></s></s></s></s></s></s></s></s></s></s></s></s></s></s></s></s></s></s></s></s></s></s></s></s></s></s></s></s></s><s> [INST] This process couples the production of ATP with th'
[WARNING] in lang en, index 2977: No tokens were selected by the answer mask for perplexity calculation, setting perplexity to 1.0.
Warning: Decoded text differs from trimmed prompt
  Trimmed prompt length: 269, Decoded text length: 234
[DEBUG] First difference at position 1: prompt='s', decoded='/'
[DEBUG] Context: prompt='<s>[INST] London dispersion forces are caused by\n\nPlease CONCISELY answer the question in English WITHOUT reasoning or explanation. [/INST]London dispersion forces are caused by temporary dipoles creat', decoded='</s></s></s></s></s></s></s></s></s></s></s></s></s></s></s></s></s></s></s></s></s></s></s></s></s></s></s></s></s></s></s></s></s></s></s></s></s></s></s><s> [INST] London dispersion forces are cause'
Warning: Decoded text differs from trimmed prompt
  Trimmed prompt length: 262, Decoded text length: 234
[DEBUG] First difference at position 1: prompt='s', decoded='/'
[DEBUG] Context: prompt='<s>[INST] London dispersion forces are caused by\n\nPlease CONCISELY answer the question in English WITHOUT reasoning or explanation. [/INST]London dispersion forces are caused by the three-dimensional i', decoded='</s></s></s></s></s></s></s></s></s></s></s></s></s></s></s></s></s></s></s></s></s></s></s></s></s></s></s></s></s></s></s></s></s></s></s></s></s></s></s><s> [INST] London dispersion forces are cause'
Perplexity: Written 528/83348 entries to perplexity result file (batch 88/13892)
Processing batch 89/13892
Warning: Decoded text differs from trimmed prompt
  Trimmed prompt length: 342, Decoded text length: 309
[DEBUG] First difference at position 1: prompt='s', decoded='/'
[DEBUG] Context: prompt='<s>[INST] An unknown substance is found to have a high melting point. In addition, it is a poor conductor of electricity and does not dissolve in water. The substance most likely contains\n\nPlease CONCI', decoded='</s></s></s></s></s></s></s></s></s></s></s></s></s></s></s></s></s></s></s></s></s></s></s></s></s></s></s></s></s></s></s></s></s></s></s></s></s></s></s></s></s></s></s></s></s></s></s><s> [INST] An'
[WARNING] in lang en, index 2981: No tokens were selected by the answer mask for perplexity calculation, setting perplexity to 1.0.
Warning: Decoded text differs from trimmed prompt
  Trimmed prompt length: 334, Decoded text length: 292
[DEBUG] First difference at position 1: prompt='s', decoded='/'
[DEBUG] Context: prompt='<s>[INST] An unknown substance is found to have a high melting point. In addition, it is a poor conductor of electricity and does not dissolve in water. The substance most likely contains\n\nPlease CONCI', decoded='</s></s></s></s></s></s></s></s></s></s></s></s></s></s></s></s></s></s></s></s></s></s></s></s></s></s></s></s></s></s></s></s></s></s></s></s></s></s></s></s></s></s></s></s></s></s></s></s></s><s> ['
[WARNING] in lang en, index 2981: No tokens were selected by the answer mask for perplexity calculation, setting perplexity to 1.0.
Warning: Decoded text differs from trimmed prompt
  Trimmed prompt length: 247, Decoded text length: 220
[DEBUG] First difference at position 1: prompt='s', decoded='/'
[DEBUG] Context: prompt='<s>[INST] Monatomic ions of the representative elements are often\n\nPlease CONCISELY answer the question in English WITHOUT reasoning or explanation. [/INST]Monatomic ions of the representative elements', decoded='</s></s></s></s></s></s></s></s></s></s></s></s></s></s></s></s></s></s></s></s></s></s></s></s></s></s></s></s></s></s></s></s></s></s></s></s></s></s></s></s></s></s></s></s></s></s></s></s></s></s><'
Warning: Decoded text differs from trimmed prompt
  Trimmed prompt length: 231, Decoded text length: 196
[DEBUG] First difference at position 1: prompt='s', decoded='/'
[DEBUG] Context: prompt='<s>[INST] Monatomic ions of the representative elements are often\n\nPlease CONCISELY answer the question in English WITHOUT reasoning or explanation. [/INST]Monatomic ions of the representative elements', decoded='</s></s></s></s></s></s></s></s></s></s></s></s></s></s></s></s></s></s></s></s></s></s></s></s></s></s></s></s></s></s></s></s></s></s></s></s></s></s></s></s></s></s></s></s></s></s></s></s></s>'
[WARNING] in lang en, index 2985: No tokens were selected by the answer mask for perplexity calculation, setting perplexity to 1.0.
Warning: Decoded text differs from trimmed prompt
  Trimmed prompt length: 535, Decoded text length: 536
[DEBUG] First difference at position 3: prompt='[', decoded=' '
[DEBUG] Context: prompt="<s>[INST] Hund's rule requires that\n\nPlease CONCISELY answer the question in English WITHOUT reasoning or explanation. [/INST]Hund's rule states that in a multi-electron atom, electrons occupy the lowest", decoded="<s> [INST] Hund's rule requires that\n\nPlease CONCISELY answer the question in English WITHOUT reasoning or explanation. [/INST]Hund's rule states that in a multi-electron atom, electrons occupy the lowes"
Warning: Decoded text differs from trimmed prompt
  Trimmed prompt length: 498, Decoded text length: 491
[DEBUG] First difference at position 1: prompt='s', decoded='/'
[DEBUG] Context: prompt="<s>[INST] Hund's rule requires that\n\nPlease CONCISELY answer the question in English WITHOUT reasoning or explanation. [/INST]Hund's rule states that in a multi-electron atom, electrons occupy the lowe", decoded="</s></s></s></s></s></s></s></s></s><s> [INST] Hund's rule requires that\n\nPlease CONCISELY answer the question in English WITHOUT reasoning or explanation. [/INST]Hund's rule states that in a multi-ele"
[WARNING] in lang en, index 2986: No tokens were selected by the answer mask for perplexity calculation, setting perplexity to 1.0.
Perplexity: Written 534/83348 entries to perplexity result file (batch 89/13892)
Processing batch 90/13892
Warning: Decoded text differs from trimmed prompt
  Trimmed prompt length: 456, Decoded text length: 452
[DEBUG] First difference at position 1: prompt='s', decoded='/'
[DEBUG] Context: prompt='<s>[INST] Sulfurous acid is a weak acid, while sulfuric acid is a much stronger acid because\n\nPlease CONCISELY answer the question in English WITHOUT reasoning or explanation. [/INST]Sulfurous acid is ', decoded='</s></s></s></s></s></s></s></s></s></s></s></s></s></s></s></s></s></s></s></s></s><s> [INST] Sulfurous acid is a weak acid, while sulfuric acid is a much stronger acid because\n\nPlease CONCISELY answe'
Warning: Decoded text differs from trimmed prompt
  Trimmed prompt length: 368, Decoded text length: 359
[DEBUG] First difference at position 1: prompt='s', decoded='/'
[DEBUG] Context: prompt='<s>[INST] Sulfurous acid is a weak acid, while sulfuric acid is a much stronger acid because\n\nPlease CONCISELY answer the question in English WITHOUT reasoning or explanation. [/INST]Sulfurous acid is ', decoded='</s></s></s></s></s></s></s></s></s></s></s></s></s></s></s></s></s></s></s></s></s></s></s></s></s></s></s></s></s></s></s></s></s></s></s></s></s></s></s></s></s></s></s></s></s><s> [INST] Sulfurous '
Warning: Decoded text differs from trimmed prompt
  Trimmed prompt length: 450, Decoded text length: 456
[DEBUG] First difference at position 1: prompt='s', decoded='/'
[DEBUG] Context: prompt='<s>[INST] Hydrogen fluoride, HF, is a liquid at 15°C. All other hydrogen halides (represented by HX, where X is any other halogen) are gases at the same temperature. Why?\n\nPlease CONCISELY answer the q', decoded='</s></s></s></s></s></s></s><s> [INST] Hydrogen fluoride, HF, is a liquid at 15°C. All other hydrogen halides (represented by HX, where X is any other halogen) are gases at the same temperature. Why?\n\n'
Warning: Decoded text differs from trimmed prompt
  Trimmed prompt length: 459, Decoded text length: 460
[DEBUG] First difference at position 3: prompt='[', decoded=' '
[DEBUG] Context: prompt='<s>[INST] Hydrogen fluoride, HF, is a liquid at 15°C. All other hydrogen halides (represented by HX, where X is any other halogen) are gases at the same temperature. Why?\n\nPlease CONCISELY answer the que', decoded='<s> [INST] Hydrogen fluoride, HF, is a liquid at 15°C. All other hydrogen halides (represented by HX, where X is any other halogen) are gases at the same temperature. Why?\n\nPlease CONCISELY answer the qu'
Warning: Decoded text differs from trimmed prompt
  Trimmed prompt length: 370, Decoded text length: 382
[DEBUG] First difference at position 1: prompt='s', decoded='/'
[DEBUG] Context: prompt='<s>[INST] A sample of liquid NH3 is brought to its boiling point. Which of the following occurs during the boiling process?\n\nPlease CONCISELY answer the question in English WITHOUT reasoning or explana', decoded='</s></s></s></s></s></s></s></s></s></s></s></s></s></s></s></s></s></s></s></s></s></s></s></s></s></s></s></s></s></s></s></s></s></s></s></s></s></s></s></s></s></s></s></s><s> [INST] A sample of li'
Warning: Decoded text differs from trimmed prompt
  Trimmed prompt length: 350, Decoded text length: 382
[DEBUG] First difference at position 1: prompt='s', decoded='/'
[DEBUG] Context: prompt='<s>[INST] A sample of liquid NH3 is brought to its boiling point. Which of the following occurs during the boiling process?\n\nPlease CONCISELY answer the question in English WITHOUT reasoning or explana', decoded='</s></s></s></s></s></s></s></s></s></s></s></s></s></s></s></s></s></s></s></s></s></s></s></s></s></s></s></s></s></s></s></s></s></s></s></s></s></s></s></s></s></s></s></s><s> [INST] A sample of li'
Perplexity: Written 540/83348 entries to perplexity result file (batch 90/13892)
Processing batch 91/13892
Warning: Decoded text differs from trimmed prompt
  Trimmed prompt length: 258, Decoded text length: 259
[DEBUG] First difference at position 3: prompt='[', decoded=' '
[DEBUG] Context: prompt='<s>[INST] A student has a liter of a 0.100 M solution of a strong acid. To prepare a buffer, this should be mixed with\n\nPlease CONCISELY answer the question in English WITHOUT reasoning or explanation. [', decoded='<s> [INST] A student has a liter of a 0.100 M solution of a strong acid. To prepare a buffer, this should be mixed with\n\nPlease CONCISELY answer the question in English WITHOUT reasoning or explanation. '
[WARNING] in lang en, index 2994: No tokens were selected by the answer mask for perplexity calculation, setting perplexity to 1.0.
Warning: Decoded text differs from trimmed prompt
  Trimmed prompt length: 260, Decoded text length: 261
[DEBUG] First difference at position 3: prompt='[', decoded=' '
[DEBUG] Context: prompt='<s>[INST] A student has a liter of a 0.100 M solution of a strong acid. To prepare a buffer, this should be mixed with\n\nPlease CONCISELY answer the question in English WITHOUT reasoning or explanation. [', decoded='<s> [INST] A student has a liter of a 0.100 M solution of a strong acid. To prepare a buffer, this should be mixed with\n\nPlease CONCISELY answer the question in English WITHOUT reasoning or explanation. '
[WARNING] in lang en, index 2994: No tokens were selected by the answer mask for perplexity calculation, setting perplexity to 1.0.
Warning: Decoded text differs from trimmed prompt
  Trimmed prompt length: 310, Decoded text length: 302
[DEBUG] First difference at position 1: prompt='s', decoded='/'
[DEBUG] Context: prompt='<s>[INST] A mechanism is a sequence of elementary reactions that add up to the overall reaction stoichiometry. A substance that is produced in one elementary reaction and consumed in another is called\n', decoded='</s></s></s></s></s></s></s></s></s></s></s><s> [INST] A mechanism is a sequence of elementary reactions that add up to the overall reaction stoichiometry. A substance that is produced in one elementar'
[WARNING] in lang en, index 2997: No tokens were selected by the answer mask for perplexity calculation, setting perplexity to 1.0.
Warning: Decoded text differs from trimmed prompt
  Trimmed prompt length: 305, Decoded text length: 311
[DEBUG] First difference at position 1: prompt='s', decoded='/'
[DEBUG] Context: prompt='<s>[INST] A mechanism is a sequence of elementary reactions that add up to the overall reaction stoichiometry. A substance that is produced in one elementary reaction and consumed in another is called\n', decoded='</s></s></s></s></s></s></s></s></s></s><s> [INST] A mechanism is a sequence of elementary reactions that add up to the overall reaction stoichiometry. A substance that is produced in one elementary re'
[WARNING] in lang en, index 2997: No tokens were selected by the answer mask for perplexity calculation, setting perplexity to 1.0.
Warning: Decoded text differs from trimmed prompt
  Trimmed prompt length: 243, Decoded text length: 247
[DEBUG] First difference at position 1: prompt='s', decoded='/'
[DEBUG] Context: prompt='<s>[INST] Three half-lives after an isotope is prepared,\n\nPlease CONCISELY answer the question in English WITHOUT reasoning or explanation. [/INST]After three half-lives, the remaining amount of the is', decoded='</s></s></s></s><s> [INST] Three half-lives after an isotope is prepared,\n\nPlease CONCISELY answer the question in English WITHOUT reasoning or explanation. [/INST]After three half-lives, the remaining'
Warning: Decoded text differs from trimmed prompt
  Trimmed prompt length: 243, Decoded text length: 247
[DEBUG] First difference at position 1: prompt='s', decoded='/'
[DEBUG] Context: prompt='<s>[INST] Three half-lives after an isotope is prepared,\n\nPlease CONCISELY answer the question in English WITHOUT reasoning or explanation. [/INST]After three half-lives, the remaining amount of the is', decoded='</s></s></s></s><s> [INST] Three half-lives after an isotope is prepared,\n\nPlease CONCISELY answer the question in English WITHOUT reasoning or explanation. [/INST]After three half-lives, the remaining'
Perplexity: Written 546/83348 entries to perplexity result file (batch 91/13892)
Processing batch 92/13892
Warning: Decoded text differs from trimmed prompt
  Trimmed prompt length: 281, Decoded text length: 255
[DEBUG] First difference at position 1: prompt='s', decoded='/'
[DEBUG] Context: prompt='<s>[INST] The rate law may be written using stoichiometric coefficients for which of the following?\n\nPlease CONCISELY answer the question in English WITHOUT reasoning or explanation. [/INST]The rate la', decoded='</s></s></s></s></s></s></s></s></s></s></s></s></s></s></s></s><s> [INST] The rate law may be written using stoichiometric coefficients for which of the following?\n\nPlease CONCISELY answer the questio'
[WARNING] in lang en, index 3003: No tokens were selected by the answer mask for perplexity calculation, setting perplexity to 1.0.
Warning: Decoded text differs from trimmed prompt
  Trimmed prompt length: 281, Decoded text length: 263
[DEBUG] First difference at position 1: prompt='s', decoded='/'
[DEBUG] Context: prompt='<s>[INST] The rate law may be written using stoichiometric coefficients for which of the following?\n\nPlease CONCISELY answer the question in English WITHOUT reasoning or explanation. [/INST]The rate la', decoded='</s></s></s></s></s></s></s></s></s></s></s></s></s></s><s> [INST] The rate law may be written using stoichiometric coefficients for which of the following?\n\nPlease CONCISELY answer the question in Eng'
[WARNING] in lang en, index 3003: No tokens were selected by the answer mask for perplexity calculation, setting perplexity to 1.0.
Warning: Decoded text differs from trimmed prompt
  Trimmed prompt length: 292, Decoded text length: 283
[DEBUG] First difference at position 1: prompt='s', decoded='/'
[DEBUG] Context: prompt='<s>[INST] A liquid element that is a dark-colored, nonconducting substance at room temperature is\n\nPlease CONCISELY answer the question in English WITHOUT reasoning or explanation. [/INST]The correct a', decoded='</s></s></s></s></s></s></s><s> [INST] A liquid element that is a dark-colored, nonconducting substance at room temperature is\n\nPlease CONCISELY answer the question in English WITHOUT reasoning or expl'
Warning: Decoded text differs from trimmed prompt
  Trimmed prompt length: 291, Decoded text length: 282
[DEBUG] First difference at position 1: prompt='s', decoded='/'
[DEBUG] Context: prompt='<s>[INST] A liquid element that is a dark-colored, nonconducting substance at room temperature is\n\nPlease CONCISELY answer the question in English WITHOUT reasoning or explanation. [/INST]The correct a', decoded='</s></s></s></s></s></s></s><s> [INST] A liquid element that is a dark-colored, nonconducting substance at room temperature is\n\nPlease CONCISELY answer the question in English WITHOUT reasoning or expl'
Warning: Decoded text differs from trimmed prompt
  Trimmed prompt length: 366, Decoded text length: 367
[DEBUG] First difference at position 3: prompt='[', decoded=' '
[DEBUG] Context: prompt='<s>[INST] The ideal gas law is successful for most gases because\n\nPlease CONCISELY answer the question in English WITHOUT reasoning or explanation. [/INST]The ideal gas law is successful for most gases b', decoded='<s> [INST] The ideal gas law is successful for most gases because\n\nPlease CONCISELY answer the question in English WITHOUT reasoning or explanation. [/INST]The ideal gas law is successful for most gases '
Warning: Decoded text differs from trimmed prompt
  Trimmed prompt length: 339, Decoded text length: 340
[DEBUG] First difference at position 1: prompt='s', decoded='/'
[DEBUG] Context: prompt='<s>[INST] The ideal gas law is successful for most gases because\n\nPlease CONCISELY answer the question in English WITHOUT reasoning or explanation. [/INST]The ideal gas law is successful for most gases', decoded='</s><s> [INST] The ideal gas law is successful for most gases because\n\nPlease CONCISELY answer the question in English WITHOUT reasoning or explanation. [/INST]The ideal gas law is successful for most '
Perplexity: Written 552/83348 entries to perplexity result file (batch 92/13892)
Processing batch 93/13892
Warning: Decoded text differs from trimmed prompt
  Trimmed prompt length: 188, Decoded text length: 181
[DEBUG] First difference at position 1: prompt='s', decoded='/'
[DEBUG] Context: prompt='<s>[INST] What is an alpha particle?\n\nPlease CONCISELY answer the question in English WITHOUT reasoning or explanation. [/INST]An alpha particle is a another name for a helium nucleus.</s>', decoded='</s></s></s></s></s></s></s></s></s></s></s></s></s></s></s></s></s></s></s></s></s></s></s></s></s></s></s></s></s></s></s></s></s></s><s> [INST] What is an alpha particle?\n\nPlease'
Warning: Decoded text differs from trimmed prompt
  Trimmed prompt length: 182, Decoded text length: 169
[DEBUG] First difference at position 1: prompt='s', decoded='/'
[DEBUG] Context: prompt='<s>[INST] What is an alpha particle?\n\nPlease CONCISELY answer the question in English WITHOUT reasoning or explanation. [/INST]An alpha particle is a another name for a positron.</s>', decoded='</s></s></s></s></s></s></s></s></s></s></s></s></s></s></s></s></s></s></s></s></s></s></s></s></s></s></s></s></s></s></s></s></s></s></s></s></s><s> [INST] What is an'
Warning: Decoded text differs from trimmed prompt
  Trimmed prompt length: 295, Decoded text length: 299
[DEBUG] First difference at position 1: prompt='s', decoded='/'
[DEBUG] Context: prompt='<s>[INST] Your supervisor asks you to determine the enthalpy of a certain chemical reaction. Which would you do?\n\nPlease CONCISELY answer the question in English WITHOUT reasoning or explanation. [/INS', decoded='</s></s></s></s></s></s></s></s></s></s></s><s> [INST] Your supervisor asks you to determine the enthalpy of a certain chemical reaction. Which would you do?\n\nPlease CONCISELY answer the question in En'
Warning: Decoded text differs from trimmed prompt
  Trimmed prompt length: 334, Decoded text length: 335
[DEBUG] First difference at position 3: prompt='[', decoded=' '
[DEBUG] Context: prompt='<s>[INST] Your supervisor asks you to determine the enthalpy of a certain chemical reaction. Which would you do?\n\nPlease CONCISELY answer the question in English WITHOUT reasoning or explanation. [/INST]', decoded='<s> [INST] Your supervisor asks you to determine the enthalpy of a certain chemical reaction. Which would you do?\n\nPlease CONCISELY answer the question in English WITHOUT reasoning or explanation. [/INST'
Warning: Decoded text differs from trimmed prompt
  Trimmed prompt length: 337, Decoded text length: 331
[DEBUG] First difference at position 1: prompt='s', decoded='/'
[DEBUG] Context: prompt='<s>[INST] The bond length between any two nonmetal atoms is achieved under which of the following conditions?\n\nPlease CONCISELY answer the question in English WITHOUT reasoning or explanation. [/INST]T', decoded='</s></s></s></s></s></s></s></s></s></s><s> [INST] The bond length between any two nonmetal atoms is achieved under which of the following conditions?\n\nPlease CONCISELY answer the question in English W'
Warning: Decoded text differs from trimmed prompt
  Trimmed prompt length: 362, Decoded text length: 365
[DEBUG] First difference at position 1: prompt='s', decoded='/'
[DEBUG] Context: prompt='<s>[INST] The bond length between any two nonmetal atoms is achieved under which of the following conditions?\n\nPlease CONCISELY answer the question in English WITHOUT reasoning or explanation. [/INST]T', decoded='</s></s></s><s> [INST] The bond length between any two nonmetal atoms is achieved under which of the following conditions?\n\nPlease CONCISELY answer the question in English WITHOUT reasoning or explanat'
Perplexity: Written 558/83348 entries to perplexity result file (batch 93/13892)
Processing batch 94/13892
Warning: Decoded text differs from trimmed prompt
  Trimmed prompt length: 779, Decoded text length: 780
[DEBUG] First difference at position 3: prompt='[', decoded=' '
[DEBUG] Context: prompt='<s>[INST] There are a number of experiments for the determination of the molecular mass of a gas. One method begins by heating a solid or liquid in a flask to produce a gaseous product. The gas passes th', decoded='<s> [INST] There are a number of experiments for the determination of the molecular mass of a gas. One method begins by heating a solid or liquid in a flask to produce a gaseous product. The gas passes t'
[WARNING] in lang en, index 3011: No tokens were selected by the answer mask for perplexity calculation, setting perplexity to 1.0.
Warning: Decoded text differs from trimmed prompt
  Trimmed prompt length: 780, Decoded text length: 781
[DEBUG] First difference at position 3: prompt='[', decoded=' '
[DEBUG] Context: prompt='<s>[INST] There are a number of experiments for the determination of the molecular mass of a gas. One method begins by heating a solid or liquid in a flask to produce a gaseous product. The gas passes th', decoded='<s> [INST] There are a number of experiments for the determination of the molecular mass of a gas. One method begins by heating a solid or liquid in a flask to produce a gaseous product. The gas passes t'
[WARNING] in lang en, index 3011: No tokens were selected by the answer mask for perplexity calculation, setting perplexity to 1.0.
Warning: Decoded text differs from trimmed prompt
  Trimmed prompt length: 370, Decoded text length: 325
[DEBUG] First difference at position 1: prompt='s', decoded='/'
[DEBUG] Context: prompt='<s>[INST] The melting point of straight-chain hydrocarbons increases as the number of carbon atoms increase. The reason for this is the\n\nPlease CONCISELY answer the question in English WITHOUT reasonin', decoded='</s></s></s></s></s></s></s></s></s></s></s></s></s></s></s></s></s></s></s></s></s></s></s></s></s></s></s></s></s></s></s></s></s></s></s></s></s></s></s></s></s></s></s></s></s></s></s></s></s></s><'
Warning: Decoded text differs from trimmed prompt
  Trimmed prompt length: 360, Decoded text length: 316
[DEBUG] First difference at position 1: prompt='s', decoded='/'
[DEBUG] Context: prompt='<s>[INST] The melting point of straight-chain hydrocarbons increases as the number of carbon atoms increase. The reason for this is the\n\nPlease CONCISELY answer the question in English WITHOUT reasonin', decoded='</s></s></s></s></s></s></s></s></s></s></s></s></s></s></s></s></s></s></s></s></s></s></s></s></s></s></s></s></s></s></s></s></s></s></s></s></s></s></s></s></s></s></s></s></s></s></s></s></s></s><'
Warning: Decoded text differs from trimmed prompt
  Trimmed prompt length: 279, Decoded text length: 268
[DEBUG] First difference at position 1: prompt='s', decoded='/'
[DEBUG] Context: prompt='<s>[INST] Which would be the easiest way to burn an iron nail?\n\nPlease CONCISELY answer the question in English WITHOUT reasoning or explanation. [/INST]The easiest way to burn an iron nail is grind th', decoded='</s></s></s></s></s></s></s></s></s></s></s></s></s></s></s></s></s></s></s></s></s></s></s></s></s></s></s></s></s></s></s></s></s></s></s></s></s></s></s></s></s></s></s></s></s></s></s></s></s></s><'
Warning: Decoded text differs from trimmed prompt
  Trimmed prompt length: 241, Decoded text length: 236
[DEBUG] First difference at position 1: prompt='s', decoded='/'
[DEBUG] Context: prompt='<s>[INST] Which would be the easiest way to burn an iron nail?\n\nPlease CONCISELY answer the question in English WITHOUT reasoning or explanation. [/INST]The easiest way to burn an iron nail is dissolve', decoded='</s></s></s></s></s></s></s></s></s></s></s></s></s></s></s></s></s></s></s></s></s></s></s></s></s></s></s></s></s></s></s></s></s></s></s></s></s></s></s></s></s></s></s></s></s></s></s></s></s></s><'
Perplexity: Written 564/83348 entries to perplexity result file (batch 94/13892)
Processing batch 95/13892
Warning: Decoded text differs from trimmed prompt
  Trimmed prompt length: 342, Decoded text length: 312
[DEBUG] First difference at position 1: prompt='s', decoded='/'
[DEBUG] Context: prompt='<s>[INST] The relationship between the vapor pressure of a liquid and the heat of vaporization is expressed in the\n\nPlease CONCISELY answer the question in English WITHOUT reasoning or explanation. [/I', decoded='</s></s></s></s></s></s></s></s></s></s></s></s></s></s></s></s></s></s></s></s></s></s></s></s></s></s></s></s></s></s></s></s></s></s></s></s></s></s></s></s></s></s></s></s></s></s></s></s></s></s><'
Warning: Decoded text differs from trimmed prompt
  Trimmed prompt length: 333, Decoded text length: 292
[DEBUG] First difference at position 1: prompt='s', decoded='/'
[DEBUG] Context: prompt='<s>[INST] The relationship between the vapor pressure of a liquid and the heat of vaporization is expressed in the\n\nPlease CONCISELY answer the question in English WITHOUT reasoning or explanation. [/I', decoded='</s></s></s></s></s></s></s></s></s></s></s></s></s></s></s></s></s></s></s></s></s></s></s></s></s></s></s></s></s></s></s></s></s></s></s></s></s></s></s></s></s></s></s></s></s></s></s></s></s></s><'
[WARNING] in lang en, index 3018: No tokens were selected by the answer mask for perplexity calculation, setting perplexity to 1.0.
Warning: Decoded text differs from trimmed prompt
  Trimmed prompt length: 751, Decoded text length: 752
[DEBUG] First difference at position 3: prompt='[', decoded=' '
[DEBUG] Context: prompt='<s>[INST] Radon is a health hazard because\n\nPlease CONCISELY answer the question in English WITHOUT reasoning or explanation. [/INST]Radon is a radioactive gas that can increase the risk of lung cancer w', decoded='<s> [INST] Radon is a health hazard because\n\nPlease CONCISELY answer the question in English WITHOUT reasoning or explanation. [/INST]Radon is a radioactive gas that can increase the risk of lung cancer '
[WARNING] in lang en, index 3024: No tokens were selected by the answer mask for perplexity calculation, setting perplexity to 1.0.
Warning: Decoded text differs from trimmed prompt
  Trimmed prompt length: 748, Decoded text length: 749
[DEBUG] First difference at position 1: prompt='s', decoded='/'
[DEBUG] Context: prompt='<s>[INST] Radon is a health hazard because\n\nPlease CONCISELY answer the question in English WITHOUT reasoning or explanation. [/INST]Radon is a radioactive gas that can increase the risk of lung cancer', decoded='</s><s> [INST] Radon is a health hazard because\n\nPlease CONCISELY answer the question in English WITHOUT reasoning or explanation. [/INST]Radon is a radioactive gas that can increase the risk of lung c'
[WARNING] in lang en, index 3024: No tokens were selected by the answer mask for perplexity calculation, setting perplexity to 1.0.
Warning: Decoded text differs from trimmed prompt
  Trimmed prompt length: 265, Decoded text length: 296
[DEBUG] First difference at position 1: prompt='s', decoded='/'
[DEBUG] Context: prompt='<s>[INST] Each resonance form of the nitrate ion, NO3-, has how many sigma and how many pi bonds?\n\nPlease CONCISELY answer the question in English WITHOUT reasoning or explanation. [/INST]Each resonanc', decoded='</s></s></s></s></s></s></s></s></s></s></s></s></s></s></s></s></s></s></s></s></s></s></s></s></s></s></s></s></s></s></s></s></s></s></s></s></s></s></s></s></s></s></s></s></s></s></s></s></s></s><'
Warning: Decoded text differs from trimmed prompt
  Trimmed prompt length: 265, Decoded text length: 296
[DEBUG] First difference at position 1: prompt='s', decoded='/'
[DEBUG] Context: prompt='<s>[INST] Each resonance form of the nitrate ion, NO3-, has how many sigma and how many pi bonds?\n\nPlease CONCISELY answer the question in English WITHOUT reasoning or explanation. [/INST]Each resonanc', decoded='</s></s></s></s></s></s></s></s></s></s></s></s></s></s></s></s></s></s></s></s></s></s></s></s></s></s></s></s></s></s></s></s></s></s></s></s></s></s></s></s></s></s></s></s></s></s></s></s></s></s><'
Perplexity: Written 570/83348 entries to perplexity result file (batch 95/13892)
Processing batch 96/13892
Warning: Decoded text differs from trimmed prompt
  Trimmed prompt length: 334, Decoded text length: 337
[DEBUG] First difference at position 1: prompt='s', decoded='/'
[DEBUG] Context: prompt='<s>[INST] A certain radioactive material has a half-life of 36 minutes. Starting with 10.00 grams of this material, how many grams will be left after 2 hours?\n\nPlease CONCISELY answer the question in E', decoded='</s></s></s></s></s><s> [INST] A certain radioactive material has a half-life of 36 minutes. Starting with 10.00 grams of this material, how many grams will be left after 2 hours?\n\nPlease CONCISELY ans'
Warning: Decoded text differs from trimmed prompt
  Trimmed prompt length: 341, Decoded text length: 342
[DEBUG] First difference at position 3: prompt='[', decoded=' '
[DEBUG] Context: prompt='<s>[INST] A certain radioactive material has a half-life of 36 minutes. Starting with 10.00 grams of this material, how many grams will be left after 2 hours?\n\nPlease CONCISELY answer the question in Eng', decoded='<s> [INST] A certain radioactive material has a half-life of 36 minutes. Starting with 10.00 grams of this material, how many grams will be left after 2 hours?\n\nPlease CONCISELY answer the question in En'
Warning: Decoded text differs from trimmed prompt
  Trimmed prompt length: 365, Decoded text length: 372
[DEBUG] First difference at position 1: prompt='s', decoded='/'
[DEBUG] Context: prompt='<s>[INST] Consider the Lewis structures for the following molecules: CO2, CO32-, NO2-, and NO3-. Which molecule or molecules exhibit sp2 hybridization around the central atom?\n\nPlease CONCISELY answer ', decoded='</s></s></s></s><s> [INST] Consider the Lewis structures for the following molecules: CO2, CO32-, NO2-, and NO3-. Which molecule or molecules exhibit sp2 hybridization around the central atom?\n\nPlease '
[WARNING] in lang en, index 3032: No tokens were selected by the answer mask for perplexity calculation, setting perplexity to 1.0.
Warning: Decoded text differs from trimmed prompt
  Trimmed prompt length: 357, Decoded text length: 371
[DEBUG] First difference at position 1: prompt='s', decoded='/'
[DEBUG] Context: prompt='<s>[INST] Consider the Lewis structures for the following molecules: CO2, CO32-, NO2-, and NO3-. Which molecule or molecules exhibit sp2 hybridization around the central atom?\n\nPlease CONCISELY answer ', decoded='</s></s></s></s></s></s></s></s><s> [INST] Consider the Lewis structures for the following molecules: CO2, CO32-, NO2-, and NO3-. Which molecule or molecules exhibit sp2 hybridization around the centra'
[WARNING] in lang en, index 3032: No tokens were selected by the answer mask for perplexity calculation, setting perplexity to 1.0.
Warning: Decoded text differs from trimmed prompt
  Trimmed prompt length: 252, Decoded text length: 250
[DEBUG] First difference at position 1: prompt='s', decoded='/'
[DEBUG] Context: prompt='<s>[INST] The photoelectron spectrum of carbon has three equally sized peaks. What peak is at the lowest energy?\n\nPlease CONCISELY answer the question in English WITHOUT reasoning or explanation. [/INS', decoded='</s></s></s></s></s></s></s></s></s></s></s></s></s></s></s></s></s></s></s></s></s></s></s></s></s></s></s></s></s></s></s></s></s></s><s> [INST] The photoelectron spectrum of carbon has three equally'
[WARNING] in lang en, index 3033: No tokens were selected by the answer mask for perplexity calculation, setting perplexity to 1.0.
Warning: Decoded text differs from trimmed prompt
  Trimmed prompt length: 252, Decoded text length: 250
[DEBUG] First difference at position 1: prompt='s', decoded='/'
[DEBUG] Context: prompt='<s>[INST] The photoelectron spectrum of carbon has three equally sized peaks. What peak is at the lowest energy?\n\nPlease CONCISELY answer the question in English WITHOUT reasoning or explanation. [/INS', decoded='</s></s></s></s></s></s></s></s></s></s></s></s></s></s></s></s></s></s></s></s></s></s></s></s></s></s></s></s></s></s></s></s></s></s><s> [INST] The photoelectron spectrum of carbon has three equally'
[WARNING] in lang en, index 3033: No tokens were selected by the answer mask for perplexity calculation, setting perplexity to 1.0.
Perplexity: Written 576/83348 entries to perplexity result file (batch 96/13892)
Processing batch 97/13892
Warning: Decoded text differs from trimmed prompt
  Trimmed prompt length: 221, Decoded text length: 240
[DEBUG] First difference at position 1: prompt='s', decoded='/'
[DEBUG] Context: prompt='<s>[INST] The electrolysis of molten magnesium bromide is expected to produce\n\nPlease CONCISELY answer the question in English WITHOUT reasoning or explanation. [/INST]magnesium at the cathode and brom', decoded='</s></s></s></s></s></s></s></s></s></s></s></s></s></s></s></s></s></s></s></s></s></s></s></s></s></s></s></s></s></s></s></s></s></s></s></s></s></s></s></s></s></s></s></s></s></s></s></s></s></s><'
Warning: Decoded text differs from trimmed prompt
  Trimmed prompt length: 220, Decoded text length: 232
[DEBUG] First difference at position 1: prompt='s', decoded='/'
[DEBUG] Context: prompt='<s>[INST] The electrolysis of molten magnesium bromide is expected to produce\n\nPlease CONCISELY answer the question in English WITHOUT reasoning or explanation. [/INST]magnesium at the cathode and oxyg', decoded='</s></s></s></s></s></s></s></s></s></s></s></s></s></s></s></s></s></s></s></s></s></s></s></s></s></s></s></s></s></s></s></s></s></s></s></s></s></s></s></s></s></s></s></s></s></s></s></s></s></s><'
Warning: Decoded text differs from trimmed prompt
  Trimmed prompt length: 342, Decoded text length: 338
[DEBUG] First difference at position 1: prompt='s', decoded='/'
[DEBUG] Context: prompt='<s>[INST] In acid solution the bromate ion, BrO3- can react with other substances, resulting in Br2. Balance the half-reaction for bromate ions forming bromine. The balanced half-reaction has\n\nPlease C', decoded='</s></s></s></s></s></s></s></s></s></s></s></s></s></s></s></s></s></s></s></s></s></s></s></s></s></s></s></s></s></s></s></s></s><s> [INST] In acid solution the bromate ion, BrO3- can react with oth'
[WARNING] in lang en, index 3037: No tokens were selected by the answer mask for perplexity calculation, setting perplexity to 1.0.
Warning: Decoded text differs from trimmed prompt
  Trimmed prompt length: 341, Decoded text length: 336
[DEBUG] First difference at position 1: prompt='s', decoded='/'
[DEBUG] Context: prompt='<s>[INST] In acid solution the bromate ion, BrO3- can react with other substances, resulting in Br2. Balance the half-reaction for bromate ions forming bromine. The balanced half-reaction has\n\nPlease C', decoded='</s></s></s></s></s></s></s></s></s></s></s></s></s></s></s></s></s></s></s></s></s></s></s></s></s></s></s></s></s></s></s></s></s></s><s> [INST] In acid solution the bromate ion, BrO3- can react with'
[WARNING] in lang en, index 3037: No tokens were selected by the answer mask for perplexity calculation, setting perplexity to 1.0.
Warning: Decoded text differs from trimmed prompt
  Trimmed prompt length: 419, Decoded text length: 420
[DEBUG] First difference at position 3: prompt='[', decoded=' '
[DEBUG] Context: prompt='<s>[INST] Potassium-40 is a minor isotope found in naturally occurring potassium. It is radioactive and can be detected on simple radiation counters. How many protons, neutrons, and electrons does potass', decoded='<s> [INST] Potassium-40 is a minor isotope found in naturally occurring potassium. It is radioactive and can be detected on simple radiation counters. How many protons, neutrons, and electrons does potas'
Warning: Decoded text differs from trimmed prompt
  Trimmed prompt length: 419, Decoded text length: 420
[DEBUG] First difference at position 3: prompt='[', decoded=' '
[DEBUG] Context: prompt='<s>[INST] Potassium-40 is a minor isotope found in naturally occurring potassium. It is radioactive and can be detected on simple radiation counters. How many protons, neutrons, and electrons does potass', decoded='<s> [INST] Potassium-40 is a minor isotope found in naturally occurring potassium. It is radioactive and can be detected on simple radiation counters. How many protons, neutrons, and electrons does potas'
Perplexity: Written 582/83348 entries to perplexity result file (batch 97/13892)
Processing batch 98/13892
Warning: Decoded text differs from trimmed prompt
  Trimmed prompt length: 263, Decoded text length: 245
[DEBUG] First difference at position 1: prompt='s', decoded='/'
[DEBUG] Context: prompt='<s>[INST] When will Kp and Kc have the same numerical value?\n\nPlease CONCISELY answer the question in English WITHOUT reasoning or explanation. [/INST]Kp and Kc have the same numerical value when the r', decoded='</s></s></s></s></s></s></s></s></s></s></s></s></s></s></s></s></s></s></s></s></s></s></s></s></s></s></s></s></s></s></s></s></s></s></s></s></s></s></s></s></s></s></s></s></s></s></s></s></s></s><'
Warning: Decoded text differs from trimmed prompt
  Trimmed prompt length: 235, Decoded text length: 228
[DEBUG] First difference at position 1: prompt='s', decoded='/'
[DEBUG] Context: prompt='<s>[INST] When will Kp and Kc have the same numerical value?\n\nPlease CONCISELY answer the question in English WITHOUT reasoning or explanation. [/INST]Kp and Kc have the same numerical value when at ab', decoded='</s></s></s></s></s></s></s></s></s></s></s></s></s></s></s></s></s></s></s></s></s></s></s></s></s></s></s></s></s></s></s></s></s></s></s></s></s></s></s></s></s></s></s></s></s></s></s></s></s></s><'
Warning: Decoded text differs from trimmed prompt
  Trimmed prompt length: 494, Decoded text length: 495
[DEBUG] First difference at position 1: prompt='s', decoded='/'
[DEBUG] Context: prompt='<s>[INST] A 25 g sample of a liquid was heated to 100 °C and then quickly transferred to an insulated container holding 100 g of water at 22 °C. The temperature of the mixture rose to reach a final tem', decoded='</s><s> [INST] A 25 g sample of a liquid was heated to 100 °C and then quickly transferred to an insulated container holding 100 g of water at 22 °C. The temperature of the mixture rose to reach a fina'
Warning: Decoded text differs from trimmed prompt
  Trimmed prompt length: 495, Decoded text length: 496
[DEBUG] First difference at position 3: prompt='[', decoded=' '
[DEBUG] Context: prompt='<s>[INST] A 25 g sample of a liquid was heated to 100 °C and then quickly transferred to an insulated container holding 100 g of water at 22 °C. The temperature of the mixture rose to reach a final tempe', decoded='<s> [INST] A 25 g sample of a liquid was heated to 100 °C and then quickly transferred to an insulated container holding 100 g of water at 22 °C. The temperature of the mixture rose to reach a final temp'
Warning: Decoded text differs from trimmed prompt
  Trimmed prompt length: 217, Decoded text length: 196
[DEBUG] First difference at position 1: prompt='s', decoded='/'
[DEBUG] Context: prompt='<s>[INST] Substances whose Lewis structures must be drawn with an unpaired electron are called\n\nPlease CONCISELY answer the question in English WITHOUT reasoning or explanation. [/INST]The answer is fr', decoded='</s></s></s></s></s></s></s></s></s></s></s></s></s></s></s></s></s></s></s></s></s></s></s></s></s></s></s></s></s></s></s></s></s></s></s></s></s></s></s></s></s></s></s></s></s></s></s></s></s>'
[WARNING] in lang en, index 3055: No tokens were selected by the answer mask for perplexity calculation, setting perplexity to 1.0.
Warning: Decoded text differs from trimmed prompt
  Trimmed prompt length: 224, Decoded text length: 196
[DEBUG] First difference at position 1: prompt='s', decoded='/'
[DEBUG] Context: prompt='<s>[INST] Substances whose Lewis structures must be drawn with an unpaired electron are called\n\nPlease CONCISELY answer the question in English WITHOUT reasoning or explanation. [/INST]The answer is re', decoded='</s></s></s></s></s></s></s></s></s></s></s></s></s></s></s></s></s></s></s></s></s></s></s></s></s></s></s></s></s></s></s></s></s></s></s></s></s></s></s></s></s></s></s></s></s></s></s></s></s>'
[WARNING] in lang en, index 3055: No tokens were selected by the answer mask for perplexity calculation, setting perplexity to 1.0.
Perplexity: Written 588/83348 entries to perplexity result file (batch 98/13892)
Processing batch 99/13892
Warning: Decoded text differs from trimmed prompt
  Trimmed prompt length: 442, Decoded text length: 444
[DEBUG] First difference at position 1: prompt='s', decoded='/'
[DEBUG] Context: prompt='<s>[INST] Starting with a stock solution of 18.0 M H2SO4, what is the proper procedure to create a 1.00 L sample of a 3.0 M solution of H2SO4 in a volumetric flask?\n\nPlease CONCISELY answer the questio', decoded='</s></s></s></s></s></s></s></s></s></s></s></s></s></s></s></s></s><s> [INST] Starting with a stock solution of 18.0 M H2SO4, what is the proper procedure to create a 1.00 L sample of a 3.0 M solution'
Warning: Decoded text differs from trimmed prompt
  Trimmed prompt length: 442, Decoded text length: 444
[DEBUG] First difference at position 1: prompt='s', decoded='/'
[DEBUG] Context: prompt='<s>[INST] Starting with a stock solution of 18.0 M H2SO4, what is the proper procedure to create a 1.00 L sample of a 3.0 M solution of H2SO4 in a volumetric flask?\n\nPlease CONCISELY answer the questio', decoded='</s></s></s></s></s></s></s></s></s></s></s></s></s></s></s></s></s><s> [INST] Starting with a stock solution of 18.0 M H2SO4, what is the proper procedure to create a 1.00 L sample of a 3.0 M solution'
Warning: Decoded text differs from trimmed prompt
  Trimmed prompt length: 589, Decoded text length: 590
[DEBUG] First difference at position 3: prompt='[', decoded=' '
[DEBUG] Context: prompt='<s>[INST] Formation of a solution can often be visualized as a three-step process. Step 1. Solvent molecules are separated from each other to make space for the solute. Step 2. Solute molecules are separ', decoded='<s> [INST] Formation of a solution can often be visualized as a three-step process. Step 1. Solvent molecules are separated from each other to make space for the solute. Step 2. Solute molecules are sepa'
[WARNING] in lang en, index 3063: No tokens were selected by the answer mask for perplexity calculation, setting perplexity to 1.0.
Warning: Decoded text differs from trimmed prompt
  Trimmed prompt length: 564, Decoded text length: 558
[DEBUG] First difference at position 1: prompt='s', decoded='/'
[DEBUG] Context: prompt='<s>[INST] Formation of a solution can often be visualized as a three-step process. Step 1. Solvent molecules are separated from each other to make space for the solute. Step 2. Solute molecules are sep', decoded='</s></s></s></s></s></s></s></s></s></s></s></s></s><s> [INST] Formation of a solution can often be visualized as a three-step process. Step 1. Solvent molecules are separated from each other to make s'
[WARNING] in lang en, index 3063: No tokens were selected by the answer mask for perplexity calculation, setting perplexity to 1.0.
Warning: Decoded text differs from trimmed prompt
  Trimmed prompt length: 286, Decoded text length: 282
[DEBUG] First difference at position 1: prompt='s', decoded='/'
[DEBUG] Context: prompt='<s>[INST] 2Ag+(aq) + Fe(s) → 2Ag(s) + Fe2+(aq) Which of the following would cause an increase in potential in the voltaic cell described by the above reaction?\n\nPlease CONCISELY answer the question in ', decoded='</s></s></s></s></s></s></s></s></s></s></s></s></s></s></s></s></s></s></s></s></s></s></s></s></s></s></s></s></s></s></s></s></s></s></s></s></s></s></s></s></s></s></s></s></s></s></s></s></s></s><'
Warning: Decoded text differs from trimmed prompt
  Trimmed prompt length: 288, Decoded text length: 283
[DEBUG] First difference at position 1: prompt='s', decoded='/'
[DEBUG] Context: prompt='<s>[INST] 2Ag+(aq) + Fe(s) → 2Ag(s) + Fe2+(aq) Which of the following would cause an increase in potential in the voltaic cell described by the above reaction?\n\nPlease CONCISELY answer the question in ', decoded='</s></s></s></s></s></s></s></s></s></s></s></s></s></s></s></s></s></s></s></s></s></s></s></s></s></s></s></s></s></s></s></s></s></s></s></s></s></s></s></s></s></s></s></s></s></s></s></s></s></s><'
Perplexity: Written 594/83348 entries to perplexity result file (batch 99/13892)
Processing batch 100/13892
Warning: Decoded text differs from trimmed prompt
  Trimmed prompt length: 601, Decoded text length: 602
[DEBUG] First difference at position 3: prompt='[', decoded=' '
[DEBUG] Context: prompt='<s>[INST] Hypochlorous acid is an unstable compound, and one of the decomposition products is chlorine gas, Cl2. The decomposition of the acid lowers its concentration over time. What effect will the dec', decoded='<s> [INST] Hypochlorous acid is an unstable compound, and one of the decomposition products is chlorine gas, Cl2. The decomposition of the acid lowers its concentration over time. What effect will the de'
Warning: Decoded text differs from trimmed prompt
  Trimmed prompt length: 590, Decoded text length: 593
[DEBUG] First difference at position 1: prompt='s', decoded='/'
[DEBUG] Context: prompt='<s>[INST] Hypochlorous acid is an unstable compound, and one of the decomposition products is chlorine gas, Cl2. The decomposition of the acid lowers its concentration over time. What effect will the d', decoded='</s></s></s><s> [INST] Hypochlorous acid is an unstable compound, and one of the decomposition products is chlorine gas, Cl2. The decomposition of the acid lowers its concentration over time. What effe'
Warning: Decoded text differs from trimmed prompt
  Trimmed prompt length: 286, Decoded text length: 244
[DEBUG] First difference at position 1: prompt='s', decoded='/'
[DEBUG] Context: prompt='<s>[INST] Under which conditions will a real gas most closely behave as an ideal gas?\n\nPlease CONCISELY answer the question in English WITHOUT reasoning or explanation. [/INST]A real gas will most clos', decoded='</s></s></s></s></s></s></s></s></s></s></s></s></s></s></s></s></s></s></s></s></s></s></s></s></s></s></s></s></s></s></s></s></s></s></s></s></s></s></s></s></s></s></s></s></s></s></s></s></s></s><'
[WARNING] in lang en, index 3070: No tokens were selected by the answer mask for perplexity calculation, setting perplexity to 1.0.
Warning: Decoded text differs from trimmed prompt
  Trimmed prompt length: 285, Decoded text length: 244
[DEBUG] First difference at position 1: prompt='s', decoded='/'
[DEBUG] Context: prompt='<s>[INST] Under which conditions will a real gas most closely behave as an ideal gas?\n\nPlease CONCISELY answer the question in English WITHOUT reasoning or explanation. [/INST]A real gas will most clos', decoded='</s></s></s></s></s></s></s></s></s></s></s></s></s></s></s></s></s></s></s></s></s></s></s></s></s></s></s></s></s></s></s></s></s></s></s></s></s></s></s></s></s></s></s></s></s></s></s></s></s></s><'
[WARNING] in lang en, index 3070: No tokens were selected by the answer mask for perplexity calculation, setting perplexity to 1.0.
Warning: Decoded text differs from trimmed prompt
  Trimmed prompt length: 225, Decoded text length: 270
[DEBUG] First difference at position 1: prompt='s', decoded='/'
[DEBUG] Context: prompt='<s>[INST] How many electrons, neutrons, and protons are in an atom of 52Cr?\n\nPlease CONCISELY answer the question in English WITHOUT reasoning or explanation. [/INST]The atom has 24 electrons, 24 proto', decoded='</s></s></s></s></s></s></s></s></s></s></s></s></s></s></s></s></s></s></s></s></s></s></s></s></s></s></s></s></s></s></s></s></s></s></s></s></s></s></s></s></s></s></s></s></s></s></s></s></s></s><'
Warning: Decoded text differs from trimmed prompt
  Trimmed prompt length: 225, Decoded text length: 270
[DEBUG] First difference at position 1: prompt='s', decoded='/'
[DEBUG] Context: prompt='<s>[INST] How many electrons, neutrons, and protons are in an atom of 52Cr?\n\nPlease CONCISELY answer the question in English WITHOUT reasoning or explanation. [/INST]The atom has 24 electrons, 24 proto', decoded='</s></s></s></s></s></s></s></s></s></s></s></s></s></s></s></s></s></s></s></s></s></s></s></s></s></s></s></s></s></s></s></s></s></s></s></s></s></s></s></s></s></s></s></s></s></s></s></s></s></s><'
Perplexity: Written 600/83348 entries to perplexity result file (batch 100/13892)
Processing batch 101/13892
Warning: Decoded text differs from trimmed prompt
  Trimmed prompt length: 269, Decoded text length: 263
[DEBUG] First difference at position 1: prompt='s', decoded='/'
[DEBUG] Context: prompt='<s>[INST] How many electrons, neutrons, and protons are in an atom of Cr?\n\nPlease CONCISELY answer the question in English WITHOUT reasoning or explanation. [/INST]The number of electrons, neutrons, an', decoded='</s></s></s></s></s></s></s></s></s></s></s></s></s></s></s></s></s></s></s></s></s></s></s></s></s></s><s> [INST] How many electrons, neutrons, and protons are in an atom of Cr?\n\nPlease CONCISELY answ'
Warning: Decoded text differs from trimmed prompt
  Trimmed prompt length: 256, Decoded text length: 284
[DEBUG] First difference at position 1: prompt='s', decoded='/'
[DEBUG] Context: prompt='<s>[INST] How many electrons, neutrons, and protons are in an atom of Cr?\n\nPlease CONCISELY answer the question in English WITHOUT reasoning or explanation. [/INST]The number of electrons, neutrons, an', decoded='</s></s></s></s></s></s></s></s></s></s></s></s></s></s></s></s></s><s> [INST] How many electrons, neutrons, and protons are in an atom of Cr?\n\nPlease CONCISELY answer the question in English WITHOUT r'
Warning: Decoded text differs from trimmed prompt
  Trimmed prompt length: 244, Decoded text length: 216
[DEBUG] First difference at position 1: prompt='s', decoded='/'
[DEBUG] Context: prompt='<s>[INST] The Pauli exclusion principle states that\n\nPlease CONCISELY answer the question in English WITHOUT reasoning or explanation. [/INST]The Pauli exclusion principle states that no two electrons ', decoded='</s></s></s></s></s></s></s></s></s></s></s></s></s></s></s></s></s></s></s></s></s></s></s></s></s></s></s></s></s></s></s></s></s></s></s></s></s></s><s> [INST] The Pauli exclusion principle states t'
Warning: Decoded text differs from trimmed prompt
  Trimmed prompt length: 246, Decoded text length: 230
[DEBUG] First difference at position 1: prompt='s', decoded='/'
[DEBUG] Context: prompt='<s>[INST] The Pauli exclusion principle states that\n\nPlease CONCISELY answer the question in English WITHOUT reasoning or explanation. [/INST]The Pauli exclusion principle states that no two electrons ', decoded='</s></s></s></s></s></s></s></s></s></s></s></s></s></s></s></s></s></s></s></s></s></s></s></s></s></s></s></s></s></s></s></s></s></s></s><s> [INST] The Pauli exclusion principle states that\n\nPlease '
Warning: Decoded text differs from trimmed prompt
  Trimmed prompt length: 368, Decoded text length: 369
[DEBUG] First difference at position 3: prompt='[', decoded=' '
[DEBUG] Context: prompt='<s>[INST] Atoms of four elements are examined: carbon, nitrogen, neon, and sulfur. Atoms of which element are most likely to form a structure with the formula XF6 (where X is one of the four atoms)?\n\nPle', decoded='<s> [INST] Atoms of four elements are examined: carbon, nitrogen, neon, and sulfur. Atoms of which element are most likely to form a structure with the formula XF6 (where X is one of the four atoms)?\n\nPl'
[WARNING] in lang en, index 3080: No tokens were selected by the answer mask for perplexity calculation, setting perplexity to 1.0.
Warning: Decoded text differs from trimmed prompt
  Trimmed prompt length: 368, Decoded text length: 369
[DEBUG] First difference at position 1: prompt='s', decoded='/'
[DEBUG] Context: prompt='<s>[INST] Atoms of four elements are examined: carbon, nitrogen, neon, and sulfur. Atoms of which element are most likely to form a structure with the formula XF6 (where X is one of the four atoms)?\n\nP', decoded='</s><s> [INST] Atoms of four elements are examined: carbon, nitrogen, neon, and sulfur. Atoms of which element are most likely to form a structure with the formula XF6 (where X is one of the four atoms'
[WARNING] in lang en, index 3080: No tokens were selected by the answer mask for perplexity calculation, setting perplexity to 1.0.
Perplexity: Written 606/83348 entries to perplexity result file (batch 101/13892)
Processing batch 102/13892
Warning: Decoded text differs from trimmed prompt
  Trimmed prompt length: 185, Decoded text length: 192
[DEBUG] First difference at position 1: prompt='s', decoded='/'
[DEBUG] Context: prompt='<s>[INST] An ester is made by reacting\n\nPlease CONCISELY answer the question in English WITHOUT reasoning or explanation. [/INST]An ester is made by reacting an alcohol and an acid.</s>', decoded='</s></s></s></s></s></s></s></s></s></s></s></s></s></s></s></s></s></s></s></s></s></s></s></s></s></s></s></s></s></s></s></s></s></s></s></s></s></s></s></s></s></s></s></s></s></s></s></s>'
Warning: Decoded text differs from trimmed prompt
  Trimmed prompt length: 181, Decoded text length: 192
[DEBUG] First difference at position 1: prompt='s', decoded='/'
[DEBUG] Context: prompt='<s>[INST] An ester is made by reacting\n\nPlease CONCISELY answer the question in English WITHOUT reasoning or explanation. [/INST]An ester is made by reacting an acid and a base.</s>', decoded='</s></s></s></s></s></s></s></s></s></s></s></s></s></s></s></s></s></s></s></s></s></s></s></s></s></s></s></s></s></s></s></s></s></s></s></s></s></s></s></s></s></s></s></s></s></s></s></s>'
Warning: Decoded text differs from trimmed prompt
  Trimmed prompt length: 512, Decoded text length: 513
[DEBUG] First difference at position 1: prompt='s', decoded='/'
[DEBUG] Context: prompt='<s>[INST] Atoms of four elements are examined: carbon, nitrogen, neon, and sulfur. Which element would have a photoelectron spectra in which the peak representing electrons with the lowest ionization e', decoded='</s><s> [INST] Atoms of four elements are examined: carbon, nitrogen, neon, and sulfur. Which element would have a photoelectron spectra in which the peak representing electrons with the lowest ionizat'
[WARNING] in lang en, index 3083: No tokens were selected by the answer mask for perplexity calculation, setting perplexity to 1.0.
Warning: Decoded text differs from trimmed prompt
  Trimmed prompt length: 514, Decoded text length: 515
[DEBUG] First difference at position 3: prompt='[', decoded=' '
[DEBUG] Context: prompt='<s>[INST] Atoms of four elements are examined: carbon, nitrogen, neon, and sulfur. Which element would have a photoelectron spectra in which the peak representing electrons with the lowest ionization ene', decoded='<s> [INST] Atoms of four elements are examined: carbon, nitrogen, neon, and sulfur. Which element would have a photoelectron spectra in which the peak representing electrons with the lowest ionization en'
[WARNING] in lang en, index 3083: No tokens were selected by the answer mask for perplexity calculation, setting perplexity to 1.0.
Warning: Decoded text differs from trimmed prompt
  Trimmed prompt length: 427, Decoded text length: 423
[DEBUG] First difference at position 1: prompt='s', decoded='/'
[DEBUG] Context: prompt='<s>[INST] Chemists often ascribe the macroscopic properties of solids to the underlying microscopic structure. Silicon carbide is almost as hard and brittle as diamond. The solid state structure of sil', decoded='</s></s></s></s></s></s></s></s></s></s></s></s></s></s></s></s></s><s> [INST] Chemists often ascribe the macroscopic properties of solids to the underlying microscopic structure. Silicon carbide is al'
[WARNING] in lang en, index 3087: No tokens were selected by the answer mask for perplexity calculation, setting perplexity to 1.0.
Warning: Decoded text differs from trimmed prompt
  Trimmed prompt length: 416, Decoded text length: 406
[DEBUG] First difference at position 1: prompt='s', decoded='/'
[DEBUG] Context: prompt='<s>[INST] Chemists often ascribe the macroscopic properties of solids to the underlying microscopic structure. Silicon carbide is almost as hard and brittle as diamond. The solid state structure of sil', decoded='</s></s></s></s></s></s></s></s></s></s></s></s></s></s></s></s></s></s></s></s><s> [INST] Chemists often ascribe the macroscopic properties of solids to the underlying microscopic structure. Silicon c'
[WARNING] in lang en, index 3087: No tokens were selected by the answer mask for perplexity calculation, setting perplexity to 1.0.
Perplexity: Written 612/83348 entries to perplexity result file (batch 102/13892)
Processing batch 103/13892
Warning: Decoded text differs from trimmed prompt
  Trimmed prompt length: 645, Decoded text length: 646
[DEBUG] First difference at position 3: prompt='[', decoded=' '
[DEBUG] Context: prompt='<s>[INST] A solution of a weak base is titrated with a solution of a standard strong acid. The progress of the titration is followed with a pH meter. Which of the following observations would occur?\n\nPle', decoded='<s> [INST] A solution of a weak base is titrated with a solution of a standard strong acid. The progress of the titration is followed with a pH meter. Which of the following observations would occur?\n\nPl'
Warning: Decoded text differs from trimmed prompt
  Trimmed prompt length: 648, Decoded text length: 658
[DEBUG] First difference at position 1: prompt='s', decoded='/'
[DEBUG] Context: prompt='<s>[INST] A solution of a weak base is titrated with a solution of a standard strong acid. The progress of the titration is followed with a pH meter. Which of the following observations would occur?\n\nP', decoded='</s></s></s></s><s> [INST] A solution of a weak base is titrated with a solution of a standard strong acid. The progress of the titration is followed with a pH meter. Which of the following observation'
Warning: Decoded text differs from trimmed prompt
  Trimmed prompt length: 535, Decoded text length: 521
[DEBUG] First difference at position 1: prompt='s', decoded='/'
[DEBUG] Context: prompt='<s>[INST] A 25 g sample of a liquid was heated to 95 °C and then quickly transferred to an insulated container holding 100 g of water at 26 °C. The temperature of the mixture rose to reach a final temp', decoded='</s></s></s></s></s></s></s></s></s></s></s></s></s></s></s></s><s> [INST] A 25 g sample of a liquid was heated to 95 °C and then quickly transferred to an insulated container holding 100 g of water at'
Warning: Decoded text differs from trimmed prompt
  Trimmed prompt length: 556, Decoded text length: 524
[DEBUG] First difference at position 1: prompt='s', decoded='/'
[DEBUG] Context: prompt='<s>[INST] A 25 g sample of a liquid was heated to 95 °C and then quickly transferred to an insulated container holding 100 g of water at 26 °C. The temperature of the mixture rose to reach a final temp', decoded='</s></s></s></s></s></s></s></s></s></s></s></s></s></s></s></s><s> [INST] A 25 g sample of a liquid was heated to 95 °C and then quickly transferred to an insulated container holding 100 g of water at'
Warning: Decoded text differs from trimmed prompt
  Trimmed prompt length: 359, Decoded text length: 284
[DEBUG] First difference at position 1: prompt='s', decoded='/'
[DEBUG] Context: prompt='<s>[INST] Changing which of the following will change the numerical value of the equilibrium constant?\n\nPlease CONCISELY answer the question in English WITHOUT reasoning or explanation. [/INST]Changing', decoded='</s></s></s></s></s></s></s></s></s></s></s></s></s></s></s></s></s></s></s></s></s></s></s></s></s></s></s></s></s></s></s></s></s></s></s></s></s></s></s></s></s></s></s></s></s></s></s></s></s></s><'
Warning: Decoded text differs from trimmed prompt
  Trimmed prompt length: 383, Decoded text length: 300
[DEBUG] First difference at position 1: prompt='s', decoded='/'
[DEBUG] Context: prompt='<s>[INST] Changing which of the following will change the numerical value of the equilibrium constant?\n\nPlease CONCISELY answer the question in English WITHOUT reasoning or explanation. [/INST]Changing', decoded='</s></s></s></s></s></s></s></s></s></s></s></s></s></s></s></s></s></s></s></s></s></s></s></s></s></s></s></s></s></s></s></s></s></s></s></s></s></s></s></s></s></s></s></s></s></s></s></s></s></s><'
Perplexity: Written 618/83348 entries to perplexity result file (batch 103/13892)
Processing batch 104/13892
Warning: Decoded text differs from trimmed prompt
  Trimmed prompt length: 378, Decoded text length: 328
[DEBUG] First difference at position 1: prompt='s', decoded='/'
[DEBUG] Context: prompt='<s>[INST] What is the general relationship between temperature and entropy for diatomic gases?\n\nPlease CONCISELY answer the question in English WITHOUT reasoning or explanation. [/INST]As temperature i', decoded='</s></s></s></s></s></s></s></s></s></s></s></s></s></s></s></s></s></s></s></s></s></s></s></s></s></s></s></s></s></s></s></s></s></s></s></s></s></s></s></s></s></s></s></s><s> [INST] What is the ge'
Warning: Decoded text differs from trimmed prompt
  Trimmed prompt length: 391, Decoded text length: 356
[DEBUG] First difference at position 1: prompt='s', decoded='/'
[DEBUG] Context: prompt='<s>[INST] What is the general relationship between temperature and entropy for diatomic gases?\n\nPlease CONCISELY answer the question in English WITHOUT reasoning or explanation. [/INST]As temperature i', decoded='</s></s></s></s></s></s></s></s></s></s></s></s></s></s></s></s></s></s></s></s></s></s></s></s></s></s></s></s></s></s></s></s></s></s></s></s></s></s></s><s> [INST] What is the general relationship b'
Warning: Decoded text differs from trimmed prompt
  Trimmed prompt length: 434, Decoded text length: 438
[DEBUG] First difference at position 1: prompt='s', decoded='/'
[DEBUG] Context: prompt='<s>[INST] Cerium(III) sulfate, Ce2(SO4)2, is less soluble in hot water than it is in cold. Which of the following conclusions may be related to this?\n\nPlease CONCISELY answer the question in English WI', decoded='</s></s><s> [INST] Cerium(III) sulfate, Ce2(SO4)2, is less soluble in hot water than it is in cold. Which of the following conclusions may be related to this?\n\nPlease CONCISELY answer the question in E'
Warning: Decoded text differs from trimmed prompt
  Trimmed prompt length: 444, Decoded text length: 445
[DEBUG] First difference at position 3: prompt='[', decoded=' '
[DEBUG] Context: prompt='<s>[INST] Cerium(III) sulfate, Ce2(SO4)2, is less soluble in hot water than it is in cold. Which of the following conclusions may be related to this?\n\nPlease CONCISELY answer the question in English WITH', decoded='<s> [INST] Cerium(III) sulfate, Ce2(SO4)2, is less soluble in hot water than it is in cold. Which of the following conclusions may be related to this?\n\nPlease CONCISELY answer the question in English WIT'
Warning: Decoded text differs from trimmed prompt
  Trimmed prompt length: 353, Decoded text length: 350
[DEBUG] First difference at position 1: prompt='s', decoded='/'
[DEBUG] Context: prompt='<s>[INST] Which of the following geometries corresponds to a substance that has five sigma bonds and one nonbonding pair of electrons?\n\nPlease CONCISELY answer the question in English WITHOUT reasoning', decoded='</s></s></s></s></s></s></s></s></s></s></s></s></s></s></s></s></s></s></s></s></s></s></s></s></s></s></s></s></s></s></s></s></s></s></s></s></s><s> [INST] Which of the following geometries correspo'
[WARNING] in lang en, index 3101: No tokens were selected by the answer mask for perplexity calculation, setting perplexity to 1.0.
Warning: Decoded text differs from trimmed prompt
  Trimmed prompt length: 350, Decoded text length: 361
[DEBUG] First difference at position 1: prompt='s', decoded='/'
[DEBUG] Context: prompt='<s>[INST] Which of the following geometries corresponds to a substance that has five sigma bonds and one nonbonding pair of electrons?\n\nPlease CONCISELY answer the question in English WITHOUT reasoning', decoded='</s></s></s></s></s></s></s></s></s></s></s></s></s></s></s></s></s></s></s></s></s></s></s></s></s></s></s></s></s></s></s></s></s></s></s></s><s> [INST] Which of the following geometries corresponds '
[WARNING] in lang en, index 3101: No tokens were selected by the answer mask for perplexity calculation, setting perplexity to 1.0.
Perplexity: Written 624/83348 entries to perplexity result file (batch 104/13892)
Processing batch 105/13892
Warning: Decoded text differs from trimmed prompt
  Trimmed prompt length: 244, Decoded text length: 216
[DEBUG] First difference at position 1: prompt='s', decoded='/'
[DEBUG] Context: prompt='<s>[INST] The Pauli exclusion principle states that\n\nPlease CONCISELY answer the question in English WITHOUT reasoning or explanation. [/INST]The Pauli exclusion principle states that no two electrons ', decoded='</s></s></s></s></s></s></s></s></s></s></s></s></s></s></s></s></s></s></s></s></s></s></s></s></s></s></s></s></s></s></s></s></s></s></s></s></s></s></s></s></s></s></s></s></s></s></s></s></s></s><'
Warning: Decoded text differs from trimmed prompt
  Trimmed prompt length: 234, Decoded text length: 212
[DEBUG] First difference at position 1: prompt='s', decoded='/'
[DEBUG] Context: prompt='<s>[INST] The Pauli exclusion principle states that\n\nPlease CONCISELY answer the question in English WITHOUT reasoning or explanation. [/INST]The Pauli exclusion principle states that no two electrons ', decoded='</s></s></s></s></s></s></s></s></s></s></s></s></s></s></s></s></s></s></s></s></s></s></s></s></s></s></s></s></s></s></s></s></s></s></s></s></s></s></s></s></s></s></s></s></s></s></s></s></s></s><'
Warning: Decoded text differs from trimmed prompt
  Trimmed prompt length: 304, Decoded text length: 281
[DEBUG] First difference at position 1: prompt='s', decoded='/'
[DEBUG] Context: prompt='<s>[INST] A proposed mechanism for a reaction is as follows: NO2 + F2 →NO2F + F Slow step. F + NO2 → NO2F Fast step. What is the order of the overall reaction?\n\nPlease CONCISELY answer the question in ', decoded='</s></s></s></s></s></s></s></s></s></s></s></s></s></s></s></s></s></s></s></s></s></s></s></s></s></s></s></s></s></s></s></s></s></s></s></s></s></s><s> [INST] A proposed mechanism for a reaction is'
[WARNING] in lang en, index 3106: No tokens were selected by the answer mask for perplexity calculation, setting perplexity to 1.0.
Warning: Decoded text differs from trimmed prompt
  Trimmed prompt length: 303, Decoded text length: 281
[DEBUG] First difference at position 1: prompt='s', decoded='/'
[DEBUG] Context: prompt='<s>[INST] A proposed mechanism for a reaction is as follows: NO2 + F2 →NO2F + F Slow step. F + NO2 → NO2F Fast step. What is the order of the overall reaction?\n\nPlease CONCISELY answer the question in ', decoded='</s></s></s></s></s></s></s></s></s></s></s></s></s></s></s></s></s></s></s></s></s></s></s></s></s></s></s></s></s></s></s></s></s></s></s></s></s></s><s> [INST] A proposed mechanism for a reaction is'
[WARNING] in lang en, index 3106: No tokens were selected by the answer mask for perplexity calculation, setting perplexity to 1.0.
Warning: Decoded text differs from trimmed prompt
  Trimmed prompt length: 381, Decoded text length: 382
[DEBUG] First difference at position 3: prompt='[', decoded=' '
[DEBUG] Context: prompt='<s>[INST] A stock solution of 12.0 M sulfuric acid is made available. What is the best procedure to make up 100. mL of 4.0 M sulfuric acid using the stock solution and water prior to mixing?\n\nPlease CONC', decoded='<s> [INST] A stock solution of 12.0 M sulfuric acid is made available. What is the best procedure to make up 100. mL of 4.0 M sulfuric acid using the stock solution and water prior to mixing?\n\nPlease CON'
Warning: Decoded text differs from trimmed prompt
  Trimmed prompt length: 381, Decoded text length: 382
[DEBUG] First difference at position 3: prompt='[', decoded=' '
[DEBUG] Context: prompt='<s>[INST] A stock solution of 12.0 M sulfuric acid is made available. What is the best procedure to make up 100. mL of 4.0 M sulfuric acid using the stock solution and water prior to mixing?\n\nPlease CONC', decoded='<s> [INST] A stock solution of 12.0 M sulfuric acid is made available. What is the best procedure to make up 100. mL of 4.0 M sulfuric acid using the stock solution and water prior to mixing?\n\nPlease CON'
Perplexity: Written 630/83348 entries to perplexity result file (batch 105/13892)
Processing batch 106/13892
Warning: Decoded text differs from trimmed prompt
  Trimmed prompt length: 213, Decoded text length: 219
[DEBUG] First difference at position 1: prompt='s', decoded='/'
[DEBUG] Context: prompt='<s>[INST] Which is correct about the calcium atom?\n\nPlease CONCISELY answer the question in English WITHOUT reasoning or explanation. [/INST]A calcium atom has 20 protons and 20 electrons in its neutra', decoded='</s></s></s></s></s></s></s></s></s></s></s></s><s> [INST] Which is correct about the calcium atom?\n\nPlease CONCISELY answer the question in English WITHOUT reasoning or explanation. [/INST]A calcium a'
Warning: Decoded text differs from trimmed prompt
  Trimmed prompt length: 221, Decoded text length: 221
[DEBUG] First difference at position 1: prompt='s', decoded='/'
[DEBUG] Context: prompt='<s>[INST] Which is correct about the calcium atom?\n\nPlease CONCISELY answer the question in English WITHOUT reasoning or explanation. [/INST]A calcium atom has 20 protons, neutrons, and electrons in it', decoded='</s></s></s></s></s></s></s></s></s></s></s><s> [INST] Which is correct about the calcium atom?\n\nPlease CONCISELY answer the question in English WITHOUT reasoning or explanation. [/INST]A calcium atom '
Warning: Decoded text differs from trimmed prompt
  Trimmed prompt length: 260, Decoded text length: 257
[DEBUG] First difference at position 1: prompt='s', decoded='/'
[DEBUG] Context: prompt='<s>[INST] Examining data obtained from mass spectrometry supports which of the following?\n\nPlease CONCISELY answer the question in English WITHOUT reasoning or explanation. [/INST]The data obtained fro', decoded='</s></s></s></s></s></s></s></s></s></s><s> [INST] Examining data obtained from mass spectrometry supports which of the following?\n\nPlease CONCISELY answer the question in English WITHOUT reasoning or '
[WARNING] in lang en, index 3118: No tokens were selected by the answer mask for perplexity calculation, setting perplexity to 1.0.
Warning: Decoded text differs from trimmed prompt
  Trimmed prompt length: 274, Decoded text length: 273
[DEBUG] First difference at position 1: prompt='s', decoded='/'
[DEBUG] Context: prompt='<s>[INST] Examining data obtained from mass spectrometry supports which of the following?\n\nPlease CONCISELY answer the question in English WITHOUT reasoning or explanation. [/INST]The data obtained fro', decoded='</s></s></s></s></s></s></s></s><s> [INST] Examining data obtained from mass spectrometry supports which of the following?\n\nPlease CONCISELY answer the question in English WITHOUT reasoning or explanat'
Warning: Decoded text differs from trimmed prompt
  Trimmed prompt length: 296, Decoded text length: 297
[DEBUG] First difference at position 1: prompt='s', decoded='/'
[DEBUG] Context: prompt='<s>[INST] Hard materials such as silicon carbide, used for grinding wheels, are said to be examples of\n\nPlease CONCISELY answer the question in English WITHOUT reasoning or explanation. [/INST]Hard mat', decoded='</s><s> [INST] Hard materials such as silicon carbide, used for grinding wheels, are said to be examples of\n\nPlease CONCISELY answer the question in English WITHOUT reasoning or explanation. [/INST]Har'
[WARNING] in lang en, index 3120: No tokens were selected by the answer mask for perplexity calculation, setting perplexity to 1.0.
Warning: Decoded text differs from trimmed prompt
  Trimmed prompt length: 297, Decoded text length: 298
[DEBUG] First difference at position 3: prompt='[', decoded=' '
[DEBUG] Context: prompt='<s>[INST] Hard materials such as silicon carbide, used for grinding wheels, are said to be examples of\n\nPlease CONCISELY answer the question in English WITHOUT reasoning or explanation. [/INST]Hard mater', decoded='<s> [INST] Hard materials such as silicon carbide, used for grinding wheels, are said to be examples of\n\nPlease CONCISELY answer the question in English WITHOUT reasoning or explanation. [/INST]Hard mate'
[WARNING] in lang en, index 3120: No tokens were selected by the answer mask for perplexity calculation, setting perplexity to 1.0.
Perplexity: Written 636/83348 entries to perplexity result file (batch 106/13892)
Processing batch 107/13892
Warning: Decoded text differs from trimmed prompt
  Trimmed prompt length: 537, Decoded text length: 538
[DEBUG] First difference at position 1: prompt='s', decoded='/'
[DEBUG] Context: prompt='<s>[INST] The first ionization energy for a neutral atom of chlorine is 1.25 MJ/mol and the first ionization energy for a neutral atom of argon is 1.52 MJ/mol. How would the first ionization energy val', decoded='</s></s></s></s></s></s></s></s></s></s></s></s></s></s></s></s></s></s></s></s></s></s></s></s><s> [INST] The first ionization energy for a neutral atom of chlorine is 1.25 MJ/mol and the first ioniza'
Warning: Decoded text differs from trimmed prompt
  Trimmed prompt length: 516, Decoded text length: 499
[DEBUG] First difference at position 1: prompt='s', decoded='/'
[DEBUG] Context: prompt='<s>[INST] The first ionization energy for a neutral atom of chlorine is 1.25 MJ/mol and the first ionization energy for a neutral atom of argon is 1.52 MJ/mol. How would the first ionization energy val', decoded='</s></s></s></s></s></s></s></s></s></s></s></s></s></s></s></s></s></s></s></s></s></s></s></s></s></s></s></s></s></s></s></s><s> [INST] The first ionization energy for a neutral atom of chlorine is '
Warning: Decoded text differs from trimmed prompt
  Trimmed prompt length: 293, Decoded text length: 264
[DEBUG] First difference at position 1: prompt='s', decoded='/'
[DEBUG] Context: prompt='<s>[INST] When using the ideal gas law, standard conditions for temperature and pressure are\n\nPlease CONCISELY answer the question in English WITHOUT reasoning or explanation. [/INST]The standard condi', decoded='</s></s></s></s></s></s></s></s></s></s></s></s></s></s></s></s></s></s></s></s></s></s></s></s></s></s></s></s></s></s></s></s></s></s></s></s></s></s></s></s></s></s></s></s></s></s></s></s></s></s><'
[WARNING] in lang en, index 3126: No tokens were selected by the answer mask for perplexity calculation, setting perplexity to 1.0.
Warning: Decoded text differs from trimmed prompt
  Trimmed prompt length: 306, Decoded text length: 256
[DEBUG] First difference at position 1: prompt='s', decoded='/'
[DEBUG] Context: prompt='<s>[INST] When using the ideal gas law, standard conditions for temperature and pressure are\n\nPlease CONCISELY answer the question in English WITHOUT reasoning or explanation. [/INST]The standard condi', decoded='</s></s></s></s></s></s></s></s></s></s></s></s></s></s></s></s></s></s></s></s></s></s></s></s></s></s></s></s></s></s></s></s></s></s></s></s></s></s></s></s></s></s></s></s></s></s></s></s></s></s><'
[WARNING] in lang en, index 3126: No tokens were selected by the answer mask for perplexity calculation, setting perplexity to 1.0.
Warning: Decoded text differs from trimmed prompt
  Trimmed prompt length: 647, Decoded text length: 648
[DEBUG] First difference at position 3: prompt='[', decoded=' '
[DEBUG] Context: prompt='<s>[INST] Bromine has a normal boiling point of 59 °C, and iodine boils at 184 °C. The I2 molecule is much larger than Br2 (atomic radii are 114 and 133 pm, respectively). Which is the best reason for th', decoded='<s> [INST] Bromine has a normal boiling point of 59 °C, and iodine boils at 184 °C. The I2 molecule is much larger than Br2 (atomic radii are 114 and 133 pm, respectively). Which is the best reason for t'
Warning: Decoded text differs from trimmed prompt
  Trimmed prompt length: 587, Decoded text length: 595
[DEBUG] First difference at position 1: prompt='s', decoded='/'
[DEBUG] Context: prompt='<s>[INST] Bromine has a normal boiling point of 59 °C, and iodine boils at 184 °C. The I2 molecule is much larger than Br2 (atomic radii are 114 and 133 pm, respectively). Which is the best reason for ', decoded='</s></s></s></s></s></s></s><s> [INST] Bromine has a normal boiling point of 59 °C, and iodine boils at 184 °C. The I2 molecule is much larger than Br2 (atomic radii are 114 and 133 pm, respectively). '
[WARNING] in lang en, index 3127: No tokens were selected by the answer mask for perplexity calculation, setting perplexity to 1.0.
Perplexity: Written 642/83348 entries to perplexity result file (batch 107/13892)
Processing batch 108/13892
Warning: Decoded text differs from trimmed prompt
  Trimmed prompt length: 250, Decoded text length: 241
[DEBUG] First difference at position 1: prompt='s', decoded='/'
[DEBUG] Context: prompt='<s>[INST] Atoms of four elements are examined: carbon, nitrogen, neon, and sulfur. Atoms of which element would have the strongest magnetic moment?\n\nPlease CONCISELY answer the question in English WITH', decoded='</s></s></s></s></s></s></s></s></s></s></s></s></s></s></s></s></s></s></s></s></s></s></s></s></s></s></s></s></s></s></s></s></s></s></s></s></s></s></s></s></s></s></s></s><s> [INST] Atoms of four '
[WARNING] in lang en, index 3128: No tokens were selected by the answer mask for perplexity calculation, setting perplexity to 1.0.
Warning: Decoded text differs from trimmed prompt
  Trimmed prompt length: 246, Decoded text length: 239
[DEBUG] First difference at position 1: prompt='s', decoded='/'
[DEBUG] Context: prompt='<s>[INST] Atoms of four elements are examined: carbon, nitrogen, neon, and sulfur. Atoms of which element would have the strongest magnetic moment?\n\nPlease CONCISELY answer the question in English WITH', decoded='</s></s></s></s></s></s></s></s></s></s></s></s></s></s></s></s></s></s></s></s></s></s></s></s></s></s></s></s></s></s></s></s></s></s></s></s></s></s></s></s></s></s></s></s></s><s> [INST] Atoms of f'
[WARNING] in lang en, index 3128: No tokens were selected by the answer mask for perplexity calculation, setting perplexity to 1.0.
Warning: Decoded text differs from trimmed prompt
  Trimmed prompt length: 240, Decoded text length: 220
[DEBUG] First difference at position 1: prompt='s', decoded='/'
[DEBUG] Context: prompt='<s>[INST] Argon can be liquefied at low temperature because of\n\nPlease CONCISELY answer the question in English WITHOUT reasoning or explanation. [/INST]Argon can be liquefied at low temperature due to', decoded='</s></s></s></s></s></s></s></s></s></s></s></s></s></s></s></s></s></s></s></s></s></s></s></s></s></s></s></s></s></s></s></s></s></s></s></s></s></s></s></s></s></s></s></s></s></s></s></s><s> [INST'
Warning: Decoded text differs from trimmed prompt
  Trimmed prompt length: 231, Decoded text length: 214
[DEBUG] First difference at position 1: prompt='s', decoded='/'
[DEBUG] Context: prompt='<s>[INST] Argon can be liquefied at low temperature because of\n\nPlease CONCISELY answer the question in English WITHOUT reasoning or explanation. [/INST]Argon can be liquefied at low temperature due to', decoded='</s></s></s></s></s></s></s></s></s></s></s></s></s></s></s></s></s></s></s></s></s></s></s></s></s></s></s></s></s></s></s></s></s></s></s></s></s></s></s></s></s></s></s></s></s></s></s></s></s></s><'
Warning: Decoded text differs from trimmed prompt
  Trimmed prompt length: 395, Decoded text length: 396
[DEBUG] First difference at position 3: prompt='[', decoded=' '
[DEBUG] Context: prompt='<s>[INST] A 2.0 L flask holds 0.40 g of helium gas. If the helium is evacuated into a larger container while the temperature is held constant, what will the effect on the entropy of the helium be?\n\nPleas', decoded='<s> [INST] A 2.0 L flask holds 0.40 g of helium gas. If the helium is evacuated into a larger container while the temperature is held constant, what will the effect on the entropy of the helium be?\n\nPlea'
Warning: Decoded text differs from trimmed prompt
  Trimmed prompt length: 388, Decoded text length: 392
[DEBUG] First difference at position 1: prompt='s', decoded='/'
[DEBUG] Context: prompt='<s>[INST] A 2.0 L flask holds 0.40 g of helium gas. If the helium is evacuated into a larger container while the temperature is held constant, what will the effect on the entropy of the helium be?\n\nPle', decoded='</s></s><s> [INST] A 2.0 L flask holds 0.40 g of helium gas. If the helium is evacuated into a larger container while the temperature is held constant, what will the effect on the entropy of the helium'
Perplexity: Written 648/83348 entries to perplexity result file (batch 108/13892)
Processing batch 109/13892
Warning: Decoded text differs from trimmed prompt
  Trimmed prompt length: 662, Decoded text length: 661
[DEBUG] First difference at position 1: prompt='s', decoded='/'
[DEBUG] Context: prompt='<s>[INST] An experiment was performed to determine the moles of carbon dioxide gas formed (collected over water) when an acid reacts with limestone. To do this, a piece of dry limestone was weighed. Th', decoded='</s></s><s> [INST] An experiment was performed to determine the moles of carbon dioxide gas formed (collected over water) when an acid reacts with limestone. To do this, a piece of dry limestone was we'
[WARNING] in lang en, index 3134: No tokens were selected by the answer mask for perplexity calculation, setting perplexity to 1.0.
Warning: Decoded text differs from trimmed prompt
  Trimmed prompt length: 684, Decoded text length: 685
[DEBUG] First difference at position 3: prompt='[', decoded=' '
[DEBUG] Context: prompt='<s>[INST] An experiment was performed to determine the moles of carbon dioxide gas formed (collected over water) when an acid reacts with limestone. To do this, a piece of dry limestone was weighed. Then', decoded='<s> [INST] An experiment was performed to determine the moles of carbon dioxide gas formed (collected over water) when an acid reacts with limestone. To do this, a piece of dry limestone was weighed. The'
[WARNING] in lang en, index 3134: No tokens were selected by the answer mask for perplexity calculation, setting perplexity to 1.0.
Warning: Decoded text differs from trimmed prompt
  Trimmed prompt length: 562, Decoded text length: 538
[DEBUG] First difference at position 1: prompt='s', decoded='/'
[DEBUG] Context: prompt='<s>[INST] Which of the following best explains why the ionization of atoms can occur during photoelectron spectroscopy, even though ionization is not a thermodynamically favored process?\n\nPlease CONCIS', decoded='</s></s></s></s></s></s></s></s></s></s></s></s></s></s></s></s></s></s></s></s></s></s></s></s></s></s></s></s></s></s></s></s></s></s></s><s> [INST] Which of the following best explains why the ioniz'
Warning: Decoded text differs from trimmed prompt
  Trimmed prompt length: 527, Decoded text length: 501
[DEBUG] First difference at position 1: prompt='s', decoded='/'
[DEBUG] Context: prompt='<s>[INST] Which of the following best explains why the ionization of atoms can occur during photoelectron spectroscopy, even though ionization is not a thermodynamically favored process?\n\nPlease CONCIS', decoded='</s></s></s></s></s></s></s></s></s></s></s></s></s></s></s></s></s></s></s></s></s></s></s></s></s></s></s></s></s></s></s></s></s></s></s></s></s></s></s></s></s></s><s> [INST] Which of the following'
Warning: Decoded text differs from trimmed prompt
  Trimmed prompt length: 437, Decoded text length: 422
[DEBUG] First difference at position 1: prompt='s', decoded='/'
[DEBUG] Context: prompt='<s>[INST] Nitrous acid is a weak acid, while nitric acid is a much stronger acid because\n\nPlease CONCISELY answer the question in English WITHOUT reasoning or explanation. [/INST]Nitrous acid is a weak', decoded='</s></s></s></s></s></s></s></s></s></s></s></s></s></s></s></s></s></s></s></s></s></s></s></s></s></s></s></s></s></s></s></s></s></s></s></s></s></s></s></s></s></s></s></s></s></s></s></s></s></s><'
Warning: Decoded text differs from trimmed prompt
  Trimmed prompt length: 373, Decoded text length: 341
[DEBUG] First difference at position 1: prompt='s', decoded='/'
[DEBUG] Context: prompt='<s>[INST] Nitrous acid is a weak acid, while nitric acid is a much stronger acid because\n\nPlease CONCISELY answer the question in English WITHOUT reasoning or explanation. [/INST]Nitrous acid is a weak', decoded='</s></s></s></s></s></s></s></s></s></s></s></s></s></s></s></s></s></s></s></s></s></s></s></s></s></s></s></s></s></s></s></s></s></s></s></s></s></s></s></s></s></s></s></s></s></s></s></s></s></s><'
Perplexity: Written 654/83348 entries to perplexity result file (batch 109/13892)
Processing batch 110/13892
Warning: Decoded text differs from trimmed prompt
  Trimmed prompt length: 672, Decoded text length: 673
[DEBUG] First difference at position 3: prompt='[', decoded=' '
[DEBUG] Context: prompt='<s>[INST] Fluorine has a normal boiling point of 85 K, and chlorine boils at 239 K. The Cl2 molecule is much larger than F2 (atomic radius is 99 pm for chlorine and is 64 pm for fluorine). Which is the b', decoded='<s> [INST] Fluorine has a normal boiling point of 85 K, and chlorine boils at 239 K. The Cl2 molecule is much larger than F2 (atomic radius is 99 pm for chlorine and is 64 pm for fluorine). Which is the '
Warning: Decoded text differs from trimmed prompt
  Trimmed prompt length: 615, Decoded text length: 622
[DEBUG] First difference at position 1: prompt='s', decoded='/'
[DEBUG] Context: prompt='<s>[INST] Fluorine has a normal boiling point of 85 K, and chlorine boils at 239 K. The Cl2 molecule is much larger than F2 (atomic radius is 99 pm for chlorine and is 64 pm for fluorine). Which is the', decoded='</s></s></s></s></s></s></s><s> [INST] Fluorine has a normal boiling point of 85 K, and chlorine boils at 239 K. The Cl2 molecule is much larger than F2 (atomic radius is 99 pm for chlorine and is 64 p'
[WARNING] in lang en, index 3151: No tokens were selected by the answer mask for perplexity calculation, setting perplexity to 1.0.
Warning: Decoded text differs from trimmed prompt
  Trimmed prompt length: 177, Decoded text length: 192
[DEBUG] First difference at position 1: prompt='s', decoded='/'
[DEBUG] Context: prompt='<s>[INST] Less than 1/1000 of the mass of any atom is contributed by\n\nPlease CONCISELY answer the question in English WITHOUT reasoning or explanation. [/INST]The electrons.</s>', decoded='</s></s></s></s></s></s></s></s></s></s></s></s></s></s></s></s></s></s></s></s></s></s></s></s></s></s></s></s></s></s></s></s></s></s></s></s></s></s></s></s></s></s></s></s></s></s></s></s>'
Warning: Decoded text differs from trimmed prompt
  Trimmed prompt length: 190, Decoded text length: 204
[DEBUG] First difference at position 1: prompt='s', decoded='/'
[DEBUG] Context: prompt='<s>[INST] Less than 1/1000 of the mass of any atom is contributed by\n\nPlease CONCISELY answer the question in English WITHOUT reasoning or explanation. [/INST]The electrons and neutrons.</s>', decoded='</s></s></s></s></s></s></s></s></s></s></s></s></s></s></s></s></s></s></s></s></s></s></s></s></s></s></s></s></s></s></s></s></s></s></s></s></s></s></s></s></s></s></s></s></s></s></s></s></s></s><'
Warning: Decoded text differs from trimmed prompt
  Trimmed prompt length: 360, Decoded text length: 377
[DEBUG] First difference at position 1: prompt='s', decoded='/'
[DEBUG] Context: prompt='<s>[INST] Consider the Lewis structures for the following molecules: CO2, CO32-, NO2-, and NO3-. Which molecules are best represented by multiple resonance structures?\n\nPlease CONCISELY answer the ques', decoded='</s></s></s></s></s></s></s></s></s></s></s></s></s></s></s></s></s></s></s></s></s></s></s></s></s></s></s></s></s></s></s></s></s></s></s></s></s></s></s></s></s></s></s></s></s></s></s></s></s></s><'
Warning: Decoded text differs from trimmed prompt
  Trimmed prompt length: 353, Decoded text length: 364
[DEBUG] First difference at position 1: prompt='s', decoded='/'
[DEBUG] Context: prompt='<s>[INST] Consider the Lewis structures for the following molecules: CO2, CO32-, NO2-, and NO3-. Which molecules are best represented by multiple resonance structures?\n\nPlease CONCISELY answer the ques', decoded='</s></s></s></s></s></s></s></s></s></s></s></s></s></s></s></s></s></s></s></s></s></s></s></s></s></s></s></s></s></s></s></s></s></s></s></s></s></s></s></s></s></s></s></s></s></s></s></s></s></s><'
Perplexity: Written 660/83348 entries to perplexity result file (batch 110/13892)
Processing batch 111/13892
Warning: Decoded text differs from trimmed prompt
  Trimmed prompt length: 244, Decoded text length: 218
[DEBUG] First difference at position 1: prompt='s', decoded='/'
[DEBUG] Context: prompt='<s>[INST] When a solid melts, the entropy change and enthalpy changes expected are\n\nPlease CONCISELY answer the question in English WITHOUT reasoning or explanation. [/INST]The entropy change is positi', decoded='</s></s></s></s></s></s></s></s></s></s></s></s></s></s></s></s></s></s></s></s></s></s></s></s></s></s></s></s></s></s></s></s></s></s></s></s></s></s></s></s></s></s></s></s></s></s></s></s></s></s><'
Warning: Decoded text differs from trimmed prompt
  Trimmed prompt length: 244, Decoded text length: 218
[DEBUG] First difference at position 1: prompt='s', decoded='/'
[DEBUG] Context: prompt='<s>[INST] When a solid melts, the entropy change and enthalpy changes expected are\n\nPlease CONCISELY answer the question in English WITHOUT reasoning or explanation. [/INST]The entropy change is negati', decoded='</s></s></s></s></s></s></s></s></s></s></s></s></s></s></s></s></s></s></s></s></s></s></s></s></s></s></s></s></s></s></s></s></s></s></s></s></s></s></s></s></s></s></s></s></s></s></s></s></s></s><'
Warning: Decoded text differs from trimmed prompt
  Trimmed prompt length: 344, Decoded text length: 347
[DEBUG] First difference at position 1: prompt='s', decoded='/'
[DEBUG] Context: prompt='<s>[INST] If 1.0 g of rubidium and 1.0 g of bromine are reacted, what will be left in measurable amounts (more than 0.10 mg) in the reaction vessel?\n\nPlease CONCISELY answer the question in English WIT', decoded='</s></s></s><s> [INST] If 1.0 g of rubidium and 1.0 g of bromine are reacted, what will be left in measurable amounts (more than 0.10 mg) in the reaction vessel?\n\nPlease CONCISELY answer the question i'
[WARNING] in lang en, index 3157: No tokens were selected by the answer mask for perplexity calculation, setting perplexity to 1.0.
Warning: Decoded text differs from trimmed prompt
  Trimmed prompt length: 344, Decoded text length: 345
[DEBUG] First difference at position 3: prompt='[', decoded=' '
[DEBUG] Context: prompt='<s>[INST] If 1.0 g of rubidium and 1.0 g of bromine are reacted, what will be left in measurable amounts (more than 0.10 mg) in the reaction vessel?\n\nPlease CONCISELY answer the question in English WITHO', decoded='<s> [INST] If 1.0 g of rubidium and 1.0 g of bromine are reacted, what will be left in measurable amounts (more than 0.10 mg) in the reaction vessel?\n\nPlease CONCISELY answer the question in English WITH'
[WARNING] in lang en, index 3157: No tokens were selected by the answer mask for perplexity calculation, setting perplexity to 1.0.
Warning: Decoded text differs from trimmed prompt
  Trimmed prompt length: 253, Decoded text length: 223
[DEBUG] First difference at position 1: prompt='s', decoded='/'
[DEBUG] Context: prompt='<s>[INST] The rate of a chemical reaction is determined by\n\nPlease CONCISELY answer the question in English WITHOUT reasoning or explanation. [/INST]The rate of a chemical reaction is determined by the', decoded='</s></s></s></s></s></s></s></s></s></s></s></s></s></s></s></s></s></s></s></s></s></s></s></s></s></s></s></s></s></s></s></s></s></s></s></s></s></s></s></s></s></s></s></s></s></s></s></s></s></s><'
Warning: Decoded text differs from trimmed prompt
  Trimmed prompt length: 231, Decoded text length: 196
[DEBUG] First difference at position 1: prompt='s', decoded='/'
[DEBUG] Context: prompt='<s>[INST] The rate of a chemical reaction is determined by\n\nPlease CONCISELY answer the question in English WITHOUT reasoning or explanation. [/INST]The rate of a chemical reaction is determined by the', decoded='</s></s></s></s></s></s></s></s></s></s></s></s></s></s></s></s></s></s></s></s></s></s></s></s></s></s></s></s></s></s></s></s></s></s></s></s></s></s></s></s></s></s></s></s></s></s></s></s></s>'
[WARNING] in lang en, index 3168: No tokens were selected by the answer mask for perplexity calculation, setting perplexity to 1.0.
Perplexity: Written 666/83348 entries to perplexity result file (batch 111/13892)
Processing batch 112/13892
Warning: Decoded text differs from trimmed prompt
  Trimmed prompt length: 204, Decoded text length: 195
[DEBUG] First difference at position 1: prompt='s', decoded='/'
[DEBUG] Context: prompt='<s>[INST] When collecting a gas over water, it is important to\n\nPlease CONCISELY answer the question in English WITHOUT reasoning or explanation. [/INST]Ensure correct for the vapor pressure of water.<', decoded='</s></s></s></s></s></s></s></s></s></s></s></s></s></s></s></s></s></s></s></s></s></s></s></s></s></s></s></s></s></s></s></s></s><s> [INST] When collecting a gas over water, it is important to'
Warning: Decoded text differs from trimmed prompt
  Trimmed prompt length: 191, Decoded text length: 195
[DEBUG] First difference at position 1: prompt='s', decoded='/'
[DEBUG] Context: prompt='<s>[INST] When collecting a gas over water, it is important to\n\nPlease CONCISELY answer the question in English WITHOUT reasoning or explanation. [/INST]Ensure set the temperature at 0°C.</s>', decoded='</s></s></s></s></s></s></s></s></s></s></s></s></s></s></s></s></s></s></s></s></s></s></s></s></s></s></s></s></s></s></s></s></s><s> [INST] When collecting a gas over water, it is important to'
Warning: Decoded text differs from trimmed prompt
  Trimmed prompt length: 189, Decoded text length: 182
[DEBUG] First difference at position 1: prompt='s', decoded='/'
[DEBUG] Context: prompt='<s>[INST] You cannot prepare a buffer by\n\nPlease CONCISELY answer the question in English WITHOUT reasoning or explanation. [/INST]Mixing a solution of a strong base with a strong acid.</s>', decoded='</s></s></s></s></s></s></s></s></s></s></s></s></s></s></s></s></s></s></s></s></s></s></s></s></s></s></s></s></s></s></s></s></s></s></s></s><s> [INST] You cannot prepare a buffer'
Warning: Decoded text differs from trimmed prompt
  Trimmed prompt length: 192, Decoded text length: 185
[DEBUG] First difference at position 1: prompt='s', decoded='/'
[DEBUG] Context: prompt='<s>[INST] You cannot prepare a buffer by\n\nPlease CONCISELY answer the question in English WITHOUT reasoning or explanation. [/INST]Mixing a solution of a weak acid with its conjugate base.</s>', decoded='</s></s></s></s></s></s></s></s></s></s></s></s></s></s></s></s></s></s></s></s></s></s></s></s></s></s></s></s></s></s></s></s></s></s><s> [INST] You cannot prepare a buffer by\n\nPlease'
Warning: Decoded text differs from trimmed prompt
  Trimmed prompt length: 323, Decoded text length: 327
[DEBUG] First difference at position 1: prompt='s', decoded='/'
[DEBUG] Context: prompt='<s>[INST] Which would be the easiest way to burn a copper penny?\n\nPlease CONCISELY answer the question in English WITHOUT reasoning or explanation. [/INST]The easiest way to burn a copper penny is by g', decoded='</s></s></s></s><s> [INST] Which would be the easiest way to burn a copper penny?\n\nPlease CONCISELY answer the question in English WITHOUT reasoning or explanation. [/INST]The easiest way to burn a cop'
Warning: Decoded text differs from trimmed prompt
  Trimmed prompt length: 325, Decoded text length: 326
[DEBUG] First difference at position 3: prompt='[', decoded=' '
[DEBUG] Context: prompt='<s>[INST] Which would be the easiest way to burn a copper penny?\n\nPlease CONCISELY answer the question in English WITHOUT reasoning or explanation. [/INST]The easiest way to burn a copper penny is by dis', decoded='<s> [INST] Which would be the easiest way to burn a copper penny?\n\nPlease CONCISELY answer the question in English WITHOUT reasoning or explanation. [/INST]The easiest way to burn a copper penny is by di'
Perplexity: Written 672/83348 entries to perplexity result file (batch 112/13892)
Processing batch 113/13892
Warning: Decoded text differs from trimmed prompt
  Trimmed prompt length: 237, Decoded text length: 192
[DEBUG] First difference at position 1: prompt='s', decoded='/'
[DEBUG] Context: prompt='<s>[INST] The collision theory of reaction rates does not include\n\nPlease CONCISELY answer the question in English WITHOUT reasoning or explanation. [/INST]The collision theory of reaction rates does n', decoded='</s></s></s></s></s></s></s></s></s></s></s></s></s></s></s></s></s></s></s></s></s></s></s></s></s></s></s></s></s></s></s></s></s></s></s></s></s></s></s></s></s></s></s></s></s></s></s></s>'
[WARNING] in lang en, index 3179: No tokens were selected by the answer mask for perplexity calculation, setting perplexity to 1.0.
Warning: Decoded text differs from trimmed prompt
  Trimmed prompt length: 245, Decoded text length: 200
[DEBUG] First difference at position 1: prompt='s', decoded='/'
[DEBUG] Context: prompt='<s>[INST] The collision theory of reaction rates does not include\n\nPlease CONCISELY answer the question in English WITHOUT reasoning or explanation. [/INST]The collision theory of reaction rates does n', decoded='</s></s></s></s></s></s></s></s></s></s></s></s></s></s></s></s></s></s></s></s></s></s></s></s></s></s></s></s></s></s></s></s></s></s></s></s></s></s></s></s></s></s></s></s></s></s></s></s></s></s>'
[WARNING] in lang en, index 3179: No tokens were selected by the answer mask for perplexity calculation, setting perplexity to 1.0.
Warning: Decoded text differs from trimmed prompt
  Trimmed prompt length: 430, Decoded text length: 431
[DEBUG] First difference at position 1: prompt='s', decoded='/'
[DEBUG] Context: prompt='<s>[INST] When the dichromate ion is reacted, one of its most common products is Cr3+. What is the oxidation state (oxidation number) of chromium in the dichromate ion? Does reduction or oxidation occu', decoded='</s><s> [INST] When the dichromate ion is reacted, one of its most common products is Cr3+. What is the oxidation state (oxidation number) of chromium in the dichromate ion? Does reduction or oxidation'
[WARNING] in lang en, index 3180: No tokens were selected by the answer mask for perplexity calculation, setting perplexity to 1.0.
Warning: Decoded text differs from trimmed prompt
  Trimmed prompt length: 430, Decoded text length: 431
[DEBUG] First difference at position 3: prompt='[', decoded=' '
[DEBUG] Context: prompt='<s>[INST] When the dichromate ion is reacted, one of its most common products is Cr3+. What is the oxidation state (oxidation number) of chromium in the dichromate ion? Does reduction or oxidation occur ', decoded='<s> [INST] When the dichromate ion is reacted, one of its most common products is Cr3+. What is the oxidation state (oxidation number) of chromium in the dichromate ion? Does reduction or oxidation occur'
[WARNING] in lang en, index 3180: No tokens were selected by the answer mask for perplexity calculation, setting perplexity to 1.0.
Warning: Decoded text differs from trimmed prompt
  Trimmed prompt length: 425, Decoded text length: 387
[DEBUG] First difference at position 1: prompt='s', decoded='/'
[DEBUG] Context: prompt='<s>[INST] A programmer is writing a program that is intended to be able to process large amounts of data. Which of the following considerations is LEAST likely to affect the ability of the program to p', decoded='</s></s></s></s></s></s></s></s></s></s></s></s></s></s></s></s></s></s></s></s></s></s></s></s></s></s></s></s></s></s><s> [INST] A programmer is writing a program that is intended to be able to proce'
[WARNING] in lang en, index 3186: No tokens were selected by the answer mask for perplexity calculation, setting perplexity to 1.0.
Warning: Decoded text differs from trimmed prompt
  Trimmed prompt length: 420, Decoded text length: 408
[DEBUG] First difference at position 1: prompt='s', decoded='/'
[DEBUG] Context: prompt='<s>[INST] A programmer is writing a program that is intended to be able to process large amounts of data. Which of the following considerations is LEAST likely to affect the ability of the program to p', decoded='</s></s></s></s></s></s></s></s></s></s></s></s></s></s></s></s></s></s></s></s></s></s></s></s></s></s></s></s><s> [INST] A programmer is writing a program that is intended to be able to process large'
[WARNING] in lang en, index 3186: No tokens were selected by the answer mask for perplexity calculation, setting perplexity to 1.0.
Perplexity: Written 678/83348 entries to perplexity result file (batch 113/13892)
Processing batch 114/13892
Warning: Decoded text differs from trimmed prompt
  Trimmed prompt length: 572, Decoded text length: 577
[DEBUG] First difference at position 1: prompt='s', decoded='/'
[DEBUG] Context: prompt='<s>[INST] The code segment below uses the procedure IsFound (list, item), which returns true if item appears in list and returns false otherwise. The list resultList is initially empty.\n  FOR EACH item', decoded='</s></s></s></s></s><s> [INST] The code segment below uses the procedure IsFound (list, item), which returns true if item appears in list and returns false otherwise. The list resultList is initially e'
[WARNING] in lang en, index 3189: No tokens were selected by the answer mask for perplexity calculation, setting perplexity to 1.0.
Warning: Decoded text differs from trimmed prompt
  Trimmed prompt length: 595, Decoded text length: 596
[DEBUG] First difference at position 3: prompt='[', decoded=' '
[DEBUG] Context: prompt='<s>[INST] The code segment below uses the procedure IsFound (list, item), which returns true if item appears in list and returns false otherwise. The list resultList is initially empty.\n  FOR EACH item I', decoded='<s> [INST] The code segment below uses the procedure IsFound (list, item), which returns true if item appears in list and returns false otherwise. The list resultList is initially empty.\n  FOR EACH item '
[WARNING] in lang en, index 3189: No tokens were selected by the answer mask for perplexity calculation, setting perplexity to 1.0.
Warning: Decoded text differs from trimmed prompt
  Trimmed prompt length: 524, Decoded text length: 462
[DEBUG] First difference at position 1: prompt='s', decoded='/'
[DEBUG] Context: prompt='<s>[INST] A computer simulation is created to simulate the growth of a certain plant species in different conditions. Which of the following actions could be used to validate the model used in the simu', decoded='</s></s></s></s></s></s></s></s></s></s></s></s></s></s></s></s></s></s></s></s></s></s></s></s></s></s></s></s></s></s></s></s></s></s></s></s></s></s></s></s></s></s><s> [INST] A computer simulation '
Warning: Decoded text differs from trimmed prompt
  Trimmed prompt length: 492, Decoded text length: 422
[DEBUG] First difference at position 1: prompt='s', decoded='/'
[DEBUG] Context: prompt='<s>[INST] A computer simulation is created to simulate the growth of a certain plant species in different conditions. Which of the following actions could be used to validate the model used in the simu', decoded='</s></s></s></s></s></s></s></s></s></s></s></s></s></s></s></s></s></s></s></s></s></s></s></s></s></s></s></s></s></s></s></s></s></s></s></s></s></s></s></s></s></s></s></s></s></s></s><s> [INST] A '
Warning: Decoded text differs from trimmed prompt
  Trimmed prompt length: 626, Decoded text length: 614
[DEBUG] First difference at position 1: prompt='s', decoded='/'
[DEBUG] Context: prompt='<s>[INST] Huffman coding assigns unique variable-length codes to input values based on the frequency of occurrence of each value. Frequently occurring values are assigned codes that contain fewer bits ', decoded='</s></s></s></s></s></s></s></s></s></s></s></s></s></s></s><s> [INST] Huffman coding assigns unique variable-length codes to input values based on the frequency of occurrence of each value. Frequently'
Warning: Decoded text differs from trimmed prompt
  Trimmed prompt length: 623, Decoded text length: 611
[DEBUG] First difference at position 1: prompt='s', decoded='/'
[DEBUG] Context: prompt='<s>[INST] Huffman coding assigns unique variable-length codes to input values based on the frequency of occurrence of each value. Frequently occurring values are assigned codes that contain fewer bits ', decoded='</s></s></s></s></s></s></s></s></s></s></s></s></s></s></s><s> [INST] Huffman coding assigns unique variable-length codes to input values based on the frequency of occurrence of each value. Frequently'
Perplexity: Written 684/83348 entries to perplexity result file (batch 114/13892)
Processing batch 115/13892
Warning: Decoded text differs from trimmed prompt
  Trimmed prompt length: 539, Decoded text length: 492
[DEBUG] First difference at position 1: prompt='s', decoded='/'
[DEBUG] Context: prompt='<s>[INST] A programmer uses code published online under a Creative Commons Attribution (C C B Y) license in a commercial product. Which of the following best describes an acceptable use of the code?\n\nP', decoded='</s></s></s></s></s></s></s></s></s></s></s></s></s></s></s></s></s></s></s></s></s></s></s></s></s></s></s></s></s></s></s></s></s></s></s></s></s></s></s></s></s></s></s></s></s></s></s></s></s></s><'
Warning: Decoded text differs from trimmed prompt
  Trimmed prompt length: 495, Decoded text length: 457
[DEBUG] First difference at position 1: prompt='s', decoded='/'
[DEBUG] Context: prompt='<s>[INST] A programmer uses code published online under a Creative Commons Attribution (C C B Y) license in a commercial product. Which of the following best describes an acceptable use of the code?\n\nP', decoded='</s></s></s></s></s></s></s></s></s></s></s></s></s></s></s></s></s></s></s></s></s></s></s></s></s></s></s></s></s></s></s></s></s></s></s></s></s></s></s></s></s></s></s></s></s></s></s></s></s></s><'
Warning: Decoded text differs from trimmed prompt
  Trimmed prompt length: 495, Decoded text length: 433
[DEBUG] First difference at position 1: prompt='s', decoded='/'
[DEBUG] Context: prompt='<s>[INST] A method is to be written to search an array for a value that is larger than a given item and return its index. The problem specification does not indicate what should be returned if there ar', decoded='</s></s></s></s></s></s></s></s></s></s></s></s></s></s></s></s></s></s></s></s></s></s></s></s></s></s></s></s></s></s></s></s></s></s></s></s></s></s></s></s></s></s></s></s></s></s></s></s></s></s><'
Warning: Decoded text differs from trimmed prompt
  Trimmed prompt length: 465, Decoded text length: 400
[DEBUG] First difference at position 1: prompt='s', decoded='/'
[DEBUG] Context: prompt='<s>[INST] A method is to be written to search an array for a value that is larger than a given item and return its index. The problem specification does not indicate what should be returned if there ar', decoded='</s></s></s></s></s></s></s></s></s></s></s></s></s></s></s></s></s></s></s></s></s></s></s></s></s></s></s></s></s></s></s></s></s></s></s></s></s></s></s></s></s></s></s></s></s></s></s></s></s></s><'
Warning: Decoded text differs from trimmed prompt
  Trimmed prompt length: 585, Decoded text length: 586
[DEBUG] First difference at position 3: prompt='[', decoded=' '
[DEBUG] Context: prompt='<s>[INST] In a certain country, a person must be at least 16 years old to drive a car and must be at least 18 years old to vote. The variable age represents the age of a person as an integer. Which of th', decoded='<s> [INST] In a certain country, a person must be at least 16 years old to drive a car and must be at least 18 years old to vote. The variable age represents the age of a person as an integer. Which of t'
[WARNING] in lang en, index 3206: No tokens were selected by the answer mask for perplexity calculation, setting perplexity to 1.0.
Warning: Decoded text differs from trimmed prompt
  Trimmed prompt length: 577, Decoded text length: 581
[DEBUG] First difference at position 1: prompt='s', decoded='/'
[DEBUG] Context: prompt='<s>[INST] In a certain country, a person must be at least 16 years old to drive a car and must be at least 18 years old to vote. The variable age represents the age of a person as an integer. Which of ', decoded='</s></s><s> [INST] In a certain country, a person must be at least 16 years old to drive a car and must be at least 18 years old to vote. The variable age represents the age of a person as an integer. '
[WARNING] in lang en, index 3206: No tokens were selected by the answer mask for perplexity calculation, setting perplexity to 1.0.
Perplexity: Written 690/83348 entries to perplexity result file (batch 115/13892)
Processing batch 116/13892
Warning: Decoded text differs from trimmed prompt
  Trimmed prompt length: 512, Decoded text length: 508
[DEBUG] First difference at position 1: prompt='s', decoded='/'
[DEBUG] Context: prompt='<s>[INST] An online store uses 6-bit binary sequences to identify each unique item for sale. The store plans to increase the number of items it sells and is considering using 7-bit binary sequences. Wh', decoded='</s></s></s></s></s></s></s></s></s></s></s></s><s> [INST] An online store uses 6-bit binary sequences to identify each unique item for sale. The store plans to increase the number of items it sells an'
[WARNING] in lang en, index 3207: No tokens were selected by the answer mask for perplexity calculation, setting perplexity to 1.0.
Warning: Decoded text differs from trimmed prompt
  Trimmed prompt length: 513, Decoded text length: 506
[DEBUG] First difference at position 1: prompt='s', decoded='/'
[DEBUG] Context: prompt='<s>[INST] An online store uses 6-bit binary sequences to identify each unique item for sale. The store plans to increase the number of items it sells and is considering using 7-bit binary sequences. Wh', decoded='</s></s></s></s></s></s></s></s></s></s></s><s> [INST] An online store uses 6-bit binary sequences to identify each unique item for sale. The store plans to increase the number of items it sells and is'
[WARNING] in lang en, index 3207: No tokens were selected by the answer mask for perplexity calculation, setting perplexity to 1.0.
Warning: Decoded text differs from trimmed prompt
  Trimmed prompt length: 181, Decoded text length: 172
[DEBUG] First difference at position 1: prompt='s', decoded='/'
[DEBUG] Context: prompt='<s>[INST] Are Python variable names case-sensitive?\n\nPlease CONCISELY answer the question in English WITHOUT reasoning or explanation. [/INST]Yes, Python variable names are Yes.</s>', decoded='</s></s></s></s></s></s></s></s></s></s></s></s></s></s></s></s></s></s></s></s></s></s></s></s></s></s></s></s></s></s></s></s></s></s></s></s></s></s></s></s></s></s></s>'
[WARNING] in lang en, index 3211: No tokens were selected by the answer mask for perplexity calculation, setting perplexity to 1.0.
Warning: Decoded text differs from trimmed prompt
  Trimmed prompt length: 180, Decoded text length: 172
[DEBUG] First difference at position 1: prompt='s', decoded='/'
[DEBUG] Context: prompt='<s>[INST] Are Python variable names case-sensitive?\n\nPlease CONCISELY answer the question in English WITHOUT reasoning or explanation. [/INST]Yes, Python variable names are No.</s>', decoded='</s></s></s></s></s></s></s></s></s></s></s></s></s></s></s></s></s></s></s></s></s></s></s></s></s></s></s></s></s></s></s></s></s></s></s></s></s></s></s></s></s></s></s>'
[WARNING] in lang en, index 3211: No tokens were selected by the answer mask for perplexity calculation, setting perplexity to 1.0.
Warning: Decoded text differs from trimmed prompt
  Trimmed prompt length: 485, Decoded text length: 489
[DEBUG] First difference at position 1: prompt='s', decoded='/'
[DEBUG] Context: prompt='<s>[INST] A computer program uses 3 bits to represent integers. When the program adds the decimal (base 10) numbers 5 and 3, the result is 0. Which of the following is the best explanation for the resu', decoded='</s></s><s> [INST] A computer program uses 3 bits to represent integers. When the program adds the decimal (base 10) numbers 5 and 3, the result is 0. Which of the following is the best explanation for'
[WARNING] in lang en, index 3212: No tokens were selected by the answer mask for perplexity calculation, setting perplexity to 1.0.
Warning: Decoded text differs from trimmed prompt
  Trimmed prompt length: 485, Decoded text length: 486
[DEBUG] First difference at position 3: prompt='[', decoded=' '
[DEBUG] Context: prompt='<s>[INST] A computer program uses 3 bits to represent integers. When the program adds the decimal (base 10) numbers 5 and 3, the result is 0. Which of the following is the best explanation for the result', decoded='<s> [INST] A computer program uses 3 bits to represent integers. When the program adds the decimal (base 10) numbers 5 and 3, the result is 0. Which of the following is the best explanation for the resul'
[WARNING] in lang en, index 3212: No tokens were selected by the answer mask for perplexity calculation, setting perplexity to 1.0.
Perplexity: Written 696/83348 entries to perplexity result file (batch 116/13892)
Processing batch 117/13892
Warning: Decoded text differs from trimmed prompt
  Trimmed prompt length: 780, Decoded text length: 781
[DEBUG] First difference at position 3: prompt='[', decoded=' '
[DEBUG] Context: prompt='<s>[INST] A programmer wrote the code segment below to display the average of all the elements in a list called numbers. There is always at least one number in the list.\n Line 1: count ← 0\n Line 2: sum ←', decoded='<s> [INST] A programmer wrote the code segment below to display the average of all the elements in a list called numbers. There is always at least one number in the list.\n Line 1: count ← 0\n Line 2: sum '
[WARNING] in lang en, index 3214: No tokens were selected by the answer mask for perplexity calculation, setting perplexity to 1.0.
Warning: Decoded text differs from trimmed prompt
  Trimmed prompt length: 780, Decoded text length: 781
[DEBUG] First difference at position 3: prompt='[', decoded=' '
[DEBUG] Context: prompt='<s>[INST] A programmer wrote the code segment below to display the average of all the elements in a list called numbers. There is always at least one number in the list.\n Line 1: count ← 0\n Line 2: sum ←', decoded='<s> [INST] A programmer wrote the code segment below to display the average of all the elements in a list called numbers. There is always at least one number in the list.\n Line 1: count ← 0\n Line 2: sum '
[WARNING] in lang en, index 3214: No tokens were selected by the answer mask for perplexity calculation, setting perplexity to 1.0.
Warning: Decoded text differs from trimmed prompt
  Trimmed prompt length: 363, Decoded text length: 312
[DEBUG] First difference at position 1: prompt='s', decoded='/'
[DEBUG] Context: prompt='<s>[INST] A large Java program was tested extensively, and no errors were found. What can be concluded?\n\nPlease CONCISELY answer the question in English WITHOUT reasoning or explanation. [/INST]No erro', decoded='</s></s></s></s></s></s></s></s></s></s></s></s></s></s></s></s></s></s></s></s></s></s></s></s></s></s></s></s></s></s></s></s></s></s></s></s></s></s></s></s></s></s></s></s></s></s></s></s></s></s><'
[WARNING] in lang en, index 3216: No tokens were selected by the answer mask for perplexity calculation, setting perplexity to 1.0.
Warning: Decoded text differs from trimmed prompt
  Trimmed prompt length: 402, Decoded text length: 340
[DEBUG] First difference at position 1: prompt='s', decoded='/'
[DEBUG] Context: prompt='<s>[INST] A large Java program was tested extensively, and no errors were found. What can be concluded?\n\nPlease CONCISELY answer the question in English WITHOUT reasoning or explanation. [/INST]No erro', decoded='</s></s></s></s></s></s></s></s></s></s></s></s></s></s></s></s></s></s></s></s></s></s></s></s></s></s></s></s></s></s></s></s></s></s></s></s></s></s></s></s></s></s></s></s></s></s></s></s></s></s><'
Warning: Decoded text differs from trimmed prompt
  Trimmed prompt length: 518, Decoded text length: 424
[DEBUG] First difference at position 1: prompt='s', decoded='/'
[DEBUG] Context: prompt='<s>[INST] A student is recording a song on her computer. When the recording is finished, she saves a copy on her computer. The student notices that the saved copy is of lower sound quality than the ori', decoded='</s></s></s></s></s></s></s></s></s></s></s></s></s></s></s></s></s></s></s></s></s></s></s></s></s></s></s></s></s></s></s></s></s></s></s></s></s></s></s></s></s></s></s></s></s></s></s></s></s></s><'
[WARNING] in lang en, index 3232: No tokens were selected by the answer mask for perplexity calculation, setting perplexity to 1.0.
Warning: Decoded text differs from trimmed prompt
  Trimmed prompt length: 517, Decoded text length: 424
[DEBUG] First difference at position 1: prompt='s', decoded='/'
[DEBUG] Context: prompt='<s>[INST] A student is recording a song on her computer. When the recording is finished, she saves a copy on her computer. The student notices that the saved copy is of lower sound quality than the ori', decoded='</s></s></s></s></s></s></s></s></s></s></s></s></s></s></s></s></s></s></s></s></s></s></s></s></s></s></s></s></s></s></s></s></s></s></s></s></s></s></s></s></s></s></s></s></s></s></s></s></s></s><'
[WARNING] in lang en, index 3232: No tokens were selected by the answer mask for perplexity calculation, setting perplexity to 1.0.
Perplexity: Written 702/83348 entries to perplexity result file (batch 117/13892)
Processing batch 118/13892
Warning: Decoded text differs from trimmed prompt
  Trimmed prompt length: 508, Decoded text length: 508
[DEBUG] First difference at position 1: prompt='s', decoded='/'
[DEBUG] Context: prompt='<s>[INST] Which pillar of cybersecurity is compromised when someone logs into a system using a stolen login and password?\n\nPlease CONCISELY answer the question in English WITHOUT reasoning or explanati', decoded='</s></s></s><s> [INST] Which pillar of cybersecurity is compromised when someone logs into a system using a stolen login and password?\n\nPlease CONCISELY answer the question in English WITHOUT reasoning'
Warning: Decoded text differs from trimmed prompt
  Trimmed prompt length: 509, Decoded text length: 513
[DEBUG] First difference at position 1: prompt='s', decoded='/'
[DEBUG] Context: prompt='<s>[INST] Which pillar of cybersecurity is compromised when someone logs into a system using a stolen login and password?\n\nPlease CONCISELY answer the question in English WITHOUT reasoning or explanati', decoded='</s></s><s> [INST] Which pillar of cybersecurity is compromised when someone logs into a system using a stolen login and password?\n\nPlease CONCISELY answer the question in English WITHOUT reasoning or '
Warning: Decoded text differs from trimmed prompt
  Trimmed prompt length: 351, Decoded text length: 359
[DEBUG] First difference at position 1: prompt='s', decoded='/'
[DEBUG] Context: prompt='<s>[INST] Consider the following numbers.\n   ° Binary 1100\n   ° Decimal 11\n   ° Hexadecimal D\n Which of the following lists the numbers in order from least to greatest?\n\nPlease CONCISELY answer the que', decoded='</s></s></s></s></s><s> [INST] Consider the following numbers.\n   ° Binary 1100\n   ° Decimal 11\n   ° Hexadecimal D\n Which of the following lists the numbers in order from least to greatest?\n\nPlease CON'
[WARNING] in lang en, index 3244: No tokens were selected by the answer mask for perplexity calculation, setting perplexity to 1.0.
Warning: Decoded text differs from trimmed prompt
  Trimmed prompt length: 351, Decoded text length: 364
[DEBUG] First difference at position 1: prompt='s', decoded='/'
[DEBUG] Context: prompt='<s>[INST] Consider the following numbers.\n   ° Binary 1100\n   ° Decimal 11\n   ° Hexadecimal D\n Which of the following lists the numbers in order from least to greatest?\n\nPlease CONCISELY answer the que', decoded='</s></s></s></s></s><s> [INST] Consider the following numbers.\n   ° Binary 1100\n   ° Decimal 11\n   ° Hexadecimal D\n Which of the following lists the numbers in order from least to greatest?\n\nPlease CON'
Warning: Decoded text differs from trimmed prompt
  Trimmed prompt length: 561, Decoded text length: 562
[DEBUG] First difference at position 3: prompt='[', decoded=' '
[DEBUG] Context: prompt='<s>[INST] What is the role of the compiler in the process of developing executable software?\n\nPlease CONCISELY answer the question in English WITHOUT reasoning or explanation. [/INST]The compiler is resp', decoded='<s> [INST] What is the role of the compiler in the process of developing executable software?\n\nPlease CONCISELY answer the question in English WITHOUT reasoning or explanation. [/INST]The compiler is res'
Warning: Decoded text differs from trimmed prompt
  Trimmed prompt length: 503, Decoded text length: 483
[DEBUG] First difference at position 1: prompt='s', decoded='/'
[DEBUG] Context: prompt='<s>[INST] What is the role of the compiler in the process of developing executable software?\n\nPlease CONCISELY answer the question in English WITHOUT reasoning or explanation. [/INST]The compiler is re', decoded='</s></s></s></s></s></s></s></s></s></s></s></s></s><s> [INST] What is the role of the compiler in the process of developing executable software?\n\nPlease CONCISELY answer the question in English WITHOU'
Perplexity: Written 708/83348 entries to perplexity result file (batch 118/13892)
Processing batch 119/13892
Warning: Decoded text differs from trimmed prompt
  Trimmed prompt length: 792, Decoded text length: 785
[DEBUG] First difference at position 1: prompt='s', decoded='/'
[DEBUG] Context: prompt='<s>[INST] A programmer is designing a program to catalog all books in a library. He plans to have a Book class that stores features of each book: author, title, isOnShelf, and so on, with operations li', decoded='</s></s></s></s></s></s></s></s></s></s></s></s></s></s></s></s></s></s><s> [INST] A programmer is designing a program to catalog all books in a library. He plans to have a Book class that stores featu'
[WARNING] in lang en, index 3253: No tokens were selected by the answer mask for perplexity calculation, setting perplexity to 1.0.
Warning: Decoded text differs from trimmed prompt
  Trimmed prompt length: 793, Decoded text length: 787
[DEBUG] First difference at position 1: prompt='s', decoded='/'
[DEBUG] Context: prompt='<s>[INST] A programmer is designing a program to catalog all books in a library. He plans to have a Book class that stores features of each book: author, title, isOnShelf, and so on, with operations li', decoded='</s></s></s></s></s></s></s></s></s></s></s></s></s></s></s></s></s><s> [INST] A programmer is designing a program to catalog all books in a library. He plans to have a Book class that stores features '
[WARNING] in lang en, index 3253: No tokens were selected by the answer mask for perplexity calculation, setting perplexity to 1.0.
Warning: Decoded text differs from trimmed prompt
  Trimmed prompt length: 544, Decoded text length: 514
[DEBUG] First difference at position 1: prompt='s', decoded='/'
[DEBUG] Context: prompt='<s>[INST] In the procedure Mystery below, the parameter number is a positive integer.\n\n PROCEDURE Mystery (number)\n {\n  REPEAT UNTIL (number <= 0)\n  {\n   number ← number - 2\n  }\n  IF (number = 0)\n  {\n ', decoded='</s></s></s></s></s></s></s></s></s></s></s></s></s></s></s></s></s></s></s></s></s></s></s></s></s></s></s></s></s></s></s></s></s></s></s></s></s></s></s></s></s></s></s><s> [INST] In the procedure M'
[WARNING] in lang en, index 3258: No tokens were selected by the answer mask for perplexity calculation, setting perplexity to 1.0.
Warning: Decoded text differs from trimmed prompt
  Trimmed prompt length: 543, Decoded text length: 514
[DEBUG] First difference at position 1: prompt='s', decoded='/'
[DEBUG] Context: prompt='<s>[INST] In the procedure Mystery below, the parameter number is a positive integer.\n\n PROCEDURE Mystery (number)\n {\n  REPEAT UNTIL (number <= 0)\n  {\n   number ← number - 2\n  }\n  IF (number = 0)\n  {\n ', decoded='</s></s></s></s></s></s></s></s></s></s></s></s></s></s></s></s></s></s></s></s></s></s></s></s></s></s></s></s></s></s></s></s></s></s></s></s></s></s></s></s></s></s></s><s> [INST] In the procedure M'
[WARNING] in lang en, index 3258: No tokens were selected by the answer mask for perplexity calculation, setting perplexity to 1.0.
Warning: Decoded text differs from trimmed prompt
  Trimmed prompt length: 889, Decoded text length: 890
[DEBUG] First difference at position 3: prompt='[', decoded=' '
[DEBUG] Context: prompt="<s>[INST] Consider the following assumptions about electronic storage for the text in all the books of a university's libraries. - The libraries at the university collectively contain 3 million books. - ", decoded="<s> [INST] Consider the following assumptions about electronic storage for the text in all the books of a university's libraries. - The libraries at the university collectively contain 3 million books. -"
[WARNING] in lang en, index 3263: No tokens were selected by the answer mask for perplexity calculation, setting perplexity to 1.0.
Warning: Decoded text differs from trimmed prompt
  Trimmed prompt length: 889, Decoded text length: 890
[DEBUG] First difference at position 3: prompt='[', decoded=' '
[DEBUG] Context: prompt="<s>[INST] Consider the following assumptions about electronic storage for the text in all the books of a university's libraries. - The libraries at the university collectively contain 3 million books. - ", decoded="<s> [INST] Consider the following assumptions about electronic storage for the text in all the books of a university's libraries. - The libraries at the university collectively contain 3 million books. -"
[WARNING] in lang en, index 3263: No tokens were selected by the answer mask for perplexity calculation, setting perplexity to 1.0.
Perplexity: Written 714/83348 entries to perplexity result file (batch 119/13892)
Processing batch 120/13892
Warning: Decoded text differs from trimmed prompt
  Trimmed prompt length: 334, Decoded text length: 306
[DEBUG] First difference at position 1: prompt='s', decoded='/'
[DEBUG] Context: prompt='<s>[INST] Which of the following best describes the primary way in which a distributed denial-ofservice (D D o S) attack differs from a denial-ofservice (D o S) attack?\n\nPlease CONCISELY answer the que', decoded='</s></s></s></s></s></s></s></s></s></s></s></s></s></s></s></s></s></s></s></s></s></s></s></s><s> [INST] Which of the following best describes the primary way in which a distributed denial-ofservice '
[WARNING] in lang en, index 3266: No tokens were selected by the answer mask for perplexity calculation, setting perplexity to 1.0.
Warning: Decoded text differs from trimmed prompt
  Trimmed prompt length: 332, Decoded text length: 306
[DEBUG] First difference at position 1: prompt='s', decoded='/'
[DEBUG] Context: prompt='<s>[INST] Which of the following best describes the primary way in which a distributed denial-ofservice (D D o S) attack differs from a denial-ofservice (D o S) attack?\n\nPlease CONCISELY answer the que', decoded='</s></s></s></s></s></s></s></s></s></s></s></s></s></s></s></s></s></s></s></s></s></s></s></s><s> [INST] Which of the following best describes the primary way in which a distributed denial-ofservice '
[WARNING] in lang en, index 3266: No tokens were selected by the answer mask for perplexity calculation, setting perplexity to 1.0.
Warning: Decoded text differs from trimmed prompt
  Trimmed prompt length: 464, Decoded text length: 436
[DEBUG] First difference at position 1: prompt='s', decoded='/'
[DEBUG] Context: prompt='<s>[INST] Which of the following best explains what happens when a new device is connected to the Internet?\n\nPlease CONCISELY answer the question in English WITHOUT reasoning or explanation. [/INST]Whe', decoded='</s></s></s></s></s></s></s></s></s></s></s></s></s><s> [INST] Which of the following best explains what happens when a new device is connected to the Internet?\n\nPlease CONCISELY answer the question in'
Warning: Decoded text differs from trimmed prompt
  Trimmed prompt length: 446, Decoded text length: 408
[DEBUG] First difference at position 1: prompt='s', decoded='/'
[DEBUG] Context: prompt='<s>[INST] Which of the following best explains what happens when a new device is connected to the Internet?\n\nPlease CONCISELY answer the question in English WITHOUT reasoning or explanation. [/INST]Whe', decoded='</s></s></s></s></s></s></s></s></s></s></s></s></s></s></s></s></s><s> [INST] Which of the following best explains what happens when a new device is connected to the Internet?\n\nPlease CONCISELY answer'
Warning: Decoded text differs from trimmed prompt
  Trimmed prompt length: 456, Decoded text length: 457
[DEBUG] First difference at position 3: prompt='[', decoded=' '
[DEBUG] Context: prompt='<s>[INST] An algorithm for finding the average of N numbers is average = sum / N, where N and sum are both integers. In a program using this algorithm, a programmer forgot to include a test that would ch', decoded='<s> [INST] An algorithm for finding the average of N numbers is average = sum / N, where N and sum are both integers. In a program using this algorithm, a programmer forgot to include a test that would c'
[WARNING] in lang en, index 3275: No tokens were selected by the answer mask for perplexity calculation, setting perplexity to 1.0.
Warning: Decoded text differs from trimmed prompt
  Trimmed prompt length: 456, Decoded text length: 457
[DEBUG] First difference at position 3: prompt='[', decoded=' '
[DEBUG] Context: prompt='<s>[INST] An algorithm for finding the average of N numbers is average = sum / N, where N and sum are both integers. In a program using this algorithm, a programmer forgot to include a test that would ch', decoded='<s> [INST] An algorithm for finding the average of N numbers is average = sum / N, where N and sum are both integers. In a program using this algorithm, a programmer forgot to include a test that would c'
[WARNING] in lang en, index 3275: No tokens were selected by the answer mask for perplexity calculation, setting perplexity to 1.0.
Perplexity: Written 720/83348 entries to perplexity result file (batch 120/13892)
Processing batch 121/13892
Warning: Decoded text differs from trimmed prompt
  Trimmed prompt length: 1103, Decoded text length: 1052
[DEBUG] First difference at position 1: prompt='s', decoded='/'
[DEBUG] Context: prompt='<s>[INST] This question refers to the following information.\nIn order to make the title of this discourse generally intelligible, I have translated the term "Protoplasm," which is the scientific name o', decoded='</s></s></s></s></s></s></s></s></s></s></s></s></s></s></s></s></s></s></s></s></s></s></s></s></s></s></s></s></s></s></s></s></s></s></s></s></s></s></s></s></s></s></s></s></s></s></s></s></s></s><'
[WARNING] in lang en, index 3282: No tokens were selected by the answer mask for perplexity calculation, setting perplexity to 1.0.
Warning: Decoded text differs from trimmed prompt
  Trimmed prompt length: 1083, Decoded text length: 1024
[DEBUG] First difference at position 1: prompt='s', decoded='/'
[DEBUG] Context: prompt='<s>[INST] This question refers to the following information.\nIn order to make the title of this discourse generally intelligible, I have translated the term "Protoplasm," which is the scientific name o', decoded='</s></s></s></s></s></s></s></s></s></s></s></s></s></s></s></s></s></s></s></s></s></s></s></s></s></s></s></s></s></s></s></s></s></s></s></s></s></s></s></s></s></s></s></s></s></s></s></s></s></s><'
[WARNING] in lang en, index 3282: No tokens were selected by the answer mask for perplexity calculation, setting perplexity to 1.0.
Warning: Decoded text differs from trimmed prompt
  Trimmed prompt length: 850, Decoded text length: 788
[DEBUG] First difference at position 1: prompt='s', decoded='/'
[DEBUG] Context: prompt='<s>[INST] This question refers to the following information.\nFor the catastrophe of 1914 the Germans are responsible. … Germany, in this matter, was unfortunate enough to allow herself (in spite of her', decoded='</s></s></s></s></s></s></s></s></s></s></s></s></s></s></s></s></s></s></s></s></s></s></s></s></s></s></s></s></s></s></s></s></s></s></s></s></s></s></s></s></s></s></s></s></s></s></s></s></s></s><'
Warning: Decoded text differs from trimmed prompt
  Trimmed prompt length: 763, Decoded text length: 728
[DEBUG] First difference at position 1: prompt='s', decoded='/'
[DEBUG] Context: prompt='<s>[INST] This question refers to the following information.\nFor the catastrophe of 1914 the Germans are responsible. … Germany, in this matter, was unfortunate enough to allow herself (in spite of her', decoded='</s></s></s></s></s></s></s></s></s></s></s></s></s></s></s></s></s></s></s></s></s></s></s></s></s></s></s></s></s></s></s></s></s></s></s></s></s></s></s></s></s></s></s></s></s></s></s></s></s></s><'
Warning: Decoded text differs from trimmed prompt
  Trimmed prompt length: 2221, Decoded text length: 2225
[DEBUG] First difference at position 1: prompt='s', decoded='/'
[DEBUG] Context: prompt='<s>[INST] This question refers to the following information.\nIn Russia there was nothing going on well, and [Souvarine] was in despair over the news he had received. His old companions were all turning', decoded='</s></s><s> [INST] This question refers to the following information.\nIn Russia there was nothing going on well, and [Souvarine] was in despair over the news he had received. His old companions were al'
[WARNING] in lang en, index 3287: No tokens were selected by the answer mask for perplexity calculation, setting perplexity to 1.0.
Warning: Decoded text differs from trimmed prompt
  Trimmed prompt length: 2212, Decoded text length: 2213
[DEBUG] First difference at position 3: prompt='[', decoded=' '
[DEBUG] Context: prompt='<s>[INST] This question refers to the following information.\nIn Russia there was nothing going on well, and [Souvarine] was in despair over the news he had received. His old companions were all turning t', decoded='<s> [INST] This question refers to the following information.\nIn Russia there was nothing going on well, and [Souvarine] was in despair over the news he had received. His old companions were all turning '
[WARNING] in lang en, index 3287: No tokens were selected by the answer mask for perplexity calculation, setting perplexity to 1.0.
Perplexity: Written 726/83348 entries to perplexity result file (batch 121/13892)
Processing batch 122/13892
Warning: Decoded text differs from trimmed prompt
  Trimmed prompt length: 1135, Decoded text length: 1152
[DEBUG] First difference at position 1: prompt='s', decoded='/'
[DEBUG] Context: prompt='<s>[INST] This question refers to the following information.\nFlorence is more beautiful and five hundred forty years older than your Venice. … We have round about us thirty thousand estates, owned by n', decoded='</s></s></s></s></s></s></s></s></s></s></s></s></s></s></s></s></s></s></s></s></s></s></s></s></s></s></s></s></s></s></s></s></s></s></s></s></s></s></s></s></s></s></s></s></s></s></s></s></s></s><'
[WARNING] in lang en, index 3288: No tokens were selected by the answer mask for perplexity calculation, setting perplexity to 1.0.
Warning: Decoded text differs from trimmed prompt
  Trimmed prompt length: 1131, Decoded text length: 1147
[DEBUG] First difference at position 1: prompt='s', decoded='/'
[DEBUG] Context: prompt='<s>[INST] This question refers to the following information.\nFlorence is more beautiful and five hundred forty years older than your Venice. … We have round about us thirty thousand estates, owned by n', decoded='</s></s></s></s></s></s></s></s></s></s></s></s></s></s></s></s></s></s></s></s></s></s></s></s></s></s></s></s></s></s></s></s></s></s></s></s></s></s></s></s></s></s></s></s></s></s></s></s></s></s><'
[WARNING] in lang en, index 3288: No tokens were selected by the answer mask for perplexity calculation, setting perplexity to 1.0.
Warning: Decoded text differs from trimmed prompt
  Trimmed prompt length: 1782, Decoded text length: 1783
[DEBUG] First difference at position 3: prompt='[', decoded=' '
[DEBUG] Context: prompt='<s>[INST] This question refers to the following information.\nRead the the following petition to answer questions.\nThe Scribbling-Machines have thrown thousands of your petitioners out of employ, whereby ', decoded='<s> [INST] This question refers to the following information.\nRead the the following petition to answer questions.\nThe Scribbling-Machines have thrown thousands of your petitioners out of employ, whereby'
[WARNING] in lang en, index 3290: No tokens were selected by the answer mask for perplexity calculation, setting perplexity to 1.0.
Warning: Decoded text differs from trimmed prompt
  Trimmed prompt length: 1738, Decoded text length: 1738
[DEBUG] First difference at position 1: prompt='s', decoded='/'
[DEBUG] Context: prompt='<s>[INST] This question refers to the following information.\nRead the the following petition to answer questions.\nThe Scribbling-Machines have thrown thousands of your petitioners out of employ, whereb', decoded='</s></s></s></s></s><s> [INST] This question refers to the following information.\nRead the the following petition to answer questions.\nThe Scribbling-Machines have thrown thousands of your petitioners '
[WARNING] in lang en, index 3290: No tokens were selected by the answer mask for perplexity calculation, setting perplexity to 1.0.
Warning: Decoded text differs from trimmed prompt
  Trimmed prompt length: 1285, Decoded text length: 1234
[DEBUG] First difference at position 1: prompt='s', decoded='/'
[DEBUG] Context: prompt='<s>[INST] This question refers to the following information.\nFlorence is more beautiful and five hundred forty years older than your Venice. … We have round about us thirty thousand estates, owned by n', decoded='</s></s></s></s></s></s></s></s></s></s></s></s></s></s></s></s></s></s></s></s></s></s></s></s></s></s></s></s></s></s></s></s></s></s></s></s></s></s></s></s></s></s></s></s></s></s></s></s></s></s><'
[WARNING] in lang en, index 3291: No tokens were selected by the answer mask for perplexity calculation, setting perplexity to 1.0.
Warning: Decoded text differs from trimmed prompt
  Trimmed prompt length: 1295, Decoded text length: 1234
[DEBUG] First difference at position 1: prompt='s', decoded='/'
[DEBUG] Context: prompt='<s>[INST] This question refers to the following information.\nFlorence is more beautiful and five hundred forty years older than your Venice. … We have round about us thirty thousand estates, owned by n', decoded='</s></s></s></s></s></s></s></s></s></s></s></s></s></s></s></s></s></s></s></s></s></s></s></s></s></s></s></s></s></s></s></s></s></s></s></s></s></s></s></s></s></s></s></s></s></s></s></s></s></s><'
[WARNING] in lang en, index 3291: No tokens were selected by the answer mask for perplexity calculation, setting perplexity to 1.0.
Perplexity: Written 732/83348 entries to perplexity result file (batch 122/13892)
Processing batch 123/13892
Warning: Decoded text differs from trimmed prompt
  Trimmed prompt length: 1385, Decoded text length: 1270
[DEBUG] First difference at position 1: prompt='s', decoded='/'
[DEBUG] Context: prompt='<s>[INST] This question refers to the following information.\nThe assumption by a government of the office of Reliever-general to the poor is necessarily forbidden by the principle that a government can', decoded='</s></s></s></s></s></s></s></s></s></s></s></s></s></s></s></s></s></s></s></s></s></s></s></s></s></s></s></s></s></s></s></s></s></s></s></s></s></s></s></s></s></s></s></s></s></s></s></s></s></s><'
[WARNING] in lang en, index 3292: No tokens were selected by the answer mask for perplexity calculation, setting perplexity to 1.0.
Warning: Decoded text differs from trimmed prompt
  Trimmed prompt length: 1386, Decoded text length: 1290
[DEBUG] First difference at position 1: prompt='s', decoded='/'
[DEBUG] Context: prompt='<s>[INST] This question refers to the following information.\nThe assumption by a government of the office of Reliever-general to the poor is necessarily forbidden by the principle that a government can', decoded='</s></s></s></s></s></s></s></s></s></s></s></s></s></s></s></s></s></s></s></s></s></s></s></s></s></s></s></s></s></s></s></s></s></s></s></s></s></s></s></s></s></s></s></s></s></s></s></s></s></s><'
Warning: Decoded text differs from trimmed prompt
  Trimmed prompt length: 948, Decoded text length: 852
[DEBUG] First difference at position 1: prompt='s', decoded='/'
[DEBUG] Context: prompt='<s>[INST] This question refers to the following information.\nAs with a Commander of the Army, or leader of any enterprise, so it is with the mistress of the house. Her spirit will be seen through the w', decoded='</s></s></s></s></s></s></s></s></s></s></s></s></s></s></s></s></s></s></s></s></s></s></s></s></s></s></s></s></s></s></s></s></s></s></s></s></s></s></s></s></s></s></s></s></s></s></s></s></s></s><'
[WARNING] in lang en, index 3297: No tokens were selected by the answer mask for perplexity calculation, setting perplexity to 1.0.
Warning: Decoded text differs from trimmed prompt
  Trimmed prompt length: 926, Decoded text length: 840
[DEBUG] First difference at position 1: prompt='s', decoded='/'
[DEBUG] Context: prompt='<s>[INST] This question refers to the following information.\nAs with a Commander of the Army, or leader of any enterprise, so it is with the mistress of the house. Her spirit will be seen through the w', decoded='</s></s></s></s></s></s></s></s></s></s></s></s></s></s></s></s></s></s></s></s></s></s></s></s></s></s></s></s></s></s></s></s></s></s></s></s></s></s></s></s></s></s></s></s></s></s></s></s></s></s><'
[WARNING] in lang en, index 3297: No tokens were selected by the answer mask for perplexity calculation, setting perplexity to 1.0.
Warning: Decoded text differs from trimmed prompt
  Trimmed prompt length: 2721, Decoded text length: 2722
[DEBUG] First difference at position 3: prompt='[', decoded=' '
[DEBUG] Context: prompt='<s>[INST] This question refers to the following information.\nFirst we must remark that the cosmos is spherical in form, partly because this form being a perfect whole requiring no joints, is the most com', decoded='<s> [INST] This question refers to the following information.\nFirst we must remark that the cosmos is spherical in form, partly because this form being a perfect whole requiring no joints, is the most co'
[WARNING] in lang en, index 3298: No tokens were selected by the answer mask for perplexity calculation, setting perplexity to 1.0.
Warning: Decoded text differs from trimmed prompt
  Trimmed prompt length: 2721, Decoded text length: 2722
[DEBUG] First difference at position 3: prompt='[', decoded=' '
[DEBUG] Context: prompt='<s>[INST] This question refers to the following information.\nFirst we must remark that the cosmos is spherical in form, partly because this form being a perfect whole requiring no joints, is the most com', decoded='<s> [INST] This question refers to the following information.\nFirst we must remark that the cosmos is spherical in form, partly because this form being a perfect whole requiring no joints, is the most co'
[WARNING] in lang en, index 3298: No tokens were selected by the answer mask for perplexity calculation, setting perplexity to 1.0.
Perplexity: Written 738/83348 entries to perplexity result file (batch 123/13892)
Processing batch 124/13892
Warning: Decoded text differs from trimmed prompt
  Trimmed prompt length: 1018, Decoded text length: 912
[DEBUG] First difference at position 1: prompt='s', decoded='/'
[DEBUG] Context: prompt='<s>[INST] This question refers to the following information.\nFor a long time, educated Germans answered it in the positive, initially by laying claim to a special German mission, then, after the collap', decoded='</s></s></s></s></s></s></s></s></s></s></s></s></s></s></s></s></s></s></s></s></s></s></s></s></s></s></s></s></s></s></s></s></s></s></s></s></s></s></s></s></s></s></s></s></s></s></s></s></s></s><'
[WARNING] in lang en, index 3301: No tokens were selected by the answer mask for perplexity calculation, setting perplexity to 1.0.
Warning: Decoded text differs from trimmed prompt
  Trimmed prompt length: 1013, Decoded text length: 900
[DEBUG] First difference at position 1: prompt='s', decoded='/'
[DEBUG] Context: prompt='<s>[INST] This question refers to the following information.\nFor a long time, educated Germans answered it in the positive, initially by laying claim to a special German mission, then, after the collap', decoded='</s></s></s></s></s></s></s></s></s></s></s></s></s></s></s></s></s></s></s></s></s></s></s></s></s></s></s></s></s></s></s></s></s></s></s></s></s></s></s></s></s></s></s></s></s></s></s></s></s></s><'
[WARNING] in lang en, index 3301: No tokens were selected by the answer mask for perplexity calculation, setting perplexity to 1.0.
Warning: Decoded text differs from trimmed prompt
  Trimmed prompt length: 2042, Decoded text length: 2043
[DEBUG] First difference at position 1: prompt='s', decoded='/'
[DEBUG] Context: prompt='<s>[INST] This question refers to the following information.\nI am of opinion that the principal and true profession of the Courtier ought to be that of arms; which I would have him follow actively abov', decoded='</s><s> [INST] This question refers to the following information.\nI am of opinion that the principal and true profession of the Courtier ought to be that of arms; which I would have him follow actively'
[WARNING] in lang en, index 3302: No tokens were selected by the answer mask for perplexity calculation, setting perplexity to 1.0.
Warning: Decoded text differs from trimmed prompt
  Trimmed prompt length: 2039, Decoded text length: 2040
[DEBUG] First difference at position 3: prompt='[', decoded=' '
[DEBUG] Context: prompt='<s>[INST] This question refers to the following information.\nI am of opinion that the principal and true profession of the Courtier ought to be that of arms; which I would have him follow actively above ', decoded='<s> [INST] This question refers to the following information.\nI am of opinion that the principal and true profession of the Courtier ought to be that of arms; which I would have him follow actively above'
[WARNING] in lang en, index 3302: No tokens were selected by the answer mask for perplexity calculation, setting perplexity to 1.0.
Warning: Decoded text differs from trimmed prompt
  Trimmed prompt length: 636, Decoded text length: 608
[DEBUG] First difference at position 1: prompt='s', decoded='/'
[DEBUG] Context: prompt='<s>[INST] This question refers to the following information.\nAt last it seems to me that I have come to understand why man is the most fortunate of all creatures and consequently worthy of all admirati', decoded='</s></s></s></s></s></s></s></s></s></s></s></s></s></s></s></s></s></s></s></s></s></s></s></s></s></s></s></s></s></s></s></s></s></s></s></s></s></s></s></s></s></s></s></s></s></s></s></s></s></s><'
[WARNING] in lang en, index 3303: No tokens were selected by the answer mask for perplexity calculation, setting perplexity to 1.0.
Warning: Decoded text differs from trimmed prompt
  Trimmed prompt length: 636, Decoded text length: 608
[DEBUG] First difference at position 1: prompt='s', decoded='/'
[DEBUG] Context: prompt='<s>[INST] This question refers to the following information.\nAt last it seems to me that I have come to understand why man is the most fortunate of all creatures and consequently worthy of all admirati', decoded='</s></s></s></s></s></s></s></s></s></s></s></s></s></s></s></s></s></s></s></s></s></s></s></s></s></s></s></s></s></s></s></s></s></s></s></s></s></s></s></s></s></s></s></s></s></s></s></s></s></s><'
[WARNING] in lang en, index 3303: No tokens were selected by the answer mask for perplexity calculation, setting perplexity to 1.0.
Perplexity: Written 744/83348 entries to perplexity result file (batch 124/13892)
Processing batch 125/13892
Warning: Decoded text differs from trimmed prompt
  Trimmed prompt length: 1205, Decoded text length: 1201
[DEBUG] First difference at position 1: prompt='s', decoded='/'
[DEBUG] Context: prompt='<s>[INST] This question refers to the following information.\nAs a Jew, I have never believed in collective guilt. Only the guilty were guilty.\nChildren of killers are not killers but children. I have n', decoded='</s></s></s></s></s></s></s></s></s></s></s></s></s></s></s></s></s></s></s></s></s></s></s></s></s></s></s></s></s></s></s></s></s></s></s></s></s></s></s></s></s></s></s></s></s></s></s></s></s></s><'
[WARNING] in lang en, index 3305: No tokens were selected by the answer mask for perplexity calculation, setting perplexity to 1.0.
Warning: Decoded text differs from trimmed prompt
  Trimmed prompt length: 1205, Decoded text length: 1201
[DEBUG] First difference at position 1: prompt='s', decoded='/'
[DEBUG] Context: prompt='<s>[INST] This question refers to the following information.\nAs a Jew, I have never believed in collective guilt. Only the guilty were guilty.\nChildren of killers are not killers but children. I have n', decoded='</s></s></s></s></s></s></s></s></s></s></s></s></s></s></s></s></s></s></s></s></s></s></s></s></s></s></s></s></s></s></s></s></s></s></s></s></s></s></s></s></s></s></s></s></s></s></s></s></s></s><'
[WARNING] in lang en, index 3305: No tokens were selected by the answer mask for perplexity calculation, setting perplexity to 1.0.
Warning: Decoded text differs from trimmed prompt
  Trimmed prompt length: 1769, Decoded text length: 1770
[DEBUG] First difference at position 3: prompt='[', decoded=' '
[DEBUG] Context: prompt='<s>[INST] This question refers to the following information.\n"The Government of the German Reich and The Government of the Union of Soviet Socialist Republics desirous of strengthening the cause of peace', decoded='<s> [INST] This question refers to the following information.\n"The Government of the German Reich and The Government of the Union of Soviet Socialist Republics desirous of strengthening the cause of peac'
[WARNING] in lang en, index 3306: No tokens were selected by the answer mask for perplexity calculation, setting perplexity to 1.0.
Warning: Decoded text differs from trimmed prompt
  Trimmed prompt length: 1770, Decoded text length: 1771
[DEBUG] First difference at position 3: prompt='[', decoded=' '
[DEBUG] Context: prompt='<s>[INST] This question refers to the following information.\n"The Government of the German Reich and The Government of the Union of Soviet Socialist Republics desirous of strengthening the cause of peace', decoded='<s> [INST] This question refers to the following information.\n"The Government of the German Reich and The Government of the Union of Soviet Socialist Republics desirous of strengthening the cause of peac'
[WARNING] in lang en, index 3306: No tokens were selected by the answer mask for perplexity calculation, setting perplexity to 1.0.
Warning: Decoded text differs from trimmed prompt
  Trimmed prompt length: 1237, Decoded text length: 1247
[DEBUG] First difference at position 1: prompt='s', decoded='/'
[DEBUG] Context: prompt='<s>[INST] This question refers to the following information.\nAs a Jew, I have never believed in collective guilt. Only the guilty were guilty.\nChildren of killers are not killers but children. I have n', decoded='</s></s></s></s></s></s></s></s></s></s></s></s></s></s></s></s></s></s></s></s></s></s></s></s></s></s></s></s></s></s></s></s></s></s></s></s></s></s></s></s></s></s></s></s></s></s></s></s></s></s><'
[WARNING] in lang en, index 3309: No tokens were selected by the answer mask for perplexity calculation, setting perplexity to 1.0.
Warning: Decoded text differs from trimmed prompt
  Trimmed prompt length: 1228, Decoded text length: 1234
[DEBUG] First difference at position 1: prompt='s', decoded='/'
[DEBUG] Context: prompt='<s>[INST] This question refers to the following information.\nAs a Jew, I have never believed in collective guilt. Only the guilty were guilty.\nChildren of killers are not killers but children. I have n', decoded='</s></s></s></s></s></s></s></s></s></s></s></s></s></s></s></s></s></s></s></s></s></s></s></s></s></s></s></s></s></s></s></s></s></s></s></s></s></s></s></s></s></s></s></s></s></s></s></s></s></s><'
[WARNING] in lang en, index 3309: No tokens were selected by the answer mask for perplexity calculation, setting perplexity to 1.0.
Perplexity: Written 750/83348 entries to perplexity result file (batch 125/13892)
Processing batch 126/13892
Warning: Decoded text differs from trimmed prompt
  Trimmed prompt length: 2769, Decoded text length: 2770
[DEBUG] First difference at position 3: prompt='[', decoded=' '
[DEBUG] Context: prompt='<s>[INST] This question refers to the following information.\n"But you, my dear Pangloss," said Candide, "how can it be that I behold you again?"\n"It is true," said Pangloss, "that you saw me hanged&….A s', decoded='<s> [INST] This question refers to the following information.\n"But you, my dear Pangloss," said Candide, "how can it be that I behold you again?"\n"It is true," said Pangloss, "that you saw me hanged&….A '
[WARNING] in lang en, index 3311: No tokens were selected by the answer mask for perplexity calculation, setting perplexity to 1.0.
Warning: Decoded text differs from trimmed prompt
  Trimmed prompt length: 2769, Decoded text length: 2770
[DEBUG] First difference at position 3: prompt='[', decoded=' '
[DEBUG] Context: prompt='<s>[INST] This question refers to the following information.\n"But you, my dear Pangloss," said Candide, "how can it be that I behold you again?"\n"It is true," said Pangloss, "that you saw me hanged&….A s', decoded='<s> [INST] This question refers to the following information.\n"But you, my dear Pangloss," said Candide, "how can it be that I behold you again?"\n"It is true," said Pangloss, "that you saw me hanged&….A '
[WARNING] in lang en, index 3311: No tokens were selected by the answer mask for perplexity calculation, setting perplexity to 1.0.
Warning: Decoded text differs from trimmed prompt
  Trimmed prompt length: 2585, Decoded text length: 2538
[DEBUG] First difference at position 1: prompt='s', decoded='/'
[DEBUG] Context: prompt='<s>[INST] This question refers to the following information.\nAbout the year 1645, while I lived in London … I had the opportunity of being acquainted with diverse worthy persons, inquisitive into natur', decoded='</s></s></s></s></s></s></s></s></s></s></s></s></s></s></s></s></s></s></s></s></s></s></s></s></s></s></s></s></s></s></s></s></s></s></s></s></s></s></s></s></s></s></s></s></s></s></s></s></s></s><'
[WARNING] in lang en, index 3312: No tokens were selected by the answer mask for perplexity calculation, setting perplexity to 1.0.
Warning: Decoded text differs from trimmed prompt
  Trimmed prompt length: 2578, Decoded text length: 2538
[DEBUG] First difference at position 1: prompt='s', decoded='/'
[DEBUG] Context: prompt='<s>[INST] This question refers to the following information.\nAbout the year 1645, while I lived in London … I had the opportunity of being acquainted with diverse worthy persons, inquisitive into natur', decoded='</s></s></s></s></s></s></s></s></s></s></s></s></s></s></s></s></s></s></s></s></s></s></s></s></s></s></s></s></s></s></s></s></s></s></s></s></s></s></s></s></s></s></s></s></s></s></s></s></s></s><'
[WARNING] in lang en, index 3312: No tokens were selected by the answer mask for perplexity calculation, setting perplexity to 1.0.
Warning: Decoded text differs from trimmed prompt
  Trimmed prompt length: 2241, Decoded text length: 2227
[DEBUG] First difference at position 1: prompt='s', decoded='/'
[DEBUG] Context: prompt='<s>[INST] This question refers to the following information.\n"In 1500 that work appeared which Erasmus had written after his misfortune at Dover, and had dedicated to Mountjoy, the Adagiorum Collectane', decoded='</s></s></s></s></s></s></s></s></s></s></s></s></s></s></s></s></s></s></s></s></s></s></s></s></s></s></s></s></s></s></s></s></s></s></s></s></s></s></s></s></s></s></s></s></s></s></s></s></s></s><'
[WARNING] in lang en, index 3313: No tokens were selected by the answer mask for perplexity calculation, setting perplexity to 1.0.
Warning: Decoded text differs from trimmed prompt
  Trimmed prompt length: 2215, Decoded text length: 2207
[DEBUG] First difference at position 1: prompt='s', decoded='/'
[DEBUG] Context: prompt='<s>[INST] This question refers to the following information.\n"In 1500 that work appeared which Erasmus had written after his misfortune at Dover, and had dedicated to Mountjoy, the Adagiorum Collectane', decoded='</s></s></s></s></s></s></s></s></s></s></s></s></s></s></s></s></s></s></s></s></s></s></s></s></s></s></s></s></s></s></s></s></s></s></s></s></s></s></s></s></s></s></s></s></s></s></s></s></s></s><'
[WARNING] in lang en, index 3313: No tokens were selected by the answer mask for perplexity calculation, setting perplexity to 1.0.
Perplexity: Written 756/83348 entries to perplexity result file (batch 126/13892)
Processing batch 127/13892
Warning: Decoded text differs from trimmed prompt
  Trimmed prompt length: 2673, Decoded text length: 2679
[DEBUG] First difference at position 1: prompt='s', decoded='/'
[DEBUG] Context: prompt='<s>[INST] This question refers to the following information.\n"But you, my dear Pangloss," said Candide, "how can it be that I behold you again?"\n"It is true," said Pangloss, "that you saw me hanged&….A', decoded='</s></s></s></s><s> [INST] This question refers to the following information.\n"But you, my dear Pangloss," said Candide, "how can it be that I behold you again?"\n"It is true," said Pangloss, "that you '
[WARNING] in lang en, index 3316: No tokens were selected by the answer mask for perplexity calculation, setting perplexity to 1.0.
Warning: Decoded text differs from trimmed prompt
  Trimmed prompt length: 2691, Decoded text length: 2692
[DEBUG] First difference at position 3: prompt='[', decoded=' '
[DEBUG] Context: prompt='<s>[INST] This question refers to the following information.\n"But you, my dear Pangloss," said Candide, "how can it be that I behold you again?"\n"It is true," said Pangloss, "that you saw me hanged&….A s', decoded='<s> [INST] This question refers to the following information.\n"But you, my dear Pangloss," said Candide, "how can it be that I behold you again?"\n"It is true," said Pangloss, "that you saw me hanged&….A '
[WARNING] in lang en, index 3316: No tokens were selected by the answer mask for perplexity calculation, setting perplexity to 1.0.
Warning: Decoded text differs from trimmed prompt
  Trimmed prompt length: 2219, Decoded text length: 2050
[DEBUG] First difference at position 1: prompt='s', decoded='/'
[DEBUG] Context: prompt='<s>[INST] This question refers to the following information.\nThe excerpts below are from the Navigation Acts of 1651.\n[A]fter the first day of December, one thousand six hundred fifty and one, and from', decoded='</s></s></s></s></s></s></s></s></s></s></s></s></s></s></s></s></s></s></s></s></s></s></s></s></s></s></s></s></s></s></s></s></s></s></s></s></s></s></s></s></s></s></s></s></s></s></s></s></s></s><'
[WARNING] in lang en, index 3317: No tokens were selected by the answer mask for perplexity calculation, setting perplexity to 1.0.
Warning: Decoded text differs from trimmed prompt
  Trimmed prompt length: 2188, Decoded text length: 2030
[DEBUG] First difference at position 1: prompt='s', decoded='/'
[DEBUG] Context: prompt='<s>[INST] This question refers to the following information.\nThe excerpts below are from the Navigation Acts of 1651.\n[A]fter the first day of December, one thousand six hundred fifty and one, and from', decoded='</s></s></s></s></s></s></s></s></s></s></s></s></s></s></s></s></s></s></s></s></s></s></s></s></s></s></s></s></s></s></s></s></s></s></s></s></s></s></s></s></s></s></s></s></s></s></s></s></s></s><'
[WARNING] in lang en, index 3317: No tokens were selected by the answer mask for perplexity calculation, setting perplexity to 1.0.
Warning: Decoded text differs from trimmed prompt
  Trimmed prompt length: 1767, Decoded text length: 1716
[DEBUG] First difference at position 1: prompt='s', decoded='/'
[DEBUG] Context: prompt='<s>[INST] This question refers to the following information.\nApart from the desire to produce beautiful things, the leading passion of my life has been and is hatred of modern civilization. What shall ', decoded='</s></s></s></s></s></s></s></s></s></s></s></s></s></s></s></s></s></s></s></s></s></s></s></s></s></s></s></s></s></s></s></s></s></s></s></s></s></s></s></s></s></s></s></s></s></s></s></s></s></s><'
[WARNING] in lang en, index 3318: No tokens were selected by the answer mask for perplexity calculation, setting perplexity to 1.0.
Warning: Decoded text differs from trimmed prompt
  Trimmed prompt length: 1717, Decoded text length: 1670
[DEBUG] First difference at position 1: prompt='s', decoded='/'
[DEBUG] Context: prompt='<s>[INST] This question refers to the following information.\nApart from the desire to produce beautiful things, the leading passion of my life has been and is hatred of modern civilization. What shall ', decoded='</s></s></s></s></s></s></s></s></s></s></s></s></s></s></s></s></s></s></s></s></s></s></s></s></s></s></s></s></s></s></s></s></s></s></s></s></s></s></s></s></s></s></s></s></s></s></s></s></s></s><'
[WARNING] in lang en, index 3318: No tokens were selected by the answer mask for perplexity calculation, setting perplexity to 1.0.
Perplexity: Written 762/83348 entries to perplexity result file (batch 127/13892)
Processing batch 128/13892
Warning: Decoded text differs from trimmed prompt
  Trimmed prompt length: 2438, Decoded text length: 2439
[DEBUG] First difference at position 3: prompt='[', decoded=' '
[DEBUG] Context: prompt='<s>[INST] This question refers to the following information.\nThe pair of excerpts below is written by explorer Christopher Columbus and the Dominican Bishop of Chiapas, Mexico, Bartholomew de las Casas.\n', decoded='<s> [INST] This question refers to the following information.\nThe pair of excerpts below is written by explorer Christopher Columbus and the Dominican Bishop of Chiapas, Mexico, Bartholomew de las Casas.'
[WARNING] in lang en, index 3319: No tokens were selected by the answer mask for perplexity calculation, setting perplexity to 1.0.
Warning: Decoded text differs from trimmed prompt
  Trimmed prompt length: 2438, Decoded text length: 2439
[DEBUG] First difference at position 3: prompt='[', decoded=' '
[DEBUG] Context: prompt='<s>[INST] This question refers to the following information.\nThe pair of excerpts below is written by explorer Christopher Columbus and the Dominican Bishop of Chiapas, Mexico, Bartholomew de las Casas.\n', decoded='<s> [INST] This question refers to the following information.\nThe pair of excerpts below is written by explorer Christopher Columbus and the Dominican Bishop of Chiapas, Mexico, Bartholomew de las Casas.'
[WARNING] in lang en, index 3319: No tokens were selected by the answer mask for perplexity calculation, setting perplexity to 1.0.
Warning: Decoded text differs from trimmed prompt
  Trimmed prompt length: 1644, Decoded text length: 1464
[DEBUG] First difference at position 1: prompt='s', decoded='/'
[DEBUG] Context: prompt='<s>[INST] This question refers to the following information.\nRead the following quote.\nI had now decided beyond all question that there existed in the heavens three stars wandering about Jupiter as do ', decoded='</s></s></s></s></s></s></s></s></s></s></s></s></s></s></s></s></s></s></s></s></s></s></s></s></s></s></s></s></s></s></s></s></s></s></s></s></s></s></s></s></s></s></s></s></s></s></s></s></s></s><'
[WARNING] in lang en, index 3321: No tokens were selected by the answer mask for perplexity calculation, setting perplexity to 1.0.
Warning: Decoded text differs from trimmed prompt
  Trimmed prompt length: 1640, Decoded text length: 1459
[DEBUG] First difference at position 1: prompt='s', decoded='/'
[DEBUG] Context: prompt='<s>[INST] This question refers to the following information.\nRead the following quote.\nI had now decided beyond all question that there existed in the heavens three stars wandering about Jupiter as do ', decoded='</s></s></s></s></s></s></s></s></s></s></s></s></s></s></s></s></s></s></s></s></s></s></s></s></s></s></s></s></s></s></s></s></s></s></s></s></s></s></s></s></s></s></s></s></s></s></s></s></s></s><'
[WARNING] in lang en, index 3321: No tokens were selected by the answer mask for perplexity calculation, setting perplexity to 1.0.
Warning: Decoded text differs from trimmed prompt
  Trimmed prompt length: 1390, Decoded text length: 1361
[DEBUG] First difference at position 1: prompt='s', decoded='/'
[DEBUG] Context: prompt='<s>[INST] This question refers to the following information.\nThe following quote is from Voltaire in response to the 1755 Lisbon earthquake.\nMy dear sir, nature is very cruel. One would find it hard to', decoded='</s></s></s></s></s></s></s></s></s></s></s></s></s></s></s></s></s></s></s></s></s></s></s></s></s></s></s></s></s></s></s></s></s></s></s></s></s></s></s></s></s></s></s></s></s></s></s></s></s></s><'
[WARNING] in lang en, index 3322: No tokens were selected by the answer mask for perplexity calculation, setting perplexity to 1.0.
Warning: Decoded text differs from trimmed prompt
  Trimmed prompt length: 1404, Decoded text length: 1361
[DEBUG] First difference at position 1: prompt='s', decoded='/'
[DEBUG] Context: prompt='<s>[INST] This question refers to the following information.\nThe following quote is from Voltaire in response to the 1755 Lisbon earthquake.\nMy dear sir, nature is very cruel. One would find it hard to', decoded='</s></s></s></s></s></s></s></s></s></s></s></s></s></s></s></s></s></s></s></s></s></s></s></s></s></s></s></s></s></s></s></s></s></s></s></s></s></s></s></s></s></s></s></s></s></s></s></s></s></s><'
[WARNING] in lang en, index 3322: No tokens were selected by the answer mask for perplexity calculation, setting perplexity to 1.0.
Perplexity: Written 768/83348 entries to perplexity result file (batch 128/13892)
Processing batch 129/13892
Warning: Decoded text differs from trimmed prompt
  Trimmed prompt length: 1039, Decoded text length: 1076
[DEBUG] First difference at position 1: prompt='s', decoded='/'
[DEBUG] Context: prompt="<s>[INST] This question refers to the following information.\nRead the the following poem to answer questions.\nTake up the White Man's burden—\nSend forth the best ye breed—\nGo bind your sons to exile\nTo", decoded='</s></s></s></s></s></s></s></s></s></s></s></s></s></s></s></s></s></s></s></s></s></s></s></s></s></s></s></s></s></s></s></s></s></s></s></s></s></s></s></s></s></s></s></s></s></s></s></s></s></s><'
Warning: Decoded text differs from trimmed prompt
  Trimmed prompt length: 1009, Decoded text length: 1066
[DEBUG] First difference at position 1: prompt='s', decoded='/'
[DEBUG] Context: prompt="<s>[INST] This question refers to the following information.\nRead the the following poem to answer questions.\nTake up the White Man's burden—\nSend forth the best ye breed—\nGo bind your sons to exile\nTo", decoded='</s></s></s></s></s></s></s></s></s></s></s></s></s></s></s></s></s></s></s></s></s></s></s></s></s></s></s></s></s></s></s></s></s></s></s></s></s></s></s></s></s></s></s></s></s></s></s></s></s></s><'
Warning: Decoded text differs from trimmed prompt
  Trimmed prompt length: 2087, Decoded text length: 2087
[DEBUG] First difference at position 1: prompt='s', decoded='/'
[DEBUG] Context: prompt='<s>[INST] This question refers to the following information.\nThe excerpts below are from the Navigation Acts of 1651.\n[A]fter the first day of December, one thousand six hundred fifty and one, and from', decoded='</s></s></s></s></s><s> [INST] This question refers to the following information.\nThe excerpts below are from the Navigation Acts of 1651.\n[A]fter the first day of December, one thousand six hundred fi'
[WARNING] in lang en, index 3324: No tokens were selected by the answer mask for perplexity calculation, setting perplexity to 1.0.
Warning: Decoded text differs from trimmed prompt
  Trimmed prompt length: 2098, Decoded text length: 2099
[DEBUG] First difference at position 3: prompt='[', decoded=' '
[DEBUG] Context: prompt='<s>[INST] This question refers to the following information.\nThe excerpts below are from the Navigation Acts of 1651.\n[A]fter the first day of December, one thousand six hundred fifty and one, and from t', decoded='<s> [INST] This question refers to the following information.\nThe excerpts below are from the Navigation Acts of 1651.\n[A]fter the first day of December, one thousand six hundred fifty and one, and from '
[WARNING] in lang en, index 3324: No tokens were selected by the answer mask for perplexity calculation, setting perplexity to 1.0.
Warning: Decoded text differs from trimmed prompt
  Trimmed prompt length: 824, Decoded text length: 792
[DEBUG] First difference at position 1: prompt='s', decoded='/'
[DEBUG] Context: prompt='<s>[INST] This question refers to the following information.\nPerestroika [Restructuring] is an urgent necessity arising from the profound processes of development in our socialist society. This society', decoded='</s></s></s></s></s></s></s></s></s></s></s></s></s></s></s></s></s></s></s></s></s></s></s></s></s></s></s></s></s></s></s></s></s></s></s></s></s></s></s></s></s></s></s></s></s></s></s></s></s></s><'
Warning: Decoded text differs from trimmed prompt
  Trimmed prompt length: 824, Decoded text length: 788
[DEBUG] First difference at position 1: prompt='s', decoded='/'
[DEBUG] Context: prompt='<s>[INST] This question refers to the following information.\nPerestroika [Restructuring] is an urgent necessity arising from the profound processes of development in our socialist society. This society', decoded='</s></s></s></s></s></s></s></s></s></s></s></s></s></s></s></s></s></s></s></s></s></s></s></s></s></s></s></s></s></s></s></s></s></s></s></s></s></s></s></s></s></s></s></s></s></s></s></s></s></s><'
Perplexity: Written 774/83348 entries to perplexity result file (batch 129/13892)
Processing batch 130/13892
Warning: Decoded text differs from trimmed prompt
  Trimmed prompt length: 1940, Decoded text length: 1899
[DEBUG] First difference at position 1: prompt='s', decoded='/'
[DEBUG] Context: prompt='<s>[INST] This question refers to the following information.\nFrom this moment until that in which the enemy shall have been driven from the soil of the Republic, all Frenchmen are in permanent requisit', decoded='</s></s></s></s></s></s></s></s></s></s></s></s></s></s></s></s></s></s></s></s></s></s></s></s></s></s></s></s></s></s></s></s></s></s></s></s></s></s></s></s></s></s></s><s> [INST] This question refe'
[WARNING] in lang en, index 3326: No tokens were selected by the answer mask for perplexity calculation, setting perplexity to 1.0.
Warning: Decoded text differs from trimmed prompt
  Trimmed prompt length: 1988, Decoded text length: 1955
[DEBUG] First difference at position 1: prompt='s', decoded='/'
[DEBUG] Context: prompt='<s>[INST] This question refers to the following information.\nFrom this moment until that in which the enemy shall have been driven from the soil of the Republic, all Frenchmen are in permanent requisit', decoded='</s></s></s></s></s></s></s></s></s></s></s></s></s></s></s></s></s></s></s></s></s></s></s></s></s></s></s></s></s></s></s></s></s></s></s><s> [INST] This question refers to the following information.'
[WARNING] in lang en, index 3326: No tokens were selected by the answer mask for perplexity calculation, setting perplexity to 1.0.
Warning: Decoded text differs from trimmed prompt
  Trimmed prompt length: 1756, Decoded text length: 1729
[DEBUG] First difference at position 1: prompt='s', decoded='/'
[DEBUG] Context: prompt='<s>[INST] This question refers to the following information.\nRead the following excerpt.\nIf civilized education developed in every child its natural inclinations, we should see nearly all rich children', decoded='</s></s></s></s></s></s></s></s></s></s></s></s></s></s></s></s></s></s></s></s></s></s></s></s></s></s></s></s></s></s></s><s> [INST] This question refers to the following information.\nRead the follow'
[WARNING] in lang en, index 3327: No tokens were selected by the answer mask for perplexity calculation, setting perplexity to 1.0.
Warning: Decoded text differs from trimmed prompt
  Trimmed prompt length: 1755, Decoded text length: 1734
[DEBUG] First difference at position 1: prompt='s', decoded='/'
[DEBUG] Context: prompt='<s>[INST] This question refers to the following information.\nRead the following excerpt.\nIf civilized education developed in every child its natural inclinations, we should see nearly all rich children', decoded='</s></s></s></s></s></s></s></s></s></s></s></s></s></s></s></s></s></s></s></s></s></s></s></s></s></s></s></s></s></s><s> [INST] This question refers to the following information.\nRead the following '
[WARNING] in lang en, index 3327: No tokens were selected by the answer mask for perplexity calculation, setting perplexity to 1.0.
Warning: Decoded text differs from trimmed prompt
  Trimmed prompt length: 1941, Decoded text length: 1942
[DEBUG] First difference at position 3: prompt='[', decoded=' '
[DEBUG] Context: prompt='<s>[INST] This question refers to the following information.\nI am of opinion that the principal and true profession of the Courtier ought to be that of arms; which I would have him follow actively above ', decoded='<s> [INST] This question refers to the following information.\nI am of opinion that the principal and true profession of the Courtier ought to be that of arms; which I would have him follow actively above'
[WARNING] in lang en, index 3328: No tokens were selected by the answer mask for perplexity calculation, setting perplexity to 1.0.
Warning: Decoded text differs from trimmed prompt
  Trimmed prompt length: 1944, Decoded text length: 1945
[DEBUG] First difference at position 3: prompt='[', decoded=' '
[DEBUG] Context: prompt='<s>[INST] This question refers to the following information.\nI am of opinion that the principal and true profession of the Courtier ought to be that of arms; which I would have him follow actively above ', decoded='<s> [INST] This question refers to the following information.\nI am of opinion that the principal and true profession of the Courtier ought to be that of arms; which I would have him follow actively above'
[WARNING] in lang en, index 3328: No tokens were selected by the answer mask for perplexity calculation, setting perplexity to 1.0.
Perplexity: Written 780/83348 entries to perplexity result file (batch 130/13892)
Processing batch 131/13892
Warning: Decoded text differs from trimmed prompt
  Trimmed prompt length: 2400, Decoded text length: 2401
[DEBUG] First difference at position 3: prompt='[', decoded=' '
[DEBUG] Context: prompt='<s>[INST] This question refers to the following information.\nRead the following excerpt.\nThe revolutionary seed had penetrated into every country and spread more or less. It was greatly developed under t', decoded='<s> [INST] This question refers to the following information.\nRead the following excerpt.\nThe revolutionary seed had penetrated into every country and spread more or less. It was greatly developed under '
[WARNING] in lang en, index 3329: No tokens were selected by the answer mask for perplexity calculation, setting perplexity to 1.0.
Warning: Decoded text differs from trimmed prompt
  Trimmed prompt length: 2386, Decoded text length: 2390
[DEBUG] First difference at position 1: prompt='s', decoded='/'
[DEBUG] Context: prompt='<s>[INST] This question refers to the following information.\nRead the following excerpt.\nThe revolutionary seed had penetrated into every country and spread more or less. It was greatly developed under', decoded='</s></s></s></s><s> [INST] This question refers to the following information.\nRead the following excerpt.\nThe revolutionary seed had penetrated into every country and spread more or less. It was greatl'
[WARNING] in lang en, index 3329: No tokens were selected by the answer mask for perplexity calculation, setting perplexity to 1.0.
Warning: Decoded text differs from trimmed prompt
  Trimmed prompt length: 1364, Decoded text length: 1272
[DEBUG] First difference at position 1: prompt='s', decoded='/'
[DEBUG] Context: prompt='<s>[INST] This question refers to the following information.\nThe assumption by a government of the office of Reliever-general to the poor is necessarily forbidden by the principle that a government can', decoded='</s></s></s></s></s></s></s></s></s></s></s></s></s></s></s></s></s></s></s></s></s></s></s></s></s></s></s></s></s></s></s></s></s></s></s></s></s></s></s></s></s></s></s></s></s></s></s></s></s></s><'
[WARNING] in lang en, index 3330: No tokens were selected by the answer mask for perplexity calculation, setting perplexity to 1.0.
Warning: Decoded text differs from trimmed prompt
  Trimmed prompt length: 1363, Decoded text length: 1272
[DEBUG] First difference at position 1: prompt='s', decoded='/'
[DEBUG] Context: prompt='<s>[INST] This question refers to the following information.\nThe assumption by a government of the office of Reliever-general to the poor is necessarily forbidden by the principle that a government can', decoded='</s></s></s></s></s></s></s></s></s></s></s></s></s></s></s></s></s></s></s></s></s></s></s></s></s></s></s></s></s></s></s></s></s></s></s></s></s></s></s></s></s></s></s></s></s></s></s></s></s></s><'
[WARNING] in lang en, index 3330: No tokens were selected by the answer mask for perplexity calculation, setting perplexity to 1.0.
Warning: Decoded text differs from trimmed prompt
  Trimmed prompt length: 1295, Decoded text length: 1249
[DEBUG] First difference at position 1: prompt='s', decoded='/'
[DEBUG] Context: prompt='<s>[INST] This question refers to the following information.\nRead the the following quotation to answer questions.\n1848 was the decisive year of German, and so of European, history: it recapitulated Ge', decoded='</s></s></s></s></s></s></s></s></s></s></s></s></s></s></s></s></s></s></s></s></s></s></s></s></s></s></s></s></s></s></s></s></s></s></s></s></s></s></s></s></s></s></s></s></s></s></s></s></s></s><'
[WARNING] in lang en, index 3332: No tokens were selected by the answer mask for perplexity calculation, setting perplexity to 1.0.
Warning: Decoded text differs from trimmed prompt
  Trimmed prompt length: 1276, Decoded text length: 1244
[DEBUG] First difference at position 1: prompt='s', decoded='/'
[DEBUG] Context: prompt='<s>[INST] This question refers to the following information.\nRead the the following quotation to answer questions.\n1848 was the decisive year of German, and so of European, history: it recapitulated Ge', decoded='</s></s></s></s></s></s></s></s></s></s></s></s></s></s></s></s></s></s></s></s></s></s></s></s></s></s></s></s></s></s></s></s></s></s></s></s></s></s></s></s></s></s></s></s></s></s></s></s></s></s><'
[WARNING] in lang en, index 3332: No tokens were selected by the answer mask for perplexity calculation, setting perplexity to 1.0.
Perplexity: Written 786/83348 entries to perplexity result file (batch 131/13892)
Processing batch 132/13892
Warning: Decoded text differs from trimmed prompt
  Trimmed prompt length: 1298, Decoded text length: 1273
[DEBUG] First difference at position 1: prompt='s', decoded='/'
[DEBUG] Context: prompt='<s>[INST] This question refers to the following information.\nRead the the following quotation to answer questions.\n1848 was the decisive year of German, and so of European, history: it recapitulated Ge', decoded='</s></s></s></s></s></s></s></s></s></s></s></s></s></s></s></s></s></s></s></s></s></s></s></s></s></s></s></s></s></s></s></s></s></s></s></s></s></s></s></s></s></s></s></s></s></s></s></s></s></s><'
[WARNING] in lang en, index 3334: No tokens were selected by the answer mask for perplexity calculation, setting perplexity to 1.0.
Warning: Decoded text differs from trimmed prompt
  Trimmed prompt length: 1254, Decoded text length: 1250
[DEBUG] First difference at position 1: prompt='s', decoded='/'
[DEBUG] Context: prompt='<s>[INST] This question refers to the following information.\nRead the the following quotation to answer questions.\n1848 was the decisive year of German, and so of European, history: it recapitulated Ge', decoded='</s></s></s></s></s></s></s></s></s></s></s></s></s></s></s></s></s></s></s></s></s></s></s></s></s></s></s></s></s></s></s></s></s></s></s></s></s></s></s></s></s></s></s></s></s></s></s></s></s></s><'
[WARNING] in lang en, index 3334: No tokens were selected by the answer mask for perplexity calculation, setting perplexity to 1.0.
Warning: Decoded text differs from trimmed prompt
  Trimmed prompt length: 1640, Decoded text length: 1641
[DEBUG] First difference at position 3: prompt='[', decoded=' '
[DEBUG] Context: prompt='<s>[INST] This question refers to the following information.\nWe have, by this perpetual and irrevocable edict, established and proclaimed:\n"First, that the recollection of everything done be one party or', decoded='<s> [INST] This question refers to the following information.\nWe have, by this perpetual and irrevocable edict, established and proclaimed:\n"First, that the recollection of everything done be one party o'
[WARNING] in lang en, index 3335: No tokens were selected by the answer mask for perplexity calculation, setting perplexity to 1.0.
Warning: Decoded text differs from trimmed prompt
  Trimmed prompt length: 1605, Decoded text length: 1602
[DEBUG] First difference at position 1: prompt='s', decoded='/'
[DEBUG] Context: prompt='<s>[INST] This question refers to the following information.\nWe have, by this perpetual and irrevocable edict, established and proclaimed:\n"First, that the recollection of everything done be one party ', decoded='</s></s></s></s></s></s></s></s></s></s><s> [INST] This question refers to the following information.\nWe have, by this perpetual and irrevocable edict, established and proclaimed:\n"First, that the reco'
[WARNING] in lang en, index 3335: No tokens were selected by the answer mask for perplexity calculation, setting perplexity to 1.0.
Warning: Decoded text differs from trimmed prompt
  Trimmed prompt length: 1099, Decoded text length: 1070
[DEBUG] First difference at position 1: prompt='s', decoded='/'
[DEBUG] Context: prompt='<s>[INST] This question refers to the following information.\nIn order to make the title of this discourse generally intelligible, I have translated the term "Protoplasm," which is the scientific name o', decoded='</s></s></s></s></s></s></s></s></s></s></s></s></s></s></s></s></s></s></s></s></s></s></s></s></s></s></s></s></s></s></s></s></s></s></s></s></s></s></s></s></s></s></s></s></s></s></s></s></s></s><'
[WARNING] in lang en, index 3336: No tokens were selected by the answer mask for perplexity calculation, setting perplexity to 1.0.
Warning: Decoded text differs from trimmed prompt
  Trimmed prompt length: 1100, Decoded text length: 1076
[DEBUG] First difference at position 1: prompt='s', decoded='/'
[DEBUG] Context: prompt='<s>[INST] This question refers to the following information.\nIn order to make the title of this discourse generally intelligible, I have translated the term "Protoplasm," which is the scientific name o', decoded='</s></s></s></s></s></s></s></s></s></s></s></s></s></s></s></s></s></s></s></s></s></s></s></s></s></s></s></s></s></s></s></s></s></s></s></s></s></s></s></s></s></s></s></s></s></s></s></s></s></s><'
[WARNING] in lang en, index 3336: No tokens were selected by the answer mask for perplexity calculation, setting perplexity to 1.0.
Perplexity: Written 792/83348 entries to perplexity result file (batch 132/13892)
Processing batch 133/13892
Warning: Decoded text differs from trimmed prompt
  Trimmed prompt length: 1424, Decoded text length: 1272
[DEBUG] First difference at position 1: prompt='s', decoded='/'
[DEBUG] Context: prompt='<s>[INST] This question refers to the following information.\nUnder the name of Chartist well-meaning inconsiderate men and other misled men have in very many cases, all over the country from the extrem', decoded='</s></s></s></s></s></s></s></s></s></s></s></s></s></s></s></s></s></s></s></s></s></s></s></s></s></s></s></s></s></s></s></s></s></s></s></s></s></s></s></s></s></s></s></s></s></s></s></s></s></s><'
[WARNING] in lang en, index 3337: No tokens were selected by the answer mask for perplexity calculation, setting perplexity to 1.0.
Warning: Decoded text differs from trimmed prompt
  Trimmed prompt length: 1422, Decoded text length: 1270
[DEBUG] First difference at position 1: prompt='s', decoded='/'
[DEBUG] Context: prompt='<s>[INST] This question refers to the following information.\nUnder the name of Chartist well-meaning inconsiderate men and other misled men have in very many cases, all over the country from the extrem', decoded='</s></s></s></s></s></s></s></s></s></s></s></s></s></s></s></s></s></s></s></s></s></s></s></s></s></s></s></s></s></s></s></s></s></s></s></s></s></s></s></s></s></s></s></s></s></s></s></s></s></s><'
[WARNING] in lang en, index 3337: No tokens were selected by the answer mask for perplexity calculation, setting perplexity to 1.0.
Warning: Decoded text differs from trimmed prompt
  Trimmed prompt length: 1848, Decoded text length: 1814
[DEBUG] First difference at position 1: prompt='s', decoded='/'
[DEBUG] Context: prompt='<s>[INST] This question refers to the following information.\nFrom this moment until that in which the enemy shall have been driven from the soil of the Republic, all Frenchmen are in permanent requisit', decoded='</s></s></s></s></s></s></s></s></s></s></s></s></s></s></s></s></s></s></s></s></s></s></s></s></s></s></s></s></s></s></s></s></s></s></s></s></s></s></s></s></s></s></s></s></s></s></s></s></s></s><'
[WARNING] in lang en, index 3338: No tokens were selected by the answer mask for perplexity calculation, setting perplexity to 1.0.
Warning: Decoded text differs from trimmed prompt
  Trimmed prompt length: 1850, Decoded text length: 1814
[DEBUG] First difference at position 1: prompt='s', decoded='/'
[DEBUG] Context: prompt='<s>[INST] This question refers to the following information.\nFrom this moment until that in which the enemy shall have been driven from the soil of the Republic, all Frenchmen are in permanent requisit', decoded='</s></s></s></s></s></s></s></s></s></s></s></s></s></s></s></s></s></s></s></s></s></s></s></s></s></s></s></s></s></s></s></s></s></s></s></s></s></s></s></s></s></s></s></s></s></s></s></s></s></s><'
[WARNING] in lang en, index 3338: No tokens were selected by the answer mask for perplexity calculation, setting perplexity to 1.0.
Warning: Decoded text differs from trimmed prompt
  Trimmed prompt length: 2207, Decoded text length: 2208
[DEBUG] First difference at position 3: prompt='[', decoded=' '
[DEBUG] Context: prompt='<s>[INST] This question refers to the following information.\n"In 1500 that work appeared which Erasmus had written after his misfortune at Dover, and had dedicated to Mountjoy, the Adagiorum Collectanea.', decoded='<s> [INST] This question refers to the following information.\n"In 1500 that work appeared which Erasmus had written after his misfortune at Dover, and had dedicated to Mountjoy, the Adagiorum Collectanea'
[WARNING] in lang en, index 3339: No tokens were selected by the answer mask for perplexity calculation, setting perplexity to 1.0.
Warning: Decoded text differs from trimmed prompt
  Trimmed prompt length: 2213, Decoded text length: 2214
[DEBUG] First difference at position 3: prompt='[', decoded=' '
[DEBUG] Context: prompt='<s>[INST] This question refers to the following information.\n"In 1500 that work appeared which Erasmus had written after his misfortune at Dover, and had dedicated to Mountjoy, the Adagiorum Collectanea.', decoded='<s> [INST] This question refers to the following information.\n"In 1500 that work appeared which Erasmus had written after his misfortune at Dover, and had dedicated to Mountjoy, the Adagiorum Collectanea'
[WARNING] in lang en, index 3339: No tokens were selected by the answer mask for perplexity calculation, setting perplexity to 1.0.
Perplexity: Written 798/83348 entries to perplexity result file (batch 133/13892)
Processing batch 134/13892
Warning: Decoded text differs from trimmed prompt
  Trimmed prompt length: 1077, Decoded text length: 1081
[DEBUG] First difference at position 1: prompt='s', decoded='/'
[DEBUG] Context: prompt='<s>[INST] This question refers to the following information.\n"His Majesty the Emperor of China agrees, that British subjects, with their families and establishments, shall be allowed to reside, for the', decoded='</s></s></s></s></s></s></s></s></s></s></s></s></s></s></s></s></s></s></s></s></s></s></s></s></s></s></s></s></s></s></s></s></s></s></s></s></s></s></s></s></s></s></s></s></s></s></s></s></s></s><'
[WARNING] in lang en, index 3340: No tokens were selected by the answer mask for perplexity calculation, setting perplexity to 1.0.
Warning: Decoded text differs from trimmed prompt
  Trimmed prompt length: 1031, Decoded text length: 1049
[DEBUG] First difference at position 1: prompt='s', decoded='/'
[DEBUG] Context: prompt='<s>[INST] This question refers to the following information.\n"His Majesty the Emperor of China agrees, that British subjects, with their families and establishments, shall be allowed to reside, for the', decoded='</s></s></s></s></s></s></s></s></s></s></s></s></s></s></s></s></s></s></s></s></s></s></s></s></s></s></s></s></s></s></s></s></s></s></s></s></s></s></s></s></s></s></s></s></s></s></s></s></s></s><'
[WARNING] in lang en, index 3340: No tokens were selected by the answer mask for perplexity calculation, setting perplexity to 1.0.
Warning: Decoded text differs from trimmed prompt
  Trimmed prompt length: 1133, Decoded text length: 1104
[DEBUG] First difference at position 1: prompt='s', decoded='/'
[DEBUG] Context: prompt='<s>[INST] This question refers to the following information.\nThe following account of the Paris Exposition of 1889.\n"The opportunities to study the natural history of man in Paris during the Exposition', decoded='</s></s></s></s></s></s></s></s></s></s></s></s></s></s></s></s></s></s></s></s></s></s></s></s></s></s></s></s></s></s></s></s></s></s></s></s></s></s></s></s></s></s></s></s></s></s></s></s></s></s><'
[WARNING] in lang en, index 3341: No tokens were selected by the answer mask for perplexity calculation, setting perplexity to 1.0.
Warning: Decoded text differs from trimmed prompt
  Trimmed prompt length: 1113, Decoded text length: 1094
[DEBUG] First difference at position 1: prompt='s', decoded='/'
[DEBUG] Context: prompt='<s>[INST] This question refers to the following information.\nThe following account of the Paris Exposition of 1889.\n"The opportunities to study the natural history of man in Paris during the Exposition', decoded='</s></s></s></s></s></s></s></s></s></s></s></s></s></s></s></s></s></s></s></s></s></s></s></s></s></s></s></s></s></s></s></s></s></s></s></s></s></s></s></s></s></s></s></s></s></s></s></s></s></s><'
[WARNING] in lang en, index 3341: No tokens were selected by the answer mask for perplexity calculation, setting perplexity to 1.0.
Warning: Decoded text differs from trimmed prompt
  Trimmed prompt length: 1584, Decoded text length: 1585
[DEBUG] First difference at position 3: prompt='[', decoded=' '
[DEBUG] Context: prompt='<s>[INST] This question refers to the following information.\nThe assumption by a government of the office of Reliever-general to the poor is necessarily forbidden by the principle that a government canno', decoded='<s> [INST] This question refers to the following information.\nThe assumption by a government of the office of Reliever-general to the poor is necessarily forbidden by the principle that a government cann'
[WARNING] in lang en, index 3342: No tokens were selected by the answer mask for perplexity calculation, setting perplexity to 1.0.
Warning: Decoded text differs from trimmed prompt
  Trimmed prompt length: 1580, Decoded text length: 1584
[DEBUG] First difference at position 1: prompt='s', decoded='/'
[DEBUG] Context: prompt='<s>[INST] This question refers to the following information.\nThe assumption by a government of the office of Reliever-general to the poor is necessarily forbidden by the principle that a government can', decoded='</s></s><s> [INST] This question refers to the following information.\nThe assumption by a government of the office of Reliever-general to the poor is necessarily forbidden by the principle that a gover'
[WARNING] in lang en, index 3342: No tokens were selected by the answer mask for perplexity calculation, setting perplexity to 1.0.
Perplexity: Written 804/83348 entries to perplexity result file (batch 134/13892)
Processing batch 135/13892
Warning: Decoded text differs from trimmed prompt
  Trimmed prompt length: 638, Decoded text length: 616
[DEBUG] First difference at position 1: prompt='s', decoded='/'
[DEBUG] Context: prompt='<s>[INST] This question refers to the following information.\nAt last it seems to me that I have come to understand why man is the most fortunate of all creatures and consequently worthy of all admirati', decoded='</s></s></s></s></s></s></s></s></s></s></s></s></s></s></s></s></s></s></s></s></s></s></s></s></s></s></s></s></s></s></s></s></s></s></s></s></s></s></s></s></s></s></s></s></s></s></s></s></s></s><'
Warning: Decoded text differs from trimmed prompt
  Trimmed prompt length: 632, Decoded text length: 612
[DEBUG] First difference at position 1: prompt='s', decoded='/'
[DEBUG] Context: prompt='<s>[INST] This question refers to the following information.\nAt last it seems to me that I have come to understand why man is the most fortunate of all creatures and consequently worthy of all admirati', decoded='</s></s></s></s></s></s></s></s></s></s></s></s></s></s></s></s></s></s></s></s></s></s></s></s></s></s></s></s></s></s></s></s></s></s></s></s></s></s></s></s></s></s></s></s></s></s></s></s></s></s><'
Warning: Decoded text differs from trimmed prompt
  Trimmed prompt length: 761, Decoded text length: 756
[DEBUG] First difference at position 1: prompt='s', decoded='/'
[DEBUG] Context: prompt='<s>[INST] This question refers to the following information.\nFor the catastrophe of 1914 the Germans are responsible. … Germany, in this matter, was unfortunate enough to allow herself (in spite of her', decoded='</s></s></s></s></s></s></s></s></s></s></s></s></s></s></s></s></s></s></s></s></s></s></s></s></s></s></s></s></s></s></s></s></s></s></s></s></s></s></s></s></s></s></s></s></s></s></s></s></s></s><'
Warning: Decoded text differs from trimmed prompt
  Trimmed prompt length: 762, Decoded text length: 756
[DEBUG] First difference at position 1: prompt='s', decoded='/'
[DEBUG] Context: prompt='<s>[INST] This question refers to the following information.\nFor the catastrophe of 1914 the Germans are responsible. … Germany, in this matter, was unfortunate enough to allow herself (in spite of her', decoded='</s></s></s></s></s></s></s></s></s></s></s></s></s></s></s></s></s></s></s></s></s></s></s></s></s></s></s></s></s></s></s></s></s></s></s></s></s></s></s></s></s></s></s></s></s></s></s></s></s></s><'
Warning: Decoded text differs from trimmed prompt
  Trimmed prompt length: 2459, Decoded text length: 2460
[DEBUG] First difference at position 3: prompt='[', decoded=' '
[DEBUG] Context: prompt='<s>[INST] This question refers to the following information.\nAbout the year 1645, while I lived in London … I had the opportunity of being acquainted with diverse worthy persons, inquisitive into natural', decoded='<s> [INST] This question refers to the following information.\nAbout the year 1645, while I lived in London … I had the opportunity of being acquainted with diverse worthy persons, inquisitive into natura'
[WARNING] in lang en, index 3348: No tokens were selected by the answer mask for perplexity calculation, setting perplexity to 1.0.
Warning: Decoded text differs from trimmed prompt
  Trimmed prompt length: 2466, Decoded text length: 2467
[DEBUG] First difference at position 1: prompt='s', decoded='/'
[DEBUG] Context: prompt='<s>[INST] This question refers to the following information.\nAbout the year 1645, while I lived in London … I had the opportunity of being acquainted with diverse worthy persons, inquisitive into natur', decoded='</s><s> [INST] This question refers to the following information.\nAbout the year 1645, while I lived in London … I had the opportunity of being acquainted with diverse worthy persons, inquisitive into '
[WARNING] in lang en, index 3348: No tokens were selected by the answer mask for perplexity calculation, setting perplexity to 1.0.
Perplexity: Written 810/83348 entries to perplexity result file (batch 135/13892)
Processing batch 136/13892
Warning: Decoded text differs from trimmed prompt
  Trimmed prompt length: 966, Decoded text length: 1092
[DEBUG] First difference at position 1: prompt='s', decoded='/'
[DEBUG] Context: prompt='<s>[INST] This question refers to the following information.\n"It\'s come! It\'s posted at the district mayor\'s office," a passerby shouted at me as he ran. I reached the Rue Drout in one leap. … I read t', decoded='</s></s></s></s></s></s></s></s></s></s></s></s></s></s></s></s></s></s></s></s></s></s></s></s></s></s></s></s></s></s></s></s></s></s></s></s></s></s></s></s></s></s></s></s></s></s></s></s></s></s><'
Warning: Decoded text differs from trimmed prompt
  Trimmed prompt length: 966, Decoded text length: 1100
[DEBUG] First difference at position 1: prompt='s', decoded='/'
[DEBUG] Context: prompt='<s>[INST] This question refers to the following information.\n"It\'s come! It\'s posted at the district mayor\'s office," a passerby shouted at me as he ran. I reached the Rue Drout in one leap. … I read t', decoded='</s></s></s></s></s></s></s></s></s></s></s></s></s></s></s></s></s></s></s></s></s></s></s></s></s></s></s></s></s></s></s></s></s></s></s></s></s></s></s></s></s></s></s></s></s></s></s></s></s></s><'
Warning: Decoded text differs from trimmed prompt
  Trimmed prompt length: 1937, Decoded text length: 1969
[DEBUG] First difference at position 1: prompt='s', decoded='/'
[DEBUG] Context: prompt="<s>[INST] This question refers to the following information.\nConfidential—For Your Excellency's personal information and guidance\nThe Austro-Hungarian Ambassador yesterday delivered to the [German] Emp", decoded='</s></s></s></s></s></s></s></s></s></s></s></s></s></s></s></s></s></s></s></s></s></s></s></s></s></s></s></s></s></s></s></s></s></s></s></s></s></s></s></s></s></s></s></s></s></s></s></s></s></s><'
[WARNING] in lang en, index 3351: No tokens were selected by the answer mask for perplexity calculation, setting perplexity to 1.0.
Warning: Decoded text differs from trimmed prompt
  Trimmed prompt length: 1892, Decoded text length: 1917
[DEBUG] First difference at position 1: prompt='s', decoded='/'
[DEBUG] Context: prompt="<s>[INST] This question refers to the following information.\nConfidential—For Your Excellency's personal information and guidance\nThe Austro-Hungarian Ambassador yesterday delivered to the [German] Emp", decoded='</s></s></s></s></s></s></s></s></s></s></s></s></s></s></s></s></s></s></s></s></s></s></s></s></s></s></s></s></s></s></s></s></s></s></s></s></s></s></s></s></s></s></s></s></s></s></s></s></s></s><'
[WARNING] in lang en, index 3351: No tokens were selected by the answer mask for perplexity calculation, setting perplexity to 1.0.
Warning: Decoded text differs from trimmed prompt
  Trimmed prompt length: 2817, Decoded text length: 2818
[DEBUG] First difference at position 3: prompt='[', decoded=' '
[DEBUG] Context: prompt='<s>[INST] This question refers to the following information.\nFirst we must remark that the cosmos is spherical in form, partly because this form being a perfect whole requiring no joints, is the most com', decoded='<s> [INST] This question refers to the following information.\nFirst we must remark that the cosmos is spherical in form, partly because this form being a perfect whole requiring no joints, is the most co'
[WARNING] in lang en, index 3352: No tokens were selected by the answer mask for perplexity calculation, setting perplexity to 1.0.
Warning: Decoded text differs from trimmed prompt
  Trimmed prompt length: 2813, Decoded text length: 2814
[DEBUG] First difference at position 3: prompt='[', decoded=' '
[DEBUG] Context: prompt='<s>[INST] This question refers to the following information.\nFirst we must remark that the cosmos is spherical in form, partly because this form being a perfect whole requiring no joints, is the most com', decoded='<s> [INST] This question refers to the following information.\nFirst we must remark that the cosmos is spherical in form, partly because this form being a perfect whole requiring no joints, is the most co'
[WARNING] in lang en, index 3352: No tokens were selected by the answer mask for perplexity calculation, setting perplexity to 1.0.
Perplexity: Written 816/83348 entries to perplexity result file (batch 136/13892)
Processing batch 137/13892
Warning: Decoded text differs from trimmed prompt
  Trimmed prompt length: 1122, Decoded text length: 1088
[DEBUG] First difference at position 1: prompt='s', decoded='/'
[DEBUG] Context: prompt='<s>[INST] This question refers to the following information.\n"His Majesty the Emperor of China agrees, that British subjects, with their families and establishments, shall be allowed to reside, for the', decoded='</s></s></s></s></s></s></s></s></s></s></s></s></s></s></s></s></s></s></s></s></s></s></s></s></s></s></s></s></s></s></s></s></s></s></s></s></s></s></s></s></s></s></s></s></s></s></s></s></s></s><'
Warning: Decoded text differs from trimmed prompt
  Trimmed prompt length: 1115, Decoded text length: 1085
[DEBUG] First difference at position 1: prompt='s', decoded='/'
[DEBUG] Context: prompt='<s>[INST] This question refers to the following information.\n"His Majesty the Emperor of China agrees, that British subjects, with their families and establishments, shall be allowed to reside, for the', decoded='</s></s></s></s></s></s></s></s></s></s></s></s></s></s></s></s></s></s></s></s></s></s></s></s></s></s></s></s></s></s></s></s></s></s></s></s></s></s></s></s></s></s></s></s></s></s></s></s></s></s><'
Warning: Decoded text differs from trimmed prompt
  Trimmed prompt length: 2113, Decoded text length: 2114
[DEBUG] First difference at position 3: prompt='[', decoded=' '
[DEBUG] Context: prompt='<s>[INST] This question refers to the following information.\nRead the following memoir.\nNot only did he expect all persons of distinction to be in continual attendance at Court, but he was quick to notic', decoded='<s> [INST] This question refers to the following information.\nRead the following memoir.\nNot only did he expect all persons of distinction to be in continual attendance at Court, but he was quick to noti'
[WARNING] in lang en, index 3355: No tokens were selected by the answer mask for perplexity calculation, setting perplexity to 1.0.
Warning: Decoded text differs from trimmed prompt
  Trimmed prompt length: 2090, Decoded text length: 2097
[DEBUG] First difference at position 1: prompt='s', decoded='/'
[DEBUG] Context: prompt='<s>[INST] This question refers to the following information.\nRead the following memoir.\nNot only did he expect all persons of distinction to be in continual attendance at Court, but he was quick to not', decoded='</s></s></s><s> [INST] This question refers to the following information.\nRead the following memoir.\nNot only did he expect all persons of distinction to be in continual attendance at Court, but he was'
[WARNING] in lang en, index 3355: No tokens were selected by the answer mask for perplexity calculation, setting perplexity to 1.0.
Warning: Decoded text differs from trimmed prompt
  Trimmed prompt length: 1090, Decoded text length: 980
[DEBUG] First difference at position 1: prompt='s', decoded='/'
[DEBUG] Context: prompt='<s>[INST] This question refers to the following information.\nThe history of all hitherto existing societies is the history of class struggles. … The modern bourgeois society that has sprouted from the ', decoded='</s></s></s></s></s></s></s></s></s></s></s></s></s></s></s></s></s></s></s></s></s></s></s></s></s></s></s></s></s></s></s></s></s></s></s></s></s></s></s></s></s></s></s></s></s></s></s></s></s></s><'
[WARNING] in lang en, index 3357: No tokens were selected by the answer mask for perplexity calculation, setting perplexity to 1.0.
Warning: Decoded text differs from trimmed prompt
  Trimmed prompt length: 1071, Decoded text length: 980
[DEBUG] First difference at position 1: prompt='s', decoded='/'
[DEBUG] Context: prompt='<s>[INST] This question refers to the following information.\nThe history of all hitherto existing societies is the history of class struggles. … The modern bourgeois society that has sprouted from the ', decoded='</s></s></s></s></s></s></s></s></s></s></s></s></s></s></s></s></s></s></s></s></s></s></s></s></s></s></s></s></s></s></s></s></s></s></s></s></s></s></s></s></s></s></s></s></s></s></s></s></s></s><'
[WARNING] in lang en, index 3357: No tokens were selected by the answer mask for perplexity calculation, setting perplexity to 1.0.
Perplexity: Written 822/83348 entries to perplexity result file (batch 137/13892)
Processing batch 138/13892
Warning: Decoded text differs from trimmed prompt
  Trimmed prompt length: 1019, Decoded text length: 1023
[DEBUG] First difference at position 1: prompt='s', decoded='/'
[DEBUG] Context: prompt="<s>[INST] This question refers to the following information.\nRead the the following poem to answer questions.\nTake up the White Man's burden—\nSend forth the best ye breed—\nGo bind your sons to exile\nTo", decoded="</s></s><s> [INST] This question refers to the following information.\nRead the the following poem to answer questions.\nTake up the White Man's burden—\nSend forth the best ye breed—\nGo bind your sons to"
[WARNING] in lang en, index 3360: No tokens were selected by the answer mask for perplexity calculation, setting perplexity to 1.0.
Warning: Decoded text differs from trimmed prompt
  Trimmed prompt length: 1017, Decoded text length: 1018
[DEBUG] First difference at position 3: prompt='[', decoded=' '
[DEBUG] Context: prompt="<s>[INST] This question refers to the following information.\nRead the the following poem to answer questions.\nTake up the White Man's burden—\nSend forth the best ye breed—\nGo bind your sons to exile\nTo s", decoded="<s> [INST] This question refers to the following information.\nRead the the following poem to answer questions.\nTake up the White Man's burden—\nSend forth the best ye breed—\nGo bind your sons to exile\nTo "
[WARNING] in lang en, index 3360: No tokens were selected by the answer mask for perplexity calculation, setting perplexity to 1.0.
Warning: Decoded text differs from trimmed prompt
  Trimmed prompt length: 972, Decoded text length: 988
[DEBUG] First difference at position 1: prompt='s', decoded='/'
[DEBUG] Context: prompt='<s>[INST] This question refers to the following information.\n"A specter is haunting Europe-the specter of Communism. All the powers of old Europe have entered into a holy alliance to exorcise this spec', decoded='</s></s></s></s></s></s></s></s></s></s></s></s></s></s></s></s></s></s></s></s></s></s></s></s></s></s></s><s> [INST] This question refers to the following information.\n"A specter is haunting Europe-t'
[WARNING] in lang en, index 3361: No tokens were selected by the answer mask for perplexity calculation, setting perplexity to 1.0.
Warning: Decoded text differs from trimmed prompt
  Trimmed prompt length: 965, Decoded text length: 944
[DEBUG] First difference at position 1: prompt='s', decoded='/'
[DEBUG] Context: prompt='<s>[INST] This question refers to the following information.\n"A specter is haunting Europe-the specter of Communism. All the powers of old Europe have entered into a holy alliance to exorcise this spec', decoded='</s></s></s></s></s></s></s></s></s></s></s></s></s></s></s></s></s></s></s></s></s></s></s></s></s></s></s></s></s></s></s></s></s></s></s><s> [INST] This question refers to the following information.'
[WARNING] in lang en, index 3361: No tokens were selected by the answer mask for perplexity calculation, setting perplexity to 1.0.
Warning: Decoded text differs from trimmed prompt
  Trimmed prompt length: 1087, Decoded text length: 1073
[DEBUG] First difference at position 1: prompt='s', decoded='/'
[DEBUG] Context: prompt='<s>[INST] This question refers to the following information.\nThe history of all hitherto existing societies is the history of class struggles. … The modern bourgeois society that has sprouted from the ', decoded='</s></s></s></s></s></s></s></s></s></s></s></s></s></s></s></s></s></s><s> [INST] This question refers to the following information.\nThe history of all hitherto existing societies is the history of cl'
[WARNING] in lang en, index 3362: No tokens were selected by the answer mask for perplexity calculation, setting perplexity to 1.0.
Warning: Decoded text differs from trimmed prompt
  Trimmed prompt length: 1074, Decoded text length: 1073
[DEBUG] First difference at position 1: prompt='s', decoded='/'
[DEBUG] Context: prompt='<s>[INST] This question refers to the following information.\nThe history of all hitherto existing societies is the history of class struggles. … The modern bourgeois society that has sprouted from the ', decoded='</s></s></s></s></s></s></s></s></s></s></s></s></s></s></s></s></s></s><s> [INST] This question refers to the following information.\nThe history of all hitherto existing societies is the history of cl'
[WARNING] in lang en, index 3362: No tokens were selected by the answer mask for perplexity calculation, setting perplexity to 1.0.
Perplexity: Written 828/83348 entries to perplexity result file (batch 138/13892)
Processing batch 139/13892
Warning: Decoded text differs from trimmed prompt
  Trimmed prompt length: 732, Decoded text length: 692
[DEBUG] First difference at position 1: prompt='s', decoded='/'
[DEBUG] Context: prompt='<s>[INST] This question refers to the following information.\nAt last it seems to me that I have come to understand why man is the most fortunate of all creatures and consequently worthy of all admirati', decoded='</s></s></s></s></s></s></s></s></s></s></s></s></s></s></s></s></s></s></s></s></s></s></s></s></s></s></s></s></s></s></s></s></s></s></s></s></s></s></s></s></s></s></s></s></s></s></s></s></s></s><'
Warning: Decoded text differs from trimmed prompt
  Trimmed prompt length: 717, Decoded text length: 684
[DEBUG] First difference at position 1: prompt='s', decoded='/'
[DEBUG] Context: prompt='<s>[INST] This question refers to the following information.\nAt last it seems to me that I have come to understand why man is the most fortunate of all creatures and consequently worthy of all admirati', decoded='</s></s></s></s></s></s></s></s></s></s></s></s></s></s></s></s></s></s></s></s></s></s></s></s></s></s></s></s></s></s></s></s></s></s></s></s></s></s></s></s></s></s></s></s></s></s></s></s></s></s><'
Warning: Decoded text differs from trimmed prompt
  Trimmed prompt length: 1061, Decoded text length: 992
[DEBUG] First difference at position 1: prompt='s', decoded='/'
[DEBUG] Context: prompt='<s>[INST] This question refers to the following information.\n"The substitution of Plato for the scholastic Aristotle was hastened by contact with Byzantine scholarship. Already at the Council of Ferrer', decoded='</s></s></s></s></s></s></s></s></s></s></s></s></s></s></s></s></s></s></s></s></s></s></s></s></s></s></s></s></s></s></s></s></s></s></s></s></s></s></s></s></s></s></s></s></s></s></s></s></s></s><'
[WARNING] in lang en, index 3365: No tokens were selected by the answer mask for perplexity calculation, setting perplexity to 1.0.
Warning: Decoded text differs from trimmed prompt
  Trimmed prompt length: 1045, Decoded text length: 966
[DEBUG] First difference at position 1: prompt='s', decoded='/'
[DEBUG] Context: prompt='<s>[INST] This question refers to the following information.\n"The substitution of Plato for the scholastic Aristotle was hastened by contact with Byzantine scholarship. Already at the Council of Ferrer', decoded='</s></s></s></s></s></s></s></s></s></s></s></s></s></s></s></s></s></s></s></s></s></s></s></s></s></s></s></s></s></s></s></s></s></s></s></s></s></s></s></s></s></s></s></s></s></s></s></s></s></s><'
[WARNING] in lang en, index 3365: No tokens were selected by the answer mask for perplexity calculation, setting perplexity to 1.0.
Warning: Decoded text differs from trimmed prompt
  Trimmed prompt length: 1673, Decoded text length: 1669
[DEBUG] First difference at position 1: prompt='s', decoded='/'
[DEBUG] Context: prompt='<s>[INST] This question refers to the following information.\n"Buckingham Palace, 10th May 1839.\nThe Queen forgot to ask Lord Melbourne if he thought there would be any harm in her writing to the Duke o', decoded='</s></s></s></s></s><s> [INST] This question refers to the following information.\n"Buckingham Palace, 10th May 1839.\nThe Queen forgot to ask Lord Melbourne if he thought there would be any harm in her '
[WARNING] in lang en, index 3366: No tokens were selected by the answer mask for perplexity calculation, setting perplexity to 1.0.
Warning: Decoded text differs from trimmed prompt
  Trimmed prompt length: 1688, Decoded text length: 1689
[DEBUG] First difference at position 3: prompt='[', decoded=' '
[DEBUG] Context: prompt='<s>[INST] This question refers to the following information.\n"Buckingham Palace, 10th May 1839.\nThe Queen forgot to ask Lord Melbourne if he thought there would be any harm in her writing to the Duke of ', decoded='<s> [INST] This question refers to the following information.\n"Buckingham Palace, 10th May 1839.\nThe Queen forgot to ask Lord Melbourne if he thought there would be any harm in her writing to the Duke of'
[WARNING] in lang en, index 3366: No tokens were selected by the answer mask for perplexity calculation, setting perplexity to 1.0.
Perplexity: Written 834/83348 entries to perplexity result file (batch 139/13892)
Processing batch 140/13892
Warning: Decoded text differs from trimmed prompt
  Trimmed prompt length: 1987, Decoded text length: 1988
[DEBUG] First difference at position 3: prompt='[', decoded=' '
[DEBUG] Context: prompt='<s>[INST] This question refers to the following information.\n"The Government of the German Reich and The Government of the Union of Soviet Socialist Republics desirous of strengthening the cause of peace', decoded='<s> [INST] This question refers to the following information.\n"The Government of the German Reich and The Government of the Union of Soviet Socialist Republics desirous of strengthening the cause of peac'
[WARNING] in lang en, index 3367: No tokens were selected by the answer mask for perplexity calculation, setting perplexity to 1.0.
Warning: Decoded text differs from trimmed prompt
  Trimmed prompt length: 1966, Decoded text length: 1964
[DEBUG] First difference at position 1: prompt='s', decoded='/'
[DEBUG] Context: prompt='<s>[INST] This question refers to the following information.\n"The Government of the German Reich and The Government of the Union of Soviet Socialist Republics desirous of strengthening the cause of pea', decoded='</s></s></s></s></s></s></s><s> [INST] This question refers to the following information.\n"The Government of the German Reich and The Government of the Union of Soviet Socialist Republics desirous of s'
[WARNING] in lang en, index 3367: No tokens were selected by the answer mask for perplexity calculation, setting perplexity to 1.0.
Warning: Decoded text differs from trimmed prompt
  Trimmed prompt length: 1392, Decoded text length: 1343
[DEBUG] First difference at position 1: prompt='s', decoded='/'
[DEBUG] Context: prompt="<s>[INST] This question refers to the following information.\nAddison's Act had been conceived in the belief that, unless working-class aspirations were quickly met after the war, Britain might experien", decoded='</s></s></s></s></s></s></s></s></s></s></s></s></s></s></s></s></s></s></s></s></s></s></s></s></s></s></s></s></s></s></s></s></s></s></s></s></s></s></s></s></s></s></s></s></s></s></s></s></s></s><'
[WARNING] in lang en, index 3368: No tokens were selected by the answer mask for perplexity calculation, setting perplexity to 1.0.
Warning: Decoded text differs from trimmed prompt
  Trimmed prompt length: 1392, Decoded text length: 1343
[DEBUG] First difference at position 1: prompt='s', decoded='/'
[DEBUG] Context: prompt="<s>[INST] This question refers to the following information.\nAddison's Act had been conceived in the belief that, unless working-class aspirations were quickly met after the war, Britain might experien", decoded='</s></s></s></s></s></s></s></s></s></s></s></s></s></s></s></s></s></s></s></s></s></s></s></s></s></s></s></s></s></s></s></s></s></s></s></s></s></s></s></s></s></s></s></s></s></s></s></s></s></s><'
[WARNING] in lang en, index 3368: No tokens were selected by the answer mask for perplexity calculation, setting perplexity to 1.0.
Warning: Decoded text differs from trimmed prompt
  Trimmed prompt length: 1017, Decoded text length: 867
[DEBUG] First difference at position 1: prompt='s', decoded='/'
[DEBUG] Context: prompt='<s>[INST] This question refers to the following information.\nAs with a Commander of the Army, or leader of any enterprise, so it is with the mistress of the house. Her spirit will be seen through the w', decoded='</s></s></s></s></s></s></s></s></s></s></s></s></s></s></s></s></s></s></s></s></s></s></s></s></s></s></s></s></s></s></s></s></s></s></s></s></s></s></s></s></s></s></s></s></s></s></s></s></s></s><'
[WARNING] in lang en, index 3370: No tokens were selected by the answer mask for perplexity calculation, setting perplexity to 1.0.
Warning: Decoded text differs from trimmed prompt
  Trimmed prompt length: 1024, Decoded text length: 869
[DEBUG] First difference at position 1: prompt='s', decoded='/'
[DEBUG] Context: prompt='<s>[INST] This question refers to the following information.\nAs with a Commander of the Army, or leader of any enterprise, so it is with the mistress of the house. Her spirit will be seen through the w', decoded='</s></s></s></s></s></s></s></s></s></s></s></s></s></s></s></s></s></s></s></s></s></s></s></s></s></s></s></s></s></s></s></s></s></s></s></s></s></s></s></s></s></s></s></s></s></s></s></s></s></s><'
[WARNING] in lang en, index 3370: No tokens were selected by the answer mask for perplexity calculation, setting perplexity to 1.0.
Perplexity: Written 840/83348 entries to perplexity result file (batch 140/13892)
Processing batch 141/13892
Warning: Decoded text differs from trimmed prompt
  Trimmed prompt length: 852, Decoded text length: 799
[DEBUG] First difference at position 1: prompt='s', decoded='/'
[DEBUG] Context: prompt='<s>[INST] This question refers to the following information.\nRead the the following quotation to answer questions.\nWhat is tolerance? … We are full of weakness and errors; let us mutually pardon our fo', decoded='</s></s></s></s></s></s></s></s></s></s></s></s></s></s></s></s></s></s></s></s></s></s></s></s></s></s></s></s></s></s></s></s></s></s></s></s></s></s></s></s></s></s></s></s></s></s></s></s></s></s><'
[WARNING] in lang en, index 3371: No tokens were selected by the answer mask for perplexity calculation, setting perplexity to 1.0.
Warning: Decoded text differs from trimmed prompt
  Trimmed prompt length: 865, Decoded text length: 806
[DEBUG] First difference at position 1: prompt='s', decoded='/'
[DEBUG] Context: prompt='<s>[INST] This question refers to the following information.\nRead the the following quotation to answer questions.\nWhat is tolerance? … We are full of weakness and errors; let us mutually pardon our fo', decoded='</s></s></s></s></s></s></s></s></s></s></s></s></s></s></s></s></s></s></s></s></s></s></s></s></s></s></s></s></s></s></s></s></s></s></s></s></s></s></s></s></s></s></s></s></s></s></s></s></s></s><'
[WARNING] in lang en, index 3371: No tokens were selected by the answer mask for perplexity calculation, setting perplexity to 1.0.
Warning: Decoded text differs from trimmed prompt
  Trimmed prompt length: 1153, Decoded text length: 1154
[DEBUG] First difference at position 3: prompt='[', decoded=' '
[DEBUG] Context: prompt='<s>[INST] This question refers to the following information.\nFlorence is more beautiful and five hundred forty years older than your Venice. … We have round about us thirty thousand estates, owned by nob', decoded='<s> [INST] This question refers to the following information.\nFlorence is more beautiful and five hundred forty years older than your Venice. … We have round about us thirty thousand estates, owned by no'
[WARNING] in lang en, index 3374: No tokens were selected by the answer mask for perplexity calculation, setting perplexity to 1.0.
Warning: Decoded text differs from trimmed prompt
  Trimmed prompt length: 1108, Decoded text length: 1093
[DEBUG] First difference at position 1: prompt='s', decoded='/'
[DEBUG] Context: prompt='<s>[INST] This question refers to the following information.\nFlorence is more beautiful and five hundred forty years older than your Venice. … We have round about us thirty thousand estates, owned by n', decoded='</s></s></s></s></s></s></s></s></s><s> [INST] This question refers to the following information.\nFlorence is more beautiful and five hundred forty years older than your Venice. … We have round about u'
[WARNING] in lang en, index 3374: No tokens were selected by the answer mask for perplexity calculation, setting perplexity to 1.0.
Warning: Decoded text differs from trimmed prompt
  Trimmed prompt length: 819, Decoded text length: 807
[DEBUG] First difference at position 1: prompt='s', decoded='/'
[DEBUG] Context: prompt='<s>[INST] This question refers to the following information.\nPerestroika [Restructuring] is an urgent necessity arising from the profound processes of development in our socialist society. This society', decoded='</s></s></s></s></s></s></s></s></s></s></s></s></s></s></s></s></s></s></s></s></s></s></s></s></s></s></s></s></s></s></s></s></s></s></s></s></s></s></s></s></s></s></s></s></s></s></s></s></s></s><'
Warning: Decoded text differs from trimmed prompt
  Trimmed prompt length: 761, Decoded text length: 773
[DEBUG] First difference at position 1: prompt='s', decoded='/'
[DEBUG] Context: prompt='<s>[INST] This question refers to the following information.\nPerestroika [Restructuring] is an urgent necessity arising from the profound processes of development in our socialist society. This society', decoded='</s></s></s></s></s></s></s></s></s></s></s></s></s></s></s></s></s></s></s></s></s></s></s></s></s></s></s></s></s></s></s></s></s></s></s></s></s></s></s></s></s></s></s></s></s></s></s></s></s></s><'
[WARNING] in lang en, index 3375: No tokens were selected by the answer mask for perplexity calculation, setting perplexity to 1.0.
Perplexity: Written 846/83348 entries to perplexity result file (batch 141/13892)
Processing batch 142/13892
Warning: Decoded text differs from trimmed prompt
  Trimmed prompt length: 1412, Decoded text length: 1313
[DEBUG] First difference at position 1: prompt='s', decoded='/'
[DEBUG] Context: prompt='<s>[INST] This question refers to the following information.\nRead the following governmental regulation.\nPress Law\nSo long as this decree shall remain in force no publication which appears in the form ', decoded='</s></s></s></s></s></s></s></s></s></s></s></s></s></s></s></s></s></s></s></s></s></s></s></s></s></s></s></s></s></s></s></s></s></s></s></s></s></s></s></s></s></s></s></s></s></s></s></s></s></s><'
[WARNING] in lang en, index 3377: No tokens were selected by the answer mask for perplexity calculation, setting perplexity to 1.0.
Warning: Decoded text differs from trimmed prompt
  Trimmed prompt length: 1341, Decoded text length: 1227
[DEBUG] First difference at position 1: prompt='s', decoded='/'
[DEBUG] Context: prompt='<s>[INST] This question refers to the following information.\nRead the following governmental regulation.\nPress Law\nSo long as this decree shall remain in force no publication which appears in the form ', decoded='</s></s></s></s></s></s></s></s></s></s></s></s></s></s></s></s></s></s></s></s></s></s></s></s></s></s></s></s></s></s></s></s></s></s></s></s></s></s></s></s></s></s></s></s></s></s></s></s></s></s><'
[WARNING] in lang en, index 3377: No tokens were selected by the answer mask for perplexity calculation, setting perplexity to 1.0.
Warning: Decoded text differs from trimmed prompt
  Trimmed prompt length: 934, Decoded text length: 1015
[DEBUG] First difference at position 1: prompt='s', decoded='/'
[DEBUG] Context: prompt='<s>[INST] This question refers to the following information.\n"It\'s come! It\'s posted at the district mayor\'s office," a passerby shouted at me as he ran. I reached the Rue Drout in one leap. … I read t', decoded='</s></s></s></s></s></s></s></s></s></s></s></s></s></s></s></s></s></s></s></s></s></s></s></s></s></s></s></s></s></s></s></s></s></s></s></s></s></s></s></s></s></s></s></s></s></s></s></s></s></s><'
Warning: Decoded text differs from trimmed prompt
  Trimmed prompt length: 935, Decoded text length: 1013
[DEBUG] First difference at position 1: prompt='s', decoded='/'
[DEBUG] Context: prompt='<s>[INST] This question refers to the following information.\n"It\'s come! It\'s posted at the district mayor\'s office," a passerby shouted at me as he ran. I reached the Rue Drout in one leap. … I read t', decoded='</s></s></s></s></s></s></s></s></s></s></s></s></s></s></s></s></s></s></s></s></s></s></s></s></s></s></s></s></s></s></s></s></s></s></s></s></s></s></s></s></s></s></s></s></s></s></s></s></s></s><'
Warning: Decoded text differs from trimmed prompt
  Trimmed prompt length: 1822, Decoded text length: 1828
[DEBUG] First difference at position 1: prompt='s', decoded='/'
[DEBUG] Context: prompt='<s>[INST] This question refers to the following information.\n"After all the slaves had been brought together and severally marked with the letter G, the emperor\'s fifths and then Cortés\' were deducted ', decoded='</s></s></s><s> [INST] This question refers to the following information.\n"After all the slaves had been brought together and severally marked with the letter G, the emperor\'s fifths and then Cortés\' w'
[WARNING] in lang en, index 3382: No tokens were selected by the answer mask for perplexity calculation, setting perplexity to 1.0.
Warning: Decoded text differs from trimmed prompt
  Trimmed prompt length: 1821, Decoded text length: 1822
[DEBUG] First difference at position 3: prompt='[', decoded=' '
[DEBUG] Context: prompt='<s>[INST] This question refers to the following information.\n"After all the slaves had been brought together and severally marked with the letter G, the emperor\'s fifths and then Cortés\' were deducted be', decoded='<s> [INST] This question refers to the following information.\n"After all the slaves had been brought together and severally marked with the letter G, the emperor\'s fifths and then Cortés\' were deducted b'
[WARNING] in lang en, index 3382: No tokens were selected by the answer mask for perplexity calculation, setting perplexity to 1.0.
Perplexity: Written 852/83348 entries to perplexity result file (batch 142/13892)
Processing batch 143/13892
Warning: Decoded text differs from trimmed prompt
  Trimmed prompt length: 1577, Decoded text length: 1439
[DEBUG] First difference at position 1: prompt='s', decoded='/'
[DEBUG] Context: prompt='<s>[INST] This question refers to the following information.\nThe passage below is written by John Calvin.\nIf we need to be recalled to the origin of election, to prove that we obtain salvation from no ', decoded='</s></s></s></s></s></s></s></s></s></s></s></s></s></s></s></s></s></s></s></s></s></s></s></s></s></s></s></s></s></s></s></s></s></s></s></s></s></s></s></s></s></s></s></s></s></s></s></s></s></s><'
[WARNING] in lang en, index 3383: No tokens were selected by the answer mask for perplexity calculation, setting perplexity to 1.0.
Warning: Decoded text differs from trimmed prompt
  Trimmed prompt length: 1575, Decoded text length: 1429
[DEBUG] First difference at position 1: prompt='s', decoded='/'
[DEBUG] Context: prompt='<s>[INST] This question refers to the following information.\nThe passage below is written by John Calvin.\nIf we need to be recalled to the origin of election, to prove that we obtain salvation from no ', decoded='</s></s></s></s></s></s></s></s></s></s></s></s></s></s></s></s></s></s></s></s></s></s></s></s></s></s></s></s></s></s></s></s></s></s></s></s></s></s></s></s></s></s></s></s></s></s></s></s></s></s><'
[WARNING] in lang en, index 3383: No tokens were selected by the answer mask for perplexity calculation, setting perplexity to 1.0.
Warning: Decoded text differs from trimmed prompt
  Trimmed prompt length: 1530, Decoded text length: 1429
[DEBUG] First difference at position 1: prompt='s', decoded='/'
[DEBUG] Context: prompt="<s>[INST] This question refers to the following information.\n[T]he the end and measure of this power, when in every man's hands in the state of nature, being the preservation of all of his society, tha", decoded='</s></s></s></s></s></s></s></s></s></s></s></s></s></s></s></s></s></s></s></s></s></s></s></s></s></s></s></s></s></s></s></s></s></s></s></s></s></s></s></s></s></s></s></s></s></s></s></s></s></s><'
[WARNING] in lang en, index 3385: No tokens were selected by the answer mask for perplexity calculation, setting perplexity to 1.0.
Warning: Decoded text differs from trimmed prompt
  Trimmed prompt length: 1522, Decoded text length: 1429
[DEBUG] First difference at position 1: prompt='s', decoded='/'
[DEBUG] Context: prompt="<s>[INST] This question refers to the following information.\n[T]he the end and measure of this power, when in every man's hands in the state of nature, being the preservation of all of his society, tha", decoded='</s></s></s></s></s></s></s></s></s></s></s></s></s></s></s></s></s></s></s></s></s></s></s></s></s></s></s></s></s></s></s></s></s></s></s></s></s></s></s></s></s></s></s></s></s></s></s></s></s></s><'
[WARNING] in lang en, index 3385: No tokens were selected by the answer mask for perplexity calculation, setting perplexity to 1.0.
Warning: Decoded text differs from trimmed prompt
  Trimmed prompt length: 2681, Decoded text length: 2687
[DEBUG] First difference at position 1: prompt='s', decoded='/'
[DEBUG] Context: prompt='<s>[INST] This question refers to the following information.\n"But you, my dear Pangloss," said Candide, "how can it be that I behold you again?"\n"It is true," said Pangloss, "that you saw me hanged&….A', decoded='</s></s></s></s><s> [INST] This question refers to the following information.\n"But you, my dear Pangloss," said Candide, "how can it be that I behold you again?"\n"It is true," said Pangloss, "that you '
[WARNING] in lang en, index 3387: No tokens were selected by the answer mask for perplexity calculation, setting perplexity to 1.0.
Warning: Decoded text differs from trimmed prompt
  Trimmed prompt length: 2703, Decoded text length: 2704
[DEBUG] First difference at position 3: prompt='[', decoded=' '
[DEBUG] Context: prompt='<s>[INST] This question refers to the following information.\n"But you, my dear Pangloss," said Candide, "how can it be that I behold you again?"\n"It is true," said Pangloss, "that you saw me hanged&….A s', decoded='<s> [INST] This question refers to the following information.\n"But you, my dear Pangloss," said Candide, "how can it be that I behold you again?"\n"It is true," said Pangloss, "that you saw me hanged&….A '
[WARNING] in lang en, index 3387: No tokens were selected by the answer mask for perplexity calculation, setting perplexity to 1.0.
Perplexity: Written 858/83348 entries to perplexity result file (batch 143/13892)
Processing batch 144/13892
Warning: Decoded text differs from trimmed prompt
  Trimmed prompt length: 2239, Decoded text length: 2221
[DEBUG] First difference at position 1: prompt='s', decoded='/'
[DEBUG] Context: prompt='<s>[INST] This question refers to the following information.\n"In 1500 that work appeared which Erasmus had written after his misfortune at Dover, and had dedicated to Mountjoy, the Adagiorum Collectane', decoded='</s></s></s></s></s></s></s></s></s></s></s></s></s></s></s></s></s></s></s></s></s></s></s></s></s></s></s></s></s></s></s></s></s></s><s> [INST] This question refers to the following information.\n"In'
[WARNING] in lang en, index 3388: No tokens were selected by the answer mask for perplexity calculation, setting perplexity to 1.0.
Warning: Decoded text differs from trimmed prompt
  Trimmed prompt length: 2242, Decoded text length: 2212
[DEBUG] First difference at position 1: prompt='s', decoded='/'
[DEBUG] Context: prompt='<s>[INST] This question refers to the following information.\n"In 1500 that work appeared which Erasmus had written after his misfortune at Dover, and had dedicated to Mountjoy, the Adagiorum Collectane', decoded='</s></s></s></s></s></s></s></s></s></s></s></s></s></s></s></s></s></s></s></s></s></s></s></s></s></s></s></s></s></s></s></s></s></s></s><s> [INST] This question refers to the following information.'
[WARNING] in lang en, index 3388: No tokens were selected by the answer mask for perplexity calculation, setting perplexity to 1.0.
Warning: Decoded text differs from trimmed prompt
  Trimmed prompt length: 2336, Decoded text length: 2337
[DEBUG] First difference at position 3: prompt='[', decoded=' '
[DEBUG] Context: prompt='<s>[INST] This question refers to the following information.\n"In 1500 that work appeared which Erasmus had written after his misfortune at Dover, and had dedicated to Mountjoy, the Adagiorum Collectanea.', decoded='<s> [INST] This question refers to the following information.\n"In 1500 that work appeared which Erasmus had written after his misfortune at Dover, and had dedicated to Mountjoy, the Adagiorum Collectanea'
[WARNING] in lang en, index 3389: No tokens were selected by the answer mask for perplexity calculation, setting perplexity to 1.0.
Warning: Decoded text differs from trimmed prompt
  Trimmed prompt length: 2275, Decoded text length: 2285
[DEBUG] First difference at position 1: prompt='s', decoded='/'
[DEBUG] Context: prompt='<s>[INST] This question refers to the following information.\n"In 1500 that work appeared which Erasmus had written after his misfortune at Dover, and had dedicated to Mountjoy, the Adagiorum Collectane', decoded='</s></s></s></s></s></s></s></s><s> [INST] This question refers to the following information.\n"In 1500 that work appeared which Erasmus had written after his misfortune at Dover, and had dedicated to M'
[WARNING] in lang en, index 3389: No tokens were selected by the answer mask for perplexity calculation, setting perplexity to 1.0.
Warning: Decoded text differs from trimmed prompt
  Trimmed prompt length: 1714, Decoded text length: 1614
[DEBUG] First difference at position 1: prompt='s', decoded='/'
[DEBUG] Context: prompt="<s>[INST] This question refers to the following information.\n[T]he the end and measure of this power, when in every man's hands in the state of nature, being the preservation of all of his society, tha", decoded='</s></s></s></s></s></s></s></s></s></s></s></s></s></s></s></s></s></s></s></s></s></s></s></s></s></s></s></s></s></s></s></s></s></s></s></s></s></s></s></s></s></s></s></s></s></s></s></s></s></s><'
[WARNING] in lang en, index 3390: No tokens were selected by the answer mask for perplexity calculation, setting perplexity to 1.0.
Warning: Decoded text differs from trimmed prompt
  Trimmed prompt length: 1716, Decoded text length: 1628
[DEBUG] First difference at position 1: prompt='s', decoded='/'
[DEBUG] Context: prompt="<s>[INST] This question refers to the following information.\n[T]he the end and measure of this power, when in every man's hands in the state of nature, being the preservation of all of his society, tha", decoded='</s></s></s></s></s></s></s></s></s></s></s></s></s></s></s></s></s></s></s></s></s></s></s></s></s></s></s></s></s></s></s></s></s></s></s></s></s></s></s></s></s></s></s></s></s></s></s></s></s></s><'
[WARNING] in lang en, index 3390: No tokens were selected by the answer mask for perplexity calculation, setting perplexity to 1.0.
Perplexity: Written 864/83348 entries to perplexity result file (batch 144/13892)
Processing batch 145/13892
Warning: Decoded text differs from trimmed prompt
  Trimmed prompt length: 1180, Decoded text length: 1087
[DEBUG] First difference at position 1: prompt='s', decoded='/'
[DEBUG] Context: prompt='<s>[INST] This question refers to the following information.\nThe following account of the Paris Exposition of 1889.\n"The opportunities to study the natural history of man in Paris during the Exposition', decoded='</s></s></s></s></s></s></s></s></s></s></s></s></s></s></s></s></s></s></s></s></s></s></s></s></s></s></s></s></s></s></s></s></s></s></s></s></s></s></s></s></s></s></s></s></s></s></s></s></s></s><'
[WARNING] in lang en, index 3391: No tokens were selected by the answer mask for perplexity calculation, setting perplexity to 1.0.
Warning: Decoded text differs from trimmed prompt
  Trimmed prompt length: 1182, Decoded text length: 1087
[DEBUG] First difference at position 1: prompt='s', decoded='/'
[DEBUG] Context: prompt='<s>[INST] This question refers to the following information.\nThe following account of the Paris Exposition of 1889.\n"The opportunities to study the natural history of man in Paris during the Exposition', decoded='</s></s></s></s></s></s></s></s></s></s></s></s></s></s></s></s></s></s></s></s></s></s></s></s></s></s></s></s></s></s></s></s></s></s></s></s></s></s></s></s></s></s></s></s></s></s></s></s></s></s><'
[WARNING] in lang en, index 3391: No tokens were selected by the answer mask for perplexity calculation, setting perplexity to 1.0.
Warning: Decoded text differs from trimmed prompt
  Trimmed prompt length: 2233, Decoded text length: 2234
[DEBUG] First difference at position 1: prompt='s', decoded='/'
[DEBUG] Context: prompt='<s>[INST] This question refers to the following information.\nIn Russia there was nothing going on well, and [Souvarine] was in despair over the news he had received. His old companions were all turning', decoded='</s></s></s><s> [INST] This question refers to the following information.\nIn Russia there was nothing going on well, and [Souvarine] was in despair over the news he had received. His old companions wer'
[WARNING] in lang en, index 3393: No tokens were selected by the answer mask for perplexity calculation, setting perplexity to 1.0.
Warning: Decoded text differs from trimmed prompt
  Trimmed prompt length: 2247, Decoded text length: 2248
[DEBUG] First difference at position 3: prompt='[', decoded=' '
[DEBUG] Context: prompt='<s>[INST] This question refers to the following information.\nIn Russia there was nothing going on well, and [Souvarine] was in despair over the news he had received. His old companions were all turning t', decoded='<s> [INST] This question refers to the following information.\nIn Russia there was nothing going on well, and [Souvarine] was in despair over the news he had received. His old companions were all turning '
[WARNING] in lang en, index 3393: No tokens were selected by the answer mask for perplexity calculation, setting perplexity to 1.0.
Warning: Decoded text differs from trimmed prompt
  Trimmed prompt length: 1349, Decoded text length: 1344
[DEBUG] First difference at position 1: prompt='s', decoded='/'
[DEBUG] Context: prompt='<s>[INST] This question refers to the following information.\nThe following quote is from Voltaire in response to the 1755 Lisbon earthquake.\nMy dear sir, nature is very cruel. One would find it hard to', decoded='</s></s></s></s></s></s></s></s></s></s></s></s></s></s></s></s></s></s></s></s></s></s></s></s></s></s></s></s></s></s></s></s></s></s></s></s></s></s></s></s></s></s></s></s></s></s></s></s></s></s><'
[WARNING] in lang en, index 3395: No tokens were selected by the answer mask for perplexity calculation, setting perplexity to 1.0.
Warning: Decoded text differs from trimmed prompt
  Trimmed prompt length: 1341, Decoded text length: 1344
[DEBUG] First difference at position 1: prompt='s', decoded='/'
[DEBUG] Context: prompt='<s>[INST] This question refers to the following information.\nThe following quote is from Voltaire in response to the 1755 Lisbon earthquake.\nMy dear sir, nature is very cruel. One would find it hard to', decoded='</s></s></s></s></s></s></s></s></s></s></s></s></s></s></s></s></s></s></s></s></s></s></s></s></s></s></s></s></s></s></s></s></s></s></s></s></s></s></s></s></s></s></s></s></s></s></s></s></s></s><'
[WARNING] in lang en, index 3395: No tokens were selected by the answer mask for perplexity calculation, setting perplexity to 1.0.
Perplexity: Written 870/83348 entries to perplexity result file (batch 145/13892)
Processing batch 146/13892
Warning: Decoded text differs from trimmed prompt
  Trimmed prompt length: 1622, Decoded text length: 1618
[DEBUG] First difference at position 1: prompt='s', decoded='/'
[DEBUG] Context: prompt='<s>[INST] This question refers to the following information.\nRead the list of complaints below.\nArticle 3: Frenchmen should regard as laws of the kingdom those alone which have been prepared by the nat', decoded='</s></s></s></s></s></s></s></s></s></s></s></s></s></s></s></s></s></s></s></s></s></s></s></s></s></s></s></s></s></s></s></s></s></s></s></s></s></s></s></s></s></s></s></s></s></s></s></s></s></s><'
[WARNING] in lang en, index 3396: No tokens were selected by the answer mask for perplexity calculation, setting perplexity to 1.0.
Warning: Decoded text differs from trimmed prompt
  Trimmed prompt length: 1627, Decoded text length: 1599
[DEBUG] First difference at position 1: prompt='s', decoded='/'
[DEBUG] Context: prompt='<s>[INST] This question refers to the following information.\nRead the list of complaints below.\nArticle 3: Frenchmen should regard as laws of the kingdom those alone which have been prepared by the nat', decoded='</s></s></s></s></s></s></s></s></s></s></s></s></s></s></s></s></s></s></s></s></s></s></s></s></s></s></s></s></s></s></s></s></s></s></s></s></s></s></s></s></s></s></s></s></s></s></s></s></s></s><'
[WARNING] in lang en, index 3396: No tokens were selected by the answer mask for perplexity calculation, setting perplexity to 1.0.
Warning: Decoded text differs from trimmed prompt
  Trimmed prompt length: 1286, Decoded text length: 1194
[DEBUG] First difference at position 1: prompt='s', decoded='/'
[DEBUG] Context: prompt="<s>[INST] This question refers to the following information.\nRead the the following poem to answer questions.\nTake up the White Man's burden—\nSend forth the best ye breed—\nGo bind your sons to exile\nTo", decoded='</s></s></s></s></s></s></s></s></s></s></s></s></s></s></s></s></s></s></s></s></s></s></s></s></s></s></s></s></s></s></s></s></s></s></s></s></s></s></s></s></s></s></s></s></s></s></s></s></s></s><'
[WARNING] in lang en, index 3398: No tokens were selected by the answer mask for perplexity calculation, setting perplexity to 1.0.
Warning: Decoded text differs from trimmed prompt
  Trimmed prompt length: 1212, Decoded text length: 1134
[DEBUG] First difference at position 1: prompt='s', decoded='/'
[DEBUG] Context: prompt="<s>[INST] This question refers to the following information.\nRead the the following poem to answer questions.\nTake up the White Man's burden—\nSend forth the best ye breed—\nGo bind your sons to exile\nTo", decoded='</s></s></s></s></s></s></s></s></s></s></s></s></s></s></s></s></s></s></s></s></s></s></s></s></s></s></s></s></s></s></s></s></s></s></s></s></s></s></s></s></s></s></s></s></s></s></s></s></s></s><'
[WARNING] in lang en, index 3398: No tokens were selected by the answer mask for perplexity calculation, setting perplexity to 1.0.
Warning: Decoded text differs from trimmed prompt
  Trimmed prompt length: 1748, Decoded text length: 1748
[DEBUG] First difference at position 1: prompt='s', decoded='/'
[DEBUG] Context: prompt="<s>[INST] This question refers to the following information.\nConfidential—For Your Excellency's personal information and guidance\nThe Austro-Hungarian Ambassador yesterday delivered to the [German] Emp", decoded="</s></s></s></s><s> [INST] This question refers to the following information.\nConfidential—For Your Excellency's personal information and guidance\nThe Austro-Hungarian Ambassador yesterday delivered to"
[WARNING] in lang en, index 3400: No tokens were selected by the answer mask for perplexity calculation, setting perplexity to 1.0.
Warning: Decoded text differs from trimmed prompt
  Trimmed prompt length: 1761, Decoded text length: 1762
[DEBUG] First difference at position 3: prompt='[', decoded=' '
[DEBUG] Context: prompt="<s>[INST] This question refers to the following information.\nConfidential—For Your Excellency's personal information and guidance\nThe Austro-Hungarian Ambassador yesterday delivered to the [German] Emper", decoded="<s> [INST] This question refers to the following information.\nConfidential—For Your Excellency's personal information and guidance\nThe Austro-Hungarian Ambassador yesterday delivered to the [German] Empe"
[WARNING] in lang en, index 3400: No tokens were selected by the answer mask for perplexity calculation, setting perplexity to 1.0.
Perplexity: Written 876/83348 entries to perplexity result file (batch 146/13892)
Processing batch 147/13892
Warning: Decoded text differs from trimmed prompt
  Trimmed prompt length: 1581, Decoded text length: 1582
[DEBUG] First difference at position 3: prompt='[', decoded=' '
[DEBUG] Context: prompt='<s>[INST] This question refers to the following information.\nUnder the name of Chartist well-meaning inconsiderate men and other misled men have in very many cases, all over the country from the extreme ', decoded='<s> [INST] This question refers to the following information.\nUnder the name of Chartist well-meaning inconsiderate men and other misled men have in very many cases, all over the country from the extreme'
[WARNING] in lang en, index 3401: No tokens were selected by the answer mask for perplexity calculation, setting perplexity to 1.0.
Warning: Decoded text differs from trimmed prompt
  Trimmed prompt length: 1579, Decoded text length: 1580
[DEBUG] First difference at position 1: prompt='s', decoded='/'
[DEBUG] Context: prompt='<s>[INST] This question refers to the following information.\nUnder the name of Chartist well-meaning inconsiderate men and other misled men have in very many cases, all over the country from the extrem', decoded='</s><s> [INST] This question refers to the following information.\nUnder the name of Chartist well-meaning inconsiderate men and other misled men have in very many cases, all over the country from the e'
[WARNING] in lang en, index 3401: No tokens were selected by the answer mask for perplexity calculation, setting perplexity to 1.0.
Warning: Decoded text differs from trimmed prompt
  Trimmed prompt length: 1257, Decoded text length: 1226
[DEBUG] First difference at position 1: prompt='s', decoded='/'
[DEBUG] Context: prompt='<s>[INST] This question refers to the following information.\n"His Majesty the Emperor of China agrees, that British subjects, with their families and establishments, shall be allowed to reside, for the', decoded='</s></s></s></s></s></s></s></s></s></s></s></s></s></s></s></s></s></s></s></s></s></s></s></s></s></s></s></s></s></s></s></s></s></s></s></s></s></s></s></s></s></s></s></s><s> [INST] This question '
Warning: Decoded text differs from trimmed prompt
  Trimmed prompt length: 1264, Decoded text length: 1239
[DEBUG] First difference at position 1: prompt='s', decoded='/'
[DEBUG] Context: prompt='<s>[INST] This question refers to the following information.\n"His Majesty the Emperor of China agrees, that British subjects, with their families and establishments, shall be allowed to reside, for the', decoded='</s></s></s></s></s></s></s></s></s></s></s></s></s></s></s></s></s></s></s></s></s></s></s></s></s></s></s></s></s></s></s></s></s></s></s></s></s></s></s></s></s><s> [INST] This question refers to th'
Warning: Decoded text differs from trimmed prompt
  Trimmed prompt length: 1477, Decoded text length: 1469
[DEBUG] First difference at position 1: prompt='s', decoded='/'
[DEBUG] Context: prompt='<s>[INST] This question refers to the following information.\nThe following excerpt is from a speech by Vladimir I. Lenin.\nThe independence of our country cannot be upheld unless we have an adequate ind', decoded='</s></s></s></s></s></s></s></s></s></s></s></s></s></s></s></s></s></s></s></s><s> [INST] This question refers to the following information.\nThe following excerpt is from a speech by Vladimir I. Lenin'
[WARNING] in lang en, index 3403: No tokens were selected by the answer mask for perplexity calculation, setting perplexity to 1.0.
Warning: Decoded text differs from trimmed prompt
  Trimmed prompt length: 1489, Decoded text length: 1469
[DEBUG] First difference at position 1: prompt='s', decoded='/'
[DEBUG] Context: prompt='<s>[INST] This question refers to the following information.\nThe following excerpt is from a speech by Vladimir I. Lenin.\nThe independence of our country cannot be upheld unless we have an adequate ind', decoded='</s></s></s></s></s></s></s></s></s></s></s></s></s></s></s></s></s></s></s></s><s> [INST] This question refers to the following information.\nThe following excerpt is from a speech by Vladimir I. Lenin'
[WARNING] in lang en, index 3403: No tokens were selected by the answer mask for perplexity calculation, setting perplexity to 1.0.
Perplexity: Written 882/83348 entries to perplexity result file (batch 147/13892)
Processing batch 148/13892
Warning: Decoded text differs from trimmed prompt
  Trimmed prompt length: 1192, Decoded text length: 1139
[DEBUG] First difference at position 1: prompt='s', decoded='/'
[DEBUG] Context: prompt='<s>[INST] This question refers to the following information.\nThe history of all hitherto existing societies is the history of class struggles. … The modern bourgeois society that has sprouted from the ', decoded='</s></s></s></s></s></s></s></s></s></s></s></s></s></s></s></s></s></s></s></s></s></s></s></s></s></s></s></s></s></s></s></s></s></s></s></s></s></s></s></s></s></s></s></s></s></s></s></s></s></s><'
[WARNING] in lang en, index 3404: No tokens were selected by the answer mask for perplexity calculation, setting perplexity to 1.0.
Warning: Decoded text differs from trimmed prompt
  Trimmed prompt length: 1175, Decoded text length: 1081
[DEBUG] First difference at position 1: prompt='s', decoded='/'
[DEBUG] Context: prompt='<s>[INST] This question refers to the following information.\nThe history of all hitherto existing societies is the history of class struggles. … The modern bourgeois society that has sprouted from the ', decoded='</s></s></s></s></s></s></s></s></s></s></s></s></s></s></s></s></s></s></s></s></s></s></s></s></s></s></s></s></s></s></s></s></s></s></s></s></s></s></s></s></s></s></s></s></s></s></s></s></s></s><'
[WARNING] in lang en, index 3404: No tokens were selected by the answer mask for perplexity calculation, setting perplexity to 1.0.
Warning: Decoded text differs from trimmed prompt
  Trimmed prompt length: 1893, Decoded text length: 1835
[DEBUG] First difference at position 1: prompt='s', decoded='/'
[DEBUG] Context: prompt='<s>[INST] This question refers to the following information.\n"After all the slaves had been brought together and severally marked with the letter G, the emperor\'s fifths and then Cortés\' were deducted ', decoded='</s></s></s></s></s></s></s></s></s></s></s></s></s></s></s></s></s></s></s></s></s></s></s></s></s></s></s></s></s></s></s></s></s></s></s></s></s></s></s></s></s></s></s></s></s></s></s></s></s></s><'
[WARNING] in lang en, index 3407: No tokens were selected by the answer mask for perplexity calculation, setting perplexity to 1.0.
Warning: Decoded text differs from trimmed prompt
  Trimmed prompt length: 1892, Decoded text length: 1836
[DEBUG] First difference at position 1: prompt='s', decoded='/'
[DEBUG] Context: prompt='<s>[INST] This question refers to the following information.\n"After all the slaves had been brought together and severally marked with the letter G, the emperor\'s fifths and then Cortés\' were deducted ', decoded='</s></s></s></s></s></s></s></s></s></s></s></s></s></s></s></s></s></s></s></s></s></s></s></s></s></s></s></s></s></s></s></s></s></s></s></s></s></s></s></s></s></s></s></s></s></s></s></s></s></s><'
[WARNING] in lang en, index 3407: No tokens were selected by the answer mask for perplexity calculation, setting perplexity to 1.0.
Warning: Decoded text differs from trimmed prompt
  Trimmed prompt length: 2246, Decoded text length: 2247
[DEBUG] First difference at position 3: prompt='[', decoded=' '
[DEBUG] Context: prompt='<s>[INST] This question refers to the following information.\nIn Russia there was nothing going on well, and [Souvarine] was in despair over the news he had received. His old companions were all turning t', decoded='<s> [INST] This question refers to the following information.\nIn Russia there was nothing going on well, and [Souvarine] was in despair over the news he had received. His old companions were all turning '
[WARNING] in lang en, index 3408: No tokens were selected by the answer mask for perplexity calculation, setting perplexity to 1.0.
Warning: Decoded text differs from trimmed prompt
  Trimmed prompt length: 2234, Decoded text length: 2237
[DEBUG] First difference at position 1: prompt='s', decoded='/'
[DEBUG] Context: prompt='<s>[INST] This question refers to the following information.\nIn Russia there was nothing going on well, and [Souvarine] was in despair over the news he had received. His old companions were all turning', decoded='</s></s><s> [INST] This question refers to the following information.\nIn Russia there was nothing going on well, and [Souvarine] was in despair over the news he had received. His old companions were al'
[WARNING] in lang en, index 3408: No tokens were selected by the answer mask for perplexity calculation, setting perplexity to 1.0.
Perplexity: Written 888/83348 entries to perplexity result file (batch 148/13892)
Processing batch 149/13892
Warning: Decoded text differs from trimmed prompt
  Trimmed prompt length: 2639, Decoded text length: 2636
[DEBUG] First difference at position 1: prompt='s', decoded='/'
[DEBUG] Context: prompt='<s>[INST] This question refers to the following information.\nThe text below is the government proclamation.\nOn the basis of the above-mentioned new arrangements, the serfs will receive in time the full', decoded='</s></s></s></s></s></s><s> [INST] This question refers to the following information.\nThe text below is the government proclamation.\nOn the basis of the above-mentioned new arrangements, the serfs will'
[WARNING] in lang en, index 3409: No tokens were selected by the answer mask for perplexity calculation, setting perplexity to 1.0.
Warning: Decoded text differs from trimmed prompt
  Trimmed prompt length: 2656, Decoded text length: 2657
[DEBUG] First difference at position 3: prompt='[', decoded=' '
[DEBUG] Context: prompt='<s>[INST] This question refers to the following information.\nThe text below is the government proclamation.\nOn the basis of the above-mentioned new arrangements, the serfs will receive in time the full r', decoded='<s> [INST] This question refers to the following information.\nThe text below is the government proclamation.\nOn the basis of the above-mentioned new arrangements, the serfs will receive in time the full '
[WARNING] in lang en, index 3409: No tokens were selected by the answer mask for perplexity calculation, setting perplexity to 1.0.
Warning: Decoded text differs from trimmed prompt
  Trimmed prompt length: 1302, Decoded text length: 1200
[DEBUG] First difference at position 1: prompt='s', decoded='/'
[DEBUG] Context: prompt='<s>[INST] This question refers to the following information.\nWe have, by this perpetual and irrevocable edict, established and proclaimed:\n"First, that the recollection of everything done be one party ', decoded='</s></s></s></s></s></s></s></s></s></s></s></s></s></s></s></s></s></s></s></s></s></s></s></s></s></s></s></s></s></s></s></s></s></s></s></s></s></s></s></s></s></s></s></s></s></s></s></s></s></s><'
[WARNING] in lang en, index 3410: No tokens were selected by the answer mask for perplexity calculation, setting perplexity to 1.0.
Warning: Decoded text differs from trimmed prompt
  Trimmed prompt length: 1262, Decoded text length: 1164
[DEBUG] First difference at position 1: prompt='s', decoded='/'
[DEBUG] Context: prompt='<s>[INST] This question refers to the following information.\nWe have, by this perpetual and irrevocable edict, established and proclaimed:\n"First, that the recollection of everything done be one party ', decoded='</s></s></s></s></s></s></s></s></s></s></s></s></s></s></s></s></s></s></s></s></s></s></s></s></s></s></s></s></s></s></s></s></s></s></s></s></s></s></s></s></s></s></s></s></s></s></s></s></s></s><'
[WARNING] in lang en, index 3410: No tokens were selected by the answer mask for perplexity calculation, setting perplexity to 1.0.
Warning: Decoded text differs from trimmed prompt
  Trimmed prompt length: 1674, Decoded text length: 1539
[DEBUG] First difference at position 1: prompt='s', decoded='/'
[DEBUG] Context: prompt='<s>[INST] This question refers to the following information.\nThe passage below is written by John Calvin.\nIf we need to be recalled to the origin of election, to prove that we obtain salvation from no ', decoded='</s></s></s></s></s></s></s></s></s></s></s></s></s></s></s></s></s></s></s></s></s></s></s></s></s></s></s></s></s></s></s></s></s></s></s></s></s></s></s></s></s></s></s></s></s></s></s></s></s></s><'
[WARNING] in lang en, index 3411: No tokens were selected by the answer mask for perplexity calculation, setting perplexity to 1.0.
Warning: Decoded text differs from trimmed prompt
  Trimmed prompt length: 1677, Decoded text length: 1545
[DEBUG] First difference at position 1: prompt='s', decoded='/'
[DEBUG] Context: prompt='<s>[INST] This question refers to the following information.\nThe passage below is written by John Calvin.\nIf we need to be recalled to the origin of election, to prove that we obtain salvation from no ', decoded='</s></s></s></s></s></s></s></s></s></s></s></s></s></s></s></s></s></s></s></s></s></s></s></s></s></s></s></s></s></s></s></s></s></s></s></s></s></s></s></s></s></s></s></s></s></s></s></s></s></s><'
[WARNING] in lang en, index 3411: No tokens were selected by the answer mask for perplexity calculation, setting perplexity to 1.0.
Perplexity: Written 894/83348 entries to perplexity result file (batch 149/13892)
Processing batch 150/13892
Warning: Decoded text differs from trimmed prompt
  Trimmed prompt length: 825, Decoded text length: 780
[DEBUG] First difference at position 1: prompt='s', decoded='/'
[DEBUG] Context: prompt='<s>[INST] This question refers to the following information.\nRead the the following quotation to answer questions.\nWhat is tolerance? … We are full of weakness and errors; let us mutually pardon our fo', decoded='</s></s></s></s></s></s></s></s></s></s></s></s></s></s></s></s></s></s></s></s></s></s></s></s></s></s></s></s></s></s></s></s></s></s></s></s></s></s></s></s></s></s></s></s></s></s></s></s></s></s><'
Warning: Decoded text differs from trimmed prompt
  Trimmed prompt length: 829, Decoded text length: 762
[DEBUG] First difference at position 1: prompt='s', decoded='/'
[DEBUG] Context: prompt='<s>[INST] This question refers to the following information.\nRead the the following quotation to answer questions.\nWhat is tolerance? … We are full of weakness and errors; let us mutually pardon our fo', decoded='</s></s></s></s></s></s></s></s></s></s></s></s></s></s></s></s></s></s></s></s></s></s></s></s></s></s></s></s></s></s></s></s></s></s></s></s></s></s></s></s></s></s></s></s></s></s></s></s></s></s><'
Warning: Decoded text differs from trimmed prompt
  Trimmed prompt length: 1589, Decoded text length: 1591
[DEBUG] First difference at position 1: prompt='s', decoded='/'
[DEBUG] Context: prompt="<s>[INST] This question refers to the following information.\n[T]he the end and measure of this power, when in every man's hands in the state of nature, being the preservation of all of his society, tha", decoded="</s></s></s><s> [INST] This question refers to the following information.\n[T]he the end and measure of this power, when in every man's hands in the state of nature, being the preservation of all of his"
[WARNING] in lang en, index 3413: No tokens were selected by the answer mask for perplexity calculation, setting perplexity to 1.0.
Warning: Decoded text differs from trimmed prompt
  Trimmed prompt length: 1586, Decoded text length: 1587
[DEBUG] First difference at position 3: prompt='[', decoded=' '
[DEBUG] Context: prompt="<s>[INST] This question refers to the following information.\n[T]he the end and measure of this power, when in every man's hands in the state of nature, being the preservation of all of his society, that ", decoded="<s> [INST] This question refers to the following information.\n[T]he the end and measure of this power, when in every man's hands in the state of nature, being the preservation of all of his society, that"
[WARNING] in lang en, index 3413: No tokens were selected by the answer mask for perplexity calculation, setting perplexity to 1.0.
Warning: Decoded text differs from trimmed prompt
  Trimmed prompt length: 1032, Decoded text length: 1000
[DEBUG] First difference at position 1: prompt='s', decoded='/'
[DEBUG] Context: prompt='<s>[INST] This question refers to the following information.\n"The substitution of Plato for the scholastic Aristotle was hastened by contact with Byzantine scholarship. Already at the Council of Ferrer', decoded='</s></s></s></s></s></s></s></s></s></s></s></s></s></s></s></s></s></s></s></s></s></s></s></s></s></s></s></s></s></s></s></s></s></s></s></s></s></s></s></s></s></s></s></s></s></s></s></s></s></s><'
[WARNING] in lang en, index 3417: No tokens were selected by the answer mask for perplexity calculation, setting perplexity to 1.0.
Warning: Decoded text differs from trimmed prompt
  Trimmed prompt length: 1033, Decoded text length: 994
[DEBUG] First difference at position 1: prompt='s', decoded='/'
[DEBUG] Context: prompt='<s>[INST] This question refers to the following information.\n"The substitution of Plato for the scholastic Aristotle was hastened by contact with Byzantine scholarship. Already at the Council of Ferrer', decoded='</s></s></s></s></s></s></s></s></s></s></s></s></s></s></s></s></s></s></s></s></s></s></s></s></s></s></s></s></s></s></s></s></s></s></s></s></s></s></s></s></s></s></s></s></s></s></s></s></s></s><'
[WARNING] in lang en, index 3417: No tokens were selected by the answer mask for perplexity calculation, setting perplexity to 1.0.
Perplexity: Written 900/83348 entries to perplexity result file (batch 150/13892)
Processing batch 151/13892
Warning: Decoded text differs from trimmed prompt
  Trimmed prompt length: 2795, Decoded text length: 2796
[DEBUG] First difference at position 3: prompt='[', decoded=' '
[DEBUG] Context: prompt='<s>[INST] This question refers to the following information.\n"But you, my dear Pangloss," said Candide, "how can it be that I behold you again?"\n"It is true," said Pangloss, "that you saw me hanged&….A s', decoded='<s> [INST] This question refers to the following information.\n"But you, my dear Pangloss," said Candide, "how can it be that I behold you again?"\n"It is true," said Pangloss, "that you saw me hanged&….A '
[WARNING] in lang en, index 3418: No tokens were selected by the answer mask for perplexity calculation, setting perplexity to 1.0.
Warning: Decoded text differs from trimmed prompt
  Trimmed prompt length: 2779, Decoded text length: 2777
[DEBUG] First difference at position 1: prompt='s', decoded='/'
[DEBUG] Context: prompt='<s>[INST] This question refers to the following information.\n"But you, my dear Pangloss," said Candide, "how can it be that I behold you again?"\n"It is true," said Pangloss, "that you saw me hanged&….A', decoded='</s></s></s></s></s></s><s> [INST] This question refers to the following information.\n"But you, my dear Pangloss," said Candide, "how can it be that I behold you again?"\n"It is true," said Pangloss, "t'
[WARNING] in lang en, index 3418: No tokens were selected by the answer mask for perplexity calculation, setting perplexity to 1.0.
Warning: Decoded text differs from trimmed prompt
  Trimmed prompt length: 1552, Decoded text length: 1400
[DEBUG] First difference at position 1: prompt='s', decoded='/'
[DEBUG] Context: prompt='<s>[INST] This question refers to the following information.\nThe situation is critical in the extreme. In fact it is now absolutely clear that to delay the uprising would be fatal.\nWith all my might I ', decoded='</s></s></s></s></s></s></s></s></s></s></s></s></s></s></s></s></s></s></s></s></s></s></s></s></s></s></s></s></s></s></s></s></s></s></s></s></s></s></s></s></s></s></s></s></s></s></s></s></s></s><'
[WARNING] in lang en, index 3419: No tokens were selected by the answer mask for perplexity calculation, setting perplexity to 1.0.
Warning: Decoded text differs from trimmed prompt
  Trimmed prompt length: 1551, Decoded text length: 1404
[DEBUG] First difference at position 1: prompt='s', decoded='/'
[DEBUG] Context: prompt='<s>[INST] This question refers to the following information.\nThe situation is critical in the extreme. In fact it is now absolutely clear that to delay the uprising would be fatal.\nWith all my might I ', decoded='</s></s></s></s></s></s></s></s></s></s></s></s></s></s></s></s></s></s></s></s></s></s></s></s></s></s></s></s></s></s></s></s></s></s></s></s></s></s></s></s></s></s></s></s></s></s></s></s></s></s><'
[WARNING] in lang en, index 3419: No tokens were selected by the answer mask for perplexity calculation, setting perplexity to 1.0.
Warning: Decoded text differs from trimmed prompt
  Trimmed prompt length: 1809, Decoded text length: 1753
[DEBUG] First difference at position 1: prompt='s', decoded='/'
[DEBUG] Context: prompt='<s>[INST] This question refers to the following information.\nRead the following excerpt.\nIf civilized education developed in every child its natural inclinations, we should see nearly all rich children', decoded='</s></s></s></s></s></s></s></s></s></s></s></s></s></s></s></s></s></s></s></s></s></s></s></s></s></s></s></s></s></s></s></s></s></s></s></s></s></s></s></s></s></s></s></s></s></s></s></s></s></s><'
[WARNING] in lang en, index 3420: No tokens were selected by the answer mask for perplexity calculation, setting perplexity to 1.0.
Warning: Decoded text differs from trimmed prompt
  Trimmed prompt length: 1816, Decoded text length: 1755
[DEBUG] First difference at position 1: prompt='s', decoded='/'
[DEBUG] Context: prompt='<s>[INST] This question refers to the following information.\nRead the following excerpt.\nIf civilized education developed in every child its natural inclinations, we should see nearly all rich children', decoded='</s></s></s></s></s></s></s></s></s></s></s></s></s></s></s></s></s></s></s></s></s></s></s></s></s></s></s></s></s></s></s></s></s></s></s></s></s></s></s></s></s></s></s></s></s></s></s></s></s></s><'
[WARNING] in lang en, index 3420: No tokens were selected by the answer mask for perplexity calculation, setting perplexity to 1.0.
Perplexity: Written 906/83348 entries to perplexity result file (batch 151/13892)
Processing batch 152/13892
Warning: Decoded text differs from trimmed prompt
  Trimmed prompt length: 1822, Decoded text length: 1646
[DEBUG] First difference at position 1: prompt='s', decoded='/'
[DEBUG] Context: prompt='<s>[INST] This question refers to the following information.\n"The Government of the German Reich and The Government of the Union of Soviet Socialist Republics desirous of strengthening the cause of pea', decoded='</s></s></s></s></s></s></s></s></s></s></s></s></s></s></s></s></s></s></s></s></s></s></s></s></s></s></s></s></s></s></s></s></s></s></s></s></s></s></s></s></s></s></s></s></s></s></s></s></s></s><'
[WARNING] in lang en, index 3422: No tokens were selected by the answer mask for perplexity calculation, setting perplexity to 1.0.
Warning: Decoded text differs from trimmed prompt
  Trimmed prompt length: 1823, Decoded text length: 1646
[DEBUG] First difference at position 1: prompt='s', decoded='/'
[DEBUG] Context: prompt='<s>[INST] This question refers to the following information.\n"The Government of the German Reich and The Government of the Union of Soviet Socialist Republics desirous of strengthening the cause of pea', decoded='</s></s></s></s></s></s></s></s></s></s></s></s></s></s></s></s></s></s></s></s></s></s></s></s></s></s></s></s></s></s></s></s></s></s></s></s></s></s></s></s></s></s></s></s></s></s></s></s></s></s><'
[WARNING] in lang en, index 3422: No tokens were selected by the answer mask for perplexity calculation, setting perplexity to 1.0.
Warning: Decoded text differs from trimmed prompt
  Trimmed prompt length: 2503, Decoded text length: 2479
[DEBUG] First difference at position 1: prompt='s', decoded='/'
[DEBUG] Context: prompt='<s>[INST] This question refers to the following information.\nThe pair of excerpts below is written by explorer Christopher Columbus and the Dominican Bishop of Chiapas, Mexico, Bartholomew de las Casas', decoded='</s></s></s></s></s></s></s></s></s></s></s></s></s></s></s></s></s></s></s></s></s></s></s></s></s></s></s></s></s></s></s></s></s></s></s></s></s></s></s></s></s></s></s></s></s></s></s></s></s></s><'
[WARNING] in lang en, index 3423: No tokens were selected by the answer mask for perplexity calculation, setting perplexity to 1.0.
Warning: Decoded text differs from trimmed prompt
  Trimmed prompt length: 2526, Decoded text length: 2500
[DEBUG] First difference at position 1: prompt='s', decoded='/'
[DEBUG] Context: prompt='<s>[INST] This question refers to the following information.\nThe pair of excerpts below is written by explorer Christopher Columbus and the Dominican Bishop of Chiapas, Mexico, Bartholomew de las Casas', decoded='</s></s></s></s></s></s></s></s></s></s></s></s></s></s></s></s></s></s></s></s></s></s></s></s></s></s></s></s></s></s></s></s></s></s></s></s></s></s></s></s></s></s></s></s></s></s></s></s></s></s><'
[WARNING] in lang en, index 3423: No tokens were selected by the answer mask for perplexity calculation, setting perplexity to 1.0.
Warning: Decoded text differs from trimmed prompt
  Trimmed prompt length: 3072, Decoded text length: 3073
[DEBUG] First difference at position 3: prompt='[', decoded=' '
[DEBUG] Context: prompt='<s>[INST] This question refers to the following information.\nThe text below is the government proclamation.\nOn the basis of the above-mentioned new arrangements, the serfs will receive in time the full r', decoded='<s> [INST] This question refers to the following information.\nThe text below is the government proclamation.\nOn the basis of the above-mentioned new arrangements, the serfs will receive in time the full '
[WARNING] in lang en, index 3424: No tokens were selected by the answer mask for perplexity calculation, setting perplexity to 1.0.
Warning: Decoded text differs from trimmed prompt
  Trimmed prompt length: 3041, Decoded text length: 3031
[DEBUG] First difference at position 1: prompt='s', decoded='/'
[DEBUG] Context: prompt='<s>[INST] This question refers to the following information.\nThe text below is the government proclamation.\nOn the basis of the above-mentioned new arrangements, the serfs will receive in time the full', decoded='</s></s></s></s></s></s></s><s> [INST] This question refers to the following information.\nThe text below is the government proclamation.\nOn the basis of the above-mentioned new arrangements, the serfs '
[WARNING] in lang en, index 3424: No tokens were selected by the answer mask for perplexity calculation, setting perplexity to 1.0.
Perplexity: Written 912/83348 entries to perplexity result file (batch 152/13892)
Processing batch 153/13892
Warning: Decoded text differs from trimmed prompt
  Trimmed prompt length: 827, Decoded text length: 712
[DEBUG] First difference at position 1: prompt='s', decoded='/'
[DEBUG] Context: prompt='<s>[INST] This question refers to the following information.\nRead the the following quotation to answer questions.\nThe various modes of worship which prevailed in the Roman world were all considered by', decoded='</s></s></s></s></s></s></s></s></s></s></s></s></s></s></s></s></s></s></s></s></s></s></s></s></s></s></s></s></s></s></s></s></s></s></s></s></s></s></s></s></s></s></s></s></s></s></s></s></s></s><'
[WARNING] in lang en, index 3425: No tokens were selected by the answer mask for perplexity calculation, setting perplexity to 1.0.
Warning: Decoded text differs from trimmed prompt
  Trimmed prompt length: 838, Decoded text length: 716
[DEBUG] First difference at position 1: prompt='s', decoded='/'
[DEBUG] Context: prompt='<s>[INST] This question refers to the following information.\nRead the the following quotation to answer questions.\nThe various modes of worship which prevailed in the Roman world were all considered by', decoded='</s></s></s></s></s></s></s></s></s></s></s></s></s></s></s></s></s></s></s></s></s></s></s></s></s></s></s></s></s></s></s></s></s></s></s></s></s></s></s></s></s></s></s></s></s></s></s></s></s></s><'
[WARNING] in lang en, index 3425: No tokens were selected by the answer mask for perplexity calculation, setting perplexity to 1.0.
Warning: Decoded text differs from trimmed prompt
  Trimmed prompt length: 2110, Decoded text length: 2111
[DEBUG] First difference at position 3: prompt='[', decoded=' '
[DEBUG] Context: prompt='<s>[INST] This question refers to the following information.\n"The Italian nation has been at last united in our own days, and we all rejoiced in its union. Yet we may be allowed to doubt whether the unio', decoded='<s> [INST] This question refers to the following information.\n"The Italian nation has been at last united in our own days, and we all rejoiced in its union. Yet we may be allowed to doubt whether the uni'
[WARNING] in lang en, index 3426: No tokens were selected by the answer mask for perplexity calculation, setting perplexity to 1.0.
Warning: Decoded text differs from trimmed prompt
  Trimmed prompt length: 2109, Decoded text length: 2110
[DEBUG] First difference at position 3: prompt='[', decoded=' '
[DEBUG] Context: prompt='<s>[INST] This question refers to the following information.\n"The Italian nation has been at last united in our own days, and we all rejoiced in its union. Yet we may be allowed to doubt whether the unio', decoded='<s> [INST] This question refers to the following information.\n"The Italian nation has been at last united in our own days, and we all rejoiced in its union. Yet we may be allowed to doubt whether the uni'
[WARNING] in lang en, index 3426: No tokens were selected by the answer mask for perplexity calculation, setting perplexity to 1.0.
Warning: Decoded text differs from trimmed prompt
  Trimmed prompt length: 1965, Decoded text length: 1895
[DEBUG] First difference at position 1: prompt='s', decoded='/'
[DEBUG] Context: prompt='<s>[INST] This question refers to the following information.\nFrom this moment until that in which the enemy shall have been driven from the soil of the Republic, all Frenchmen are in permanent requisit', decoded='</s></s></s></s></s></s></s></s></s></s></s></s></s></s></s></s></s></s></s></s></s></s></s></s></s></s></s></s></s></s></s></s></s></s></s></s></s></s></s></s></s></s></s></s></s></s></s></s></s></s><'
[WARNING] in lang en, index 3427: No tokens were selected by the answer mask for perplexity calculation, setting perplexity to 1.0.
Warning: Decoded text differs from trimmed prompt
  Trimmed prompt length: 1967, Decoded text length: 1914
[DEBUG] First difference at position 1: prompt='s', decoded='/'
[DEBUG] Context: prompt='<s>[INST] This question refers to the following information.\nFrom this moment until that in which the enemy shall have been driven from the soil of the Republic, all Frenchmen are in permanent requisit', decoded='</s></s></s></s></s></s></s></s></s></s></s></s></s></s></s></s></s></s></s></s></s></s></s></s></s></s></s></s></s></s></s></s></s></s></s></s></s></s></s></s></s></s></s></s></s></s></s></s></s></s><'
[WARNING] in lang en, index 3427: No tokens were selected by the answer mask for perplexity calculation, setting perplexity to 1.0.
Perplexity: Written 918/83348 entries to perplexity result file (batch 153/13892)
Processing batch 154/13892
Warning: Decoded text differs from trimmed prompt
  Trimmed prompt length: 1848, Decoded text length: 1849
[DEBUG] First difference at position 3: prompt='[', decoded=' '
[DEBUG] Context: prompt='<s>[INST] This question refers to the following information.\n"Buckingham Palace, 10th May 1839.\nThe Queen forgot to ask Lord Melbourne if he thought there would be any harm in her writing to the Duke of ', decoded='<s> [INST] This question refers to the following information.\n"Buckingham Palace, 10th May 1839.\nThe Queen forgot to ask Lord Melbourne if he thought there would be any harm in her writing to the Duke of'
[WARNING] in lang en, index 3428: No tokens were selected by the answer mask for perplexity calculation, setting perplexity to 1.0.
Warning: Decoded text differs from trimmed prompt
  Trimmed prompt length: 1815, Decoded text length: 1807
[DEBUG] First difference at position 1: prompt='s', decoded='/'
[DEBUG] Context: prompt='<s>[INST] This question refers to the following information.\n"Buckingham Palace, 10th May 1839.\nThe Queen forgot to ask Lord Melbourne if he thought there would be any harm in her writing to the Duke o', decoded='</s></s></s></s></s></s></s></s></s><s> [INST] This question refers to the following information.\n"Buckingham Palace, 10th May 1839.\nThe Queen forgot to ask Lord Melbourne if he thought there would be '
[WARNING] in lang en, index 3428: No tokens were selected by the answer mask for perplexity calculation, setting perplexity to 1.0.
Warning: Decoded text differs from trimmed prompt
  Trimmed prompt length: 1400, Decoded text length: 1420
[DEBUG] First difference at position 1: prompt='s', decoded='/'
[DEBUG] Context: prompt='<s>[INST] This question refers to the following information.\n"XI. As the present sciences are useless for the discovery of effects, so the present system of logic is useless for the discovery of the sc', decoded='</s></s></s></s></s></s></s></s></s></s></s></s></s></s></s></s></s></s></s></s></s></s></s></s></s></s></s></s></s></s></s></s></s></s></s></s></s></s></s></s></s></s></s></s></s></s></s></s></s></s><'
[WARNING] in lang en, index 3430: No tokens were selected by the answer mask for perplexity calculation, setting perplexity to 1.0.
Warning: Decoded text differs from trimmed prompt
  Trimmed prompt length: 1410, Decoded text length: 1420
[DEBUG] First difference at position 1: prompt='s', decoded='/'
[DEBUG] Context: prompt='<s>[INST] This question refers to the following information.\n"XI. As the present sciences are useless for the discovery of effects, so the present system of logic is useless for the discovery of the sc', decoded='</s></s></s></s></s></s></s></s></s></s></s></s></s></s></s></s></s></s></s></s></s></s></s></s></s></s></s></s></s></s></s></s></s></s></s></s></s></s></s></s></s></s></s></s></s></s></s></s></s></s><'
[WARNING] in lang en, index 3430: No tokens were selected by the answer mask for perplexity calculation, setting perplexity to 1.0.
Warning: Decoded text differs from trimmed prompt
  Trimmed prompt length: 1807, Decoded text length: 1797
[DEBUG] First difference at position 1: prompt='s', decoded='/'
[DEBUG] Context: prompt='<s>[INST] This question refers to the following information.\n"After all the slaves had been brought together and severally marked with the letter G, the emperor\'s fifths and then Cortés\' were deducted ', decoded='</s></s></s></s></s></s></s></s></s></s></s></s></s></s></s></s></s><s> [INST] This question refers to the following information.\n"After all the slaves had been brought together and severally marked wi'
[WARNING] in lang en, index 3431: No tokens were selected by the answer mask for perplexity calculation, setting perplexity to 1.0.
Warning: Decoded text differs from trimmed prompt
  Trimmed prompt length: 1805, Decoded text length: 1797
[DEBUG] First difference at position 1: prompt='s', decoded='/'
[DEBUG] Context: prompt='<s>[INST] This question refers to the following information.\n"After all the slaves had been brought together and severally marked with the letter G, the emperor\'s fifths and then Cortés\' were deducted ', decoded='</s></s></s></s></s></s></s></s></s></s></s></s></s></s></s></s></s><s> [INST] This question refers to the following information.\n"After all the slaves had been brought together and severally marked wi'
[WARNING] in lang en, index 3431: No tokens were selected by the answer mask for perplexity calculation, setting perplexity to 1.0.
Perplexity: Written 924/83348 entries to perplexity result file (batch 154/13892)
Processing batch 155/13892
Warning: Decoded text differs from trimmed prompt
  Trimmed prompt length: 2203, Decoded text length: 2204
[DEBUG] First difference at position 3: prompt='[', decoded=' '
[DEBUG] Context: prompt='<s>[INST] This question refers to the following information.\nThe following excerpt is from a pamphlet.\nYou will do me the justice to remember, that I have always strenuously supported the Right of every ', decoded='<s> [INST] This question refers to the following information.\nThe following excerpt is from a pamphlet.\nYou will do me the justice to remember, that I have always strenuously supported the Right of every'
[WARNING] in lang en, index 3432: No tokens were selected by the answer mask for perplexity calculation, setting perplexity to 1.0.
Warning: Decoded text differs from trimmed prompt
  Trimmed prompt length: 2195, Decoded text length: 2196
[DEBUG] First difference at position 1: prompt='s', decoded='/'
[DEBUG] Context: prompt='<s>[INST] This question refers to the following information.\nThe following excerpt is from a pamphlet.\nYou will do me the justice to remember, that I have always strenuously supported the Right of ever', decoded='</s><s> [INST] This question refers to the following information.\nThe following excerpt is from a pamphlet.\nYou will do me the justice to remember, that I have always strenuously supported the Right of'
[WARNING] in lang en, index 3432: No tokens were selected by the answer mask for perplexity calculation, setting perplexity to 1.0.
Warning: Decoded text differs from trimmed prompt
  Trimmed prompt length: 1190, Decoded text length: 1142
[DEBUG] First difference at position 1: prompt='s', decoded='/'
[DEBUG] Context: prompt='<s>[INST] This question refers to the following information.\nRead the the following quotation to answer questions.\n1848 was the decisive year of German, and so of European, history: it recapitulated Ge', decoded='</s></s></s></s></s></s></s></s></s></s></s></s></s></s></s></s></s></s></s></s></s></s></s></s></s></s></s></s></s></s></s></s></s></s></s></s></s></s></s></s></s></s></s></s></s></s></s></s></s></s><'
[WARNING] in lang en, index 3433: No tokens were selected by the answer mask for perplexity calculation, setting perplexity to 1.0.
Warning: Decoded text differs from trimmed prompt
  Trimmed prompt length: 1182, Decoded text length: 1115
[DEBUG] First difference at position 1: prompt='s', decoded='/'
[DEBUG] Context: prompt='<s>[INST] This question refers to the following information.\nRead the the following quotation to answer questions.\n1848 was the decisive year of German, and so of European, history: it recapitulated Ge', decoded='</s></s></s></s></s></s></s></s></s></s></s></s></s></s></s></s></s></s></s></s></s></s></s></s></s></s></s></s></s></s></s></s></s></s></s></s></s></s></s></s></s></s></s></s></s></s></s></s></s></s><'
[WARNING] in lang en, index 3433: No tokens were selected by the answer mask for perplexity calculation, setting perplexity to 1.0.
Warning: Decoded text differs from trimmed prompt
  Trimmed prompt length: 2202, Decoded text length: 2172
[DEBUG] First difference at position 1: prompt='s', decoded='/'
[DEBUG] Context: prompt='<s>[INST] This question refers to the following information.\n"The Italian nation has been at last united in our own days, and we all rejoiced in its union. Yet we may be allowed to doubt whether the un', decoded='</s></s></s></s></s></s></s></s></s></s></s></s></s></s></s></s></s></s></s></s></s></s></s></s></s></s></s></s></s><s> [INST] This question refers to the following information.\n"The Italian nation has'
[WARNING] in lang en, index 3435: No tokens were selected by the answer mask for perplexity calculation, setting perplexity to 1.0.
Warning: Decoded text differs from trimmed prompt
  Trimmed prompt length: 2202, Decoded text length: 2186
[DEBUG] First difference at position 1: prompt='s', decoded='/'
[DEBUG] Context: prompt='<s>[INST] This question refers to the following information.\n"The Italian nation has been at last united in our own days, and we all rejoiced in its union. Yet we may be allowed to doubt whether the un', decoded='</s></s></s></s></s></s></s></s></s></s></s></s></s></s></s></s></s></s></s></s></s></s></s></s></s></s></s></s><s> [INST] This question refers to the following information.\n"The Italian nation has bee'
[WARNING] in lang en, index 3435: No tokens were selected by the answer mask for perplexity calculation, setting perplexity to 1.0.
Perplexity: Written 930/83348 entries to perplexity result file (batch 155/13892)
Processing batch 156/13892
Warning: Decoded text differs from trimmed prompt
  Trimmed prompt length: 1894, Decoded text length: 1895
[DEBUG] First difference at position 3: prompt='[', decoded=' '
[DEBUG] Context: prompt='<s>[INST] This question refers to the following information.\n"After all the slaves had been brought together and severally marked with the letter G, the emperor\'s fifths and then Cortés\' were deducted be', decoded='<s> [INST] This question refers to the following information.\n"After all the slaves had been brought together and severally marked with the letter G, the emperor\'s fifths and then Cortés\' were deducted b'
[WARNING] in lang en, index 3436: No tokens were selected by the answer mask for perplexity calculation, setting perplexity to 1.0.
Warning: Decoded text differs from trimmed prompt
  Trimmed prompt length: 1894, Decoded text length: 1895
[DEBUG] First difference at position 3: prompt='[', decoded=' '
[DEBUG] Context: prompt='<s>[INST] This question refers to the following information.\n"After all the slaves had been brought together and severally marked with the letter G, the emperor\'s fifths and then Cortés\' were deducted be', decoded='<s> [INST] This question refers to the following information.\n"After all the slaves had been brought together and severally marked with the letter G, the emperor\'s fifths and then Cortés\' were deducted b'
[WARNING] in lang en, index 3436: No tokens were selected by the answer mask for perplexity calculation, setting perplexity to 1.0.
Warning: Decoded text differs from trimmed prompt
  Trimmed prompt length: 1581, Decoded text length: 1459
[DEBUG] First difference at position 1: prompt='s', decoded='/'
[DEBUG] Context: prompt='<s>[INST] This question refers to the following information.\nRead the following excerpt.\nNever were talents of the highest genius of the most exalted kind, more profusely bestowed upon a human being. T', decoded='</s></s></s></s></s></s></s></s></s></s></s></s></s></s></s></s></s></s></s></s></s></s></s></s></s></s></s></s></s></s></s></s></s></s></s></s></s></s></s></s></s></s></s></s></s></s></s></s></s></s><'
[WARNING] in lang en, index 3437: No tokens were selected by the answer mask for perplexity calculation, setting perplexity to 1.0.
Warning: Decoded text differs from trimmed prompt
  Trimmed prompt length: 1600, Decoded text length: 1456
[DEBUG] First difference at position 1: prompt='s', decoded='/'
[DEBUG] Context: prompt='<s>[INST] This question refers to the following information.\nRead the following excerpt.\nNever were talents of the highest genius of the most exalted kind, more profusely bestowed upon a human being. T', decoded='</s></s></s></s></s></s></s></s></s></s></s></s></s></s></s></s></s></s></s></s></s></s></s></s></s></s></s></s></s></s></s></s></s></s></s></s></s></s></s></s></s></s></s></s></s></s></s></s></s></s><'
[WARNING] in lang en, index 3437: No tokens were selected by the answer mask for perplexity calculation, setting perplexity to 1.0.
Warning: Decoded text differs from trimmed prompt
  Trimmed prompt length: 1692, Decoded text length: 1706
[DEBUG] First difference at position 1: prompt='s', decoded='/'
[DEBUG] Context: prompt='<s>[INST] This question refers to the following information.\nThe following entries are in the diary of Napoleon Bonaparte.\nParis has a short memory. If I remain longer doing nothing, I am lost. In this', decoded='</s></s></s></s></s></s></s></s></s></s></s></s></s></s></s></s><s> [INST] This question refers to the following information.\nThe following entries are in the diary of Napoleon Bonaparte.\nParis has a s'
[WARNING] in lang en, index 3438: No tokens were selected by the answer mask for perplexity calculation, setting perplexity to 1.0.
Warning: Decoded text differs from trimmed prompt
  Trimmed prompt length: 1675, Decoded text length: 1689
[DEBUG] First difference at position 1: prompt='s', decoded='/'
[DEBUG] Context: prompt='<s>[INST] This question refers to the following information.\nThe following entries are in the diary of Napoleon Bonaparte.\nParis has a short memory. If I remain longer doing nothing, I am lost. In this', decoded='</s></s></s></s></s></s></s></s></s></s></s></s></s></s></s></s></s></s></s><s> [INST] This question refers to the following information.\nThe following entries are in the diary of Napoleon Bonaparte.\nP'
[WARNING] in lang en, index 3438: No tokens were selected by the answer mask for perplexity calculation, setting perplexity to 1.0.
Perplexity: Written 936/83348 entries to perplexity result file (batch 156/13892)
Processing batch 157/13892
Warning: Decoded text differs from trimmed prompt
  Trimmed prompt length: 842, Decoded text length: 848
[DEBUG] First difference at position 1: prompt='s', decoded='/'
[DEBUG] Context: prompt='<s>[INST] This question refers to the following information.\nPerestroika [Restructuring] is an urgent necessity arising from the profound processes of development in our socialist society. This society', decoded='</s></s></s></s></s></s></s></s></s></s></s></s></s></s></s></s></s></s></s></s></s></s></s></s></s></s></s></s></s></s></s></s></s></s></s></s></s></s></s></s></s></s></s></s></s></s></s></s></s></s><'
Warning: Decoded text differs from trimmed prompt
  Trimmed prompt length: 842, Decoded text length: 848
[DEBUG] First difference at position 1: prompt='s', decoded='/'
[DEBUG] Context: prompt='<s>[INST] This question refers to the following information.\nPerestroika [Restructuring] is an urgent necessity arising from the profound processes of development in our socialist society. This society', decoded='</s></s></s></s></s></s></s></s></s></s></s></s></s></s></s></s></s></s></s></s></s></s></s></s></s></s></s></s></s></s></s></s></s></s></s></s></s></s></s></s></s></s></s></s></s></s></s></s></s></s><'
Warning: Decoded text differs from trimmed prompt
  Trimmed prompt length: 1069, Decoded text length: 1067
[DEBUG] First difference at position 1: prompt='s', decoded='/'
[DEBUG] Context: prompt='<s>[INST] This question refers to the following information.\n"A specter is haunting Europe-the specter of Communism. All the powers of old Europe have entered into a holy alliance to exorcise this spec', decoded='</s></s></s></s></s></s></s></s></s></s></s></s></s></s></s></s></s></s></s></s></s></s></s></s></s></s></s></s></s></s></s></s></s></s></s></s><s> [INST] This question refers to the following informat'
[WARNING] in lang en, index 3442: No tokens were selected by the answer mask for perplexity calculation, setting perplexity to 1.0.
Warning: Decoded text differs from trimmed prompt
  Trimmed prompt length: 1074, Decoded text length: 1067
[DEBUG] First difference at position 1: prompt='s', decoded='/'
[DEBUG] Context: prompt='<s>[INST] This question refers to the following information.\n"A specter is haunting Europe-the specter of Communism. All the powers of old Europe have entered into a holy alliance to exorcise this spec', decoded='</s></s></s></s></s></s></s></s></s></s></s></s></s></s></s></s></s></s></s></s></s></s></s></s></s></s></s></s></s></s></s></s></s></s></s></s><s> [INST] This question refers to the following informat'
[WARNING] in lang en, index 3442: No tokens were selected by the answer mask for perplexity calculation, setting perplexity to 1.0.
Warning: Decoded text differs from trimmed prompt
  Trimmed prompt length: 1191, Decoded text length: 1192
[DEBUG] First difference at position 3: prompt='[', decoded=' '
[DEBUG] Context: prompt='<s>[INST] This question refers to the following information.\nARTICLE I: Germany, Austria-Hungary, Bulgaria and Turkey for the one part, and Russia for the other part, declare that the state of war betwee', decoded='<s> [INST] This question refers to the following information.\nARTICLE I: Germany, Austria-Hungary, Bulgaria and Turkey for the one part, and Russia for the other part, declare that the state of war betwe'
Warning: Decoded text differs from trimmed prompt
  Trimmed prompt length: 1184, Decoded text length: 1195
[DEBUG] First difference at position 1: prompt='s', decoded='/'
[DEBUG] Context: prompt='<s>[INST] This question refers to the following information.\nARTICLE I: Germany, Austria-Hungary, Bulgaria and Turkey for the one part, and Russia for the other part, declare that the state of war betw', decoded='</s></s></s></s></s></s><s> [INST] This question refers to the following information.\nARTICLE I: Germany, Austria-Hungary, Bulgaria and Turkey for the one part, and Russia for the other part, declare t'
Perplexity: Written 942/83348 entries to perplexity result file (batch 157/13892)
Processing batch 158/13892
Warning: Decoded text differs from trimmed prompt
  Trimmed prompt length: 1188, Decoded text length: 1189
[DEBUG] First difference at position 3: prompt='[', decoded=' '
[DEBUG] Context: prompt='<s>[INST] This question refers to the following information.\nThe following account of the Paris Exposition of 1889.\n"The opportunities to study the natural history of man in Paris during the Exposition, ', decoded='<s> [INST] This question refers to the following information.\nThe following account of the Paris Exposition of 1889.\n"The opportunities to study the natural history of man in Paris during the Exposition,'
[WARNING] in lang en, index 3444: No tokens were selected by the answer mask for perplexity calculation, setting perplexity to 1.0.
Warning: Decoded text differs from trimmed prompt
  Trimmed prompt length: 1113, Decoded text length: 1100
[DEBUG] First difference at position 1: prompt='s', decoded='/'
[DEBUG] Context: prompt='<s>[INST] This question refers to the following information.\nThe following account of the Paris Exposition of 1889.\n"The opportunities to study the natural history of man in Paris during the Exposition', decoded='</s></s></s></s></s></s></s></s></s></s></s><s> [INST] This question refers to the following information.\nThe following account of the Paris Exposition of 1889.\n"The opportunities to study the natural '
[WARNING] in lang en, index 3444: No tokens were selected by the answer mask for perplexity calculation, setting perplexity to 1.0.
Warning: Decoded text differs from trimmed prompt
  Trimmed prompt length: 940, Decoded text length: 893
[DEBUG] First difference at position 1: prompt='s', decoded='/'
[DEBUG] Context: prompt='<s>[INST] This question refers to the following information.\nFor a long time, educated Germans answered it in the positive, initially by laying claim to a special German mission, then, after the collap', decoded='</s></s></s></s></s></s></s></s></s></s></s></s></s></s></s></s></s></s></s></s></s></s></s></s></s></s></s></s></s></s></s></s></s></s></s></s></s></s></s></s></s></s></s></s></s></s></s></s></s></s><'
[WARNING] in lang en, index 3445: No tokens were selected by the answer mask for perplexity calculation, setting perplexity to 1.0.
Warning: Decoded text differs from trimmed prompt
  Trimmed prompt length: 920, Decoded text length: 882
[DEBUG] First difference at position 1: prompt='s', decoded='/'
[DEBUG] Context: prompt='<s>[INST] This question refers to the following information.\nFor a long time, educated Germans answered it in the positive, initially by laying claim to a special German mission, then, after the collap', decoded='</s></s></s></s></s></s></s></s></s></s></s></s></s></s></s></s></s></s></s></s></s></s></s></s></s></s></s></s></s></s></s></s></s></s></s></s></s></s></s></s></s></s></s></s></s></s></s></s></s></s><'
[WARNING] in lang en, index 3445: No tokens were selected by the answer mask for perplexity calculation, setting perplexity to 1.0.
Warning: Decoded text differs from trimmed prompt
  Trimmed prompt length: 323, Decoded text length: 256
[DEBUG] First difference at position 1: prompt='s', decoded='/'
[DEBUG] Context: prompt='<s>[INST] The main factor preventing subsistence economies from advancing economically is the lack of\n\nPlease CONCISELY answer the question in English WITHOUT reasoning or explanation. [/INST]The main ', decoded='</s></s></s></s></s></s></s></s></s></s></s></s></s></s></s></s></s></s></s></s></s></s></s></s></s></s></s></s></s></s></s></s></s></s></s></s></s></s></s></s></s></s></s></s></s></s></s></s></s></s><'
[WARNING] in lang en, index 3447: No tokens were selected by the answer mask for perplexity calculation, setting perplexity to 1.0.
Warning: Decoded text differs from trimmed prompt
  Trimmed prompt length: 296, Decoded text length: 240
[DEBUG] First difference at position 1: prompt='s', decoded='/'
[DEBUG] Context: prompt='<s>[INST] The main factor preventing subsistence economies from advancing economically is the lack of\n\nPlease CONCISELY answer the question in English WITHOUT reasoning or explanation. [/INST]The main ', decoded='</s></s></s></s></s></s></s></s></s></s></s></s></s></s></s></s></s></s></s></s></s></s></s></s></s></s></s></s></s></s></s></s></s></s></s></s></s></s></s></s></s></s></s></s></s></s></s></s></s></s><'
[WARNING] in lang en, index 3447: No tokens were selected by the answer mask for perplexity calculation, setting perplexity to 1.0.
Perplexity: Written 948/83348 entries to perplexity result file (batch 158/13892)
Processing batch 159/13892
Warning: Decoded text differs from trimmed prompt
  Trimmed prompt length: 236, Decoded text length: 196
[DEBUG] First difference at position 1: prompt='s', decoded='/'
[DEBUG] Context: prompt='<s>[INST] The tendency for a population to continue to grow long after replacement fertility has been achieved is called\n\nPlease CONCISELY answer the question in English WITHOUT reasoning or explanatio', decoded='</s></s></s></s></s></s></s></s></s></s></s></s></s></s></s></s></s></s></s></s></s></s></s></s></s></s></s></s></s></s></s></s></s></s></s></s></s></s></s></s></s></s></s></s></s></s></s></s></s>'
[WARNING] in lang en, index 3448: No tokens were selected by the answer mask for perplexity calculation, setting perplexity to 1.0.
Warning: Decoded text differs from trimmed prompt
  Trimmed prompt length: 238, Decoded text length: 196
[DEBUG] First difference at position 1: prompt='s', decoded='/'
[DEBUG] Context: prompt='<s>[INST] The tendency for a population to continue to grow long after replacement fertility has been achieved is called\n\nPlease CONCISELY answer the question in English WITHOUT reasoning or explanatio', decoded='</s></s></s></s></s></s></s></s></s></s></s></s></s></s></s></s></s></s></s></s></s></s></s></s></s></s></s></s></s></s></s></s></s></s></s></s></s></s></s></s></s></s></s></s></s></s></s></s></s>'
[WARNING] in lang en, index 3448: No tokens were selected by the answer mask for perplexity calculation, setting perplexity to 1.0.
Warning: Decoded text differs from trimmed prompt
  Trimmed prompt length: 247, Decoded text length: 197
[DEBUG] First difference at position 1: prompt='s', decoded='/'
[DEBUG] Context: prompt='<s>[INST] The tendency for migration to decrease with distance is called\n\nPlease CONCISELY answer the question in English WITHOUT reasoning or explanation. [/INST]The tendency for migration to decrease', decoded='</s></s></s></s></s></s></s></s></s></s></s></s></s></s></s></s></s></s></s></s></s></s></s></s></s></s></s></s></s></s></s></s></s></s></s></s></s></s></s></s></s></s></s></s></s></s></s></s><s> ['
[WARNING] in lang en, index 3449: No tokens were selected by the answer mask for perplexity calculation, setting perplexity to 1.0.
Warning: Decoded text differs from trimmed prompt
  Trimmed prompt length: 254, Decoded text length: 207
[DEBUG] First difference at position 1: prompt='s', decoded='/'
[DEBUG] Context: prompt='<s>[INST] The tendency for migration to decrease with distance is called\n\nPlease CONCISELY answer the question in English WITHOUT reasoning or explanation. [/INST]The tendency for migration to decrease', decoded='</s></s></s></s></s></s></s></s></s></s></s></s></s></s></s></s></s></s></s></s></s></s></s></s></s></s></s></s></s></s></s></s></s></s></s></s></s></s></s></s></s></s></s></s></s></s><s> [INST] The te'
[WARNING] in lang en, index 3449: No tokens were selected by the answer mask for perplexity calculation, setting perplexity to 1.0.
Warning: Decoded text differs from trimmed prompt
  Trimmed prompt length: 379, Decoded text length: 380
[DEBUG] First difference at position 3: prompt='[', decoded=' '
[DEBUG] Context: prompt="<s>[INST] Which zone contains low-income slums, ethnic ghettos, and general deterioration in Burgess's concentric zone model of urban form?\n\nPlease CONCISELY answer the question in English WITHOUT reason", decoded="<s> [INST] Which zone contains low-income slums, ethnic ghettos, and general deterioration in Burgess's concentric zone model of urban form?\n\nPlease CONCISELY answer the question in English WITHOUT reaso"
[WARNING] in lang en, index 3450: No tokens were selected by the answer mask for perplexity calculation, setting perplexity to 1.0.
Warning: Decoded text differs from trimmed prompt
  Trimmed prompt length: 380, Decoded text length: 381
[DEBUG] First difference at position 3: prompt='[', decoded=' '
[DEBUG] Context: prompt="<s>[INST] Which zone contains low-income slums, ethnic ghettos, and general deterioration in Burgess's concentric zone model of urban form?\n\nPlease CONCISELY answer the question in English WITHOUT reason", decoded="<s> [INST] Which zone contains low-income slums, ethnic ghettos, and general deterioration in Burgess's concentric zone model of urban form?\n\nPlease CONCISELY answer the question in English WITHOUT reaso"
[WARNING] in lang en, index 3450: No tokens were selected by the answer mask for perplexity calculation, setting perplexity to 1.0.
Perplexity: Written 954/83348 entries to perplexity result file (batch 159/13892)
Processing batch 160/13892
