✏️ Setting installed package as editable
Acquiring build lock...
Building Rust extension with maturin develop...
Installed Rust extension successfully.
Released build lock.
Loading config from: judge_config_slurm6_vllm.py
This run uses VLLM backend.
Starting preference experiment...
Concatenated two answers dataset for language pairs[("en", "zh_cn"), ("en", "fr_fr"), ("en", "ar_xy"), ("en", "sw_ke")] written to "judge/result/prometheus-eval-prometheus-8x7b-v2.0/preference_aggregated_input.jsonl"
Dispatching preference results for model: prometheus-eval-prometheus-8x7b-v2.0, language pairs: [("en", "zh_cn"), ("en", "fr_fr"), ("en", "ar_xy"), ("en", "sw_ke")], input file: judge/result/prometheus-eval-prometheus-8x7b-v2.0/preference_aggregated_output.jsonl
Dispatched preference results for model: prometheus-eval-prometheus-8x7b-v2.0, lang1: en, lang2: zh_cn
Dispatched preference results for model: prometheus-eval-prometheus-8x7b-v2.0, lang1: en, lang2: fr_fr
Dispatched preference results for model: prometheus-eval-prometheus-8x7b-v2.0, lang1: en, lang2: ar_xy
Dispatched preference results for model: prometheus-eval-prometheus-8x7b-v2.0, lang1: en, lang2: sw_ke
Removed aggregated output file: judge/result/prometheus-eval-prometheus-8x7b-v2.0/preference_aggregated_output.jsonl
Preference experiment finished.
Starting perplexity experiment...
Response input dataset for languages ["en", "zh_cn", "fr_fr", "ar_xy", "sw_ke"] written to judge/result/prometheus-eval-prometheus-8x7b-v2.0/perplexity_response_input.jsonl
Dispatching response results for model: prometheus-eval-prometheus-8x7b-v2.0, languages: ["en", "zh_cn", "fr_fr", "ar_xy", "sw_ke"], input file: judge/result/prometheus-eval-prometheus-8x7b-v2.0/perplexity_response_output.jsonl
Dispatched response results for model: prometheus-eval-prometheus-8x7b-v2.0, lang: en
Dispatched response results for model: prometheus-eval-prometheus-8x7b-v2.0, lang: zh_cn
Dispatched response results for model: prometheus-eval-prometheus-8x7b-v2.0, lang: fr_fr
Dispatched response results for model: prometheus-eval-prometheus-8x7b-v2.0, lang: ar_xy
Dispatched response results for model: prometheus-eval-prometheus-8x7b-v2.0, lang: sw_ke
Removed aggregated response output file: judge/result/prometheus-eval-prometheus-8x7b-v2.0/perplexity_response_output.jsonl
Styled answers input dataset for languages ["en", "zh_cn", "fr_fr", "ar_xy", "sw_ke"] written to judge/result/prometheus-eval-prometheus-8x7b-v2.0/perplexity_styled_answers_input.jsonl
Dispatching styled answers results for model: prometheus-eval-prometheus-8x7b-v2.0, languages: ["en", "zh_cn", "fr_fr", "ar_xy", "sw_ke"], input file: judge/result/prometheus-eval-prometheus-8x7b-v2.0/perplexity_styled_answers_output.jsonl
Dispatched styled answers results for model: prometheus-eval-prometheus-8x7b-v2.0, lang: en
Dispatched styled answers results for model: prometheus-eval-prometheus-8x7b-v2.0, lang: zh_cn
Dispatched styled answers results for model: prometheus-eval-prometheus-8x7b-v2.0, lang: fr_fr
Dispatched styled answers results for model: prometheus-eval-prometheus-8x7b-v2.0, lang: ar_xy
Dispatched styled answers results for model: prometheus-eval-prometheus-8x7b-v2.0, lang: sw_ke
Removed aggregated styled answers output file: judge/result/prometheus-eval-prometheus-8x7b-v2.0/perplexity_styled_answers_output.jsonl
Total entries to generate responses: 0
Completed writing all responses to judge/result/prometheus-eval-prometheus-8x7b-v2.0/perplexity_response_output.jsonl
Total entries to generate styled answers: 0
Completed writing all styled answers to judge/result/prometheus-eval-prometheus-8x7b-v2.0/perplexity_styled_answers_output.jsonl
Perplexity experiment finished.
✏️ Setting installed package as editable
Concatenated perplexity dataset for languages ["en", "zh_cn", "fr_fr", "ar_xy", "sw_ke"] written to judge/result/prometheus-eval-prometheus-8x7b-v2.0/perplexity_aggregated_input.jsonl
Acquiring build lock...
Building Rust extension with maturin develop...
Installed Rust extension successfully.
Released build lock.
Loading config from: judge_config_slurm6_hf.py
Total entries to calculate perplexity: 85610
Using batch size: 6 based on model size, number of GPUs (2), and single GPU memory (40GB)
Processing batch 1/14269
Creating HuggingFace backend for model prometheus-eval/prometheus-8x7b-v2.0 using 2 GPUs and batch size 6...
Creating HuggingFace backend for model prometheus-eval/prometheus-8x7b-v2.0 with batch size 6...
Loading model from HuggingFace...
Found 2 GPUs
GPU 0: 39.49 GB available, using 35 GB
GPU 1: 39.49 GB available, using 35 GB
Model loaded, setting to eval mode...
Model in eval mode
Model device map: {'model.embed_tokens': 0, 'model.layers.0': 0, 'model.layers.1': 0, 'model.layers.2': 0, 'model.layers.3': 0, 'model.layers.4': 0, 'model.layers.5': 0, 'model.layers.6': 0, 'model.layers.7': 0, 'model.layers.8': 0, 'model.layers.9': 0, 'model.layers.10': 1, 'model.layers.11': 1, 'model.layers.12': 1, 'model.layers.13': 1, 'model.layers.14': 1, 'model.layers.15': 1, 'model.layers.16': 1, 'model.layers.17': 1, 'model.layers.18': 1, 'model.layers.19': 1, 'model.layers.20': 1, 'model.layers.21': 1, 'model.layers.22': 'disk', 'model.layers.23': 'disk', 'model.layers.24': 'disk', 'model.layers.25': 'disk', 'model.layers.26': 'disk', 'model.layers.27': 'disk', 'model.layers.28': 'disk', 'model.layers.29': 'disk', 'model.layers.30': 'disk', 'model.layers.31': 'disk', 'model.norm': 'disk', 'model.rotary_emb': 'disk', 'lm_head': 'disk'}
HuggingFace backend created successfully for prometheus-eval/prometheus-8x7b-v2.0
HuggingFace backend created for model prometheus-eval/prometheus-8x7b-v2.0
Warning: Decoded text differs from trimmed prompt
  Trimmed prompt length: 327, Decoded text length: 331
[DEBUG] First difference at position 1: prompt='s', decoded='/'
[DEBUG] Context: prompt='<s>[INST] Statement 1', decoded='</s></s></s></s></s><'
[WARNING] in lang en, index 3: No tokens were selected by the answer mask for perplexity calculation, setting perplexity to 1.0.
Warning: Decoded text differs from trimmed prompt
  Trimmed prompt length: 326, Decoded text length: 330
[DEBUG] First difference at position 1: prompt='s', decoded='/'
[DEBUG] Context: prompt='<s>[INST] Statement 1', decoded='</s></s></s></s></s><'
[WARNING] in lang en, index 3: No tokens were selected by the answer mask for perplexity calculation, setting perplexity to 1.0.
Warning: Decoded text differs from trimmed prompt
  Trimmed prompt length: 353, Decoded text length: 354
[DEBUG] First difference at position 3: prompt='[', decoded=' '
[DEBUG] Context: prompt='<s>[INST] Statement 1 |', decoded='<s> [INST] Statement 1 '
[WARNING] in lang en, index 5: No tokens were selected by the answer mask for perplexity calculation, setting perplexity to 1.0.
Warning: Decoded text differs from trimmed prompt
  Trimmed prompt length: 355, Decoded text length: 356
[DEBUG] First difference at position 3: prompt='[', decoded=' '
[DEBUG] Context: prompt='<s>[INST] Statement 1 |', decoded='<s> [INST] Statement 1 '
[WARNING] in lang en, index 5: No tokens were selected by the answer mask for perplexity calculation, setting perplexity to 1.0.
Warning: Decoded text differs from trimmed prompt
  Trimmed prompt length: 313, Decoded text length: 305
[DEBUG] First difference at position 1: prompt='s', decoded='/'
[DEBUG] Context: prompt='<s>[INST] Statement 1', decoded='</s></s></s></s></s><'
[WARNING] in lang en, index 6: No tokens were selected by the answer mask for perplexity calculation, setting perplexity to 1.0.
Warning: Decoded text differs from trimmed prompt
  Trimmed prompt length: 315, Decoded text length: 305
[DEBUG] First difference at position 1: prompt='s', decoded='/'
[DEBUG] Context: prompt='<s>[INST] Statement 1', decoded='</s></s></s></s></s><'
[WARNING] in lang en, index 6: No tokens were selected by the answer mask for perplexity calculation, setting perplexity to 1.0.
Perplexity: Written 6/85610 entries to perplexity result file (batch 1/14269)
Processing batch 2/14269
Warning: Decoded text differs from trimmed prompt
  Trimmed prompt length: 251, Decoded text length: 257
[DEBUG] First difference at position 1: prompt='s', decoded='/'
[DEBUG] Context: prompt='<s>[INST] Statement 1', decoded='</s></s></s></s></s><'
Warning: Decoded text differs from trimmed prompt
  Trimmed prompt length: 250, Decoded text length: 257
[DEBUG] First difference at position 1: prompt='s', decoded='/'
[DEBUG] Context: prompt='<s>[INST] Statement 1', decoded='</s></s></s></s></s><'
Warning: Decoded text differs from trimmed prompt
  Trimmed prompt length: 326, Decoded text length: 336
[DEBUG] First difference at position 1: prompt='s', decoded='/'
[DEBUG] Context: prompt='<s>[INST] Statement 1', decoded='</s></s></s></s></s><'
[WARNING] in lang en, index 10: No tokens were selected by the answer mask for perplexity calculation, setting perplexity to 1.0.
Warning: Decoded text differs from trimmed prompt
  Trimmed prompt length: 326, Decoded text length: 336
[DEBUG] First difference at position 1: prompt='s', decoded='/'
[DEBUG] Context: prompt='<s>[INST] Statement 1', decoded='</s></s></s></s></s><'
[WARNING] in lang en, index 10: No tokens were selected by the answer mask for perplexity calculation, setting perplexity to 1.0.
Warning: Decoded text differs from trimmed prompt
  Trimmed prompt length: 376, Decoded text length: 377
[DEBUG] First difference at position 3: prompt='[', decoded=' '
[DEBUG] Context: prompt='<s>[INST] If A = {1, 2,', decoded='<s> [INST] If A = {1, 2'
[WARNING] in lang en, index 11: No tokens were selected by the answer mask for perplexity calculation, setting perplexity to 1.0.
Warning: Decoded text differs from trimmed prompt
  Trimmed prompt length: 366, Decoded text length: 365
[DEBUG] First difference at position 1: prompt='s', decoded='/'
[DEBUG] Context: prompt='<s>[INST] If A = {1, ', decoded='</s></s></s><s> [INST'
[WARNING] in lang en, index 11: No tokens were selected by the answer mask for perplexity calculation, setting perplexity to 1.0.
Perplexity: Written 12/85610 entries to perplexity result file (batch 2/14269)
Processing batch 3/14269
Warning: Decoded text differs from trimmed prompt
  Trimmed prompt length: 229, Decoded text length: 231
[DEBUG] First difference at position 1: prompt='s', decoded='/'
[DEBUG] Context: prompt='<s>[INST] Statement 1', decoded='</s></s></s></s></s><'
Warning: Decoded text differs from trimmed prompt
  Trimmed prompt length: 228, Decoded text length: 231
[DEBUG] First difference at position 1: prompt='s', decoded='/'
[DEBUG] Context: prompt='<s>[INST] Statement 1', decoded='</s></s></s></s></s><'
Warning: Decoded text differs from trimmed prompt
  Trimmed prompt length: 306, Decoded text length: 269
[DEBUG] First difference at position 1: prompt='s', decoded='/'
[DEBUG] Context: prompt='<s>[INST] The set of ', decoded='</s></s></s></s></s><'
[WARNING] in lang en, index 18: No tokens were selected by the answer mask for perplexity calculation, setting perplexity to 1.0.
Warning: Decoded text differs from trimmed prompt
  Trimmed prompt length: 327, Decoded text length: 288
[DEBUG] First difference at position 1: prompt='s', decoded='/'
[DEBUG] Context: prompt='<s>[INST] The set of ', decoded='</s></s></s></s></s><'
[WARNING] in lang en, index 18: No tokens were selected by the answer mask for perplexity calculation, setting perplexity to 1.0.
Warning: Decoded text differs from trimmed prompt
  Trimmed prompt length: 406, Decoded text length: 407
[DEBUG] First difference at position 3: prompt='[', decoded=' '
[DEBUG] Context: prompt='<s>[INST] Statement 1| ', decoded='<s> [INST] Statement 1|'
Warning: Decoded text differs from trimmed prompt
  Trimmed prompt length: 408, Decoded text length: 409
[DEBUG] First difference at position 3: prompt='[', decoded=' '
[DEBUG] Context: prompt='<s>[INST] Statement 1| ', decoded='<s> [INST] Statement 1|'
Perplexity: Written 18/85610 entries to perplexity result file (batch 3/14269)
Processing batch 4/14269
Warning: Decoded text differs from trimmed prompt
  Trimmed prompt length: 344, Decoded text length: 345
[DEBUG] First difference at position 3: prompt='[', decoded=' '
[DEBUG] Context: prompt='<s>[INST] Statement 1 |', decoded='<s> [INST] Statement 1 '
[WARNING] in lang en, index 20: No tokens were selected by the answer mask for perplexity calculation, setting perplexity to 1.0.
Warning: Decoded text differs from trimmed prompt
  Trimmed prompt length: 346, Decoded text length: 347
[DEBUG] First difference at position 3: prompt='[', decoded=' '
[DEBUG] Context: prompt='<s>[INST] Statement 1 |', decoded='<s> [INST] Statement 1 '
[WARNING] in lang en, index 20: No tokens were selected by the answer mask for perplexity calculation, setting perplexity to 1.0.
Warning: Decoded text differs from trimmed prompt
  Trimmed prompt length: 317, Decoded text length: 324
[DEBUG] First difference at position 1: prompt='s', decoded='/'
[DEBUG] Context: prompt='<s>[INST] Statement 1', decoded='</s></s></s></s></s><'
[WARNING] in lang en, index 22: No tokens were selected by the answer mask for perplexity calculation, setting perplexity to 1.0.
Warning: Decoded text differs from trimmed prompt
  Trimmed prompt length: 316, Decoded text length: 324
[DEBUG] First difference at position 1: prompt='s', decoded='/'
[DEBUG] Context: prompt='<s>[INST] Statement 1', decoded='</s></s></s></s></s><'
[WARNING] in lang en, index 22: No tokens were selected by the answer mask for perplexity calculation, setting perplexity to 1.0.
Warning: Decoded text differs from trimmed prompt
  Trimmed prompt length: 286, Decoded text length: 270
[DEBUG] First difference at position 1: prompt='s', decoded='/'
[DEBUG] Context: prompt='<s>[INST] The set of ', decoded='</s></s></s></s></s><'
[WARNING] in lang en, index 23: No tokens were selected by the answer mask for perplexity calculation, setting perplexity to 1.0.
Warning: Decoded text differs from trimmed prompt
  Trimmed prompt length: 297, Decoded text length: 270
[DEBUG] First difference at position 1: prompt='s', decoded='/'
[DEBUG] Context: prompt='<s>[INST] The set of ', decoded='</s></s></s></s></s><'
[WARNING] in lang en, index 23: No tokens were selected by the answer mask for perplexity calculation, setting perplexity to 1.0.
Perplexity: Written 24/85610 entries to perplexity result file (batch 4/14269)
Processing batch 5/14269
Warning: Decoded text differs from trimmed prompt
  Trimmed prompt length: 322, Decoded text length: 323
[DEBUG] First difference at position 3: prompt='[', decoded=' '
[DEBUG] Context: prompt='<s>[INST] Statement 1 |', decoded='<s> [INST] Statement 1 '
Warning: Decoded text differs from trimmed prompt
  Trimmed prompt length: 321, Decoded text length: 322
[DEBUG] First difference at position 3: prompt='[', decoded=' '
[DEBUG] Context: prompt='<s>[INST] Statement 1 |', decoded='<s> [INST] Statement 1 '
Warning: Decoded text differs from trimmed prompt
  Trimmed prompt length: 295, Decoded text length: 292
[DEBUG] First difference at position 1: prompt='s', decoded='/'
[DEBUG] Context: prompt='<s>[INST] Let G denot', decoded='</s></s></s></s></s><'
Warning: Decoded text differs from trimmed prompt
  Trimmed prompt length: 291, Decoded text length: 284
[DEBUG] First difference at position 1: prompt='s', decoded='/'
[DEBUG] Context: prompt='<s>[INST] Let G denot', decoded='</s></s></s></s></s><'
Warning: Decoded text differs from trimmed prompt
  Trimmed prompt length: 294, Decoded text length: 298
[DEBUG] First difference at position 1: prompt='s', decoded='/'
[DEBUG] Context: prompt='<s>[INST] Statement 1', decoded='</s></s><s> [INST] St'
[WARNING] in lang en, index 26: No tokens were selected by the answer mask for perplexity calculation, setting perplexity to 1.0.
Warning: Decoded text differs from trimmed prompt
  Trimmed prompt length: 294, Decoded text length: 298
[DEBUG] First difference at position 1: prompt='s', decoded='/'
[DEBUG] Context: prompt='<s>[INST] Statement 1', decoded='</s></s><s> [INST] St'
[WARNING] in lang en, index 26: No tokens were selected by the answer mask for perplexity calculation, setting perplexity to 1.0.
Perplexity: Written 30/85610 entries to perplexity result file (batch 5/14269)
Processing batch 6/14269
Warning: Decoded text differs from trimmed prompt
  Trimmed prompt length: 241, Decoded text length: 264
[DEBUG] First difference at position 1: prompt='s', decoded='/'
[DEBUG] Context: prompt='<s>[INST] Determine w', decoded='</s></s></s></s></s><'
Warning: Decoded text differs from trimmed prompt
  Trimmed prompt length: 241, Decoded text length: 264
[DEBUG] First difference at position 1: prompt='s', decoded='/'
[DEBUG] Context: prompt='<s>[INST] Determine w', decoded='</s></s></s></s></s><'
Warning: Decoded text differs from trimmed prompt
  Trimmed prompt length: 336, Decoded text length: 337
[DEBUG] First difference at position 3: prompt='[', decoded=' '
[DEBUG] Context: prompt='<s>[INST] Statement 1 |', decoded='<s> [INST] Statement 1 '
[WARNING] in lang en, index 28: No tokens were selected by the answer mask for perplexity calculation, setting perplexity to 1.0.
Warning: Decoded text differs from trimmed prompt
  Trimmed prompt length: 335, Decoded text length: 336
[DEBUG] First difference at position 3: prompt='[', decoded=' '
[DEBUG] Context: prompt='<s>[INST] Statement 1 |', decoded='<s> [INST] Statement 1 '
[WARNING] in lang en, index 28: No tokens were selected by the answer mask for perplexity calculation, setting perplexity to 1.0.
Warning: Decoded text differs from trimmed prompt
  Trimmed prompt length: 278, Decoded text length: 292
[DEBUG] First difference at position 1: prompt='s', decoded='/'
[DEBUG] Context: prompt='<s>[INST] Statement 1', decoded='</s></s></s></s></s><'
Warning: Decoded text differs from trimmed prompt
  Trimmed prompt length: 280, Decoded text length: 292
[DEBUG] First difference at position 1: prompt='s', decoded='/'
[DEBUG] Context: prompt='<s>[INST] Statement 1', decoded='</s></s></s></s></s><'
Perplexity: Written 36/85610 entries to perplexity result file (batch 6/14269)
Processing batch 7/14269
Warning: Decoded text differs from trimmed prompt
  Trimmed prompt length: 316, Decoded text length: 319
[DEBUG] First difference at position 1: prompt='s', decoded='/'
[DEBUG] Context: prompt='<s>[INST] Statement 1', decoded='</s></s></s></s><s> ['
[WARNING] in lang en, index 30: No tokens were selected by the answer mask for perplexity calculation, setting perplexity to 1.0.
Warning: Decoded text differs from trimmed prompt
  Trimmed prompt length: 315, Decoded text length: 318
[DEBUG] First difference at position 1: prompt='s', decoded='/'
[DEBUG] Context: prompt='<s>[INST] Statement 1', decoded='</s></s></s></s><s> ['
[WARNING] in lang en, index 30: No tokens were selected by the answer mask for perplexity calculation, setting perplexity to 1.0.
Warning: Decoded text differs from trimmed prompt
  Trimmed prompt length: 202, Decoded text length: 202
[DEBUG] First difference at position 1: prompt='s', decoded='/'
[DEBUG] Context: prompt='<s>[INST] If (G, .) i', decoded='</s></s></s></s></s><'
[WARNING] in lang en, index 31: No tokens were selected by the answer mask for perplexity calculation, setting perplexity to 1.0.
Warning: Decoded text differs from trimmed prompt
  Trimmed prompt length: 206, Decoded text length: 200
[DEBUG] First difference at position 1: prompt='s', decoded='/'
[DEBUG] Context: prompt='<s>[INST] If (G, .) i', decoded='</s></s></s></s></s><'
[WARNING] in lang en, index 31: No tokens were selected by the answer mask for perplexity calculation, setting perplexity to 1.0.
Warning: Decoded text differs from trimmed prompt
  Trimmed prompt length: 354, Decoded text length: 355
[DEBUG] First difference at position 3: prompt='[', decoded=' '
[DEBUG] Context: prompt='<s>[INST] Statement 1 |', decoded='<s> [INST] Statement 1 '
[WARNING] in lang en, index 32: No tokens were selected by the answer mask for perplexity calculation, setting perplexity to 1.0.
Warning: Decoded text differs from trimmed prompt
  Trimmed prompt length: 356, Decoded text length: 357
[DEBUG] First difference at position 3: prompt='[', decoded=' '
[DEBUG] Context: prompt='<s>[INST] Statement 1 |', decoded='<s> [INST] Statement 1 '
[WARNING] in lang en, index 32: No tokens were selected by the answer mask for perplexity calculation, setting perplexity to 1.0.
Perplexity: Written 42/85610 entries to perplexity result file (batch 7/14269)
Processing batch 8/14269
Warning: Decoded text differs from trimmed prompt
  Trimmed prompt length: 361, Decoded text length: 362
[DEBUG] First difference at position 3: prompt='[', decoded=' '
[DEBUG] Context: prompt='<s>[INST] Statement 1 |', decoded='<s> [INST] Statement 1 '
[WARNING] in lang en, index 34: No tokens were selected by the answer mask for perplexity calculation, setting perplexity to 1.0.
Warning: Decoded text differs from trimmed prompt
  Trimmed prompt length: 363, Decoded text length: 364
[DEBUG] First difference at position 3: prompt='[', decoded=' '
[DEBUG] Context: prompt='<s>[INST] Statement 1 |', decoded='<s> [INST] Statement 1 '
[WARNING] in lang en, index 34: No tokens were selected by the answer mask for perplexity calculation, setting perplexity to 1.0.
Warning: Decoded text differs from trimmed prompt
  Trimmed prompt length: 325, Decoded text length: 343
[DEBUG] First difference at position 1: prompt='s', decoded='/'
[DEBUG] Context: prompt='<s>[INST] Determine w', decoded='</s></s></s></s></s><'
[WARNING] in lang en, index 37: No tokens were selected by the answer mask for perplexity calculation, setting perplexity to 1.0.
Warning: Decoded text differs from trimmed prompt
  Trimmed prompt length: 325, Decoded text length: 343
[DEBUG] First difference at position 1: prompt='s', decoded='/'
[DEBUG] Context: prompt='<s>[INST] Determine w', decoded='</s></s></s></s></s><'
[WARNING] in lang en, index 37: No tokens were selected by the answer mask for perplexity calculation, setting perplexity to 1.0.
Warning: Decoded text differs from trimmed prompt
  Trimmed prompt length: 251, Decoded text length: 238
[DEBUG] First difference at position 1: prompt='s', decoded='/'
[DEBUG] Context: prompt='<s>[INST] Statement 1', decoded='</s></s></s></s></s><'
Warning: Decoded text differs from trimmed prompt
  Trimmed prompt length: 250, Decoded text length: 238
[DEBUG] First difference at position 1: prompt='s', decoded='/'
[DEBUG] Context: prompt='<s>[INST] Statement 1', decoded='</s></s></s></s></s><'
Perplexity: Written 48/85610 entries to perplexity result file (batch 8/14269)
Processing batch 9/14269
Warning: Decoded text differs from trimmed prompt
  Trimmed prompt length: 371, Decoded text length: 372
[DEBUG] First difference at position 3: prompt='[', decoded=' '
[DEBUG] Context: prompt='<s>[INST] Statement 1 |', decoded='<s> [INST] Statement 1 '
[WARNING] in lang en, index 42: No tokens were selected by the answer mask for perplexity calculation, setting perplexity to 1.0.
Warning: Decoded text differs from trimmed prompt
  Trimmed prompt length: 370, Decoded text length: 371
[DEBUG] First difference at position 3: prompt='[', decoded=' '
[DEBUG] Context: prompt='<s>[INST] Statement 1 |', decoded='<s> [INST] Statement 1 '
[WARNING] in lang en, index 42: No tokens were selected by the answer mask for perplexity calculation, setting perplexity to 1.0.
Warning: Decoded text differs from trimmed prompt
  Trimmed prompt length: 290, Decoded text length: 278
[DEBUG] First difference at position 1: prompt='s', decoded='/'
[DEBUG] Context: prompt='<s>[INST] Statement 1', decoded='</s></s></s></s></s><'
[WARNING] in lang en, index 43: No tokens were selected by the answer mask for perplexity calculation, setting perplexity to 1.0.
Warning: Decoded text differs from trimmed prompt
  Trimmed prompt length: 290, Decoded text length: 278
[DEBUG] First difference at position 1: prompt='s', decoded='/'
[DEBUG] Context: prompt='<s>[INST] Statement 1', decoded='</s></s></s></s></s><'
[WARNING] in lang en, index 43: No tokens were selected by the answer mask for perplexity calculation, setting perplexity to 1.0.
Warning: Decoded text differs from trimmed prompt
  Trimmed prompt length: 365, Decoded text length: 366
[DEBUG] First difference at position 1: prompt='s', decoded='/'
[DEBUG] Context: prompt='<s>[INST] Let A and B', decoded='</s><s> [INST] Let A '
[WARNING] in lang en, index 44: No tokens were selected by the answer mask for perplexity calculation, setting perplexity to 1.0.
Warning: Decoded text differs from trimmed prompt
  Trimmed prompt length: 365, Decoded text length: 366
[DEBUG] First difference at position 1: prompt='s', decoded='/'
[DEBUG] Context: prompt='<s>[INST] Let A and B', decoded='</s><s> [INST] Let A '
[WARNING] in lang en, index 44: No tokens were selected by the answer mask for perplexity calculation, setting perplexity to 1.0.
Perplexity: Written 54/85610 entries to perplexity result file (batch 9/14269)
Processing batch 10/14269
Warning: Decoded text differs from trimmed prompt
  Trimmed prompt length: 289, Decoded text length: 285
[DEBUG] First difference at position 1: prompt='s', decoded='/'
[DEBUG] Context: prompt='<s>[INST] Statement 1', decoded='</s></s></s></s></s><'
Warning: Decoded text differs from trimmed prompt
  Trimmed prompt length: 289, Decoded text length: 285
[DEBUG] First difference at position 1: prompt='s', decoded='/'
[DEBUG] Context: prompt='<s>[INST] Statement 1', decoded='</s></s></s></s></s><'
Warning: Decoded text differs from trimmed prompt
  Trimmed prompt length: 316, Decoded text length: 309
[DEBUG] First difference at position 1: prompt='s', decoded='/'
[DEBUG] Context: prompt='<s>[INST] Statement 1', decoded='</s></s></s></s></s><'
[WARNING] in lang en, index 46: No tokens were selected by the answer mask for perplexity calculation, setting perplexity to 1.0.
Warning: Decoded text differs from trimmed prompt
  Trimmed prompt length: 315, Decoded text length: 309
[DEBUG] First difference at position 1: prompt='s', decoded='/'
[DEBUG] Context: prompt='<s>[INST] Statement 1', decoded='</s></s></s></s></s><'
[WARNING] in lang en, index 46: No tokens were selected by the answer mask for perplexity calculation, setting perplexity to 1.0.
Warning: Decoded text differs from trimmed prompt
  Trimmed prompt length: 326, Decoded text length: 327
[DEBUG] First difference at position 3: prompt='[', decoded=' '
[DEBUG] Context: prompt='<s>[INST] Statement 1 |', decoded='<s> [INST] Statement 1 '
[WARNING] in lang en, index 48: No tokens were selected by the answer mask for perplexity calculation, setting perplexity to 1.0.
Warning: Decoded text differs from trimmed prompt
  Trimmed prompt length: 326, Decoded text length: 327
[DEBUG] First difference at position 3: prompt='[', decoded=' '
[DEBUG] Context: prompt='<s>[INST] Statement 1 |', decoded='<s> [INST] Statement 1 '
[WARNING] in lang en, index 48: No tokens were selected by the answer mask for perplexity calculation, setting perplexity to 1.0.
Perplexity: Written 60/85610 entries to perplexity result file (batch 10/14269)
Processing batch 11/14269
Warning: Decoded text differs from trimmed prompt
  Trimmed prompt length: 259, Decoded text length: 254
[DEBUG] First difference at position 1: prompt='s', decoded='/'
[DEBUG] Context: prompt='<s>[INST] Statement 1', decoded='</s></s></s></s></s><'
[WARNING] in lang en, index 50: No tokens were selected by the answer mask for perplexity calculation, setting perplexity to 1.0.
Warning: Decoded text differs from trimmed prompt
  Trimmed prompt length: 258, Decoded text length: 254
[DEBUG] First difference at position 1: prompt='s', decoded='/'
[DEBUG] Context: prompt='<s>[INST] Statement 1', decoded='</s></s></s></s></s><'
[WARNING] in lang en, index 50: No tokens were selected by the answer mask for perplexity calculation, setting perplexity to 1.0.
Warning: Decoded text differs from trimmed prompt
  Trimmed prompt length: 334, Decoded text length: 335
[DEBUG] First difference at position 3: prompt='[', decoded=' '
[DEBUG] Context: prompt='<s>[INST] Statement 1 |', decoded='<s> [INST] Statement 1 '
[WARNING] in lang en, index 53: No tokens were selected by the answer mask for perplexity calculation, setting perplexity to 1.0.
Warning: Decoded text differs from trimmed prompt
  Trimmed prompt length: 334, Decoded text length: 335
[DEBUG] First difference at position 3: prompt='[', decoded=' '
[DEBUG] Context: prompt='<s>[INST] Statement 1 |', decoded='<s> [INST] Statement 1 '
[WARNING] in lang en, index 53: No tokens were selected by the answer mask for perplexity calculation, setting perplexity to 1.0.
Warning: Decoded text differs from trimmed prompt
  Trimmed prompt length: 292, Decoded text length: 290
[DEBUG] First difference at position 1: prompt='s', decoded='/'
[DEBUG] Context: prompt='<s>[INST] Statement 1', decoded='</s></s></s></s></s><'
[WARNING] in lang en, index 55: No tokens were selected by the answer mask for perplexity calculation, setting perplexity to 1.0.
Warning: Decoded text differs from trimmed prompt
  Trimmed prompt length: 294, Decoded text length: 290
[DEBUG] First difference at position 1: prompt='s', decoded='/'
[DEBUG] Context: prompt='<s>[INST] Statement 1', decoded='</s></s></s></s></s><'
[WARNING] in lang en, index 55: No tokens were selected by the answer mask for perplexity calculation, setting perplexity to 1.0.
Perplexity: Written 66/85610 entries to perplexity result file (batch 11/14269)
Processing batch 12/14269
Warning: Decoded text differs from trimmed prompt
  Trimmed prompt length: 251, Decoded text length: 235
[DEBUG] First difference at position 1: prompt='s', decoded='/'
[DEBUG] Context: prompt='<s>[INST] Statement 1', decoded='</s></s></s></s></s><'
[WARNING] in lang en, index 56: No tokens were selected by the answer mask for perplexity calculation, setting perplexity to 1.0.
Warning: Decoded text differs from trimmed prompt
  Trimmed prompt length: 250, Decoded text length: 235
[DEBUG] First difference at position 1: prompt='s', decoded='/'
[DEBUG] Context: prompt='<s>[INST] Statement 1', decoded='</s></s></s></s></s><'
[WARNING] in lang en, index 56: No tokens were selected by the answer mask for perplexity calculation, setting perplexity to 1.0.
Warning: Decoded text differs from trimmed prompt
  Trimmed prompt length: 279, Decoded text length: 293
[DEBUG] First difference at position 1: prompt='s', decoded='/'
[DEBUG] Context: prompt='<s>[INST] Statement 1', decoded='</s></s></s></s></s><'
Warning: Decoded text differs from trimmed prompt
  Trimmed prompt length: 281, Decoded text length: 293
[DEBUG] First difference at position 1: prompt='s', decoded='/'
[DEBUG] Context: prompt='<s>[INST] Statement 1', decoded='</s></s></s></s></s><'
Warning: Decoded text differs from trimmed prompt
  Trimmed prompt length: 328, Decoded text length: 329
[DEBUG] First difference at position 3: prompt='[', decoded=' '
[DEBUG] Context: prompt='<s>[INST] Statement 1 |', decoded='<s> [INST] Statement 1 '
[WARNING] in lang en, index 59: No tokens were selected by the answer mask for perplexity calculation, setting perplexity to 1.0.
Warning: Decoded text differs from trimmed prompt
  Trimmed prompt length: 330, Decoded text length: 331
[DEBUG] First difference at position 3: prompt='[', decoded=' '
[DEBUG] Context: prompt='<s>[INST] Statement 1 |', decoded='<s> [INST] Statement 1 '
[WARNING] in lang en, index 59: No tokens were selected by the answer mask for perplexity calculation, setting perplexity to 1.0.
Perplexity: Written 72/85610 entries to perplexity result file (batch 12/14269)
Processing batch 13/14269
Warning: Decoded text differs from trimmed prompt
  Trimmed prompt length: 275, Decoded text length: 272
[DEBUG] First difference at position 1: prompt='s', decoded='/'
[DEBUG] Context: prompt='<s>[INST] Statement 1', decoded='</s></s></s></s></s><'
[WARNING] in lang en, index 60: No tokens were selected by the answer mask for perplexity calculation, setting perplexity to 1.0.
Warning: Decoded text differs from trimmed prompt
  Trimmed prompt length: 274, Decoded text length: 272
[DEBUG] First difference at position 1: prompt='s', decoded='/'
[DEBUG] Context: prompt='<s>[INST] Statement 1', decoded='</s></s></s></s></s><'
[WARNING] in lang en, index 60: No tokens were selected by the answer mask for perplexity calculation, setting perplexity to 1.0.
Warning: Decoded text differs from trimmed prompt
  Trimmed prompt length: 394, Decoded text length: 395
[DEBUG] First difference at position 3: prompt='[', decoded=' '
[DEBUG] Context: prompt='<s>[INST] Statement 1 |', decoded='<s> [INST] Statement 1 '
[WARNING] in lang en, index 61: No tokens were selected by the answer mask for perplexity calculation, setting perplexity to 1.0.
Warning: Decoded text differs from trimmed prompt
  Trimmed prompt length: 393, Decoded text length: 394
[DEBUG] First difference at position 3: prompt='[', decoded=' '
[DEBUG] Context: prompt='<s>[INST] Statement 1 |', decoded='<s> [INST] Statement 1 '
[WARNING] in lang en, index 61: No tokens were selected by the answer mask for perplexity calculation, setting perplexity to 1.0.
Warning: Decoded text differs from trimmed prompt
  Trimmed prompt length: 320, Decoded text length: 329
[DEBUG] First difference at position 1: prompt='s', decoded='/'
[DEBUG] Context: prompt='<s>[INST] Statement 1', decoded='</s></s></s></s></s><'
[WARNING] in lang en, index 62: No tokens were selected by the answer mask for perplexity calculation, setting perplexity to 1.0.
Warning: Decoded text differs from trimmed prompt
  Trimmed prompt length: 320, Decoded text length: 329
[DEBUG] First difference at position 1: prompt='s', decoded='/'
[DEBUG] Context: prompt='<s>[INST] Statement 1', decoded='</s></s></s></s></s><'
[WARNING] in lang en, index 62: No tokens were selected by the answer mask for perplexity calculation, setting perplexity to 1.0.
Perplexity: Written 78/85610 entries to perplexity result file (batch 13/14269)
Processing batch 14/14269
Warning: Decoded text differs from trimmed prompt
  Trimmed prompt length: 261, Decoded text length: 246
[DEBUG] First difference at position 1: prompt='s', decoded='/'
[DEBUG] Context: prompt='<s>[INST] Statement 1', decoded='</s></s></s></s></s><'
Warning: Decoded text differs from trimmed prompt
  Trimmed prompt length: 261, Decoded text length: 246
[DEBUG] First difference at position 1: prompt='s', decoded='/'
[DEBUG] Context: prompt='<s>[INST] Statement 1', decoded='</s></s></s></s></s><'
Warning: Decoded text differs from trimmed prompt
  Trimmed prompt length: 328, Decoded text length: 329
[DEBUG] First difference at position 3: prompt='[', decoded=' '
[DEBUG] Context: prompt='<s>[INST] Statement 1 |', decoded='<s> [INST] Statement 1 '
[WARNING] in lang en, index 66: No tokens were selected by the answer mask for perplexity calculation, setting perplexity to 1.0.
Warning: Decoded text differs from trimmed prompt
  Trimmed prompt length: 327, Decoded text length: 328
[DEBUG] First difference at position 3: prompt='[', decoded=' '
[DEBUG] Context: prompt='<s>[INST] Statement 1 |', decoded='<s> [INST] Statement 1 '
[WARNING] in lang en, index 66: No tokens were selected by the answer mask for perplexity calculation, setting perplexity to 1.0.
Warning: Decoded text differs from trimmed prompt
  Trimmed prompt length: 368, Decoded text length: 384
[DEBUG] First difference at position 1: prompt='s', decoded='/'
[DEBUG] Context: prompt='<s>[INST] Statement 1', decoded='</s></s></s></s></s><'
Warning: Decoded text differs from trimmed prompt
  Trimmed prompt length: 370, Decoded text length: 384
[DEBUG] First difference at position 1: prompt='s', decoded='/'
[DEBUG] Context: prompt='<s>[INST] Statement 1', decoded='</s></s></s></s></s><'
Perplexity: Written 84/85610 entries to perplexity result file (batch 14/14269)
Processing batch 15/14269
Warning: Decoded text differs from trimmed prompt
  Trimmed prompt length: 329, Decoded text length: 345
[DEBUG] First difference at position 1: prompt='s', decoded='/'
[DEBUG] Context: prompt='<s>[INST] Statement 1', decoded='</s></s></s></s></s><'
[WARNING] in lang en, index 74: No tokens were selected by the answer mask for perplexity calculation, setting perplexity to 1.0.
Warning: Decoded text differs from trimmed prompt
  Trimmed prompt length: 328, Decoded text length: 345
[DEBUG] First difference at position 1: prompt='s', decoded='/'
[DEBUG] Context: prompt='<s>[INST] Statement 1', decoded='</s></s></s></s></s><'
[WARNING] in lang en, index 74: No tokens were selected by the answer mask for perplexity calculation, setting perplexity to 1.0.
Warning: Decoded text differs from trimmed prompt
  Trimmed prompt length: 372, Decoded text length: 376
[DEBUG] First difference at position 1: prompt='s', decoded='/'
[DEBUG] Context: prompt='<s>[INST] Statement 1', decoded='</s></s><s> [INST] St'
Warning: Decoded text differs from trimmed prompt
  Trimmed prompt length: 378, Decoded text length: 379
[DEBUG] First difference at position 3: prompt='[', decoded=' '
[DEBUG] Context: prompt='<s>[INST] Statement 1 |', decoded='<s> [INST] Statement 1 '
Warning: Decoded text differs from trimmed prompt
  Trimmed prompt length: 315, Decoded text length: 318
[DEBUG] First difference at position 1: prompt='s', decoded='/'
[DEBUG] Context: prompt='<s>[INST] Statement 1', decoded='</s></s></s></s><s> ['
[WARNING] in lang en, index 76: No tokens were selected by the answer mask for perplexity calculation, setting perplexity to 1.0.
Warning: Decoded text differs from trimmed prompt
  Trimmed prompt length: 315, Decoded text length: 319
[DEBUG] First difference at position 1: prompt='s', decoded='/'
[DEBUG] Context: prompt='<s>[INST] Statement 1', decoded='</s></s></s></s><s> ['
[WARNING] in lang en, index 76: No tokens were selected by the answer mask for perplexity calculation, setting perplexity to 1.0.
Perplexity: Written 90/85610 entries to perplexity result file (batch 15/14269)
Processing batch 16/14269
Warning: Decoded text differs from trimmed prompt
  Trimmed prompt length: 300, Decoded text length: 305
[DEBUG] First difference at position 1: prompt='s', decoded='/'
[DEBUG] Context: prompt='<s>[INST] Statement 1', decoded='</s></s></s></s></s><'
[WARNING] in lang en, index 78: No tokens were selected by the answer mask for perplexity calculation, setting perplexity to 1.0.
Warning: Decoded text differs from trimmed prompt
  Trimmed prompt length: 299, Decoded text length: 305
[DEBUG] First difference at position 1: prompt='s', decoded='/'
[DEBUG] Context: prompt='<s>[INST] Statement 1', decoded='</s></s></s></s></s><'
[WARNING] in lang en, index 78: No tokens were selected by the answer mask for perplexity calculation, setting perplexity to 1.0.
Warning: Decoded text differs from trimmed prompt
  Trimmed prompt length: 368, Decoded text length: 369
[DEBUG] First difference at position 3: prompt='[', decoded=' '
[DEBUG] Context: prompt='<s>[INST] Statement 1 |', decoded='<s> [INST] Statement 1 '
[WARNING] in lang en, index 79: No tokens were selected by the answer mask for perplexity calculation, setting perplexity to 1.0.
Warning: Decoded text differs from trimmed prompt
  Trimmed prompt length: 368, Decoded text length: 369
[DEBUG] First difference at position 3: prompt='[', decoded=' '
[DEBUG] Context: prompt='<s>[INST] Statement 1 |', decoded='<s> [INST] Statement 1 '
[WARNING] in lang en, index 79: No tokens were selected by the answer mask for perplexity calculation, setting perplexity to 1.0.
Warning: Decoded text differs from trimmed prompt
  Trimmed prompt length: 297, Decoded text length: 289
[DEBUG] First difference at position 1: prompt='s', decoded='/'
[DEBUG] Context: prompt='<s>[INST] Statement 1', decoded='</s></s></s></s></s><'
[WARNING] in lang en, index 80: No tokens were selected by the answer mask for perplexity calculation, setting perplexity to 1.0.
Warning: Decoded text differs from trimmed prompt
  Trimmed prompt length: 296, Decoded text length: 289
[DEBUG] First difference at position 1: prompt='s', decoded='/'
[DEBUG] Context: prompt='<s>[INST] Statement 1', decoded='</s></s></s></s></s><'
[WARNING] in lang en, index 80: No tokens were selected by the answer mask for perplexity calculation, setting perplexity to 1.0.
Perplexity: Written 96/85610 entries to perplexity result file (batch 16/14269)
Processing batch 17/14269
Warning: Decoded text differs from trimmed prompt
  Trimmed prompt length: 307, Decoded text length: 297
[DEBUG] First difference at position 1: prompt='s', decoded='/'
[DEBUG] Context: prompt='<s>[INST] Statement 1', decoded='</s></s></s></s></s><'
[WARNING] in lang en, index 81: No tokens were selected by the answer mask for perplexity calculation, setting perplexity to 1.0.
Warning: Decoded text differs from trimmed prompt
  Trimmed prompt length: 306, Decoded text length: 297
[DEBUG] First difference at position 1: prompt='s', decoded='/'
[DEBUG] Context: prompt='<s>[INST] Statement 1', decoded='</s></s></s></s></s><'
[WARNING] in lang en, index 81: No tokens were selected by the answer mask for perplexity calculation, setting perplexity to 1.0.
Warning: Decoded text differs from trimmed prompt
  Trimmed prompt length: 345, Decoded text length: 351
[DEBUG] First difference at position 1: prompt='s', decoded='/'
[DEBUG] Context: prompt='<s>[INST] Statement 1', decoded='</s></s></s></s></s><'
[WARNING] in lang en, index 82: No tokens were selected by the answer mask for perplexity calculation, setting perplexity to 1.0.
Warning: Decoded text differs from trimmed prompt
  Trimmed prompt length: 347, Decoded text length: 351
[DEBUG] First difference at position 1: prompt='s', decoded='/'
[DEBUG] Context: prompt='<s>[INST] Statement 1', decoded='</s></s></s></s></s><'
[WARNING] in lang en, index 82: No tokens were selected by the answer mask for perplexity calculation, setting perplexity to 1.0.
Warning: Decoded text differs from trimmed prompt
  Trimmed prompt length: 356, Decoded text length: 357
[DEBUG] First difference at position 3: prompt='[', decoded=' '
[DEBUG] Context: prompt='<s>[INST] Statement 1 |', decoded='<s> [INST] Statement 1 '
[WARNING] in lang en, index 83: No tokens were selected by the answer mask for perplexity calculation, setting perplexity to 1.0.
Warning: Decoded text differs from trimmed prompt
  Trimmed prompt length: 356, Decoded text length: 357
[DEBUG] First difference at position 3: prompt='[', decoded=' '
[DEBUG] Context: prompt='<s>[INST] Statement 1 |', decoded='<s> [INST] Statement 1 '
[WARNING] in lang en, index 83: No tokens were selected by the answer mask for perplexity calculation, setting perplexity to 1.0.
Perplexity: Written 102/85610 entries to perplexity result file (batch 17/14269)
Processing batch 18/14269
Warning: Decoded text differs from trimmed prompt
  Trimmed prompt length: 365, Decoded text length: 366
[DEBUG] First difference at position 3: prompt='[', decoded=' '
[DEBUG] Context: prompt='<s>[INST] Let A and B b', decoded='<s> [INST] Let A and B '
[WARNING] in lang en, index 84: No tokens were selected by the answer mask for perplexity calculation, setting perplexity to 1.0.
Warning: Decoded text differs from trimmed prompt
  Trimmed prompt length: 364, Decoded text length: 365
[DEBUG] First difference at position 3: prompt='[', decoded=' '
[DEBUG] Context: prompt='<s>[INST] Let A and B b', decoded='<s> [INST] Let A and B '
[WARNING] in lang en, index 84: No tokens were selected by the answer mask for perplexity calculation, setting perplexity to 1.0.
Warning: Decoded text differs from trimmed prompt
  Trimmed prompt length: 349, Decoded text length: 367
[DEBUG] First difference at position 1: prompt='s', decoded='/'
[DEBUG] Context: prompt='<s>[INST] Statement 1', decoded='</s></s></s></s></s><'
[WARNING] in lang en, index 85: No tokens were selected by the answer mask for perplexity calculation, setting perplexity to 1.0.
Warning: Decoded text differs from trimmed prompt
  Trimmed prompt length: 349, Decoded text length: 367
[DEBUG] First difference at position 1: prompt='s', decoded='/'
[DEBUG] Context: prompt='<s>[INST] Statement 1', decoded='</s></s></s></s></s><'
[WARNING] in lang en, index 85: No tokens were selected by the answer mask for perplexity calculation, setting perplexity to 1.0.
Warning: Decoded text differs from trimmed prompt
  Trimmed prompt length: 327, Decoded text length: 330
[DEBUG] First difference at position 1: prompt='s', decoded='/'
[DEBUG] Context: prompt='<s>[INST] Statement 1', decoded='</s></s></s><s> [INST'
[WARNING] in lang en, index 86: No tokens were selected by the answer mask for perplexity calculation, setting perplexity to 1.0.
Warning: Decoded text differs from trimmed prompt
  Trimmed prompt length: 329, Decoded text length: 331
[DEBUG] First difference at position 1: prompt='s', decoded='/'
[DEBUG] Context: prompt='<s>[INST] Statement 1', decoded='</s></s></s><s> [INST'
[WARNING] in lang en, index 86: No tokens were selected by the answer mask for perplexity calculation, setting perplexity to 1.0.
Perplexity: Written 108/85610 entries to perplexity result file (batch 18/14269)
Processing batch 19/14269
Warning: Decoded text differs from trimmed prompt
  Trimmed prompt length: 283, Decoded text length: 300
[DEBUG] First difference at position 1: prompt='s', decoded='/'
[DEBUG] Context: prompt='<s>[INST] Statement 1', decoded='</s></s></s></s></s><'
Warning: Decoded text differs from trimmed prompt
  Trimmed prompt length: 283, Decoded text length: 300
[DEBUG] First difference at position 1: prompt='s', decoded='/'
[DEBUG] Context: prompt='<s>[INST] Statement 1', decoded='</s></s></s></s></s><'
Warning: Decoded text differs from trimmed prompt
  Trimmed prompt length: 343, Decoded text length: 345
[DEBUG] First difference at position 1: prompt='s', decoded='/'
[DEBUG] Context: prompt='<s>[INST] Statement 1', decoded='</s></s></s></s><s> ['
[WARNING] in lang en, index 90: No tokens were selected by the answer mask for perplexity calculation, setting perplexity to 1.0.
Warning: Decoded text differs from trimmed prompt
  Trimmed prompt length: 342, Decoded text length: 344
[DEBUG] First difference at position 1: prompt='s', decoded='/'
[DEBUG] Context: prompt='<s>[INST] Statement 1', decoded='</s></s></s></s><s> ['
[WARNING] in lang en, index 90: No tokens were selected by the answer mask for perplexity calculation, setting perplexity to 1.0.
Warning: Decoded text differs from trimmed prompt
  Trimmed prompt length: 388, Decoded text length: 389
[DEBUG] First difference at position 3: prompt='[', decoded=' '
[DEBUG] Context: prompt='<s>[INST] Statement 1 |', decoded='<s> [INST] Statement 1 '
Warning: Decoded text differs from trimmed prompt
  Trimmed prompt length: 387, Decoded text length: 388
[DEBUG] First difference at position 3: prompt='[', decoded=' '
[DEBUG] Context: prompt='<s>[INST] Statement 1 |', decoded='<s> [INST] Statement 1 '
Perplexity: Written 114/85610 entries to perplexity result file (batch 19/14269)
Processing batch 20/14269
Warning: Decoded text differs from trimmed prompt
  Trimmed prompt length: 358, Decoded text length: 359
[DEBUG] First difference at position 3: prompt='[', decoded=' '
[DEBUG] Context: prompt='<s>[INST] Statement 1 |', decoded='<s> [INST] Statement 1 '
[WARNING] in lang en, index 95: No tokens were selected by the answer mask for perplexity calculation, setting perplexity to 1.0.
Warning: Decoded text differs from trimmed prompt
  Trimmed prompt length: 358, Decoded text length: 359
[DEBUG] First difference at position 3: prompt='[', decoded=' '
[DEBUG] Context: prompt='<s>[INST] Statement 1 |', decoded='<s> [INST] Statement 1 '
[WARNING] in lang en, index 95: No tokens were selected by the answer mask for perplexity calculation, setting perplexity to 1.0.
Warning: Decoded text differs from trimmed prompt
  Trimmed prompt length: 279, Decoded text length: 276
[DEBUG] First difference at position 1: prompt='s', decoded='/'
[DEBUG] Context: prompt='<s>[INST] Statement 1', decoded='</s></s></s></s></s><'
Warning: Decoded text differs from trimmed prompt
  Trimmed prompt length: 279, Decoded text length: 276
[DEBUG] First difference at position 1: prompt='s', decoded='/'
[DEBUG] Context: prompt='<s>[INST] Statement 1', decoded='</s></s></s></s></s><'
Warning: Decoded text differs from trimmed prompt
  Trimmed prompt length: 235, Decoded text length: 219
[DEBUG] First difference at position 1: prompt='s', decoded='/'
[DEBUG] Context: prompt='<s>[INST] A lesion ca', decoded='</s></s></s></s></s><'
Warning: Decoded text differs from trimmed prompt
  Trimmed prompt length: 253, Decoded text length: 250
[DEBUG] First difference at position 1: prompt='s', decoded='/'
[DEBUG] Context: prompt='<s>[INST] A lesion ca', decoded='</s></s></s></s></s><'
Perplexity: Written 120/85610 entries to perplexity result file (batch 20/14269)
Processing batch 21/14269
Warning: Decoded text differs from trimmed prompt
  Trimmed prompt length: 331, Decoded text length: 332
[DEBUG] First difference at position 3: prompt='[', decoded=' '
[DEBUG] Context: prompt='<s>[INST] A "dished fac', decoded='<s> [INST] A "dished fa'
Warning: Decoded text differs from trimmed prompt
  Trimmed prompt length: 307, Decoded text length: 309
[DEBUG] First difference at position 1: prompt='s', decoded='/'
[DEBUG] Context: prompt='<s>[INST] A "dished f', decoded='</s></s></s></s></s><'
Warning: Decoded text differs from trimmed prompt
  Trimmed prompt length: 266, Decoded text length: 269
[DEBUG] First difference at position 1: prompt='s', decoded='/'
[DEBUG] Context: prompt='<s>[INST] Which of th', decoded='</s></s></s></s></s><'
[WARNING] in lang en, index 102: No tokens were selected by the answer mask for perplexity calculation, setting perplexity to 1.0.
Warning: Decoded text differs from trimmed prompt
  Trimmed prompt length: 265, Decoded text length: 268
[DEBUG] First difference at position 1: prompt='s', decoded='/'
[DEBUG] Context: prompt='<s>[INST] Which of th', decoded='</s></s></s></s></s><'
[WARNING] in lang en, index 102: No tokens were selected by the answer mask for perplexity calculation, setting perplexity to 1.0.
Warning: Decoded text differs from trimmed prompt
  Trimmed prompt length: 217, Decoded text length: 217
[DEBUG] First difference at position 1: prompt='s', decoded='/'
[DEBUG] Context: prompt='<s>[INST] Which of th', decoded='</s></s></s></s></s><'
[WARNING] in lang en, index 104: No tokens were selected by the answer mask for perplexity calculation, setting perplexity to 1.0.
Warning: Decoded text differs from trimmed prompt
  Trimmed prompt length: 220, Decoded text length: 220
[DEBUG] First difference at position 1: prompt='s', decoded='/'
[DEBUG] Context: prompt='<s>[INST] Which of th', decoded='</s></s></s></s></s><'
[WARNING] in lang en, index 104: No tokens were selected by the answer mask for perplexity calculation, setting perplexity to 1.0.
Perplexity: Written 126/85610 entries to perplexity result file (batch 21/14269)
Processing batch 22/14269
Warning: Decoded text differs from trimmed prompt
  Trimmed prompt length: 505, Decoded text length: 505
[DEBUG] First difference at position 1: prompt='s', decoded='/'
[DEBUG] Context: prompt='<s>[INST] A patient s', decoded='</s></s></s><s> [INST'
[WARNING] in lang en, index 105: No tokens were selected by the answer mask for perplexity calculation, setting perplexity to 1.0.
Warning: Decoded text differs from trimmed prompt
  Trimmed prompt length: 524, Decoded text length: 525
[DEBUG] First difference at position 3: prompt='[', decoded=' '
[DEBUG] Context: prompt='<s>[INST] A patient suf', decoded='<s> [INST] A patient su'
[WARNING] in lang en, index 105: No tokens were selected by the answer mask for perplexity calculation, setting perplexity to 1.0.
Warning: Decoded text differs from trimmed prompt
  Trimmed prompt length: 289, Decoded text length: 284
[DEBUG] First difference at position 1: prompt='s', decoded='/'
[DEBUG] Context: prompt='<s>[INST] Which of th', decoded='</s></s></s></s></s><'
Warning: Decoded text differs from trimmed prompt
  Trimmed prompt length: 292, Decoded text length: 289
[DEBUG] First difference at position 1: prompt='s', decoded='/'
[DEBUG] Context: prompt='<s>[INST] Which of th', decoded='</s></s></s></s></s><'
Warning: Decoded text differs from trimmed prompt
  Trimmed prompt length: 213, Decoded text length: 216
[DEBUG] First difference at position 1: prompt='s', decoded='/'
[DEBUG] Context: prompt='<s>[INST] The palatin', decoded='</s></s></s></s></s><'
Warning: Decoded text differs from trimmed prompt
  Trimmed prompt length: 216, Decoded text length: 216
[DEBUG] First difference at position 1: prompt='s', decoded='/'
[DEBUG] Context: prompt='<s>[INST] The palatin', decoded='</s></s></s></s></s><'
Perplexity: Written 132/85610 entries to perplexity result file (batch 22/14269)
Processing batch 23/14269
Warning: Decoded text differs from trimmed prompt
  Trimmed prompt length: 418, Decoded text length: 384
[DEBUG] First difference at position 1: prompt='s', decoded='/'
[DEBUG] Context: prompt='<s>[INST] Primary mot', decoded='</s></s></s></s></s><'
[WARNING] in lang en, index 109: No tokens were selected by the answer mask for perplexity calculation, setting perplexity to 1.0.
Warning: Decoded text differs from trimmed prompt
  Trimmed prompt length: 422, Decoded text length: 384
[DEBUG] First difference at position 1: prompt='s', decoded='/'
[DEBUG] Context: prompt='<s>[INST] Primary mot', decoded='</s></s></s></s></s><'
[WARNING] in lang en, index 109: No tokens were selected by the answer mask for perplexity calculation, setting perplexity to 1.0.
Warning: Decoded text differs from trimmed prompt
  Trimmed prompt length: 308, Decoded text length: 308
[DEBUG] First difference at position 1: prompt='s', decoded='/'
[DEBUG] Context: prompt='<s>[INST] A patient s', decoded='</s></s></s></s></s><'
Warning: Decoded text differs from trimmed prompt
  Trimmed prompt length: 309, Decoded text length: 302
[DEBUG] First difference at position 1: prompt='s', decoded='/'
[DEBUG] Context: prompt='<s>[INST] A patient s', decoded='</s></s></s></s></s><'
Warning: Decoded text differs from trimmed prompt
  Trimmed prompt length: 532, Decoded text length: 536
[DEBUG] First difference at position 1: prompt='s', decoded='/'
[DEBUG] Context: prompt='<s>[INST] Laryngoscop', decoded='</s></s><s> [INST] La'
Warning: Decoded text differs from trimmed prompt
  Trimmed prompt length: 533, Decoded text length: 534
[DEBUG] First difference at position 3: prompt='[', decoded=' '
[DEBUG] Context: prompt='<s>[INST] Laryngoscopic', decoded='<s> [INST] Laryngoscopi'
Perplexity: Written 138/85610 entries to perplexity result file (batch 23/14269)
Processing batch 24/14269
Warning: Decoded text differs from trimmed prompt
  Trimmed prompt length: 256, Decoded text length: 230
[DEBUG] First difference at position 1: prompt='s', decoded='/'
[DEBUG] Context: prompt='<s>[INST] Which muscl', decoded='</s></s></s></s></s><'
Warning: Decoded text differs from trimmed prompt
  Trimmed prompt length: 256, Decoded text length: 230
[DEBUG] First difference at position 1: prompt='s', decoded='/'
[DEBUG] Context: prompt='<s>[INST] Which muscl', decoded='</s></s></s></s></s><'
Warning: Decoded text differs from trimmed prompt
  Trimmed prompt length: 270, Decoded text length: 271
[DEBUG] First difference at position 1: prompt='s', decoded='/'
[DEBUG] Context: prompt='<s>[INST] Male hormon', decoded='</s><s> [INST] Male h'
Warning: Decoded text differs from trimmed prompt
  Trimmed prompt length: 275, Decoded text length: 276
[DEBUG] First difference at position 3: prompt='[', decoded=' '
[DEBUG] Context: prompt='<s>[INST] Male hormones', decoded='<s> [INST] Male hormone'
Warning: Decoded text differs from trimmed prompt
  Trimmed prompt length: 239, Decoded text length: 238
[DEBUG] First difference at position 1: prompt='s', decoded='/'
[DEBUG] Context: prompt='<s>[INST] Oxygenated ', decoded='</s></s></s></s></s><'
Warning: Decoded text differs from trimmed prompt
  Trimmed prompt length: 229, Decoded text length: 235
[DEBUG] First difference at position 1: prompt='s', decoded='/'
[DEBUG] Context: prompt='<s>[INST] Oxygenated ', decoded='</s></s></s></s></s><'
Perplexity: Written 144/85610 entries to perplexity result file (batch 24/14269)
Processing batch 25/14269
Warning: Decoded text differs from trimmed prompt
  Trimmed prompt length: 262, Decoded text length: 263
[DEBUG] First difference at position 1: prompt='s', decoded='/'
[DEBUG] Context: prompt='<s>[INST] Which of th', decoded='</s><s> [INST] Which '
[WARNING] in lang en, index 119: No tokens were selected by the answer mask for perplexity calculation, setting perplexity to 1.0.
Warning: Decoded text differs from trimmed prompt
  Trimmed prompt length: 263, Decoded text length: 264
[DEBUG] First difference at position 3: prompt='[', decoded=' '
[DEBUG] Context: prompt='<s>[INST] Which of the ', decoded='<s> [INST] Which of the'
[WARNING] in lang en, index 119: No tokens were selected by the answer mask for perplexity calculation, setting perplexity to 1.0.
Warning: Decoded text differs from trimmed prompt
  Trimmed prompt length: 256, Decoded text length: 257
[DEBUG] First difference at position 1: prompt='s', decoded='/'
[DEBUG] Context: prompt='<s>[INST] Where is th', decoded='</s><s> [INST] Where '
Warning: Decoded text differs from trimmed prompt
  Trimmed prompt length: 258, Decoded text length: 259
[DEBUG] First difference at position 3: prompt='[', decoded=' '
[DEBUG] Context: prompt='<s>[INST] Where is the ', decoded='<s> [INST] Where is the'
Warning: Decoded text differs from trimmed prompt
  Trimmed prompt length: 280, Decoded text length: 281
[DEBUG] First difference at position 1: prompt='s', decoded='/'
[DEBUG] Context: prompt='<s>[INST] In relation', decoded='</s></s></s><s> [INST'
[WARNING] in lang en, index 121: No tokens were selected by the answer mask for perplexity calculation, setting perplexity to 1.0.
Warning: Decoded text differs from trimmed prompt
  Trimmed prompt length: 287, Decoded text length: 288
[DEBUG] First difference at position 1: prompt='s', decoded='/'
[DEBUG] Context: prompt='<s>[INST] In relation', decoded='</s><s> [INST] In rel'
Perplexity: Written 150/85610 entries to perplexity result file (batch 25/14269)
Processing batch 26/14269
Warning: Decoded text differs from trimmed prompt
  Trimmed prompt length: 346, Decoded text length: 347
[DEBUG] First difference at position 3: prompt='[', decoded=' '
[DEBUG] Context: prompt='<s>[INST] The regional ', decoded='<s> [INST] The regional'
Warning: Decoded text differs from trimmed prompt
  Trimmed prompt length: 339, Decoded text length: 340
[DEBUG] First difference at position 1: prompt='s', decoded='/'
[DEBUG] Context: prompt='<s>[INST] The regiona', decoded='</s><s> [INST] The re'
Warning: Decoded text differs from trimmed prompt
  Trimmed prompt length: 220, Decoded text length: 230
[DEBUG] First difference at position 1: prompt='s', decoded='/'
[DEBUG] Context: prompt='<s>[INST] Which of th', decoded='</s></s></s></s></s><'
Warning: Decoded text differs from trimmed prompt
  Trimmed prompt length: 222, Decoded text length: 230
[DEBUG] First difference at position 1: prompt='s', decoded='/'
[DEBUG] Context: prompt='<s>[INST] Which of th', decoded='</s></s></s></s></s><'
Warning: Decoded text differs from trimmed prompt
  Trimmed prompt length: 188, Decoded text length: 185
[DEBUG] First difference at position 1: prompt='s', decoded='/'
[DEBUG] Context: prompt='<s>[INST] A pulse may', decoded='</s></s></s></s></s><'
Warning: Decoded text differs from trimmed prompt
  Trimmed prompt length: 187, Decoded text length: 185
[DEBUG] First difference at position 1: prompt='s', decoded='/'
[DEBUG] Context: prompt='<s>[INST] A pulse may', decoded='</s></s></s></s></s><'
Perplexity: Written 156/85610 entries to perplexity result file (batch 26/14269)
Processing batch 27/14269
Warning: Decoded text differs from trimmed prompt
  Trimmed prompt length: 320, Decoded text length: 307
[DEBUG] First difference at position 1: prompt='s', decoded='/'
[DEBUG] Context: prompt='<s>[INST] A patient s', decoded='</s></s></s></s></s><'
[WARNING] in lang en, index 128: No tokens were selected by the answer mask for perplexity calculation, setting perplexity to 1.0.
Warning: Decoded text differs from trimmed prompt
  Trimmed prompt length: 329, Decoded text length: 317
[DEBUG] First difference at position 1: prompt='s', decoded='/'
[DEBUG] Context: prompt='<s>[INST] A patient s', decoded='</s></s></s></s></s><'
[WARNING] in lang en, index 128: No tokens were selected by the answer mask for perplexity calculation, setting perplexity to 1.0.
Warning: Decoded text differs from trimmed prompt
  Trimmed prompt length: 510, Decoded text length: 511
[DEBUG] First difference at position 3: prompt='[', decoded=' '
[DEBUG] Context: prompt='<s>[INST] Which stateme', decoded='<s> [INST] Which statem'
Warning: Decoded text differs from trimmed prompt
  Trimmed prompt length: 527, Decoded text length: 528
[DEBUG] First difference at position 1: prompt='s', decoded='/'
[DEBUG] Context: prompt='<s>[INST] Which state', decoded='</s><s> [INST] Which '
Warning: Decoded text differs from trimmed prompt
  Trimmed prompt length: 216, Decoded text length: 204
[DEBUG] First difference at position 1: prompt='s', decoded='/'
[DEBUG] Context: prompt='<s>[INST] Which of th', decoded='</s></s></s></s></s><'
[WARNING] in lang en, index 130: No tokens were selected by the answer mask for perplexity calculation, setting perplexity to 1.0.
Warning: Decoded text differs from trimmed prompt
  Trimmed prompt length: 218, Decoded text length: 204
[DEBUG] First difference at position 1: prompt='s', decoded='/'
[DEBUG] Context: prompt='<s>[INST] Which of th', decoded='</s></s></s></s></s><'
[WARNING] in lang en, index 130: No tokens were selected by the answer mask for perplexity calculation, setting perplexity to 1.0.
Perplexity: Written 162/85610 entries to perplexity result file (batch 27/14269)
Processing batch 28/14269
Warning: Decoded text differs from trimmed prompt
  Trimmed prompt length: 357, Decoded text length: 358
[DEBUG] First difference at position 3: prompt='[', decoded=' '
[DEBUG] Context: prompt='<s>[INST] Food is preve', decoded='<s> [INST] Food is prev'
[WARNING] in lang en, index 131: No tokens were selected by the answer mask for perplexity calculation, setting perplexity to 1.0.
Warning: Decoded text differs from trimmed prompt
  Trimmed prompt length: 352, Decoded text length: 353
[DEBUG] First difference at position 1: prompt='s', decoded='/'
[DEBUG] Context: prompt='<s>[INST] Food is pre', decoded='</s><s> [INST] Food i'
[WARNING] in lang en, index 131: No tokens were selected by the answer mask for perplexity calculation, setting perplexity to 1.0.
Warning: Decoded text differs from trimmed prompt
  Trimmed prompt length: 225, Decoded text length: 226
[DEBUG] First difference at position 1: prompt='s', decoded='/'
[DEBUG] Context: prompt='<s>[INST] At which of', decoded='</s></s></s></s></s><'
Warning: Decoded text differs from trimmed prompt
  Trimmed prompt length: 226, Decoded text length: 229
[DEBUG] First difference at position 1: prompt='s', decoded='/'
[DEBUG] Context: prompt='<s>[INST] At which of', decoded='</s></s></s></s></s><'
Warning: Decoded text differs from trimmed prompt
  Trimmed prompt length: 290, Decoded text length: 289
[DEBUG] First difference at position 1: prompt='s', decoded='/'
[DEBUG] Context: prompt='<s>[INST] Complete bi', decoded='</s></s></s></s></s><'
Warning: Decoded text differs from trimmed prompt
  Trimmed prompt length: 312, Decoded text length: 310
[DEBUG] First difference at position 1: prompt='s', decoded='/'
[DEBUG] Context: prompt='<s>[INST] Complete bi', decoded='</s></s></s></s></s><'
Perplexity: Written 168/85610 entries to perplexity result file (batch 28/14269)
Processing batch 29/14269
Warning: Decoded text differs from trimmed prompt
  Trimmed prompt length: 364, Decoded text length: 365
[DEBUG] First difference at position 3: prompt='[', decoded=' '
[DEBUG] Context: prompt='<s>[INST] Which of the ', decoded='<s> [INST] Which of the'
[WARNING] in lang en, index 136: No tokens were selected by the answer mask for perplexity calculation, setting perplexity to 1.0.
Warning: Decoded text differs from trimmed prompt
  Trimmed prompt length: 366, Decoded text length: 370
[DEBUG] First difference at position 1: prompt='s', decoded='/'
[DEBUG] Context: prompt='<s>[INST] Which of th', decoded='</s></s><s> [INST] Wh'
[WARNING] in lang en, index 136: No tokens were selected by the answer mask for perplexity calculation, setting perplexity to 1.0.
Warning: Decoded text differs from trimmed prompt
  Trimmed prompt length: 235, Decoded text length: 261
[DEBUG] First difference at position 1: prompt='s', decoded='/'
[DEBUG] Context: prompt='<s>[INST] Which of th', decoded='</s></s></s></s></s><'
Warning: Decoded text differs from trimmed prompt
  Trimmed prompt length: 236, Decoded text length: 252
[DEBUG] First difference at position 1: prompt='s', decoded='/'
[DEBUG] Context: prompt='<s>[INST] Which of th', decoded='</s></s></s></s></s><'
Warning: Decoded text differs from trimmed prompt
  Trimmed prompt length: 211, Decoded text length: 203
[DEBUG] First difference at position 1: prompt='s', decoded='/'
[DEBUG] Context: prompt='<s>[INST] The walls o', decoded='</s></s></s></s></s><'
Warning: Decoded text differs from trimmed prompt
  Trimmed prompt length: 222, Decoded text length: 224
[DEBUG] First difference at position 1: prompt='s', decoded='/'
[DEBUG] Context: prompt='<s>[INST] The walls o', decoded='</s></s></s></s></s><'
Perplexity: Written 174/85610 entries to perplexity result file (batch 29/14269)
Processing batch 30/14269
Warning: Decoded text differs from trimmed prompt
  Trimmed prompt length: 441, Decoded text length: 442
[DEBUG] First difference at position 1: prompt='s', decoded='/'
[DEBUG] Context: prompt='<s>[INST] Which of th', decoded='</s><s> [INST] Which '
Warning: Decoded text differs from trimmed prompt
  Trimmed prompt length: 442, Decoded text length: 443
[DEBUG] First difference at position 3: prompt='[', decoded=' '
[DEBUG] Context: prompt='<s>[INST] Which of the ', decoded='<s> [INST] Which of the'
Warning: Decoded text differs from trimmed prompt
  Trimmed prompt length: 231, Decoded text length: 233
[DEBUG] First difference at position 1: prompt='s', decoded='/'
[DEBUG] Context: prompt='<s>[INST] Which of th', decoded='</s></s></s></s></s><'
Warning: Decoded text differs from trimmed prompt
  Trimmed prompt length: 216, Decoded text length: 216
[DEBUG] First difference at position 1: prompt='s', decoded='/'
[DEBUG] Context: prompt='<s>[INST] Which of th', decoded='</s></s></s></s></s><'
Warning: Decoded text differs from trimmed prompt
  Trimmed prompt length: 262, Decoded text length: 255
[DEBUG] First difference at position 1: prompt='s', decoded='/'
[DEBUG] Context: prompt='<s>[INST] The muscles', decoded='</s></s></s></s></s><'
Warning: Decoded text differs from trimmed prompt
  Trimmed prompt length: 258, Decoded text length: 243
[DEBUG] First difference at position 1: prompt='s', decoded='/'
[DEBUG] Context: prompt='<s>[INST] The muscles', decoded='</s></s></s></s></s><'
Perplexity: Written 180/85610 entries to perplexity result file (batch 30/14269)
Processing batch 31/14269
Warning: Decoded text differs from trimmed prompt
  Trimmed prompt length: 296, Decoded text length: 300
[DEBUG] First difference at position 1: prompt='s', decoded='/'
[DEBUG] Context: prompt='<s>[INST] Which of th', decoded='</s></s></s></s></s><'
[WARNING] in lang en, index 142: No tokens were selected by the answer mask for perplexity calculation, setting perplexity to 1.0.
Warning: Decoded text differs from trimmed prompt
  Trimmed prompt length: 306, Decoded text length: 309
[DEBUG] First difference at position 1: prompt='s', decoded='/'
[DEBUG] Context: prompt='<s>[INST] Which of th', decoded='</s></s></s></s></s><'
[WARNING] in lang en, index 142: No tokens were selected by the answer mask for perplexity calculation, setting perplexity to 1.0.
Warning: Decoded text differs from trimmed prompt
  Trimmed prompt length: 378, Decoded text length: 379
[DEBUG] First difference at position 1: prompt='s', decoded='/'
[DEBUG] Context: prompt='<s>[INST] A successfu', decoded='</s></s></s></s></s><'
Warning: Decoded text differs from trimmed prompt
  Trimmed prompt length: 415, Decoded text length: 416
[DEBUG] First difference at position 3: prompt='[', decoded=' '
[DEBUG] Context: prompt='<s>[INST] A successful ', decoded='<s> [INST] A successful'
Warning: Decoded text differs from trimmed prompt
  Trimmed prompt length: 274, Decoded text length: 294
[DEBUG] First difference at position 1: prompt='s', decoded='/'
[DEBUG] Context: prompt='<s>[INST] The mucosa ', decoded='</s></s></s></s></s><'
Warning: Decoded text differs from trimmed prompt
  Trimmed prompt length: 272, Decoded text length: 295
[DEBUG] First difference at position 1: prompt='s', decoded='/'
[DEBUG] Context: prompt='<s>[INST] The mucosa ', decoded='</s></s></s></s></s><'
Perplexity: Written 186/85610 entries to perplexity result file (batch 31/14269)
Processing batch 32/14269
Warning: Decoded text differs from trimmed prompt
  Trimmed prompt length: 279, Decoded text length: 280
[DEBUG] First difference at position 1: prompt='s', decoded='/'
[DEBUG] Context: prompt='<s>[INST] The bones o', decoded='</s></s></s></s></s><'
Warning: Decoded text differs from trimmed prompt
  Trimmed prompt length: 278, Decoded text length: 269
[DEBUG] First difference at position 1: prompt='s', decoded='/'
[DEBUG] Context: prompt='<s>[INST] The bones o', decoded='</s></s></s></s></s><'
Warning: Decoded text differs from trimmed prompt
  Trimmed prompt length: 373, Decoded text length: 374
[DEBUG] First difference at position 3: prompt='[', decoded=' '
[DEBUG] Context: prompt='<s>[INST] The physician', decoded='<s> [INST] The physicia'
Warning: Decoded text differs from trimmed prompt
  Trimmed prompt length: 368, Decoded text length: 369
[DEBUG] First difference at position 1: prompt='s', decoded='/'
[DEBUG] Context: prompt='<s>[INST] The physici', decoded='</s><s> [INST] The ph'
Warning: Decoded text differs from trimmed prompt
  Trimmed prompt length: 163, Decoded text length: 173
[DEBUG] First difference at position 1: prompt='s', decoded='/'
[DEBUG] Context: prompt='<s>[INST] Which cells', decoded='</s></s></s></s></s><'
Warning: Decoded text differs from trimmed prompt
  Trimmed prompt length: 160, Decoded text length: 164
[DEBUG] First difference at position 1: prompt='s', decoded='/'
[DEBUG] Context: prompt='<s>[INST] Which cells', decoded='</s></s></s></s></s><'
Perplexity: Written 192/85610 entries to perplexity result file (batch 32/14269)
Processing batch 33/14269
Warning: Decoded text differs from trimmed prompt
  Trimmed prompt length: 189, Decoded text length: 181
[DEBUG] First difference at position 1: prompt='s', decoded='/'
[DEBUG] Context: prompt='<s>[INST] The coronal', decoded='</s></s></s></s></s><'
Warning: Decoded text differs from trimmed prompt
  Trimmed prompt length: 192, Decoded text length: 181
[DEBUG] First difference at position 1: prompt='s', decoded='/'
[DEBUG] Context: prompt='<s>[INST] The coronal', decoded='</s></s></s></s></s><'
Warning: Decoded text differs from trimmed prompt
  Trimmed prompt length: 304, Decoded text length: 305
[DEBUG] First difference at position 3: prompt='[', decoded=' '
[DEBUG] Context: prompt='<s>[INST] If you run yo', decoded='<s> [INST] If you run y'
Warning: Decoded text differs from trimmed prompt
  Trimmed prompt length: 305, Decoded text length: 306
[DEBUG] First difference at position 3: prompt='[', decoded=' '
[DEBUG] Context: prompt='<s>[INST] If you run yo', decoded='<s> [INST] If you run y'
Warning: Decoded text differs from trimmed prompt
  Trimmed prompt length: 250, Decoded text length: 263
[DEBUG] First difference at position 1: prompt='s', decoded='/'
[DEBUG] Context: prompt='<s>[INST] Which of th', decoded='</s></s></s></s></s><'
Warning: Decoded text differs from trimmed prompt
  Trimmed prompt length: 252, Decoded text length: 271
[DEBUG] First difference at position 1: prompt='s', decoded='/'
[DEBUG] Context: prompt='<s>[INST] Which of th', decoded='</s></s></s></s></s><'
Perplexity: Written 198/85610 entries to perplexity result file (batch 33/14269)
Processing batch 34/14269
Warning: Decoded text differs from trimmed prompt
  Trimmed prompt length: 403, Decoded text length: 430
[DEBUG] First difference at position 1: prompt='s', decoded='/'
[DEBUG] Context: prompt='<s>[INST] Which seque', decoded='</s></s></s></s></s><'
Warning: Decoded text differs from trimmed prompt
  Trimmed prompt length: 414, Decoded text length: 432
[DEBUG] First difference at position 1: prompt='s', decoded='/'
[DEBUG] Context: prompt='<s>[INST] Which seque', decoded='</s></s></s></s></s><'
Warning: Decoded text differs from trimmed prompt
  Trimmed prompt length: 320, Decoded text length: 321
[DEBUG] First difference at position 1: prompt='s', decoded='/'
[DEBUG] Context: prompt='<s>[INST] The anatomi', decoded='</s></s></s></s></s><'
Warning: Decoded text differs from trimmed prompt
  Trimmed prompt length: 321, Decoded text length: 324
[DEBUG] First difference at position 1: prompt='s', decoded='/'
[DEBUG] Context: prompt='<s>[INST] The anatomi', decoded='</s></s></s></s></s><'
Warning: Decoded text differs from trimmed prompt
  Trimmed prompt length: 443, Decoded text length: 444
[DEBUG] First difference at position 3: prompt='[', decoded=' '
[DEBUG] Context: prompt='<s>[INST] The parotid d', decoded='<s> [INST] The parotid '
Warning: Decoded text differs from trimmed prompt
  Trimmed prompt length: 439, Decoded text length: 443
[DEBUG] First difference at position 1: prompt='s', decoded='/'
[DEBUG] Context: prompt='<s>[INST] The parotid', decoded='</s></s><s> [INST] Th'
Perplexity: Written 204/85610 entries to perplexity result file (batch 34/14269)
Processing batch 35/14269
Warning: Decoded text differs from trimmed prompt
  Trimmed prompt length: 208, Decoded text length: 225
[DEBUG] First difference at position 1: prompt='s', decoded='/'
[DEBUG] Context: prompt='<s>[INST] If the foot', decoded='</s></s></s></s></s><'
Warning: Decoded text differs from trimmed prompt
  Trimmed prompt length: 206, Decoded text length: 225
[DEBUG] First difference at position 1: prompt='s', decoded='/'
[DEBUG] Context: prompt='<s>[INST] If the foot', decoded='</s></s></s></s></s><'
Warning: Decoded text differs from trimmed prompt
  Trimmed prompt length: 221, Decoded text length: 221
[DEBUG] First difference at position 1: prompt='s', decoded='/'
[DEBUG] Context: prompt='<s>[INST] The infraor', decoded='</s></s></s></s></s><'
Warning: Decoded text differs from trimmed prompt
  Trimmed prompt length: 215, Decoded text length: 211
[DEBUG] First difference at position 1: prompt='s', decoded='/'
[DEBUG] Context: prompt='<s>[INST] The infraor', decoded='</s></s></s></s></s><'
Warning: Decoded text differs from trimmed prompt
  Trimmed prompt length: 346, Decoded text length: 347
[DEBUG] First difference at position 3: prompt='[', decoded=' '
[DEBUG] Context: prompt='<s>[INST] Which of the ', decoded='<s> [INST] Which of the'
[WARNING] in lang en, index 157: No tokens were selected by the answer mask for perplexity calculation, setting perplexity to 1.0.
Warning: Decoded text differs from trimmed prompt
  Trimmed prompt length: 348, Decoded text length: 349
[DEBUG] First difference at position 1: prompt='s', decoded='/'
[DEBUG] Context: prompt='<s>[INST] Which of th', decoded='</s><s> [INST] Which '
[WARNING] in lang en, index 157: No tokens were selected by the answer mask for perplexity calculation, setting perplexity to 1.0.
Perplexity: Written 210/85610 entries to perplexity result file (batch 35/14269)
Processing batch 36/14269
Warning: Decoded text differs from trimmed prompt
  Trimmed prompt length: 309, Decoded text length: 315
[DEBUG] First difference at position 1: prompt='s', decoded='/'
[DEBUG] Context: prompt='<s>[INST] Which of th', decoded='</s></s></s></s></s><'
[WARNING] in lang en, index 158: No tokens were selected by the answer mask for perplexity calculation, setting perplexity to 1.0.
Warning: Decoded text differs from trimmed prompt
  Trimmed prompt length: 310, Decoded text length: 316
[DEBUG] First difference at position 1: prompt='s', decoded='/'
[DEBUG] Context: prompt='<s>[INST] Which of th', decoded='</s></s></s></s></s><'
[WARNING] in lang en, index 158: No tokens were selected by the answer mask for perplexity calculation, setting perplexity to 1.0.
Warning: Decoded text differs from trimmed prompt
  Trimmed prompt length: 332, Decoded text length: 333
[DEBUG] First difference at position 1: prompt='s', decoded='/'
[DEBUG] Context: prompt='<s>[INST] Which of th', decoded='</s><s> [INST] Which '
[WARNING] in lang en, index 160: No tokens were selected by the answer mask for perplexity calculation, setting perplexity to 1.0.
Warning: Decoded text differs from trimmed prompt
  Trimmed prompt length: 337, Decoded text length: 338
[DEBUG] First difference at position 3: prompt='[', decoded=' '
[DEBUG] Context: prompt='<s>[INST] Which of the ', decoded='<s> [INST] Which of the'
[WARNING] in lang en, index 160: No tokens were selected by the answer mask for perplexity calculation, setting perplexity to 1.0.
Warning: Decoded text differs from trimmed prompt
  Trimmed prompt length: 274, Decoded text length: 264
[DEBUG] First difference at position 1: prompt='s', decoded='/'
[DEBUG] Context: prompt='<s>[INST] A malignant', decoded='</s></s></s></s></s><'
Warning: Decoded text differs from trimmed prompt
  Trimmed prompt length: 233, Decoded text length: 225
[DEBUG] First difference at position 1: prompt='s', decoded='/'
[DEBUG] Context: prompt='<s>[INST] A malignant', decoded='</s></s></s></s></s><'
Perplexity: Written 216/85610 entries to perplexity result file (batch 36/14269)
Processing batch 37/14269
Warning: Decoded text differs from trimmed prompt
  Trimmed prompt length: 212, Decoded text length: 210
[DEBUG] First difference at position 1: prompt='s', decoded='/'
[DEBUG] Context: prompt='<s>[INST] Blood flows', decoded='</s></s></s></s></s><'
Warning: Decoded text differs from trimmed prompt
  Trimmed prompt length: 209, Decoded text length: 212
[DEBUG] First difference at position 1: prompt='s', decoded='/'
[DEBUG] Context: prompt='<s>[INST] Blood flows', decoded='</s></s></s></s></s><'
Warning: Decoded text differs from trimmed prompt
  Trimmed prompt length: 303, Decoded text length: 302
[DEBUG] First difference at position 1: prompt='s', decoded='/'
[DEBUG] Context: prompt='<s>[INST] A patient i', decoded='</s></s></s></s></s><'
[WARNING] in lang en, index 164: No tokens were selected by the answer mask for perplexity calculation, setting perplexity to 1.0.
Warning: Decoded text differs from trimmed prompt
  Trimmed prompt length: 303, Decoded text length: 302
[DEBUG] First difference at position 1: prompt='s', decoded='/'
[DEBUG] Context: prompt='<s>[INST] A patient i', decoded='</s></s></s></s></s><'
[WARNING] in lang en, index 164: No tokens were selected by the answer mask for perplexity calculation, setting perplexity to 1.0.
Warning: Decoded text differs from trimmed prompt
  Trimmed prompt length: 297, Decoded text length: 298
[DEBUG] First difference at position 1: prompt='s', decoded='/'
[DEBUG] Context: prompt='<s>[INST] The respira', decoded='</s><s> [INST] The re'
[WARNING] in lang en, index 168: No tokens were selected by the answer mask for perplexity calculation, setting perplexity to 1.0.
Warning: Decoded text differs from trimmed prompt
  Trimmed prompt length: 300, Decoded text length: 301
[DEBUG] First difference at position 3: prompt='[', decoded=' '
[DEBUG] Context: prompt='<s>[INST] The respirato', decoded='<s> [INST] The respirat'
[WARNING] in lang en, index 168: No tokens were selected by the answer mask for perplexity calculation, setting perplexity to 1.0.
Perplexity: Written 222/85610 entries to perplexity result file (batch 37/14269)
Processing batch 38/14269
Warning: Decoded text differs from trimmed prompt
  Trimmed prompt length: 528, Decoded text length: 532
[DEBUG] First difference at position 1: prompt='s', decoded='/'
[DEBUG] Context: prompt='<s>[INST] You notice ', decoded='</s></s><s> [INST] Yo'
Warning: Decoded text differs from trimmed prompt
  Trimmed prompt length: 528, Decoded text length: 529
[DEBUG] First difference at position 3: prompt='[', decoded=' '
[DEBUG] Context: prompt='<s>[INST] You notice a ', decoded='<s> [INST] You notice a'
Warning: Decoded text differs from trimmed prompt
  Trimmed prompt length: 436, Decoded text length: 458
[DEBUG] First difference at position 1: prompt='s', decoded='/'
[DEBUG] Context: prompt='<s>[INST] The major c', decoded='</s></s></s></s></s><'
Warning: Decoded text differs from trimmed prompt
  Trimmed prompt length: 428, Decoded text length: 435
[DEBUG] First difference at position 1: prompt='s', decoded='/'
[DEBUG] Context: prompt='<s>[INST] The major c', decoded='</s></s></s></s></s><'
Warning: Decoded text differs from trimmed prompt
  Trimmed prompt length: 216, Decoded text length: 208
[DEBUG] First difference at position 1: prompt='s', decoded='/'
[DEBUG] Context: prompt='<s>[INST] Which of th', decoded='</s></s></s></s></s><'
Warning: Decoded text differs from trimmed prompt
  Trimmed prompt length: 218, Decoded text length: 216
[DEBUG] First difference at position 1: prompt='s', decoded='/'
[DEBUG] Context: prompt='<s>[INST] Which of th', decoded='</s></s></s></s></s><'
Perplexity: Written 228/85610 entries to perplexity result file (batch 38/14269)
Processing batch 39/14269
Warning: Decoded text differs from trimmed prompt
  Trimmed prompt length: 255, Decoded text length: 252
[DEBUG] First difference at position 1: prompt='s', decoded='/'
[DEBUG] Context: prompt='<s>[INST] In the spin', decoded='</s></s></s></s></s><'
Warning: Decoded text differs from trimmed prompt
  Trimmed prompt length: 254, Decoded text length: 252
[DEBUG] First difference at position 1: prompt='s', decoded='/'
[DEBUG] Context: prompt='<s>[INST] In the spin', decoded='</s></s></s></s></s><'
Warning: Decoded text differs from trimmed prompt
  Trimmed prompt length: 1020, Decoded text length: 1021
[DEBUG] First difference at position 1: prompt='s', decoded='/'
[DEBUG] Context: prompt='<s>[INST] When you ex', decoded='</s></s></s><s> [INST'
[WARNING] in lang en, index 173: No tokens were selected by the answer mask for perplexity calculation, setting perplexity to 1.0.
Warning: Decoded text differs from trimmed prompt
  Trimmed prompt length: 1030, Decoded text length: 1031
[DEBUG] First difference at position 3: prompt='[', decoded=' '
[DEBUG] Context: prompt='<s>[INST] When you exam', decoded='<s> [INST] When you exa'
[WARNING] in lang en, index 173: No tokens were selected by the answer mask for perplexity calculation, setting perplexity to 1.0.
Warning: Decoded text differs from trimmed prompt
  Trimmed prompt length: 517, Decoded text length: 516
[DEBUG] First difference at position 1: prompt='s', decoded='/'
[DEBUG] Context: prompt='<s>[INST] Examination', decoded='</s></s></s></s></s><'
Warning: Decoded text differs from trimmed prompt
  Trimmed prompt length: 519, Decoded text length: 520
[DEBUG] First difference at position 1: prompt='s', decoded='/'
[DEBUG] Context: prompt='<s>[INST] Examination', decoded='</s></s></s></s></s><'
Perplexity: Written 234/85610 entries to perplexity result file (batch 39/14269)
Processing batch 40/14269
Warning: Decoded text differs from trimmed prompt
  Trimmed prompt length: 474, Decoded text length: 465
[DEBUG] First difference at position 1: prompt='s', decoded='/'
[DEBUG] Context: prompt='<s>[INST] A patient c', decoded='</s></s></s></s></s><'
Warning: Decoded text differs from trimmed prompt
  Trimmed prompt length: 478, Decoded text length: 466
[DEBUG] First difference at position 1: prompt='s', decoded='/'
[DEBUG] Context: prompt='<s>[INST] A patient c', decoded='</s></s></s></s></s><'
Warning: Decoded text differs from trimmed prompt
  Trimmed prompt length: 297, Decoded text length: 286
[DEBUG] First difference at position 1: prompt='s', decoded='/'
[DEBUG] Context: prompt='<s>[INST] A patient s', decoded='</s></s></s></s></s><'
Warning: Decoded text differs from trimmed prompt
  Trimmed prompt length: 297, Decoded text length: 286
[DEBUG] First difference at position 1: prompt='s', decoded='/'
[DEBUG] Context: prompt='<s>[INST] A patient s', decoded='</s></s></s></s></s><'
Warning: Decoded text differs from trimmed prompt
  Trimmed prompt length: 611, Decoded text length: 612
[DEBUG] First difference at position 3: prompt='[', decoded=' '
[DEBUG] Context: prompt='<s>[INST] The crown of ', decoded='<s> [INST] The crown of'
[WARNING] in lang en, index 177: No tokens were selected by the answer mask for perplexity calculation, setting perplexity to 1.0.
Warning: Decoded text differs from trimmed prompt
  Trimmed prompt length: 610, Decoded text length: 611
[DEBUG] First difference at position 3: prompt='[', decoded=' '
[DEBUG] Context: prompt='<s>[INST] The crown of ', decoded='<s> [INST] The crown of'
[WARNING] in lang en, index 177: No tokens were selected by the answer mask for perplexity calculation, setting perplexity to 1.0.
Perplexity: Written 240/85610 entries to perplexity result file (batch 40/14269)
Processing batch 41/14269
Warning: Decoded text differs from trimmed prompt
  Trimmed prompt length: 239, Decoded text length: 254
[DEBUG] First difference at position 1: prompt='s', decoded='/'
[DEBUG] Context: prompt='<s>[INST] Calcium, po', decoded='</s></s></s></s></s><'
Warning: Decoded text differs from trimmed prompt
  Trimmed prompt length: 236, Decoded text length: 254
[DEBUG] First difference at position 1: prompt='s', decoded='/'
[DEBUG] Context: prompt='<s>[INST] Calcium, po', decoded='</s></s></s></s></s><'
Warning: Decoded text differs from trimmed prompt
  Trimmed prompt length: 338, Decoded text length: 339
[DEBUG] First difference at position 3: prompt='[', decoded=' '
[DEBUG] Context: prompt='<s>[INST] Noradrenaline', decoded='<s> [INST] Noradrenalin'
Warning: Decoded text differs from trimmed prompt
  Trimmed prompt length: 333, Decoded text length: 334
[DEBUG] First difference at position 3: prompt='[', decoded=' '
[DEBUG] Context: prompt='<s>[INST] Noradrenaline', decoded='<s> [INST] Noradrenalin'
Warning: Decoded text differs from trimmed prompt
  Trimmed prompt length: 305, Decoded text length: 305
[DEBUG] First difference at position 1: prompt='s', decoded='/'
[DEBUG] Context: prompt='<s>[INST] Which of th', decoded='</s></s></s></s></s><'
Warning: Decoded text differs from trimmed prompt
  Trimmed prompt length: 307, Decoded text length: 308
[DEBUG] First difference at position 1: prompt='s', decoded='/'
[DEBUG] Context: prompt='<s>[INST] Which of th', decoded='</s></s></s></s></s><'
Perplexity: Written 246/85610 entries to perplexity result file (batch 41/14269)
Processing batch 42/14269
Warning: Decoded text differs from trimmed prompt
  Trimmed prompt length: 395, Decoded text length: 396
[DEBUG] First difference at position 1: prompt='s', decoded='/'
[DEBUG] Context: prompt='<s>[INST] When an eme', decoded='</s><s> [INST] When a'
Warning: Decoded text differs from trimmed prompt
  Trimmed prompt length: 395, Decoded text length: 396
[DEBUG] First difference at position 3: prompt='[', decoded=' '
[DEBUG] Context: prompt='<s>[INST] When an emerg', decoded='<s> [INST] When an emer'
Warning: Decoded text differs from trimmed prompt
  Trimmed prompt length: 188, Decoded text length: 182
[DEBUG] First difference at position 1: prompt='s', decoded='/'
[DEBUG] Context: prompt='<s>[INST] Cerebrospin', decoded='</s></s></s></s></s><'
Warning: Decoded text differs from trimmed prompt
  Trimmed prompt length: 191, Decoded text length: 174
[DEBUG] First difference at position 1: prompt='s', decoded='/'
[DEBUG] Context: prompt='<s>[INST] Cerebrospin', decoded='</s></s></s></s></s><'
Warning: Decoded text differs from trimmed prompt
  Trimmed prompt length: 289, Decoded text length: 300
[DEBUG] First difference at position 1: prompt='s', decoded='/'
[DEBUG] Context: prompt='<s>[INST] Which of th', decoded='</s></s></s></s></s><'
[WARNING] in lang en, index 183: No tokens were selected by the answer mask for perplexity calculation, setting perplexity to 1.0.
Warning: Decoded text differs from trimmed prompt
  Trimmed prompt length: 285, Decoded text length: 290
[DEBUG] First difference at position 1: prompt='s', decoded='/'
[DEBUG] Context: prompt='<s>[INST] Which of th', decoded='</s></s></s></s></s><'
[WARNING] in lang en, index 183: No tokens were selected by the answer mask for perplexity calculation, setting perplexity to 1.0.
Perplexity: Written 252/85610 entries to perplexity result file (batch 42/14269)
Processing batch 43/14269
Warning: Decoded text differs from trimmed prompt
  Trimmed prompt length: 243, Decoded text length: 247
[DEBUG] First difference at position 1: prompt='s', decoded='/'
[DEBUG] Context: prompt='<s>[INST] Which orbit', decoded='</s></s><s> [INST] Wh'
[WARNING] in lang en, index 184: No tokens were selected by the answer mask for perplexity calculation, setting perplexity to 1.0.
Warning: Decoded text differs from trimmed prompt
  Trimmed prompt length: 250, Decoded text length: 251
[DEBUG] First difference at position 3: prompt='[', decoded=' '
[DEBUG] Context: prompt='<s>[INST] Which orbital', decoded='<s> [INST] Which orbita'
[WARNING] in lang en, index 184: No tokens were selected by the answer mask for perplexity calculation, setting perplexity to 1.0.
Warning: Decoded text differs from trimmed prompt
  Trimmed prompt length: 189, Decoded text length: 175
[DEBUG] First difference at position 1: prompt='s', decoded='/'
[DEBUG] Context: prompt='<s>[INST] Which of th', decoded='</s></s></s></s></s><'
[WARNING] in lang en, index 189: No tokens were selected by the answer mask for perplexity calculation, setting perplexity to 1.0.
Warning: Decoded text differs from trimmed prompt
  Trimmed prompt length: 188, Decoded text length: 180
[DEBUG] First difference at position 1: prompt='s', decoded='/'
[DEBUG] Context: prompt='<s>[INST] Which of th', decoded='</s></s></s></s></s><'
[WARNING] in lang en, index 189: No tokens were selected by the answer mask for perplexity calculation, setting perplexity to 1.0.
Warning: Decoded text differs from trimmed prompt
  Trimmed prompt length: 241, Decoded text length: 228
[DEBUG] First difference at position 1: prompt='s', decoded='/'
[DEBUG] Context: prompt='<s>[INST] Palatine sh', decoded='</s></s></s></s></s><'
[WARNING] in lang en, index 190: No tokens were selected by the answer mask for perplexity calculation, setting perplexity to 1.0.
Warning: Decoded text differs from trimmed prompt
  Trimmed prompt length: 224, Decoded text length: 220
[DEBUG] First difference at position 1: prompt='s', decoded='/'
[DEBUG] Context: prompt='<s>[INST] Palatine sh', decoded='</s></s></s></s></s><'
[WARNING] in lang en, index 190: No tokens were selected by the answer mask for perplexity calculation, setting perplexity to 1.0.
Perplexity: Written 258/85610 entries to perplexity result file (batch 43/14269)
Processing batch 44/14269
Warning: Decoded text differs from trimmed prompt
  Trimmed prompt length: 447, Decoded text length: 439
[DEBUG] First difference at position 1: prompt='s', decoded='/'
[DEBUG] Context: prompt='<s>[INST] On which su', decoded='</s></s></s></s></s><'
Warning: Decoded text differs from trimmed prompt
  Trimmed prompt length: 447, Decoded text length: 437
[DEBUG] First difference at position 1: prompt='s', decoded='/'
[DEBUG] Context: prompt='<s>[INST] On which su', decoded='</s></s></s></s></s><'
Warning: Decoded text differs from trimmed prompt
  Trimmed prompt length: 639, Decoded text length: 640
[DEBUG] First difference at position 3: prompt='[', decoded=' '
[DEBUG] Context: prompt='<s>[INST] Laryngeal oed', decoded='<s> [INST] Laryngeal oe'
[WARNING] in lang en, index 192: No tokens were selected by the answer mask for perplexity calculation, setting perplexity to 1.0.
Warning: Decoded text differs from trimmed prompt
  Trimmed prompt length: 624, Decoded text length: 628
[DEBUG] First difference at position 1: prompt='s', decoded='/'
[DEBUG] Context: prompt='<s>[INST] Laryngeal o', decoded='</s></s><s> [INST] La'
[WARNING] in lang en, index 192: No tokens were selected by the answer mask for perplexity calculation, setting perplexity to 1.0.
Warning: Decoded text differs from trimmed prompt
  Trimmed prompt length: 204, Decoded text length: 212
[DEBUG] First difference at position 1: prompt='s', decoded='/'
[DEBUG] Context: prompt='<s>[INST] The coronar', decoded='</s></s></s></s></s><'
Warning: Decoded text differs from trimmed prompt
  Trimmed prompt length: 206, Decoded text length: 216
[DEBUG] First difference at position 1: prompt='s', decoded='/'
[DEBUG] Context: prompt='<s>[INST] The coronar', decoded='</s></s></s></s></s><'
Perplexity: Written 264/85610 entries to perplexity result file (batch 44/14269)
Processing batch 45/14269
Warning: Decoded text differs from trimmed prompt
  Trimmed prompt length: 280, Decoded text length: 285
[DEBUG] First difference at position 1: prompt='s', decoded='/'
[DEBUG] Context: prompt='<s>[INST] Which muscl', decoded='</s></s></s></s></s><'
Warning: Decoded text differs from trimmed prompt
  Trimmed prompt length: 281, Decoded text length: 285
[DEBUG] First difference at position 1: prompt='s', decoded='/'
[DEBUG] Context: prompt='<s>[INST] Which muscl', decoded='</s></s></s></s></s><'
Warning: Decoded text differs from trimmed prompt
  Trimmed prompt length: 323, Decoded text length: 320
[DEBUG] First difference at position 1: prompt='s', decoded='/'
[DEBUG] Context: prompt='<s>[INST] The phrenic', decoded='</s></s></s></s></s><'
Warning: Decoded text differs from trimmed prompt
  Trimmed prompt length: 345, Decoded text length: 349
[DEBUG] First difference at position 1: prompt='s', decoded='/'
[DEBUG] Context: prompt='<s>[INST] The phrenic', decoded='</s></s><s> [INST] Th'
Warning: Decoded text differs from trimmed prompt
  Trimmed prompt length: 410, Decoded text length: 411
[DEBUG] First difference at position 3: prompt='[', decoded=' '
[DEBUG] Context: prompt='<s>[INST] In a patient ', decoded='<s> [INST] In a patient'
Warning: Decoded text differs from trimmed prompt
  Trimmed prompt length: 397, Decoded text length: 401
[DEBUG] First difference at position 1: prompt='s', decoded='/'
[DEBUG] Context: prompt='<s>[INST] In a patien', decoded='</s></s><s> [INST] In'
[WARNING] in lang en, index 197: No tokens were selected by the answer mask for perplexity calculation, setting perplexity to 1.0.
Perplexity: Written 270/85610 entries to perplexity result file (batch 45/14269)
Processing batch 46/14269
Warning: Decoded text differs from trimmed prompt
  Trimmed prompt length: 264, Decoded text length: 246
[DEBUG] First difference at position 1: prompt='s', decoded='/'
[DEBUG] Context: prompt='<s>[INST] Macrostomia', decoded='</s></s></s></s></s><'
Warning: Decoded text differs from trimmed prompt
  Trimmed prompt length: 265, Decoded text length: 246
[DEBUG] First difference at position 1: prompt='s', decoded='/'
[DEBUG] Context: prompt='<s>[INST] Macrostomia', decoded='</s></s></s></s></s><'
Warning: Decoded text differs from trimmed prompt
  Trimmed prompt length: 307, Decoded text length: 308
[DEBUG] First difference at position 3: prompt='[', decoded=' '
[DEBUG] Context: prompt='<s>[INST] You suspect t', decoded='<s> [INST] You suspect '
Warning: Decoded text differs from trimmed prompt
  Trimmed prompt length: 316, Decoded text length: 306
[DEBUG] First difference at position 1: prompt='s', decoded='/'
[DEBUG] Context: prompt='<s>[INST] You suspect', decoded='</s></s></s></s><s> ['
Warning: Decoded text differs from trimmed prompt
  Trimmed prompt length: 177, Decoded text length: 174
[DEBUG] First difference at position 1: prompt='s', decoded='/'
[DEBUG] Context: prompt='<s>[INST] Osteoclasts', decoded='</s></s></s></s></s><'
Warning: Decoded text differs from trimmed prompt
  Trimmed prompt length: 197, Decoded text length: 219
[DEBUG] First difference at position 1: prompt='s', decoded='/'
[DEBUG] Context: prompt='<s>[INST] Osteoclasts', decoded='</s></s></s></s></s><'
Perplexity: Written 276/85610 entries to perplexity result file (batch 46/14269)
Processing batch 47/14269
Warning: Decoded text differs from trimmed prompt
  Trimmed prompt length: 503, Decoded text length: 507
[DEBUG] First difference at position 1: prompt='s', decoded='/'
[DEBUG] Context: prompt='<s>[INST] The lateral', decoded='</s></s></s></s></s><'
Warning: Decoded text differs from trimmed prompt
  Trimmed prompt length: 502, Decoded text length: 503
[DEBUG] First difference at position 1: prompt='s', decoded='/'
[DEBUG] Context: prompt='<s>[INST] The lateral', decoded='</s></s></s></s></s><'
Warning: Decoded text differs from trimmed prompt
  Trimmed prompt length: 250, Decoded text length: 284
[DEBUG] First difference at position 1: prompt='s', decoded='/'
[DEBUG] Context: prompt='<s>[INST] In the fetu', decoded='</s></s></s></s></s><'
Warning: Decoded text differs from trimmed prompt
  Trimmed prompt length: 250, Decoded text length: 284
[DEBUG] First difference at position 1: prompt='s', decoded='/'
[DEBUG] Context: prompt='<s>[INST] In the fetu', decoded='</s></s></s></s></s><'
Warning: Decoded text differs from trimmed prompt
  Trimmed prompt length: 594, Decoded text length: 595
[DEBUG] First difference at position 1: prompt='s', decoded='/'
[DEBUG] Context: prompt='<s>[INST] The mucosa ', decoded='</s><s> [INST] The mu'
[WARNING] in lang en, index 204: No tokens were selected by the answer mask for perplexity calculation, setting perplexity to 1.0.
Warning: Decoded text differs from trimmed prompt
  Trimmed prompt length: 597, Decoded text length: 598
[DEBUG] First difference at position 3: prompt='[', decoded=' '
[DEBUG] Context: prompt='<s>[INST] The mucosa of', decoded='<s> [INST] The mucosa o'
[WARNING] in lang en, index 204: No tokens were selected by the answer mask for perplexity calculation, setting perplexity to 1.0.
Perplexity: Written 282/85610 entries to perplexity result file (batch 47/14269)
Processing batch 48/14269
Warning: Decoded text differs from trimmed prompt
  Trimmed prompt length: 272, Decoded text length: 286
[DEBUG] First difference at position 1: prompt='s', decoded='/'
[DEBUG] Context: prompt='<s>[INST] The head of', decoded='</s></s></s></s></s><'
Warning: Decoded text differs from trimmed prompt
  Trimmed prompt length: 233, Decoded text length: 235
[DEBUG] First difference at position 1: prompt='s', decoded='/'
[DEBUG] Context: prompt='<s>[INST] The head of', decoded='</s></s></s></s></s><'
Warning: Decoded text differs from trimmed prompt
  Trimmed prompt length: 315, Decoded text length: 316
[DEBUG] First difference at position 1: prompt='s', decoded='/'
[DEBUG] Context: prompt='<s>[INST] Which of th', decoded='</s><s> [INST] Which '
[WARNING] in lang en, index 206: No tokens were selected by the answer mask for perplexity calculation, setting perplexity to 1.0.
Warning: Decoded text differs from trimmed prompt
  Trimmed prompt length: 317, Decoded text length: 318
[DEBUG] First difference at position 3: prompt='[', decoded=' '
[DEBUG] Context: prompt='<s>[INST] Which of the ', decoded='<s> [INST] Which of the'
[WARNING] in lang en, index 206: No tokens were selected by the answer mask for perplexity calculation, setting perplexity to 1.0.
Warning: Decoded text differs from trimmed prompt
  Trimmed prompt length: 316, Decoded text length: 302
[DEBUG] First difference at position 1: prompt='s', decoded='/'
[DEBUG] Context: prompt='<s>[INST] The thoraci', decoded='</s></s></s></s></s><'
Warning: Decoded text differs from trimmed prompt
  Trimmed prompt length: 317, Decoded text length: 303
[DEBUG] First difference at position 1: prompt='s', decoded='/'
[DEBUG] Context: prompt='<s>[INST] The thoraci', decoded='</s></s></s></s></s><'
Perplexity: Written 288/85610 entries to perplexity result file (batch 48/14269)
Processing batch 49/14269
Warning: Decoded text differs from trimmed prompt
  Trimmed prompt length: 358, Decoded text length: 362
[DEBUG] First difference at position 1: prompt='s', decoded='/'
[DEBUG] Context: prompt='<s>[INST] A patient i', decoded='</s></s><s> [INST] A '
[WARNING] in lang en, index 209: No tokens were selected by the answer mask for perplexity calculation, setting perplexity to 1.0.
Warning: Decoded text differs from trimmed prompt
  Trimmed prompt length: 356, Decoded text length: 357
[DEBUG] First difference at position 3: prompt='[', decoded=' '
[DEBUG] Context: prompt='<s>[INST] A patient is ', decoded='<s> [INST] A patient is'
[WARNING] in lang en, index 209: No tokens were selected by the answer mask for perplexity calculation, setting perplexity to 1.0.
Warning: Decoded text differs from trimmed prompt
  Trimmed prompt length: 318, Decoded text length: 323
[DEBUG] First difference at position 1: prompt='s', decoded='/'
[DEBUG] Context: prompt='<s>[INST] A successfu', decoded='</s></s></s></s></s><'
Warning: Decoded text differs from trimmed prompt
  Trimmed prompt length: 340, Decoded text length: 345
[DEBUG] First difference at position 1: prompt='s', decoded='/'
[DEBUG] Context: prompt='<s>[INST] A successfu', decoded='</s></s></s></s><s> ['
Warning: Decoded text differs from trimmed prompt
  Trimmed prompt length: 258, Decoded text length: 285
[DEBUG] First difference at position 1: prompt='s', decoded='/'
[DEBUG] Context: prompt='<s>[INST] Which of th', decoded='</s></s></s></s></s><'
Warning: Decoded text differs from trimmed prompt
  Trimmed prompt length: 278, Decoded text length: 288
[DEBUG] First difference at position 1: prompt='s', decoded='/'
[DEBUG] Context: prompt='<s>[INST] Which of th', decoded='</s></s></s></s></s><'
Perplexity: Written 294/85610 entries to perplexity result file (batch 49/14269)
Processing batch 50/14269
Warning: Decoded text differs from trimmed prompt
  Trimmed prompt length: 226, Decoded text length: 226
[DEBUG] First difference at position 1: prompt='s', decoded='/'
[DEBUG] Context: prompt='<s>[INST] Which of th', decoded='</s></s></s></s></s><'
[WARNING] in lang en, index 212: No tokens were selected by the answer mask for perplexity calculation, setting perplexity to 1.0.
Warning: Decoded text differs from trimmed prompt
  Trimmed prompt length: 224, Decoded text length: 226
[DEBUG] First difference at position 1: prompt='s', decoded='/'
[DEBUG] Context: prompt='<s>[INST] Which of th', decoded='</s></s></s></s></s><'
[WARNING] in lang en, index 212: No tokens were selected by the answer mask for perplexity calculation, setting perplexity to 1.0.
Warning: Decoded text differs from trimmed prompt
  Trimmed prompt length: 201, Decoded text length: 189
[DEBUG] First difference at position 1: prompt='s', decoded='/'
[DEBUG] Context: prompt='<s>[INST] Which of th', decoded='</s></s></s></s></s><'
Warning: Decoded text differs from trimmed prompt
  Trimmed prompt length: 201, Decoded text length: 189
[DEBUG] First difference at position 1: prompt='s', decoded='/'
[DEBUG] Context: prompt='<s>[INST] Which of th', decoded='</s></s></s></s></s><'
Warning: Decoded text differs from trimmed prompt
  Trimmed prompt length: 311, Decoded text length: 315
[DEBUG] First difference at position 1: prompt='s', decoded='/'
[DEBUG] Context: prompt='<s>[INST] A patient h', decoded='</s></s><s> [INST] A '
[WARNING] in lang en, index 214: No tokens were selected by the answer mask for perplexity calculation, setting perplexity to 1.0.
Warning: Decoded text differs from trimmed prompt
  Trimmed prompt length: 312, Decoded text length: 313
[DEBUG] First difference at position 3: prompt='[', decoded=' '
[DEBUG] Context: prompt='<s>[INST] A patient has', decoded='<s> [INST] A patient ha'
[WARNING] in lang en, index 214: No tokens were selected by the answer mask for perplexity calculation, setting perplexity to 1.0.
Perplexity: Written 300/85610 entries to perplexity result file (batch 50/14269)
Processing batch 51/14269
Warning: Decoded text differs from trimmed prompt
  Trimmed prompt length: 264, Decoded text length: 274
[DEBUG] First difference at position 1: prompt='s', decoded='/'
[DEBUG] Context: prompt='<s>[INST] Fertilizati', decoded='</s></s></s></s></s><'
[WARNING] in lang en, index 215: No tokens were selected by the answer mask for perplexity calculation, setting perplexity to 1.0.
Warning: Decoded text differs from trimmed prompt
  Trimmed prompt length: 255, Decoded text length: 273
[DEBUG] First difference at position 1: prompt='s', decoded='/'
[DEBUG] Context: prompt='<s>[INST] Fertilizati', decoded='</s></s></s></s></s><'
[WARNING] in lang en, index 215: No tokens were selected by the answer mask for perplexity calculation, setting perplexity to 1.0.
Warning: Decoded text differs from trimmed prompt
  Trimmed prompt length: 328, Decoded text length: 329
[DEBUG] First difference at position 1: prompt='s', decoded='/'
[DEBUG] Context: prompt='<s>[INST] In men, whi', decoded='</s><s> [INST] In men'
[WARNING] in lang en, index 217: No tokens were selected by the answer mask for perplexity calculation, setting perplexity to 1.0.
Warning: Decoded text differs from trimmed prompt
  Trimmed prompt length: 327, Decoded text length: 328
[DEBUG] First difference at position 3: prompt='[', decoded=' '
[DEBUG] Context: prompt='<s>[INST] In men, which', decoded='<s> [INST] In men, whic'
[WARNING] in lang en, index 217: No tokens were selected by the answer mask for perplexity calculation, setting perplexity to 1.0.
Warning: Decoded text differs from trimmed prompt
  Trimmed prompt length: 305, Decoded text length: 313
[DEBUG] First difference at position 1: prompt='s', decoded='/'
[DEBUG] Context: prompt='<s>[INST] During an i', decoded='</s></s></s></s></s><'
Warning: Decoded text differs from trimmed prompt
  Trimmed prompt length: 289, Decoded text length: 299
[DEBUG] First difference at position 1: prompt='s', decoded='/'
[DEBUG] Context: prompt='<s>[INST] During an i', decoded='</s></s></s></s></s><'
Perplexity: Written 306/85610 entries to perplexity result file (batch 51/14269)
Processing batch 52/14269
Warning: Decoded text differs from trimmed prompt
  Trimmed prompt length: 323, Decoded text length: 324
[DEBUG] First difference at position 3: prompt='[', decoded=' '
[DEBUG] Context: prompt='<s>[INST] Patients with', decoded='<s> [INST] Patients wit'
Warning: Decoded text differs from trimmed prompt
  Trimmed prompt length: 321, Decoded text length: 325
[DEBUG] First difference at position 1: prompt='s', decoded='/'
[DEBUG] Context: prompt='<s>[INST] Patients wi', decoded='</s></s><s> [INST] Pa'
Warning: Decoded text differs from trimmed prompt
  Trimmed prompt length: 238, Decoded text length: 248
[DEBUG] First difference at position 1: prompt='s', decoded='/'
[DEBUG] Context: prompt='<s>[INST] Parasympath', decoded='</s></s></s></s></s><'
Warning: Decoded text differs from trimmed prompt
  Trimmed prompt length: 240, Decoded text length: 249
[DEBUG] First difference at position 1: prompt='s', decoded='/'
[DEBUG] Context: prompt='<s>[INST] Parasympath', decoded='</s></s></s></s></s><'
Warning: Decoded text differs from trimmed prompt
  Trimmed prompt length: 259, Decoded text length: 264
[DEBUG] First difference at position 1: prompt='s', decoded='/'
[DEBUG] Context: prompt='<s>[INST] Which of th', decoded='</s></s></s></s></s><'
[WARNING] in lang en, index 226: No tokens were selected by the answer mask for perplexity calculation, setting perplexity to 1.0.
Warning: Decoded text differs from trimmed prompt
  Trimmed prompt length: 259, Decoded text length: 264
[DEBUG] First difference at position 1: prompt='s', decoded='/'
[DEBUG] Context: prompt='<s>[INST] Which of th', decoded='</s></s></s></s></s><'
[WARNING] in lang en, index 226: No tokens were selected by the answer mask for perplexity calculation, setting perplexity to 1.0.
Perplexity: Written 312/85610 entries to perplexity result file (batch 52/14269)
Processing batch 53/14269
Warning: Decoded text differs from trimmed prompt
  Trimmed prompt length: 351, Decoded text length: 352
[DEBUG] First difference at position 3: prompt='[', decoded=' '
[DEBUG] Context: prompt='<s>[INST] Where are the', decoded='<s> [INST] Where are th'
Warning: Decoded text differs from trimmed prompt
  Trimmed prompt length: 344, Decoded text length: 343
[DEBUG] First difference at position 1: prompt='s', decoded='/'
[DEBUG] Context: prompt='<s>[INST] Where are t', decoded='</s></s></s><s> [INST'
Warning: Decoded text differs from trimmed prompt
  Trimmed prompt length: 187, Decoded text length: 179
[DEBUG] First difference at position 1: prompt='s', decoded='/'
[DEBUG] Context: prompt='<s>[INST] Saliva cont', decoded='</s></s></s></s></s><'
[WARNING] in lang en, index 228: No tokens were selected by the answer mask for perplexity calculation, setting perplexity to 1.0.
Warning: Decoded text differs from trimmed prompt
  Trimmed prompt length: 187, Decoded text length: 179
[DEBUG] First difference at position 1: prompt='s', decoded='/'
[DEBUG] Context: prompt='<s>[INST] Saliva cont', decoded='</s></s></s></s></s><'
[WARNING] in lang en, index 228: No tokens were selected by the answer mask for perplexity calculation, setting perplexity to 1.0.
Warning: Decoded text differs from trimmed prompt
  Trimmed prompt length: 300, Decoded text length: 293
[DEBUG] First difference at position 1: prompt='s', decoded='/'
[DEBUG] Context: prompt='<s>[INST] The dorsal ', decoded='</s></s></s></s></s><'
Warning: Decoded text differs from trimmed prompt
  Trimmed prompt length: 314, Decoded text length: 316
[DEBUG] First difference at position 1: prompt='s', decoded='/'
[DEBUG] Context: prompt='<s>[INST] The dorsal ', decoded='</s></s></s></s></s><'
Perplexity: Written 318/85610 entries to perplexity result file (batch 53/14269)
Processing batch 54/14269
Warning: Decoded text differs from trimmed prompt
  Trimmed prompt length: 181, Decoded text length: 184
[DEBUG] First difference at position 1: prompt='s', decoded='/'
[DEBUG] Context: prompt='<s>[INST] Which of th', decoded='</s></s></s></s></s><'
Warning: Decoded text differs from trimmed prompt
  Trimmed prompt length: 179, Decoded text length: 180
[DEBUG] First difference at position 1: prompt='s', decoded='/'
[DEBUG] Context: prompt='<s>[INST] Which of th', decoded='</s></s></s></s></s><'
Warning: Decoded text differs from trimmed prompt
  Trimmed prompt length: 475, Decoded text length: 476
[DEBUG] First difference at position 3: prompt='[', decoded=' '
[DEBUG] Context: prompt='<s>[INST] Loss of somat', decoded='<s> [INST] Loss of soma'
[WARNING] in lang en, index 232: No tokens were selected by the answer mask for perplexity calculation, setting perplexity to 1.0.
Warning: Decoded text differs from trimmed prompt
  Trimmed prompt length: 467, Decoded text length: 471
[DEBUG] First difference at position 1: prompt='s', decoded='/'
[DEBUG] Context: prompt='<s>[INST] Loss of som', decoded='</s></s><s> [INST] Lo'
[WARNING] in lang en, index 232: No tokens were selected by the answer mask for perplexity calculation, setting perplexity to 1.0.
Warning: Decoded text differs from trimmed prompt
  Trimmed prompt length: 220, Decoded text length: 216
[DEBUG] First difference at position 1: prompt='s', decoded='/'
[DEBUG] Context: prompt='<s>[INST] In men, spe', decoded='</s></s></s></s></s><'
Warning: Decoded text differs from trimmed prompt
  Trimmed prompt length: 221, Decoded text length: 208
[DEBUG] First difference at position 1: prompt='s', decoded='/'
[DEBUG] Context: prompt='<s>[INST] In men, spe', decoded='</s></s></s></s></s><'
[WARNING] in lang en, index 233: No tokens were selected by the answer mask for perplexity calculation, setting perplexity to 1.0.
Perplexity: Written 324/85610 entries to perplexity result file (batch 54/14269)
Processing batch 55/14269
Warning: Decoded text differs from trimmed prompt
  Trimmed prompt length: 278, Decoded text length: 288
[DEBUG] First difference at position 1: prompt='s', decoded='/'
[DEBUG] Context: prompt='<s>[INST] If you know', decoded='</s></s></s></s></s><'
[WARNING] in lang en, index 236: No tokens were selected by the answer mask for perplexity calculation, setting perplexity to 1.0.
Warning: Decoded text differs from trimmed prompt
  Trimmed prompt length: 282, Decoded text length: 287
[DEBUG] First difference at position 1: prompt='s', decoded='/'
[DEBUG] Context: prompt='<s>[INST] If you know', decoded='</s></s></s></s></s><'
[WARNING] in lang en, index 236: No tokens were selected by the answer mask for perplexity calculation, setting perplexity to 1.0.
Warning: Decoded text differs from trimmed prompt
  Trimmed prompt length: 257, Decoded text length: 248
[DEBUG] First difference at position 1: prompt='s', decoded='/'
[DEBUG] Context: prompt='<s>[INST] Why is the ', decoded='</s></s></s></s></s><'
Warning: Decoded text differs from trimmed prompt
  Trimmed prompt length: 263, Decoded text length: 254
[DEBUG] First difference at position 1: prompt='s', decoded='/'
[DEBUG] Context: prompt='<s>[INST] Why is the ', decoded='</s></s></s></s></s><'
Warning: Decoded text differs from trimmed prompt
  Trimmed prompt length: 315, Decoded text length: 316
[DEBUG] First difference at position 3: prompt='[', decoded=' '
[DEBUG] Context: prompt='<s>[INST] You’ve made a', decoded='<s> [INST] You’ve made '
Warning: Decoded text differs from trimmed prompt
  Trimmed prompt length: 324, Decoded text length: 321
[DEBUG] First difference at position 1: prompt='s', decoded='/'
[DEBUG] Context: prompt='<s>[INST] You’ve made', decoded='</s></s></s><s> [INST'
Perplexity: Written 330/85610 entries to perplexity result file (batch 55/14269)
Processing batch 56/14269
Warning: Decoded text differs from trimmed prompt
  Trimmed prompt length: 489, Decoded text length: 490
[DEBUG] First difference at position 3: prompt='[', decoded=' '
[DEBUG] Context: prompt="<s>[INST] Some of Mars'", decoded='<s> [INST] Some of Mars'
Warning: Decoded text differs from trimmed prompt
  Trimmed prompt length: 431, Decoded text length: 428
[DEBUG] First difference at position 1: prompt='s', decoded='/'
[DEBUG] Context: prompt='<s>[INST] Some of Mar', decoded='</s></s></s></s></s><'
[WARNING] in lang en, index 241: No tokens were selected by the answer mask for perplexity calculation, setting perplexity to 1.0.
Warning: Decoded text differs from trimmed prompt
  Trimmed prompt length: 310, Decoded text length: 283
[DEBUG] First difference at position 1: prompt='s', decoded='/'
[DEBUG] Context: prompt='<s>[INST] Most rocks ', decoded='</s></s></s></s></s><'
Warning: Decoded text differs from trimmed prompt
  Trimmed prompt length: 315, Decoded text length: 304
[DEBUG] First difference at position 1: prompt='s', decoded='/'
[DEBUG] Context: prompt='<s>[INST] Most rocks ', decoded='</s></s></s></s></s><'
Warning: Decoded text differs from trimmed prompt
  Trimmed prompt length: 225, Decoded text length: 204
[DEBUG] First difference at position 1: prompt='s', decoded='/'
[DEBUG] Context: prompt='<s>[INST] What is the', decoded='</s></s></s></s></s><'
[WARNING] in lang en, index 243: No tokens were selected by the answer mask for perplexity calculation, setting perplexity to 1.0.
Warning: Decoded text differs from trimmed prompt
  Trimmed prompt length: 223, Decoded text length: 200
[DEBUG] First difference at position 1: prompt='s', decoded='/'
[DEBUG] Context: prompt='<s>[INST] What is the', decoded='</s></s></s></s></s><'
[WARNING] in lang en, index 243: No tokens were selected by the answer mask for perplexity calculation, setting perplexity to 1.0.
Perplexity: Written 336/85610 entries to perplexity result file (batch 56/14269)
Processing batch 57/14269
Warning: Decoded text differs from trimmed prompt
  Trimmed prompt length: 407, Decoded text length: 408
[DEBUG] First difference at position 3: prompt='[', decoded=' '
[DEBUG] Context: prompt='<s>[INST] What is the s', decoded='<s> [INST] What is the '
Warning: Decoded text differs from trimmed prompt
  Trimmed prompt length: 405, Decoded text length: 408
[DEBUG] First difference at position 1: prompt='s', decoded='/'
[DEBUG] Context: prompt='<s>[INST] What is the', decoded='</s></s></s></s><s> ['
Warning: Decoded text differs from trimmed prompt
  Trimmed prompt length: 331, Decoded text length: 335
[DEBUG] First difference at position 1: prompt='s', decoded='/'
[DEBUG] Context: prompt='<s>[INST] Why does th', decoded='</s></s></s></s></s><'
Warning: Decoded text differs from trimmed prompt
  Trimmed prompt length: 312, Decoded text length: 299
[DEBUG] First difference at position 1: prompt='s', decoded='/'
[DEBUG] Context: prompt='<s>[INST] Why does th', decoded='</s></s></s></s></s><'
Warning: Decoded text differs from trimmed prompt
  Trimmed prompt length: 320, Decoded text length: 313
[DEBUG] First difference at position 1: prompt='s', decoded='/'
[DEBUG] Context: prompt='<s>[INST] How did Era', decoded='</s></s></s></s></s><'
Warning: Decoded text differs from trimmed prompt
  Trimmed prompt length: 245, Decoded text length: 237
[DEBUG] First difference at position 1: prompt='s', decoded='/'
[DEBUG] Context: prompt='<s>[INST] How did Era', decoded='</s></s></s></s></s><'
Perplexity: Written 342/85610 entries to perplexity result file (batch 57/14269)
Processing batch 58/14269
Warning: Decoded text differs from trimmed prompt
  Trimmed prompt length: 206, Decoded text length: 198
[DEBUG] First difference at position 1: prompt='s', decoded='/'
[DEBUG] Context: prompt='<s>[INST] The Large M', decoded='</s></s></s></s></s><'
Warning: Decoded text differs from trimmed prompt
  Trimmed prompt length: 210, Decoded text length: 198
[DEBUG] First difference at position 1: prompt='s', decoded='/'
[DEBUG] Context: prompt='<s>[INST] The Large M', decoded='</s></s></s></s></s><'
Warning: Decoded text differs from trimmed prompt
  Trimmed prompt length: 323, Decoded text length: 326
[DEBUG] First difference at position 1: prompt='s', decoded='/'
[DEBUG] Context: prompt='<s>[INST] Why do we l', decoded='</s></s></s></s></s><'
Warning: Decoded text differs from trimmed prompt
  Trimmed prompt length: 339, Decoded text length: 340
[DEBUG] First difference at position 3: prompt='[', decoded=' '
[DEBUG] Context: prompt='<s>[INST] Why do we loo', decoded='<s> [INST] Why do we lo'
Warning: Decoded text differs from trimmed prompt
  Trimmed prompt length: 305, Decoded text length: 312
[DEBUG] First difference at position 1: prompt='s', decoded='/'
[DEBUG] Context: prompt='<s>[INST] The Milky W', decoded='</s></s></s></s></s><'
[WARNING] in lang en, index 249: No tokens were selected by the answer mask for perplexity calculation, setting perplexity to 1.0.
Warning: Decoded text differs from trimmed prompt
  Trimmed prompt length: 305, Decoded text length: 312
[DEBUG] First difference at position 1: prompt='s', decoded='/'
[DEBUG] Context: prompt='<s>[INST] The Milky W', decoded='</s></s></s></s></s><'
[WARNING] in lang en, index 249: No tokens were selected by the answer mask for perplexity calculation, setting perplexity to 1.0.
Perplexity: Written 348/85610 entries to perplexity result file (batch 58/14269)
Processing batch 59/14269
Warning: Decoded text differs from trimmed prompt
  Trimmed prompt length: 180, Decoded text length: 172
[DEBUG] First difference at position 1: prompt='s', decoded='/'
[DEBUG] Context: prompt='<s>[INST] On which pl', decoded='</s></s></s></s></s><'
Warning: Decoded text differs from trimmed prompt
  Trimmed prompt length: 179, Decoded text length: 176
[DEBUG] First difference at position 1: prompt='s', decoded='/'
[DEBUG] Context: prompt='<s>[INST] On which pl', decoded='</s></s></s></s></s><'
Warning: Decoded text differs from trimmed prompt
  Trimmed prompt length: 367, Decoded text length: 298
[DEBUG] First difference at position 1: prompt='s', decoded='/'
[DEBUG] Context: prompt='<s>[INST] Why does Ea', decoded='</s></s></s></s></s><'
Warning: Decoded text differs from trimmed prompt
  Trimmed prompt length: 360, Decoded text length: 298
[DEBUG] First difference at position 1: prompt='s', decoded='/'
[DEBUG] Context: prompt='<s>[INST] Why does Ea', decoded='</s></s></s></s></s><'
Warning: Decoded text differs from trimmed prompt
  Trimmed prompt length: 622, Decoded text length: 623
[DEBUG] First difference at position 1: prompt='s', decoded='/'
[DEBUG] Context: prompt='<s>[INST] From labora', decoded='</s><s> [INST] From l'
Warning: Decoded text differs from trimmed prompt
  Trimmed prompt length: 625, Decoded text length: 626
[DEBUG] First difference at position 3: prompt='[', decoded=' '
[DEBUG] Context: prompt='<s>[INST] From laborato', decoded='<s> [INST] From laborat'
Perplexity: Written 354/85610 entries to perplexity result file (batch 59/14269)
Processing batch 60/14269
Warning: Decoded text differs from trimmed prompt
  Trimmed prompt length: 267, Decoded text length: 265
[DEBUG] First difference at position 1: prompt='s', decoded='/'
[DEBUG] Context: prompt='<s>[INST] The lithosp', decoded='</s></s></s></s></s><'
Warning: Decoded text differs from trimmed prompt
  Trimmed prompt length: 233, Decoded text length: 233
[DEBUG] First difference at position 1: prompt='s', decoded='/'
[DEBUG] Context: prompt='<s>[INST] The lithosp', decoded='</s></s></s></s></s><'
Warning: Decoded text differs from trimmed prompt
  Trimmed prompt length: 368, Decoded text length: 369
[DEBUG] First difference at position 3: prompt='[', decoded=' '
[DEBUG] Context: prompt='<s>[INST] What is the C', decoded='<s> [INST] What is the '
Warning: Decoded text differs from trimmed prompt
  Trimmed prompt length: 348, Decoded text length: 359
[DEBUG] First difference at position 1: prompt='s', decoded='/'
[DEBUG] Context: prompt='<s>[INST] What is the', decoded='</s></s></s></s></s><'
Warning: Decoded text differs from trimmed prompt
  Trimmed prompt length: 242, Decoded text length: 214
[DEBUG] First difference at position 1: prompt='s', decoded='/'
[DEBUG] Context: prompt='<s>[INST] Meteorites ', decoded='</s></s></s></s></s><'
Warning: Decoded text differs from trimmed prompt
  Trimmed prompt length: 210, Decoded text length: 185
[DEBUG] First difference at position 1: prompt='s', decoded='/'
[DEBUG] Context: prompt='<s>[INST] Meteorites ', decoded='</s></s></s></s></s><'
Perplexity: Written 360/85610 entries to perplexity result file (batch 60/14269)
Processing batch 61/14269
Warning: Decoded text differs from trimmed prompt
  Trimmed prompt length: 280, Decoded text length: 276
[DEBUG] First difference at position 1: prompt='s', decoded='/'
[DEBUG] Context: prompt='<s>[INST] The four bi', decoded='</s></s></s></s></s><'
Warning: Decoded text differs from trimmed prompt
  Trimmed prompt length: 286, Decoded text length: 280
[DEBUG] First difference at position 1: prompt='s', decoded='/'
[DEBUG] Context: prompt='<s>[INST] The four bi', decoded='</s></s></s></s></s><'
Warning: Decoded text differs from trimmed prompt
  Trimmed prompt length: 272, Decoded text length: 260
[DEBUG] First difference at position 1: prompt='s', decoded='/'
[DEBUG] Context: prompt='<s>[INST] Why are the', decoded='</s></s></s></s></s><'
Warning: Decoded text differs from trimmed prompt
  Trimmed prompt length: 268, Decoded text length: 268
[DEBUG] First difference at position 1: prompt='s', decoded='/'
[DEBUG] Context: prompt='<s>[INST] Why are the', decoded='</s></s></s></s></s><'
Warning: Decoded text differs from trimmed prompt
  Trimmed prompt length: 577, Decoded text length: 581
[DEBUG] First difference at position 1: prompt='s', decoded='/'
[DEBUG] Context: prompt='<s>[INST] What is the', decoded='</s></s><s> [INST] Wh'
[WARNING] in lang en, index 263: No tokens were selected by the answer mask for perplexity calculation, setting perplexity to 1.0.
Warning: Decoded text differs from trimmed prompt
  Trimmed prompt length: 586, Decoded text length: 587
[DEBUG] First difference at position 3: prompt='[', decoded=' '
[DEBUG] Context: prompt='<s>[INST] What is the s', decoded='<s> [INST] What is the '
[WARNING] in lang en, index 263: No tokens were selected by the answer mask for perplexity calculation, setting perplexity to 1.0.
Perplexity: Written 366/85610 entries to perplexity result file (batch 61/14269)
Processing batch 62/14269
Warning: Decoded text differs from trimmed prompt
  Trimmed prompt length: 302, Decoded text length: 263
[DEBUG] First difference at position 1: prompt='s', decoded='/'
[DEBUG] Context: prompt='<s>[INST] The terrest', decoded='</s></s></s></s></s><'
Warning: Decoded text differs from trimmed prompt
  Trimmed prompt length: 287, Decoded text length: 256
[DEBUG] First difference at position 1: prompt='s', decoded='/'
[DEBUG] Context: prompt='<s>[INST] The terrest', decoded='</s></s></s></s></s><'
Warning: Decoded text differs from trimmed prompt
  Trimmed prompt length: 552, Decoded text length: 553
[DEBUG] First difference at position 3: prompt='[', decoded=' '
[DEBUG] Context: prompt='<s>[INST] Why are the i', decoded='<s> [INST] Why are the '
Warning: Decoded text differs from trimmed prompt
  Trimmed prompt length: 405, Decoded text length: 415
[DEBUG] First difference at position 1: prompt='s', decoded='/'
[DEBUG] Context: prompt='<s>[INST] Why are the', decoded='</s></s></s></s></s><'
Warning: Decoded text differs from trimmed prompt
  Trimmed prompt length: 337, Decoded text length: 294
[DEBUG] First difference at position 1: prompt='s', decoded='/'
[DEBUG] Context: prompt='<s>[INST] What do met', decoded='</s></s></s></s></s><'
Warning: Decoded text differs from trimmed prompt
  Trimmed prompt length: 337, Decoded text length: 294
[DEBUG] First difference at position 1: prompt='s', decoded='/'
[DEBUG] Context: prompt='<s>[INST] What do met', decoded='</s></s></s></s></s><'
Perplexity: Written 372/85610 entries to perplexity result file (batch 62/14269)
Processing batch 63/14269
Warning: Decoded text differs from trimmed prompt
  Trimmed prompt length: 290, Decoded text length: 251
[DEBUG] First difference at position 1: prompt='s', decoded='/'
[DEBUG] Context: prompt='<s>[INST] Suppose the', decoded='</s></s></s></s></s><'
[WARNING] in lang en, index 269: No tokens were selected by the answer mask for perplexity calculation, setting perplexity to 1.0.
Warning: Decoded text differs from trimmed prompt
  Trimmed prompt length: 318, Decoded text length: 294
[DEBUG] First difference at position 1: prompt='s', decoded='/'
[DEBUG] Context: prompt='<s>[INST] Suppose the', decoded='</s></s></s></s></s><'
Warning: Decoded text differs from trimmed prompt
  Trimmed prompt length: 220, Decoded text length: 224
[DEBUG] First difference at position 1: prompt='s', decoded='/'
[DEBUG] Context: prompt='<s>[INST] What does t', decoded='</s></s></s></s></s><'
Warning: Decoded text differs from trimmed prompt
  Trimmed prompt length: 217, Decoded text length: 220
[DEBUG] First difference at position 1: prompt='s', decoded='/'
[DEBUG] Context: prompt='<s>[INST] What does t', decoded='</s></s></s></s></s><'
Warning: Decoded text differs from trimmed prompt
  Trimmed prompt length: 563, Decoded text length: 567
[DEBUG] First difference at position 1: prompt='s', decoded='/'
[DEBUG] Context: prompt='<s>[INST] The so-call', decoded='</s></s><s> [INST] Th'
Warning: Decoded text differs from trimmed prompt
  Trimmed prompt length: 571, Decoded text length: 572
[DEBUG] First difference at position 3: prompt='[', decoded=' '
[DEBUG] Context: prompt='<s>[INST] The so-called', decoded='<s> [INST] The so-calle'
Perplexity: Written 378/85610 entries to perplexity result file (batch 63/14269)
Processing batch 64/14269
Warning: Decoded text differs from trimmed prompt
  Trimmed prompt length: 280, Decoded text length: 264
[DEBUG] First difference at position 1: prompt='s', decoded='/'
[DEBUG] Context: prompt='<s>[INST] How do scie', decoded='</s></s></s></s></s><'
Warning: Decoded text differs from trimmed prompt
  Trimmed prompt length: 366, Decoded text length: 353
[DEBUG] First difference at position 1: prompt='s', decoded='/'
[DEBUG] Context: prompt='<s>[INST] How do scie', decoded='</s></s></s></s></s><'
Warning: Decoded text differs from trimmed prompt
  Trimmed prompt length: 326, Decoded text length: 319
[DEBUG] First difference at position 1: prompt='s', decoded='/'
[DEBUG] Context: prompt='<s>[INST] Jupiter and', decoded='</s></s></s></s></s><'
Warning: Decoded text differs from trimmed prompt
  Trimmed prompt length: 348, Decoded text length: 333
[DEBUG] First difference at position 1: prompt='s', decoded='/'
[DEBUG] Context: prompt='<s>[INST] Jupiter and', decoded='</s></s></s></s></s><'
Warning: Decoded text differs from trimmed prompt
  Trimmed prompt length: 439, Decoded text length: 430
[DEBUG] First difference at position 1: prompt='s', decoded='/'
[DEBUG] Context: prompt='<s>[INST] Why is Satu', decoded='</s></s></s></s></s><'
Warning: Decoded text differs from trimmed prompt
  Trimmed prompt length: 464, Decoded text length: 465
[DEBUG] First difference at position 3: prompt='[', decoded=' '
[DEBUG] Context: prompt='<s>[INST] Why is Saturn', decoded='<s> [INST] Why is Satur'
Perplexity: Written 384/85610 entries to perplexity result file (batch 64/14269)
Processing batch 65/14269
Warning: Decoded text differs from trimmed prompt
  Trimmed prompt length: 308, Decoded text length: 297
[DEBUG] First difference at position 1: prompt='s', decoded='/'
[DEBUG] Context: prompt='<s>[INST] We were fir', decoded='</s></s></s></s></s><'
Warning: Decoded text differs from trimmed prompt
  Trimmed prompt length: 285, Decoded text length: 261
[DEBUG] First difference at position 1: prompt='s', decoded='/'
[DEBUG] Context: prompt='<s>[INST] We were fir', decoded='</s></s></s></s></s><'
Warning: Decoded text differs from trimmed prompt
  Trimmed prompt length: 410, Decoded text length: 409
[DEBUG] First difference at position 1: prompt='s', decoded='/'
[DEBUG] Context: prompt='<s>[INST] According t', decoded='</s></s></s></s></s><'
Warning: Decoded text differs from trimmed prompt
  Trimmed prompt length: 402, Decoded text length: 387
[DEBUG] First difference at position 1: prompt='s', decoded='/'
[DEBUG] Context: prompt='<s>[INST] According t', decoded='</s></s></s></s></s><'
Warning: Decoded text differs from trimmed prompt
  Trimmed prompt length: 475, Decoded text length: 476
[DEBUG] First difference at position 3: prompt='[', decoded=' '
[DEBUG] Context: prompt='<s>[INST] How do we kno', decoded='<s> [INST] How do we kn'
Warning: Decoded text differs from trimmed prompt
  Trimmed prompt length: 475, Decoded text length: 479
[DEBUG] First difference at position 1: prompt='s', decoded='/'
[DEBUG] Context: prompt='<s>[INST] How do we k', decoded='</s></s><s> [INST] Ho'
Perplexity: Written 390/85610 entries to perplexity result file (batch 65/14269)
Processing batch 66/14269
Warning: Decoded text differs from trimmed prompt
  Trimmed prompt length: 187, Decoded text length: 184
[DEBUG] First difference at position 1: prompt='s', decoded='/'
[DEBUG] Context: prompt='<s>[INST] Life on Ear', decoded='</s></s></s></s></s><'
Warning: Decoded text differs from trimmed prompt
  Trimmed prompt length: 184, Decoded text length: 184
[DEBUG] First difference at position 1: prompt='s', decoded='/'
[DEBUG] Context: prompt='<s>[INST] Life on Ear', decoded='</s></s></s></s></s><'
Warning: Decoded text differs from trimmed prompt
  Trimmed prompt length: 463, Decoded text length: 469
[DEBUG] First difference at position 1: prompt='s', decoded='/'
[DEBUG] Context: prompt='<s>[INST] By locating', decoded='</s></s></s></s></s><'
Warning: Decoded text differs from trimmed prompt
  Trimmed prompt length: 507, Decoded text length: 508
[DEBUG] First difference at position 3: prompt='[', decoded=' '
[DEBUG] Context: prompt='<s>[INST] By locating t', decoded='<s> [INST] By locating '
Warning: Decoded text differs from trimmed prompt
  Trimmed prompt length: 431, Decoded text length: 420
[DEBUG] First difference at position 1: prompt='s', decoded='/'
[DEBUG] Context: prompt='<s>[INST] How does th', decoded='</s></s></s></s></s><'
Warning: Decoded text differs from trimmed prompt
  Trimmed prompt length: 382, Decoded text length: 372
[DEBUG] First difference at position 1: prompt='s', decoded='/'
[DEBUG] Context: prompt='<s>[INST] How does th', decoded='</s></s></s></s></s><'
Perplexity: Written 396/85610 entries to perplexity result file (batch 66/14269)
Processing batch 67/14269
Warning: Decoded text differs from trimmed prompt
  Trimmed prompt length: 439, Decoded text length: 430
[DEBUG] First difference at position 1: prompt='s', decoded='/'
[DEBUG] Context: prompt='<s>[INST] Why is Satu', decoded='</s></s></s></s></s><'
Warning: Decoded text differs from trimmed prompt
  Trimmed prompt length: 464, Decoded text length: 465
[DEBUG] First difference at position 3: prompt='[', decoded=' '
[DEBUG] Context: prompt='<s>[INST] Why is Saturn', decoded='<s> [INST] Why is Satur'
Warning: Decoded text differs from trimmed prompt
  Trimmed prompt length: 312, Decoded text length: 274
[DEBUG] First difference at position 1: prompt='s', decoded='/'
[DEBUG] Context: prompt='<s>[INST] The terrest', decoded='</s></s></s></s></s><'
Warning: Decoded text differs from trimmed prompt
  Trimmed prompt length: 264, Decoded text length: 222
[DEBUG] First difference at position 1: prompt='s', decoded='/'
[DEBUG] Context: prompt='<s>[INST] The terrest', decoded='</s></s></s></s></s><'
Warning: Decoded text differs from trimmed prompt
  Trimmed prompt length: 227, Decoded text length: 248
[DEBUG] First difference at position 1: prompt='s', decoded='/'
[DEBUG] Context: prompt='<s>[INST] Which of th', decoded='</s></s></s></s></s><'
Warning: Decoded text differs from trimmed prompt
  Trimmed prompt length: 223, Decoded text length: 221
[DEBUG] First difference at position 1: prompt='s', decoded='/'
[DEBUG] Context: prompt='<s>[INST] Which of th', decoded='</s></s></s></s></s><'
Perplexity: Written 402/85610 entries to perplexity result file (batch 67/14269)
Processing batch 68/14269
Warning: Decoded text differs from trimmed prompt
  Trimmed prompt length: 245, Decoded text length: 237
[DEBUG] First difference at position 1: prompt='s', decoded='/'
[DEBUG] Context: prompt='<s>[INST] Which of th', decoded='</s></s></s></s></s><'
Warning: Decoded text differs from trimmed prompt
  Trimmed prompt length: 226, Decoded text length: 231
[DEBUG] First difference at position 1: prompt='s', decoded='/'
[DEBUG] Context: prompt='<s>[INST] Which of th', decoded='</s></s></s></s></s><'
Warning: Decoded text differs from trimmed prompt
  Trimmed prompt length: 491, Decoded text length: 492
[DEBUG] First difference at position 1: prompt='s', decoded='/'
[DEBUG] Context: prompt='<s>[INST] Why is it t', decoded='</s><s> [INST] Why is'
Warning: Decoded text differs from trimmed prompt
  Trimmed prompt length: 472, Decoded text length: 473
[DEBUG] First difference at position 1: prompt='s', decoded='/'
[DEBUG] Context: prompt='<s>[INST] Why is it t', decoded='</s><s> [INST] Why is'
Warning: Decoded text differs from trimmed prompt
  Trimmed prompt length: 361, Decoded text length: 362
[DEBUG] First difference at position 3: prompt='[', decoded=' '
[DEBUG] Context: prompt='<s>[INST] Planet X orbi', decoded='<s> [INST] Planet X orb'
[WARNING] in lang en, index 292: No tokens were selected by the answer mask for perplexity calculation, setting perplexity to 1.0.
Warning: Decoded text differs from trimmed prompt
  Trimmed prompt length: 331, Decoded text length: 341
[DEBUG] First difference at position 1: prompt='s', decoded='/'
[DEBUG] Context: prompt='<s>[INST] Planet X or', decoded='</s></s></s></s></s><'
[WARNING] in lang en, index 292: No tokens were selected by the answer mask for perplexity calculation, setting perplexity to 1.0.
Perplexity: Written 408/85610 entries to perplexity result file (batch 68/14269)
Processing batch 69/14269
Warning: Decoded text differs from trimmed prompt
  Trimmed prompt length: 233, Decoded text length: 237
[DEBUG] First difference at position 1: prompt='s', decoded='/'
[DEBUG] Context: prompt='<s>[INST] When travel', decoded='</s></s></s></s></s><'
Warning: Decoded text differs from trimmed prompt
  Trimmed prompt length: 232, Decoded text length: 226
[DEBUG] First difference at position 1: prompt='s', decoded='/'
[DEBUG] Context: prompt='<s>[INST] When travel', decoded='</s></s></s></s></s><'
[WARNING] in lang en, index 293: No tokens were selected by the answer mask for perplexity calculation, setting perplexity to 1.0.
Warning: Decoded text differs from trimmed prompt
  Trimmed prompt length: 379, Decoded text length: 380
[DEBUG] First difference at position 3: prompt='[', decoded=' '
[DEBUG] Context: prompt='<s>[INST] When will the', decoded='<s> [INST] When will th'
Warning: Decoded text differs from trimmed prompt
  Trimmed prompt length: 320, Decoded text length: 326
[DEBUG] First difference at position 1: prompt='s', decoded='/'
[DEBUG] Context: prompt='<s>[INST] When will t', decoded='</s></s></s></s></s><'
Warning: Decoded text differs from trimmed prompt
  Trimmed prompt length: 300, Decoded text length: 271
[DEBUG] First difference at position 1: prompt='s', decoded='/'
[DEBUG] Context: prompt='<s>[INST] What about ', decoded='</s></s></s></s></s><'
Warning: Decoded text differs from trimmed prompt
  Trimmed prompt length: 265, Decoded text length: 261
[DEBUG] First difference at position 1: prompt='s', decoded='/'
[DEBUG] Context: prompt='<s>[INST] What about ', decoded='</s></s></s></s></s><'
Perplexity: Written 414/85610 entries to perplexity result file (batch 69/14269)
Processing batch 70/14269
Warning: Decoded text differs from trimmed prompt
  Trimmed prompt length: 322, Decoded text length: 296
[DEBUG] First difference at position 1: prompt='s', decoded='/'
[DEBUG] Context: prompt='<s>[INST] Why did the', decoded='</s></s></s></s></s><'
Warning: Decoded text differs from trimmed prompt
  Trimmed prompt length: 274, Decoded text length: 270
[DEBUG] First difference at position 1: prompt='s', decoded='/'
[DEBUG] Context: prompt='<s>[INST] Why did the', decoded='</s></s></s></s></s><'
Warning: Decoded text differs from trimmed prompt
  Trimmed prompt length: 387, Decoded text length: 382
[DEBUG] First difference at position 1: prompt='s', decoded='/'
[DEBUG] Context: prompt='<s>[INST] You observe', decoded='</s></s></s></s></s><'
Warning: Decoded text differs from trimmed prompt
  Trimmed prompt length: 366, Decoded text length: 356
[DEBUG] First difference at position 1: prompt='s', decoded='/'
[DEBUG] Context: prompt='<s>[INST] You observe', decoded='</s></s></s></s></s><'
Warning: Decoded text differs from trimmed prompt
  Trimmed prompt length: 386, Decoded text length: 387
[DEBUG] First difference at position 3: prompt='[', decoded=' '
[DEBUG] Context: prompt="<s>[INST] Jupiter's orb", decoded="<s> [INST] Jupiter's or"
Warning: Decoded text differs from trimmed prompt
  Trimmed prompt length: 385, Decoded text length: 386
[DEBUG] First difference at position 1: prompt='s', decoded='/'
[DEBUG] Context: prompt="<s>[INST] Jupiter's o", decoded='</s><s> [INST] Jupite'
Perplexity: Written 420/85610 entries to perplexity result file (batch 70/14269)
Processing batch 71/14269
Warning: Decoded text differs from trimmed prompt
  Trimmed prompt length: 505, Decoded text length: 509
[DEBUG] First difference at position 1: prompt='s', decoded='/'
[DEBUG] Context: prompt='<s>[INST] A sand bag ', decoded='</s></s><s> [INST] A '
Warning: Decoded text differs from trimmed prompt
  Trimmed prompt length: 507, Decoded text length: 508
[DEBUG] First difference at position 3: prompt='[', decoded=' '
[DEBUG] Context: prompt='<s>[INST] A sand bag ha', decoded='<s> [INST] A sand bag h'
Warning: Decoded text differs from trimmed prompt
  Trimmed prompt length: 411, Decoded text length: 407
[DEBUG] First difference at position 1: prompt='s', decoded='/'
[DEBUG] Context: prompt='<s>[INST] Where is th', decoded='</s></s></s></s></s><'
Warning: Decoded text differs from trimmed prompt
  Trimmed prompt length: 397, Decoded text length: 384
[DEBUG] First difference at position 1: prompt='s', decoded='/'
[DEBUG] Context: prompt='<s>[INST] Where is th', decoded='</s></s></s></s></s><'
Warning: Decoded text differs from trimmed prompt
  Trimmed prompt length: 325, Decoded text length: 314
[DEBUG] First difference at position 1: prompt='s', decoded='/'
[DEBUG] Context: prompt='<s>[INST] In addition', decoded='</s></s></s></s></s><'
Warning: Decoded text differs from trimmed prompt
  Trimmed prompt length: 323, Decoded text length: 304
[DEBUG] First difference at position 1: prompt='s', decoded='/'
[DEBUG] Context: prompt='<s>[INST] In addition', decoded='</s></s></s></s></s><'
Perplexity: Written 426/85610 entries to perplexity result file (batch 71/14269)
Processing batch 72/14269
Warning: Decoded text differs from trimmed prompt
  Trimmed prompt length: 359, Decoded text length: 366
[DEBUG] First difference at position 1: prompt='s', decoded='/'
[DEBUG] Context: prompt='<s>[INST] What effect', decoded='</s></s></s></s></s><'
Warning: Decoded text differs from trimmed prompt
  Trimmed prompt length: 354, Decoded text length: 366
[DEBUG] First difference at position 1: prompt='s', decoded='/'
[DEBUG] Context: prompt='<s>[INST] What effect', decoded='</s></s></s></s></s><'
Warning: Decoded text differs from trimmed prompt
  Trimmed prompt length: 597, Decoded text length: 601
[DEBUG] First difference at position 1: prompt='s', decoded='/'
[DEBUG] Context: prompt='<s>[INST] What type o', decoded='</s></s><s> [INST] Wh'
[WARNING] in lang en, index 308: No tokens were selected by the answer mask for perplexity calculation, setting perplexity to 1.0.
Warning: Decoded text differs from trimmed prompt
  Trimmed prompt length: 603, Decoded text length: 604
[DEBUG] First difference at position 3: prompt='[', decoded=' '
[DEBUG] Context: prompt='<s>[INST] What type of ', decoded='<s> [INST] What type of'
[WARNING] in lang en, index 308: No tokens were selected by the answer mask for perplexity calculation, setting perplexity to 1.0.
Warning: Decoded text differs from trimmed prompt
  Trimmed prompt length: 223, Decoded text length: 220
[DEBUG] First difference at position 1: prompt='s', decoded='/'
[DEBUG] Context: prompt='<s>[INST] Approximate', decoded='</s></s></s></s></s><'
Warning: Decoded text differs from trimmed prompt
  Trimmed prompt length: 223, Decoded text length: 220
[DEBUG] First difference at position 1: prompt='s', decoded='/'
[DEBUG] Context: prompt='<s>[INST] Approximate', decoded='</s></s></s></s></s><'
Perplexity: Written 432/85610 entries to perplexity result file (batch 72/14269)
Processing batch 73/14269
Warning: Decoded text differs from trimmed prompt
  Trimmed prompt length: 394, Decoded text length: 395
[DEBUG] First difference at position 3: prompt='[', decoded=' '
[DEBUG] Context: prompt='<s>[INST] Which living ', decoded='<s> [INST] Which living'
Warning: Decoded text differs from trimmed prompt
  Trimmed prompt length: 378, Decoded text length: 376
[DEBUG] First difference at position 1: prompt='s', decoded='/'
[DEBUG] Context: prompt='<s>[INST] Which livin', decoded='</s></s></s></s></s><'
Warning: Decoded text differs from trimmed prompt
  Trimmed prompt length: 324, Decoded text length: 327
[DEBUG] First difference at position 1: prompt='s', decoded='/'
[DEBUG] Context: prompt='<s>[INST] How did Era', decoded='</s></s></s></s><s> ['
Warning: Decoded text differs from trimmed prompt
  Trimmed prompt length: 284, Decoded text length: 288
[DEBUG] First difference at position 1: prompt='s', decoded='/'
[DEBUG] Context: prompt='<s>[INST] How did Era', decoded='</s></s></s></s></s><'
Warning: Decoded text differs from trimmed prompt
  Trimmed prompt length: 295, Decoded text length: 297
[DEBUG] First difference at position 1: prompt='s', decoded='/'
[DEBUG] Context: prompt="<s>[INST] Pluto's ext", decoded='</s></s></s></s></s><'
Warning: Decoded text differs from trimmed prompt
  Trimmed prompt length: 271, Decoded text length: 272
[DEBUG] First difference at position 1: prompt='s', decoded='/'
[DEBUG] Context: prompt="<s>[INST] Pluto's ext", decoded='</s></s></s></s></s><'
Perplexity: Written 438/85610 entries to perplexity result file (batch 73/14269)
Processing batch 74/14269
Warning: Decoded text differs from trimmed prompt
  Trimmed prompt length: 403, Decoded text length: 348
[DEBUG] First difference at position 1: prompt='s', decoded='/'
[DEBUG] Context: prompt='<s>[INST] Earth has b', decoded='</s></s></s></s></s><'
Warning: Decoded text differs from trimmed prompt
  Trimmed prompt length: 359, Decoded text length: 321
[DEBUG] First difference at position 1: prompt='s', decoded='/'
[DEBUG] Context: prompt='<s>[INST] Earth has b', decoded='</s></s></s></s></s><'
Warning: Decoded text differs from trimmed prompt
  Trimmed prompt length: 645, Decoded text length: 646
[DEBUG] First difference at position 3: prompt='[', decoded=' '
[DEBUG] Context: prompt='<s>[INST] How do scient', decoded='<s> [INST] How do scien'
Warning: Decoded text differs from trimmed prompt
  Trimmed prompt length: 649, Decoded text length: 650
[DEBUG] First difference at position 1: prompt='s', decoded='/'
[DEBUG] Context: prompt='<s>[INST] How do scie', decoded='</s><s> [INST] How do'
Warning: Decoded text differs from trimmed prompt
  Trimmed prompt length: 318, Decoded text length: 296
[DEBUG] First difference at position 1: prompt='s', decoded='/'
[DEBUG] Context: prompt='<s>[INST] Which facto', decoded='</s></s></s></s></s><'
[WARNING] in lang en, index 319: No tokens were selected by the answer mask for perplexity calculation, setting perplexity to 1.0.
Warning: Decoded text differs from trimmed prompt
  Trimmed prompt length: 325, Decoded text length: 296
[DEBUG] First difference at position 1: prompt='s', decoded='/'
[DEBUG] Context: prompt='<s>[INST] Which facto', decoded='</s></s></s></s></s><'
[WARNING] in lang en, index 319: No tokens were selected by the answer mask for perplexity calculation, setting perplexity to 1.0.
Perplexity: Written 444/85610 entries to perplexity result file (batch 74/14269)
Processing batch 75/14269
Warning: Decoded text differs from trimmed prompt
  Trimmed prompt length: 411, Decoded text length: 411
[DEBUG] First difference at position 1: prompt='s', decoded='/'
[DEBUG] Context: prompt='<s>[INST] The astrono', decoded='</s></s></s></s></s><'
Warning: Decoded text differs from trimmed prompt
  Trimmed prompt length: 421, Decoded text length: 440
[DEBUG] First difference at position 1: prompt='s', decoded='/'
[DEBUG] Context: prompt='<s>[INST] The astrono', decoded='</s></s></s></s></s><'
Warning: Decoded text differs from trimmed prompt
  Trimmed prompt length: 477, Decoded text length: 457
[DEBUG] First difference at position 1: prompt='s', decoded='/'
[DEBUG] Context: prompt='<s>[INST] The term Sc', decoded='</s></s></s></s></s><'
Warning: Decoded text differs from trimmed prompt
  Trimmed prompt length: 474, Decoded text length: 458
[DEBUG] First difference at position 1: prompt='s', decoded='/'
[DEBUG] Context: prompt='<s>[INST] The term Sc', decoded='</s></s></s></s></s><'
Warning: Decoded text differs from trimmed prompt
  Trimmed prompt length: 538, Decoded text length: 539
[DEBUG] First difference at position 3: prompt='[', decoded=' '
[DEBUG] Context: prompt='<s>[INST] If you lived ', decoded='<s> [INST] If you lived'
[WARNING] in lang en, index 323: No tokens were selected by the answer mask for perplexity calculation, setting perplexity to 1.0.
Warning: Decoded text differs from trimmed prompt
  Trimmed prompt length: 510, Decoded text length: 507
[DEBUG] First difference at position 1: prompt='s', decoded='/'
[DEBUG] Context: prompt='<s>[INST] If you live', decoded='</s></s></s></s></s><'
[WARNING] in lang en, index 323: No tokens were selected by the answer mask for perplexity calculation, setting perplexity to 1.0.
Perplexity: Written 450/85610 entries to perplexity result file (batch 75/14269)
Processing batch 76/14269
Warning: Decoded text differs from trimmed prompt
  Trimmed prompt length: 323, Decoded text length: 323
[DEBUG] First difference at position 1: prompt='s', decoded='/'
[DEBUG] Context: prompt='<s>[INST] Why is the ', decoded='</s></s></s></s></s><'
Warning: Decoded text differs from trimmed prompt
  Trimmed prompt length: 323, Decoded text length: 323
[DEBUG] First difference at position 1: prompt='s', decoded='/'
[DEBUG] Context: prompt='<s>[INST] Why is the ', decoded='</s></s></s></s></s><'
Warning: Decoded text differs from trimmed prompt
  Trimmed prompt length: 370, Decoded text length: 364
[DEBUG] First difference at position 1: prompt='s', decoded='/'
[DEBUG] Context: prompt='<s>[INST] Mars has an', decoded='</s></s></s></s></s><'
Warning: Decoded text differs from trimmed prompt
  Trimmed prompt length: 400, Decoded text length: 401
[DEBUG] First difference at position 3: prompt='[', decoded=' '
[DEBUG] Context: prompt='<s>[INST] Mars has an a', decoded='<s> [INST] Mars has an '
Warning: Decoded text differs from trimmed prompt
  Trimmed prompt length: 241, Decoded text length: 211
[DEBUG] First difference at position 1: prompt='s', decoded='/'
[DEBUG] Context: prompt='<s>[INST] The belts a', decoded='</s></s></s></s></s><'
Warning: Decoded text differs from trimmed prompt
  Trimmed prompt length: 243, Decoded text length: 218
[DEBUG] First difference at position 1: prompt='s', decoded='/'
[DEBUG] Context: prompt='<s>[INST] The belts a', decoded='</s></s></s></s></s><'
Perplexity: Written 456/85610 entries to perplexity result file (batch 76/14269)
Processing batch 77/14269
Warning: Decoded text differs from trimmed prompt
  Trimmed prompt length: 158, Decoded text length: 152
[DEBUG] First difference at position 1: prompt='s', decoded='/'
[DEBUG] Context: prompt='<s>[INST] The two moo', decoded='</s></s></s></s></s><'
Warning: Decoded text differs from trimmed prompt
  Trimmed prompt length: 158, Decoded text length: 152
[DEBUG] First difference at position 1: prompt='s', decoded='/'
[DEBUG] Context: prompt='<s>[INST] The two moo', decoded='</s></s></s></s></s><'
Warning: Decoded text differs from trimmed prompt
  Trimmed prompt length: 214, Decoded text length: 212
[DEBUG] First difference at position 1: prompt='s', decoded='/'
[DEBUG] Context: prompt='<s>[INST] What is tru', decoded='</s></s></s></s></s><'
Warning: Decoded text differs from trimmed prompt
  Trimmed prompt length: 201, Decoded text length: 197
[DEBUG] First difference at position 1: prompt='s', decoded='/'
[DEBUG] Context: prompt='<s>[INST] What is tru', decoded='</s></s></s></s></s><'
Warning: Decoded text differs from trimmed prompt
  Trimmed prompt length: 234, Decoded text length: 235
[DEBUG] First difference at position 3: prompt='[', decoded=' '
[DEBUG] Context: prompt='<s>[INST] The constella', decoded='<s> [INST] The constell'
[WARNING] in lang en, index 334: No tokens were selected by the answer mask for perplexity calculation, setting perplexity to 1.0.
Warning: Decoded text differs from trimmed prompt
  Trimmed prompt length: 231, Decoded text length: 232
[DEBUG] First difference at position 3: prompt='[', decoded=' '
[DEBUG] Context: prompt='<s>[INST] The constella', decoded='<s> [INST] The constell'
[WARNING] in lang en, index 334: No tokens were selected by the answer mask for perplexity calculation, setting perplexity to 1.0.
Perplexity: Written 462/85610 entries to perplexity result file (batch 77/14269)
Processing batch 78/14269
Warning: Decoded text differs from trimmed prompt
  Trimmed prompt length: 345, Decoded text length: 346
[DEBUG] First difference at position 3: prompt='[', decoded=' '
[DEBUG] Context: prompt='<s>[INST] The so-called', decoded='<s> [INST] The so-calle'
[WARNING] in lang en, index 335: No tokens were selected by the answer mask for perplexity calculation, setting perplexity to 1.0.
Warning: Decoded text differs from trimmed prompt
  Trimmed prompt length: 343, Decoded text length: 344
[DEBUG] First difference at position 3: prompt='[', decoded=' '
[DEBUG] Context: prompt='<s>[INST] The so-called', decoded='<s> [INST] The so-calle'
[WARNING] in lang en, index 335: No tokens were selected by the answer mask for perplexity calculation, setting perplexity to 1.0.
Warning: Decoded text differs from trimmed prompt
  Trimmed prompt length: 227, Decoded text length: 220
[DEBUG] First difference at position 1: prompt='s', decoded='/'
[DEBUG] Context: prompt='<s>[INST] Suppose you', decoded='</s></s></s></s></s><'
[WARNING] in lang en, index 337: No tokens were selected by the answer mask for perplexity calculation, setting perplexity to 1.0.
Warning: Decoded text differs from trimmed prompt
  Trimmed prompt length: 220, Decoded text length: 216
[DEBUG] First difference at position 1: prompt='s', decoded='/'
[DEBUG] Context: prompt='<s>[INST] Suppose you', decoded='</s></s></s></s></s><'
[WARNING] in lang en, index 337: No tokens were selected by the answer mask for perplexity calculation, setting perplexity to 1.0.
Warning: Decoded text differs from trimmed prompt
  Trimmed prompt length: 305, Decoded text length: 294
[DEBUG] First difference at position 1: prompt='s', decoded='/'
[DEBUG] Context: prompt='<s>[INST] The famous ', decoded='</s></s></s></s></s><'
Warning: Decoded text differs from trimmed prompt
  Trimmed prompt length: 309, Decoded text length: 304
[DEBUG] First difference at position 1: prompt='s', decoded='/'
[DEBUG] Context: prompt='<s>[INST] The famous ', decoded='</s></s></s></s></s><'
Perplexity: Written 468/85610 entries to perplexity result file (batch 78/14269)
Processing batch 79/14269
Warning: Decoded text differs from trimmed prompt
  Trimmed prompt length: 289, Decoded text length: 290
[DEBUG] First difference at position 3: prompt='[', decoded=' '
[DEBUG] Context: prompt='<s>[INST] 20000 years f', decoded='<s> [INST] 20000 years '
Warning: Decoded text differs from trimmed prompt
  Trimmed prompt length: 290, Decoded text length: 291
[DEBUG] First difference at position 3: prompt='[', decoded=' '
[DEBUG] Context: prompt='<s>[INST] 20000 years f', decoded='<s> [INST] 20000 years '
Warning: Decoded text differs from trimmed prompt
  Trimmed prompt length: 166, Decoded text length: 167
[DEBUG] First difference at position 1: prompt='s', decoded='/'
[DEBUG] Context: prompt='<s>[INST] What elemen', decoded='</s></s></s></s></s><'
Warning: Decoded text differs from trimmed prompt
  Trimmed prompt length: 164, Decoded text length: 163
[DEBUG] First difference at position 1: prompt='s', decoded='/'
[DEBUG] Context: prompt='<s>[INST] What elemen', decoded='</s></s></s></s></s><'
Warning: Decoded text differs from trimmed prompt
  Trimmed prompt length: 284, Decoded text length: 284
[DEBUG] First difference at position 1: prompt='s', decoded='/'
[DEBUG] Context: prompt='<s>[INST] Imagine tha', decoded='</s></s></s></s></s><'
[WARNING] in lang en, index 341: No tokens were selected by the answer mask for perplexity calculation, setting perplexity to 1.0.
Warning: Decoded text differs from trimmed prompt
  Trimmed prompt length: 336, Decoded text length: 338
[DEBUG] First difference at position 1: prompt='s', decoded='/'
[DEBUG] Context: prompt='<s>[INST] Imagine tha', decoded='</s></s></s><s> [INST'
Perplexity: Written 474/85610 entries to perplexity result file (batch 79/14269)
Processing batch 80/14269
Warning: Decoded text differs from trimmed prompt
  Trimmed prompt length: 537, Decoded text length: 546
[DEBUG] First difference at position 1: prompt='s', decoded='/'
[DEBUG] Context: prompt="<s>[INST] Why can't w", decoded='</s></s></s></s></s><'
[WARNING] in lang en, index 343: No tokens were selected by the answer mask for perplexity calculation, setting perplexity to 1.0.
Warning: Decoded text differs from trimmed prompt
  Trimmed prompt length: 592, Decoded text length: 593
[DEBUG] First difference at position 3: prompt='[', decoded=' '
[DEBUG] Context: prompt="<s>[INST] Why can't we ", decoded="<s> [INST] Why can't we"
[WARNING] in lang en, index 343: No tokens were selected by the answer mask for perplexity calculation, setting perplexity to 1.0.
Warning: Decoded text differs from trimmed prompt
  Trimmed prompt length: 273, Decoded text length: 264
[DEBUG] First difference at position 1: prompt='s', decoded='/'
[DEBUG] Context: prompt='<s>[INST] How do we t', decoded='</s></s></s></s></s><'
Warning: Decoded text differs from trimmed prompt
  Trimmed prompt length: 296, Decoded text length: 280
[DEBUG] First difference at position 1: prompt='s', decoded='/'
[DEBUG] Context: prompt='<s>[INST] How do we t', decoded='</s></s></s></s></s><'
Warning: Decoded text differs from trimmed prompt
  Trimmed prompt length: 258, Decoded text length: 232
[DEBUG] First difference at position 1: prompt='s', decoded='/'
[DEBUG] Context: prompt='<s>[INST] The resolut', decoded='</s></s></s></s></s><'
Warning: Decoded text differs from trimmed prompt
  Trimmed prompt length: 253, Decoded text length: 228
[DEBUG] First difference at position 1: prompt='s', decoded='/'
[DEBUG] Context: prompt='<s>[INST] The resolut', decoded='</s></s></s></s></s><'
Perplexity: Written 480/85610 entries to perplexity result file (batch 80/14269)
Processing batch 81/14269
Warning: Decoded text differs from trimmed prompt
  Trimmed prompt length: 329, Decoded text length: 330
[DEBUG] First difference at position 1: prompt='s', decoded='/'
[DEBUG] Context: prompt='<s>[INST] The axis of', decoded='</s></s></s></s></s><'
Warning: Decoded text differs from trimmed prompt
  Trimmed prompt length: 329, Decoded text length: 330
[DEBUG] First difference at position 1: prompt='s', decoded='/'
[DEBUG] Context: prompt='<s>[INST] The axis of', decoded='</s></s></s></s></s><'
Warning: Decoded text differs from trimmed prompt
  Trimmed prompt length: 373, Decoded text length: 374
[DEBUG] First difference at position 3: prompt='[', decoded=' '
[DEBUG] Context: prompt='<s>[INST] Why do we see', decoded='<s> [INST] Why do we se'
Warning: Decoded text differs from trimmed prompt
  Trimmed prompt length: 376, Decoded text length: 380
[DEBUG] First difference at position 1: prompt='s', decoded='/'
[DEBUG] Context: prompt='<s>[INST] Why do we s', decoded='</s></s><s> [INST] Wh'
Warning: Decoded text differs from trimmed prompt
  Trimmed prompt length: 262, Decoded text length: 255
[DEBUG] First difference at position 1: prompt='s', decoded='/'
[DEBUG] Context: prompt='<s>[INST] Why are the', decoded='</s></s></s></s></s><'
Warning: Decoded text differs from trimmed prompt
  Trimmed prompt length: 257, Decoded text length: 247
[DEBUG] First difference at position 1: prompt='s', decoded='/'
[DEBUG] Context: prompt='<s>[INST] Why are the', decoded='</s></s></s></s></s><'
Perplexity: Written 486/85610 entries to perplexity result file (batch 81/14269)
Processing batch 82/14269
Warning: Decoded text differs from trimmed prompt
  Trimmed prompt length: 249, Decoded text length: 241
[DEBUG] First difference at position 1: prompt='s', decoded='/'
[DEBUG] Context: prompt='<s>[INST] The star Be', decoded='</s></s></s></s></s><'
[WARNING] in lang en, index 350: No tokens were selected by the answer mask for perplexity calculation, setting perplexity to 1.0.
Warning: Decoded text differs from trimmed prompt
  Trimmed prompt length: 254, Decoded text length: 248
[DEBUG] First difference at position 1: prompt='s', decoded='/'
[DEBUG] Context: prompt='<s>[INST] The star Be', decoded='</s></s></s></s></s><'
[WARNING] in lang en, index 350: No tokens were selected by the answer mask for perplexity calculation, setting perplexity to 1.0.
Warning: Decoded text differs from trimmed prompt
  Trimmed prompt length: 429, Decoded text length: 429
[DEBUG] First difference at position 1: prompt='s', decoded='/'
[DEBUG] Context: prompt='<s>[INST] What is the', decoded='</s></s></s></s></s><'
Warning: Decoded text differs from trimmed prompt
  Trimmed prompt length: 436, Decoded text length: 423
[DEBUG] First difference at position 1: prompt='s', decoded='/'
[DEBUG] Context: prompt='<s>[INST] What is the', decoded='</s></s></s></s></s><'
Warning: Decoded text differs from trimmed prompt
  Trimmed prompt length: 517, Decoded text length: 518
[DEBUG] First difference at position 3: prompt='[', decoded=' '
[DEBUG] Context: prompt='<s>[INST] How does the ', decoded='<s> [INST] How does the'
Warning: Decoded text differs from trimmed prompt
  Trimmed prompt length: 462, Decoded text length: 456
[DEBUG] First difference at position 1: prompt='s', decoded='/'
[DEBUG] Context: prompt='<s>[INST] How does th', decoded='</s></s></s></s></s><'
Perplexity: Written 492/85610 entries to perplexity result file (batch 82/14269)
Processing batch 83/14269
Warning: Decoded text differs from trimmed prompt
  Trimmed prompt length: 388, Decoded text length: 390
[DEBUG] First difference at position 1: prompt='s', decoded='/'
[DEBUG] Context: prompt='<s>[INST] Which of th', decoded='</s></s></s></s></s><'
Warning: Decoded text differs from trimmed prompt
  Trimmed prompt length: 372, Decoded text length: 369
[DEBUG] First difference at position 1: prompt='s', decoded='/'
[DEBUG] Context: prompt='<s>[INST] Which of th', decoded='</s></s></s></s></s><'
Warning: Decoded text differs from trimmed prompt
  Trimmed prompt length: 341, Decoded text length: 371
[DEBUG] First difference at position 1: prompt='s', decoded='/'
[DEBUG] Context: prompt='<s>[INST] The distanc', decoded='</s></s></s></s></s><'
Warning: Decoded text differs from trimmed prompt
  Trimmed prompt length: 341, Decoded text length: 371
[DEBUG] First difference at position 1: prompt='s', decoded='/'
[DEBUG] Context: prompt='<s>[INST] The distanc', decoded='</s></s></s></s></s><'
Warning: Decoded text differs from trimmed prompt
  Trimmed prompt length: 409, Decoded text length: 410
[DEBUG] First difference at position 3: prompt='[', decoded=' '
[DEBUG] Context: prompt='<s>[INST] Why did Ptole', decoded='<s> [INST] Why did Ptol'
Warning: Decoded text differs from trimmed prompt
  Trimmed prompt length: 352, Decoded text length: 351
[DEBUG] First difference at position 1: prompt='s', decoded='/'
[DEBUG] Context: prompt='<s>[INST] Why did Pto', decoded='</s></s></s></s></s><'
Perplexity: Written 498/85610 entries to perplexity result file (batch 83/14269)
Processing batch 84/14269
Warning: Decoded text differs from trimmed prompt
  Trimmed prompt length: 255, Decoded text length: 258
[DEBUG] First difference at position 1: prompt='s', decoded='/'
[DEBUG] Context: prompt='<s>[INST] Which plane', decoded='</s></s></s></s><s> ['
[WARNING] in lang en, index 357: No tokens were selected by the answer mask for perplexity calculation, setting perplexity to 1.0.
Warning: Decoded text differs from trimmed prompt
  Trimmed prompt length: 264, Decoded text length: 268
[DEBUG] First difference at position 1: prompt='s', decoded='/'
[DEBUG] Context: prompt='<s>[INST] Which plane', decoded='</s></s><s> [INST] Wh'
[WARNING] in lang en, index 357: No tokens were selected by the answer mask for perplexity calculation, setting perplexity to 1.0.
Warning: Decoded text differs from trimmed prompt
  Trimmed prompt length: 217, Decoded text length: 203
[DEBUG] First difference at position 1: prompt='s', decoded='/'
[DEBUG] Context: prompt='<s>[INST] The sky is ', decoded='</s></s></s></s></s><'
Warning: Decoded text differs from trimmed prompt
  Trimmed prompt length: 188, Decoded text length: 179
[DEBUG] First difference at position 1: prompt='s', decoded='/'
[DEBUG] Context: prompt='<s>[INST] The sky is ', decoded='</s></s></s></s></s><'
Warning: Decoded text differs from trimmed prompt
  Trimmed prompt length: 321, Decoded text length: 322
[DEBUG] First difference at position 3: prompt='[', decoded=' '
[DEBUG] Context: prompt='<s>[INST] What are the ', decoded='<s> [INST] What are the'
Warning: Decoded text differs from trimmed prompt
  Trimmed prompt length: 283, Decoded text length: 275
[DEBUG] First difference at position 1: prompt='s', decoded='/'
[DEBUG] Context: prompt='<s>[INST] What are th', decoded='</s></s></s></s></s><'
Perplexity: Written 504/85610 entries to perplexity result file (batch 84/14269)
Processing batch 85/14269
Warning: Decoded text differs from trimmed prompt
  Trimmed prompt length: 230, Decoded text length: 232
[DEBUG] First difference at position 1: prompt='s', decoded='/'
[DEBUG] Context: prompt='<s>[INST] Where are t', decoded='</s></s></s></s></s><'
Warning: Decoded text differs from trimmed prompt
  Trimmed prompt length: 211, Decoded text length: 205
[DEBUG] First difference at position 1: prompt='s', decoded='/'
[DEBUG] Context: prompt='<s>[INST] Where are t', decoded='</s></s></s></s></s><'
Warning: Decoded text differs from trimmed prompt
  Trimmed prompt length: 290, Decoded text length: 326
[DEBUG] First difference at position 1: prompt='s', decoded='/'
[DEBUG] Context: prompt='<s>[INST] Which of th', decoded='</s></s></s></s></s><'
Warning: Decoded text differs from trimmed prompt
  Trimmed prompt length: 290, Decoded text length: 324
[DEBUG] First difference at position 1: prompt='s', decoded='/'
[DEBUG] Context: prompt='<s>[INST] Which of th', decoded='</s></s></s></s></s><'
Warning: Decoded text differs from trimmed prompt
  Trimmed prompt length: 462, Decoded text length: 463
[DEBUG] First difference at position 3: prompt='[', decoded=' '
[DEBUG] Context: prompt='<s>[INST] Mars has an a', decoded='<s> [INST] Mars has an '
Warning: Decoded text differs from trimmed prompt
  Trimmed prompt length: 461, Decoded text length: 462
[DEBUG] First difference at position 1: prompt='s', decoded='/'
[DEBUG] Context: prompt='<s>[INST] Mars has an', decoded='</s><s> [INST] Mars h'
Perplexity: Written 510/85610 entries to perplexity result file (batch 85/14269)
Processing batch 86/14269
Warning: Decoded text differs from trimmed prompt
  Trimmed prompt length: 437, Decoded text length: 426
[DEBUG] First difference at position 1: prompt='s', decoded='/'
[DEBUG] Context: prompt="<s>[INST] You've made", decoded='</s></s></s></s></s><'
Warning: Decoded text differs from trimmed prompt
  Trimmed prompt length: 414, Decoded text length: 367
[DEBUG] First difference at position 1: prompt='s', decoded='/'
[DEBUG] Context: prompt="<s>[INST] You've made", decoded='</s></s></s></s></s><'
[WARNING] in lang en, index 364: No tokens were selected by the answer mask for perplexity calculation, setting perplexity to 1.0.
Warning: Decoded text differs from trimmed prompt
  Trimmed prompt length: 334, Decoded text length: 317
[DEBUG] First difference at position 1: prompt='s', decoded='/'
[DEBUG] Context: prompt='<s>[INST] Why do Uran', decoded='</s></s></s></s></s><'
Warning: Decoded text differs from trimmed prompt
  Trimmed prompt length: 339, Decoded text length: 346
[DEBUG] First difference at position 1: prompt='s', decoded='/'
[DEBUG] Context: prompt='<s>[INST] Why do Uran', decoded='</s></s></s></s></s><'
Warning: Decoded text differs from trimmed prompt
  Trimmed prompt length: 605, Decoded text length: 606
[DEBUG] First difference at position 1: prompt='s', decoded='/'
[DEBUG] Context: prompt='<s>[INST] Why do scie', decoded='</s><s> [INST] Why do'
Warning: Decoded text differs from trimmed prompt
  Trimmed prompt length: 622, Decoded text length: 623
[DEBUG] First difference at position 3: prompt='[', decoded=' '
[DEBUG] Context: prompt='<s>[INST] Why do scient', decoded='<s> [INST] Why do scien'
Perplexity: Written 516/85610 entries to perplexity result file (batch 86/14269)
Processing batch 87/14269
Warning: Decoded text differs from trimmed prompt
  Trimmed prompt length: 399, Decoded text length: 340
[DEBUG] First difference at position 1: prompt='s', decoded='/'
[DEBUG] Context: prompt='<s>[INST] How do astr', decoded='</s></s></s></s></s><'
[WARNING] in lang en, index 368: No tokens were selected by the answer mask for perplexity calculation, setting perplexity to 1.0.
Warning: Decoded text differs from trimmed prompt
  Trimmed prompt length: 375, Decoded text length: 330
[DEBUG] First difference at position 1: prompt='s', decoded='/'
[DEBUG] Context: prompt='<s>[INST] How do astr', decoded='</s></s></s></s></s><'
[WARNING] in lang en, index 368: No tokens were selected by the answer mask for perplexity calculation, setting perplexity to 1.0.
Warning: Decoded text differs from trimmed prompt
  Trimmed prompt length: 314, Decoded text length: 320
[DEBUG] First difference at position 1: prompt='s', decoded='/'
[DEBUG] Context: prompt='<s>[INST] Which of th', decoded='</s></s></s></s></s><'
[WARNING] in lang en, index 373: No tokens were selected by the answer mask for perplexity calculation, setting perplexity to 1.0.
Warning: Decoded text differs from trimmed prompt
  Trimmed prompt length: 305, Decoded text length: 317
[DEBUG] First difference at position 1: prompt='s', decoded='/'
[DEBUG] Context: prompt='<s>[INST] Which of th', decoded='</s></s></s></s></s><'
[WARNING] in lang en, index 373: No tokens were selected by the answer mask for perplexity calculation, setting perplexity to 1.0.
Warning: Decoded text differs from trimmed prompt
  Trimmed prompt length: 458, Decoded text length: 459
[DEBUG] First difference at position 1: prompt='s', decoded='/'
[DEBUG] Context: prompt='<s>[INST] Why do jovi', decoded='</s><s> [INST] Why do'
Warning: Decoded text differs from trimmed prompt
  Trimmed prompt length: 474, Decoded text length: 475
[DEBUG] First difference at position 3: prompt='[', decoded=' '
[DEBUG] Context: prompt='<s>[INST] Why do jovian', decoded='<s> [INST] Why do jovia'
Perplexity: Written 522/85610 entries to perplexity result file (batch 87/14269)
Processing batch 88/14269
Warning: Decoded text differs from trimmed prompt
  Trimmed prompt length: 302, Decoded text length: 238
[DEBUG] First difference at position 1: prompt='s', decoded='/'
[DEBUG] Context: prompt='<s>[INST] How do astr', decoded='</s></s></s></s></s><'
Warning: Decoded text differs from trimmed prompt
  Trimmed prompt length: 305, Decoded text length: 249
[DEBUG] First difference at position 1: prompt='s', decoded='/'
[DEBUG] Context: prompt='<s>[INST] How do astr', decoded='</s></s></s></s></s><'
Warning: Decoded text differs from trimmed prompt
  Trimmed prompt length: 330, Decoded text length: 314
[DEBUG] First difference at position 1: prompt='s', decoded='/'
[DEBUG] Context: prompt='<s>[INST] What define', decoded='</s></s></s></s></s><'
Warning: Decoded text differs from trimmed prompt
  Trimmed prompt length: 292, Decoded text length: 269
[DEBUG] First difference at position 1: prompt='s', decoded='/'
[DEBUG] Context: prompt='<s>[INST] What define', decoded='</s></s></s></s></s><'
Warning: Decoded text differs from trimmed prompt
  Trimmed prompt length: 561, Decoded text length: 565
[DEBUG] First difference at position 1: prompt='s', decoded='/'
[DEBUG] Context: prompt='<s>[INST] Why are Cep', decoded='</s></s><s> [INST] Wh'
[WARNING] in lang en, index 379: No tokens were selected by the answer mask for perplexity calculation, setting perplexity to 1.0.
Warning: Decoded text differs from trimmed prompt
  Trimmed prompt length: 566, Decoded text length: 567
[DEBUG] First difference at position 3: prompt='[', decoded=' '
[DEBUG] Context: prompt='<s>[INST] Why are Cephe', decoded='<s> [INST] Why are Ceph'
[WARNING] in lang en, index 379: No tokens were selected by the answer mask for perplexity calculation, setting perplexity to 1.0.
Perplexity: Written 528/85610 entries to perplexity result file (batch 88/14269)
Processing batch 89/14269
Warning: Decoded text differs from trimmed prompt
  Trimmed prompt length: 234, Decoded text length: 241
[DEBUG] First difference at position 1: prompt='s', decoded='/'
[DEBUG] Context: prompt='<s>[INST] What is the', decoded='</s></s></s><s> [INST'
Warning: Decoded text differs from trimmed prompt
  Trimmed prompt length: 251, Decoded text length: 252
[DEBUG] First difference at position 3: prompt='[', decoded=' '
[DEBUG] Context: prompt='<s>[INST] What is the s', decoded='<s> [INST] What is the '
Warning: Decoded text differs from trimmed prompt
  Trimmed prompt length: 208, Decoded text length: 210
[DEBUG] First difference at position 1: prompt='s', decoded='/'
[DEBUG] Context: prompt='<s>[INST] How are pla', decoded='</s></s></s></s></s><'
Warning: Decoded text differs from trimmed prompt
  Trimmed prompt length: 206, Decoded text length: 201
[DEBUG] First difference at position 1: prompt='s', decoded='/'
[DEBUG] Context: prompt='<s>[INST] How are pla', decoded='</s></s></s></s></s><'
Warning: Decoded text differs from trimmed prompt
  Trimmed prompt length: 184, Decoded text length: 181
[DEBUG] First difference at position 1: prompt='s', decoded='/'
[DEBUG] Context: prompt='<s>[INST] The lunar m', decoded='</s></s></s></s></s><'
Warning: Decoded text differs from trimmed prompt
  Trimmed prompt length: 176, Decoded text length: 177
[DEBUG] First difference at position 1: prompt='s', decoded='/'
[DEBUG] Context: prompt='<s>[INST] The lunar m', decoded='</s></s></s></s></s><'
Perplexity: Written 534/85610 entries to perplexity result file (batch 89/14269)
Processing batch 90/14269
Warning: Decoded text differs from trimmed prompt
  Trimmed prompt length: 176, Decoded text length: 176
[DEBUG] First difference at position 1: prompt='s', decoded='/'
[DEBUG] Context: prompt='<s>[INST] One astrono', decoded='</s></s></s></s></s><'
Warning: Decoded text differs from trimmed prompt
  Trimmed prompt length: 176, Decoded text length: 176
[DEBUG] First difference at position 1: prompt='s', decoded='/'
[DEBUG] Context: prompt='<s>[INST] One astrono', decoded='</s></s></s></s></s><'
Warning: Decoded text differs from trimmed prompt
  Trimmed prompt length: 478, Decoded text length: 479
[DEBUG] First difference at position 3: prompt='[', decoded=' '
[DEBUG] Context: prompt='<s>[INST] _______ such ', decoded='<s> [INST] _______ such'
Warning: Decoded text differs from trimmed prompt
  Trimmed prompt length: 490, Decoded text length: 491
[DEBUG] First difference at position 1: prompt='s', decoded='/'
[DEBUG] Context: prompt='<s>[INST] _______ suc', decoded='</s><s> [INST] ______'
Warning: Decoded text differs from trimmed prompt
  Trimmed prompt length: 321, Decoded text length: 319
[DEBUG] First difference at position 1: prompt='s', decoded='/'
[DEBUG] Context: prompt='<s>[INST] Typical adv', decoded='</s></s></s></s></s><'
Warning: Decoded text differs from trimmed prompt
  Trimmed prompt length: 320, Decoded text length: 319
[DEBUG] First difference at position 1: prompt='s', decoded='/'
[DEBUG] Context: prompt='<s>[INST] Typical adv', decoded='</s></s></s></s></s><'
Perplexity: Written 540/85610 entries to perplexity result file (batch 90/14269)
Processing batch 91/14269
Warning: Decoded text differs from trimmed prompt
  Trimmed prompt length: 366, Decoded text length: 288
[DEBUG] First difference at position 1: prompt='s', decoded='/'
[DEBUG] Context: prompt='<s>[INST] ______ are ', decoded='</s></s></s></s></s><'
[WARNING] in lang en, index 389: No tokens were selected by the answer mask for perplexity calculation, setting perplexity to 1.0.
Warning: Decoded text differs from trimmed prompt
  Trimmed prompt length: 366, Decoded text length: 288
[DEBUG] First difference at position 1: prompt='s', decoded='/'
[DEBUG] Context: prompt='<s>[INST] ______ are ', decoded='</s></s></s></s></s><'
[WARNING] in lang en, index 389: No tokens were selected by the answer mask for perplexity calculation, setting perplexity to 1.0.
Warning: Decoded text differs from trimmed prompt
  Trimmed prompt length: 538, Decoded text length: 497
[DEBUG] First difference at position 1: prompt='s', decoded='/'
[DEBUG] Context: prompt='<s>[INST]  ______ is ', decoded='</s></s></s></s></s><'
[WARNING] in lang en, index 390: No tokens were selected by the answer mask for perplexity calculation, setting perplexity to 1.0.
Warning: Decoded text differs from trimmed prompt
  Trimmed prompt length: 533, Decoded text length: 487
[DEBUG] First difference at position 1: prompt='s', decoded='/'
[DEBUG] Context: prompt='<s>[INST]  ______ is ', decoded='</s></s></s></s></s><'
[WARNING] in lang en, index 390: No tokens were selected by the answer mask for perplexity calculation, setting perplexity to 1.0.
Warning: Decoded text differs from trimmed prompt
  Trimmed prompt length: 789, Decoded text length: 790
[DEBUG] First difference at position 1: prompt='s', decoded='/'
[DEBUG] Context: prompt='<s>[INST]  _______ ca', decoded='</s><s> [INST]  _____'
Warning: Decoded text differs from trimmed prompt
  Trimmed prompt length: 789, Decoded text length: 790
[DEBUG] First difference at position 3: prompt='[', decoded=' '
[DEBUG] Context: prompt='<s>[INST]  _______ can ', decoded='<s> [INST]  _______ can'
Perplexity: Written 546/85610 entries to perplexity result file (batch 91/14269)
Processing batch 92/14269
Warning: Decoded text differs from trimmed prompt
  Trimmed prompt length: 456, Decoded text length: 460
[DEBUG] First difference at position 1: prompt='s', decoded='/'
[DEBUG] Context: prompt='<s>[INST] Although co', decoded='</s></s><s> [INST] Al'
Warning: Decoded text differs from trimmed prompt
  Trimmed prompt length: 457, Decoded text length: 458
[DEBUG] First difference at position 3: prompt='[', decoded=' '
[DEBUG] Context: prompt='<s>[INST] Although corp', decoded='<s> [INST] Although cor'
Warning: Decoded text differs from trimmed prompt
  Trimmed prompt length: 319, Decoded text length: 290
[DEBUG] First difference at position 1: prompt='s', decoded='/'
[DEBUG] Context: prompt='<s>[INST] What does M', decoded='</s></s></s></s></s><'
Warning: Decoded text differs from trimmed prompt
  Trimmed prompt length: 335, Decoded text length: 292
[DEBUG] First difference at position 1: prompt='s', decoded='/'
[DEBUG] Context: prompt='<s>[INST] What does M', decoded='</s></s></s></s></s><'
Warning: Decoded text differs from trimmed prompt
  Trimmed prompt length: 326, Decoded text length: 315
[DEBUG] First difference at position 1: prompt='s', decoded='/'
[DEBUG] Context: prompt='<s>[INST] _______ wor', decoded='</s></s></s></s></s><'
Warning: Decoded text differs from trimmed prompt
  Trimmed prompt length: 324, Decoded text length: 304
[DEBUG] First difference at position 1: prompt='s', decoded='/'
[DEBUG] Context: prompt='<s>[INST] _______ wor', decoded='</s></s></s></s></s><'
Perplexity: Written 552/85610 entries to perplexity result file (batch 92/14269)
Processing batch 93/14269
Warning: Decoded text differs from trimmed prompt
  Trimmed prompt length: 412, Decoded text length: 413
[DEBUG] First difference at position 3: prompt='[', decoded=' '
[DEBUG] Context: prompt='<s>[INST]  What, accord', decoded='<s> [INST]  What, accor'
[WARNING] in lang en, index 397: No tokens were selected by the answer mask for perplexity calculation, setting perplexity to 1.0.
Warning: Decoded text differs from trimmed prompt
  Trimmed prompt length: 414, Decoded text length: 415
[DEBUG] First difference at position 1: prompt='s', decoded='/'
[DEBUG] Context: prompt='<s>[INST]  What, acco', decoded='</s><s> [INST]  What,'
[WARNING] in lang en, index 397: No tokens were selected by the answer mask for perplexity calculation, setting perplexity to 1.0.
Warning: Decoded text differs from trimmed prompt
  Trimmed prompt length: 423, Decoded text length: 402
[DEBUG] First difference at position 1: prompt='s', decoded='/'
[DEBUG] Context: prompt='<s>[INST] The UK Publ', decoded='</s></s></s></s></s><'
Warning: Decoded text differs from trimmed prompt
  Trimmed prompt length: 424, Decoded text length: 403
[DEBUG] First difference at position 1: prompt='s', decoded='/'
[DEBUG] Context: prompt='<s>[INST] The UK Publ', decoded='</s></s></s></s></s><'
Warning: Decoded text differs from trimmed prompt
  Trimmed prompt length: 219, Decoded text length: 208
[DEBUG] First difference at position 1: prompt='s', decoded='/'
[DEBUG] Context: prompt='<s>[INST] When the tr', decoded='</s></s></s></s></s><'
Warning: Decoded text differs from trimmed prompt
  Trimmed prompt length: 214, Decoded text length: 200
[DEBUG] First difference at position 1: prompt='s', decoded='/'
[DEBUG] Context: prompt='<s>[INST] When the tr', decoded='</s></s></s></s></s><'
Perplexity: Written 558/85610 entries to perplexity result file (batch 93/14269)
Processing batch 94/14269
Warning: Decoded text differs from trimmed prompt
  Trimmed prompt length: 401, Decoded text length: 402
[DEBUG] First difference at position 3: prompt='[', decoded=' '
[DEBUG] Context: prompt='<s>[INST] What are the ', decoded='<s> [INST] What are the'
Warning: Decoded text differs from trimmed prompt
  Trimmed prompt length: 397, Decoded text length: 395
[DEBUG] First difference at position 1: prompt='s', decoded='/'
[DEBUG] Context: prompt='<s>[INST] What are th', decoded='</s></s><s> [INST] Wh'
Warning: Decoded text differs from trimmed prompt
  Trimmed prompt length: 392, Decoded text length: 364
[DEBUG] First difference at position 1: prompt='s', decoded='/'
[DEBUG] Context: prompt='<s>[INST] The Right t', decoded='</s></s></s></s></s><'
[WARNING] in lang en, index 402: No tokens were selected by the answer mask for perplexity calculation, setting perplexity to 1.0.
Warning: Decoded text differs from trimmed prompt
  Trimmed prompt length: 373, Decoded text length: 359
[DEBUG] First difference at position 1: prompt='s', decoded='/'
[DEBUG] Context: prompt='<s>[INST] The Right t', decoded='</s></s></s></s></s><'
[WARNING] in lang en, index 402: No tokens were selected by the answer mask for perplexity calculation, setting perplexity to 1.0.
Warning: Decoded text differs from trimmed prompt
  Trimmed prompt length: 391, Decoded text length: 340
[DEBUG] First difference at position 1: prompt='s', decoded='/'
[DEBUG] Context: prompt='<s>[INST] Which of th', decoded='</s></s></s></s></s><'
Warning: Decoded text differs from trimmed prompt
  Trimmed prompt length: 395, Decoded text length: 340
[DEBUG] First difference at position 1: prompt='s', decoded='/'
[DEBUG] Context: prompt='<s>[INST] Which of th', decoded='</s></s></s></s></s><'
Perplexity: Written 564/85610 entries to perplexity result file (batch 94/14269)
Processing batch 95/14269
Warning: Decoded text differs from trimmed prompt
  Trimmed prompt length: 626, Decoded text length: 616
[DEBUG] First difference at position 1: prompt='s', decoded='/'
[DEBUG] Context: prompt='<s>[INST] What is the', decoded='</s></s></s></s><s> ['
Warning: Decoded text differs from trimmed prompt
  Trimmed prompt length: 648, Decoded text length: 649
[DEBUG] First difference at position 3: prompt='[', decoded=' '
[DEBUG] Context: prompt='<s>[INST] What is the e', decoded='<s> [INST] What is the '
Warning: Decoded text differs from trimmed prompt
  Trimmed prompt length: 398, Decoded text length: 359
[DEBUG] First difference at position 1: prompt='s', decoded='/'
[DEBUG] Context: prompt='<s>[INST] ________ is', decoded='</s></s></s></s></s><'
[WARNING] in lang en, index 405: No tokens were selected by the answer mask for perplexity calculation, setting perplexity to 1.0.
Warning: Decoded text differs from trimmed prompt
  Trimmed prompt length: 400, Decoded text length: 362
[DEBUG] First difference at position 1: prompt='s', decoded='/'
[DEBUG] Context: prompt='<s>[INST] ________ is', decoded='</s></s></s></s></s><'
[WARNING] in lang en, index 405: No tokens were selected by the answer mask for perplexity calculation, setting perplexity to 1.0.
Warning: Decoded text differs from trimmed prompt
  Trimmed prompt length: 543, Decoded text length: 526
[DEBUG] First difference at position 1: prompt='s', decoded='/'
[DEBUG] Context: prompt='<s>[INST] The Theory ', decoded='</s></s></s></s></s><'
Warning: Decoded text differs from trimmed prompt
  Trimmed prompt length: 530, Decoded text length: 506
[DEBUG] First difference at position 1: prompt='s', decoded='/'
[DEBUG] Context: prompt='<s>[INST] The Theory ', decoded='</s></s></s></s></s><'
Perplexity: Written 570/85610 entries to perplexity result file (batch 95/14269)
Processing batch 96/14269
Warning: Decoded text differs from trimmed prompt
  Trimmed prompt length: 539, Decoded text length: 540
[DEBUG] First difference at position 3: prompt='[', decoded=' '
[DEBUG] Context: prompt='<s>[INST] _______ theor', decoded='<s> [INST] _______ theo'
Warning: Decoded text differs from trimmed prompt
  Trimmed prompt length: 537, Decoded text length: 538
[DEBUG] First difference at position 3: prompt='[', decoded=' '
[DEBUG] Context: prompt='<s>[INST] _______ theor', decoded='<s> [INST] _______ theo'
Warning: Decoded text differs from trimmed prompt
  Trimmed prompt length: 284, Decoded text length: 235
[DEBUG] First difference at position 1: prompt='s', decoded='/'
[DEBUG] Context: prompt='<s>[INST] Better acce', decoded='</s></s></s></s></s><'
[WARNING] in lang en, index 411: No tokens were selected by the answer mask for perplexity calculation, setting perplexity to 1.0.
Warning: Decoded text differs from trimmed prompt
  Trimmed prompt length: 282, Decoded text length: 235
[DEBUG] First difference at position 1: prompt='s', decoded='/'
[DEBUG] Context: prompt='<s>[INST] Better acce', decoded='</s></s></s></s></s><'
[WARNING] in lang en, index 411: No tokens were selected by the answer mask for perplexity calculation, setting perplexity to 1.0.
Warning: Decoded text differs from trimmed prompt
  Trimmed prompt length: 296, Decoded text length: 241
[DEBUG] First difference at position 1: prompt='s', decoded='/'
[DEBUG] Context: prompt='<s>[INST] _______ is ', decoded='</s></s></s></s></s><'
[WARNING] in lang en, index 412: No tokens were selected by the answer mask for perplexity calculation, setting perplexity to 1.0.
Warning: Decoded text differs from trimmed prompt
  Trimmed prompt length: 289, Decoded text length: 237
[DEBUG] First difference at position 1: prompt='s', decoded='/'
[DEBUG] Context: prompt='<s>[INST] _______ is ', decoded='</s></s></s></s></s><'
[WARNING] in lang en, index 412: No tokens were selected by the answer mask for perplexity calculation, setting perplexity to 1.0.
Perplexity: Written 576/85610 entries to perplexity result file (batch 96/14269)
Processing batch 97/14269
Warning: Decoded text differs from trimmed prompt
  Trimmed prompt length: 280, Decoded text length: 231
[DEBUG] First difference at position 1: prompt='s', decoded='/'
[DEBUG] Context: prompt='<s>[INST] The degree ', decoded='</s></s></s></s></s><'
[WARNING] in lang en, index 413: No tokens were selected by the answer mask for perplexity calculation, setting perplexity to 1.0.
Warning: Decoded text differs from trimmed prompt
  Trimmed prompt length: 276, Decoded text length: 231
[DEBUG] First difference at position 1: prompt='s', decoded='/'
[DEBUG] Context: prompt='<s>[INST] The degree ', decoded='</s></s></s></s></s><'
[WARNING] in lang en, index 413: No tokens were selected by the answer mask for perplexity calculation, setting perplexity to 1.0.
Warning: Decoded text differs from trimmed prompt
  Trimmed prompt length: 561, Decoded text length: 562
[DEBUG] First difference at position 3: prompt='[', decoded=' '
[DEBUG] Context: prompt='<s>[INST]  _________, s', decoded='<s> [INST]  _________, '
Warning: Decoded text differs from trimmed prompt
  Trimmed prompt length: 559, Decoded text length: 560
[DEBUG] First difference at position 1: prompt='s', decoded='/'
[DEBUG] Context: prompt='<s>[INST]  _________,', decoded='</s><s> [INST]  _____'
Warning: Decoded text differs from trimmed prompt
  Trimmed prompt length: 418, Decoded text length: 413
[DEBUG] First difference at position 1: prompt='s', decoded='/'
[DEBUG] Context: prompt='<s>[INST] The so-call', decoded='</s></s></s></s></s><'
Warning: Decoded text differs from trimmed prompt
  Trimmed prompt length: 419, Decoded text length: 414
[DEBUG] First difference at position 1: prompt='s', decoded='/'
[DEBUG] Context: prompt='<s>[INST] The so-call', decoded='</s></s></s></s></s><'
Perplexity: Written 582/85610 entries to perplexity result file (batch 97/14269)
Processing batch 98/14269
Warning: Decoded text differs from trimmed prompt
  Trimmed prompt length: 390, Decoded text length: 388
[DEBUG] First difference at position 1: prompt='s', decoded='/'
[DEBUG] Context: prompt='<s>[INST] Ethical iss', decoded='</s></s></s></s></s><'
Warning: Decoded text differs from trimmed prompt
  Trimmed prompt length: 382, Decoded text length: 382
[DEBUG] First difference at position 1: prompt='s', decoded='/'
[DEBUG] Context: prompt='<s>[INST] Ethical iss', decoded='</s></s></s></s></s><'
Warning: Decoded text differs from trimmed prompt
  Trimmed prompt length: 447, Decoded text length: 448
[DEBUG] First difference at position 3: prompt='[', decoded=' '
[DEBUG] Context: prompt='<s>[INST] In order to t', decoded='<s> [INST] In order to '
Warning: Decoded text differs from trimmed prompt
  Trimmed prompt length: 445, Decoded text length: 446
[DEBUG] First difference at position 3: prompt='[', decoded=' '
[DEBUG] Context: prompt='<s>[INST] In order to t', decoded='<s> [INST] In order to '
Warning: Decoded text differs from trimmed prompt
  Trimmed prompt length: 285, Decoded text length: 250
[DEBUG] First difference at position 1: prompt='s', decoded='/'
[DEBUG] Context: prompt='<s>[INST] Pick the co', decoded='</s></s></s></s></s><'
Warning: Decoded text differs from trimmed prompt
  Trimmed prompt length: 289, Decoded text length: 250
[DEBUG] First difference at position 1: prompt='s', decoded='/'
[DEBUG] Context: prompt='<s>[INST] Pick the co', decoded='</s></s></s></s></s><'
Perplexity: Written 588/85610 entries to perplexity result file (batch 98/14269)
Processing batch 99/14269
Warning: Decoded text differs from trimmed prompt
  Trimmed prompt length: 407, Decoded text length: 408
[DEBUG] First difference at position 3: prompt='[', decoded=' '
[DEBUG] Context: prompt='<s>[INST] Cognitive ___', decoded='<s> [INST] Cognitive __'
Warning: Decoded text differs from trimmed prompt
  Trimmed prompt length: 416, Decoded text length: 417
[DEBUG] First difference at position 3: prompt='[', decoded=' '
[DEBUG] Context: prompt='<s>[INST] Cognitive ___', decoded='<s> [INST] Cognitive __'
Warning: Decoded text differs from trimmed prompt
  Trimmed prompt length: 330, Decoded text length: 313
[DEBUG] First difference at position 1: prompt='s', decoded='/'
[DEBUG] Context: prompt='<s>[INST] ___________', decoded='</s></s></s></s></s><'
[WARNING] in lang en, index 423: No tokens were selected by the answer mask for perplexity calculation, setting perplexity to 1.0.
Warning: Decoded text differs from trimmed prompt
  Trimmed prompt length: 340, Decoded text length: 326
[DEBUG] First difference at position 1: prompt='s', decoded='/'
[DEBUG] Context: prompt='<s>[INST] ___________', decoded='</s></s></s></s></s><'
[WARNING] in lang en, index 423: No tokens were selected by the answer mask for perplexity calculation, setting perplexity to 1.0.
Warning: Decoded text differs from trimmed prompt
  Trimmed prompt length: 457, Decoded text length: 437
[DEBUG] First difference at position 1: prompt='s', decoded='/'
[DEBUG] Context: prompt='<s>[INST] Which of th', decoded='</s></s></s></s></s><'
Warning: Decoded text differs from trimmed prompt
  Trimmed prompt length: 451, Decoded text length: 438
[DEBUG] First difference at position 1: prompt='s', decoded='/'
[DEBUG] Context: prompt='<s>[INST] Which of th', decoded='</s></s></s></s></s><'
Perplexity: Written 594/85610 entries to perplexity result file (batch 99/14269)
Processing batch 100/14269
Warning: Decoded text differs from trimmed prompt
  Trimmed prompt length: 435, Decoded text length: 436
[DEBUG] First difference at position 3: prompt='[', decoded=' '
[DEBUG] Context: prompt='<s>[INST] A(n) ________', decoded='<s> [INST] A(n) _______'
Warning: Decoded text differs from trimmed prompt
  Trimmed prompt length: 438, Decoded text length: 439
[DEBUG] First difference at position 3: prompt='[', decoded=' '
[DEBUG] Context: prompt='<s>[INST] A(n) ________', decoded='<s> [INST] A(n) _______'
Warning: Decoded text differs from trimmed prompt
  Trimmed prompt length: 295, Decoded text length: 282
[DEBUG] First difference at position 1: prompt='s', decoded='/'
[DEBUG] Context: prompt='<s>[INST] The extent ', decoded='</s></s></s></s></s><'
[WARNING] in lang en, index 429: No tokens were selected by the answer mask for perplexity calculation, setting perplexity to 1.0.
Warning: Decoded text differs from trimmed prompt
  Trimmed prompt length: 297, Decoded text length: 299
[DEBUG] First difference at position 1: prompt='s', decoded='/'
[DEBUG] Context: prompt='<s>[INST] The extent ', decoded='</s></s></s></s></s><'
[WARNING] in lang en, index 429: No tokens were selected by the answer mask for perplexity calculation, setting perplexity to 1.0.
Warning: Decoded text differs from trimmed prompt
  Trimmed prompt length: 315, Decoded text length: 300
[DEBUG] First difference at position 1: prompt='s', decoded='/'
[DEBUG] Context: prompt='<s>[INST] ________ is', decoded='</s></s></s></s></s><'
Warning: Decoded text differs from trimmed prompt
  Trimmed prompt length: 325, Decoded text length: 302
[DEBUG] First difference at position 1: prompt='s', decoded='/'
[DEBUG] Context: prompt='<s>[INST] ________ is', decoded='</s></s></s></s></s><'
Perplexity: Written 600/85610 entries to perplexity result file (batch 100/14269)
Processing batch 101/14269
Warning: Decoded text differs from trimmed prompt
  Trimmed prompt length: 227, Decoded text length: 220
[DEBUG] First difference at position 1: prompt='s', decoded='/'
[DEBUG] Context: prompt='<s>[INST] The extent ', decoded='</s></s></s></s></s><'
[WARNING] in lang en, index 432: No tokens were selected by the answer mask for perplexity calculation, setting perplexity to 1.0.
Warning: Decoded text differs from trimmed prompt
  Trimmed prompt length: 228, Decoded text length: 217
[DEBUG] First difference at position 1: prompt='s', decoded='/'
[DEBUG] Context: prompt='<s>[INST] The extent ', decoded='</s></s></s></s></s><'
[WARNING] in lang en, index 432: No tokens were selected by the answer mask for perplexity calculation, setting perplexity to 1.0.
Warning: Decoded text differs from trimmed prompt
  Trimmed prompt length: 320, Decoded text length: 321
[DEBUG] First difference at position 1: prompt='s', decoded='/'
[DEBUG] Context: prompt='<s>[INST] What term c', decoded='</s><s> [INST] What t'
[WARNING] in lang en, index 434: No tokens were selected by the answer mask for perplexity calculation, setting perplexity to 1.0.
Warning: Decoded text differs from trimmed prompt
  Trimmed prompt length: 316, Decoded text length: 317
[DEBUG] First difference at position 3: prompt='[', decoded=' '
[DEBUG] Context: prompt='<s>[INST] What term can', decoded='<s> [INST] What term ca'
[WARNING] in lang en, index 434: No tokens were selected by the answer mask for perplexity calculation, setting perplexity to 1.0.
Warning: Decoded text differs from trimmed prompt
  Trimmed prompt length: 279, Decoded text length: 276
[DEBUG] First difference at position 1: prompt='s', decoded='/'
[DEBUG] Context: prompt='<s>[INST] According C', decoded='</s></s></s></s></s><'
Warning: Decoded text differs from trimmed prompt
  Trimmed prompt length: 280, Decoded text length: 272
[DEBUG] First difference at position 1: prompt='s', decoded='/'
[DEBUG] Context: prompt='<s>[INST] According C', decoded='</s></s></s></s></s><'
Perplexity: Written 606/85610 entries to perplexity result file (batch 101/14269)
Processing batch 102/14269
Warning: Decoded text differs from trimmed prompt
  Trimmed prompt length: 588, Decoded text length: 589
[DEBUG] First difference at position 3: prompt='[', decoded=' '
[DEBUG] Context: prompt='<s>[INST] Affirmative a', decoded='<s> [INST] Affirmative '
Warning: Decoded text differs from trimmed prompt
  Trimmed prompt length: 584, Decoded text length: 585
[DEBUG] First difference at position 1: prompt='s', decoded='/'
[DEBUG] Context: prompt='<s>[INST] Affirmative', decoded='</s><s> [INST] Affirm'
Warning: Decoded text differs from trimmed prompt
  Trimmed prompt length: 457, Decoded text length: 453
[DEBUG] First difference at position 1: prompt='s', decoded='/'
[DEBUG] Context: prompt='<s>[INST] Traditional', decoded='</s></s></s></s></s><'
Warning: Decoded text differs from trimmed prompt
  Trimmed prompt length: 458, Decoded text length: 454
[DEBUG] First difference at position 1: prompt='s', decoded='/'
[DEBUG] Context: prompt='<s>[INST] Traditional', decoded='</s></s></s></s></s><'
Warning: Decoded text differs from trimmed prompt
  Trimmed prompt length: 229, Decoded text length: 204
[DEBUG] First difference at position 1: prompt='s', decoded='/'
[DEBUG] Context: prompt='<s>[INST] The state o', decoded='</s></s></s></s></s><'
Warning: Decoded text differs from trimmed prompt
  Trimmed prompt length: 225, Decoded text length: 200
[DEBUG] First difference at position 1: prompt='s', decoded='/'
[DEBUG] Context: prompt='<s>[INST] The state o', decoded='</s></s></s></s></s><'
[WARNING] in lang en, index 439: No tokens were selected by the answer mask for perplexity calculation, setting perplexity to 1.0.
Perplexity: Written 612/85610 entries to perplexity result file (batch 102/14269)
Processing batch 103/14269
Warning: Decoded text differs from trimmed prompt
  Trimmed prompt length: 542, Decoded text length: 543
[DEBUG] First difference at position 3: prompt='[', decoded=' '
[DEBUG] Context: prompt='<s>[INST] According to ', decoded='<s> [INST] According to'
[WARNING] in lang en, index 440: No tokens were selected by the answer mask for perplexity calculation, setting perplexity to 1.0.
Warning: Decoded text differs from trimmed prompt
  Trimmed prompt length: 540, Decoded text length: 544
[DEBUG] First difference at position 1: prompt='s', decoded='/'
[DEBUG] Context: prompt='<s>[INST] According t', decoded='</s></s><s> [INST] Ac'
[WARNING] in lang en, index 440: No tokens were selected by the answer mask for perplexity calculation, setting perplexity to 1.0.
Warning: Decoded text differs from trimmed prompt
  Trimmed prompt length: 405, Decoded text length: 384
[DEBUG] First difference at position 1: prompt='s', decoded='/'
[DEBUG] Context: prompt='<s>[INST] _______ and', decoded='</s></s></s></s></s><'
Warning: Decoded text differs from trimmed prompt
  Trimmed prompt length: 383, Decoded text length: 378
[DEBUG] First difference at position 1: prompt='s', decoded='/'
[DEBUG] Context: prompt='<s>[INST] _______ and', decoded='</s></s></s></s></s><'
Warning: Decoded text differs from trimmed prompt
  Trimmed prompt length: 436, Decoded text length: 389
[DEBUG] First difference at position 1: prompt='s', decoded='/'
[DEBUG] Context: prompt='<s>[INST] ________ is', decoded='</s></s></s></s></s><'
Warning: Decoded text differs from trimmed prompt
  Trimmed prompt length: 454, Decoded text length: 389
[DEBUG] First difference at position 1: prompt='s', decoded='/'
[DEBUG] Context: prompt='<s>[INST] ________ is', decoded='</s></s></s></s></s><'
Perplexity: Written 618/85610 entries to perplexity result file (batch 103/14269)
Processing batch 104/14269
Warning: Decoded text differs from trimmed prompt
  Trimmed prompt length: 465, Decoded text length: 466
[DEBUG] First difference at position 3: prompt='[', decoded=' '
[DEBUG] Context: prompt='<s>[INST]  _______, whe', decoded='<s> [INST]  _______, wh'
Warning: Decoded text differs from trimmed prompt
  Trimmed prompt length: 465, Decoded text length: 466
[DEBUG] First difference at position 3: prompt='[', decoded=' '
[DEBUG] Context: prompt='<s>[INST]  _______, whe', decoded='<s> [INST]  _______, wh'
Warning: Decoded text differs from trimmed prompt
  Trimmed prompt length: 386, Decoded text length: 364
[DEBUG] First difference at position 1: prompt='s', decoded='/'
[DEBUG] Context: prompt='<s>[INST] Factors tha', decoded='</s></s></s></s></s><'
[WARNING] in lang en, index 447: No tokens were selected by the answer mask for perplexity calculation, setting perplexity to 1.0.
Warning: Decoded text differs from trimmed prompt
  Trimmed prompt length: 383, Decoded text length: 362
[DEBUG] First difference at position 1: prompt='s', decoded='/'
[DEBUG] Context: prompt='<s>[INST] Factors tha', decoded='</s></s></s></s></s><'
[WARNING] in lang en, index 447: No tokens were selected by the answer mask for perplexity calculation, setting perplexity to 1.0.
Warning: Decoded text differs from trimmed prompt
  Trimmed prompt length: 490, Decoded text length: 478
[DEBUG] First difference at position 1: prompt='s', decoded='/'
[DEBUG] Context: prompt='<s>[INST] The race to', decoded='</s></s></s></s><s> ['
Warning: Decoded text differs from trimmed prompt
  Trimmed prompt length: 490, Decoded text length: 478
[DEBUG] First difference at position 1: prompt='s', decoded='/'
[DEBUG] Context: prompt='<s>[INST] The race to', decoded='</s></s></s></s></s><'
Perplexity: Written 624/85610 entries to perplexity result file (batch 104/14269)
Processing batch 105/14269
Warning: Decoded text differs from trimmed prompt
  Trimmed prompt length: 499, Decoded text length: 506
[DEBUG] First difference at position 1: prompt='s', decoded='/'
[DEBUG] Context: prompt='<s>[INST] Managers ar', decoded='</s></s></s></s></s><'
Warning: Decoded text differs from trimmed prompt
  Trimmed prompt length: 498, Decoded text length: 505
[DEBUG] First difference at position 1: prompt='s', decoded='/'
[DEBUG] Context: prompt='<s>[INST] Managers ar', decoded='</s></s></s></s></s><'
Warning: Decoded text differs from trimmed prompt
  Trimmed prompt length: 313, Decoded text length: 322
[DEBUG] First difference at position 1: prompt='s', decoded='/'
[DEBUG] Context: prompt='<s>[INST] Replacing s', decoded='</s></s></s></s></s><'
Warning: Decoded text differs from trimmed prompt
  Trimmed prompt length: 313, Decoded text length: 333
[DEBUG] First difference at position 1: prompt='s', decoded='/'
[DEBUG] Context: prompt='<s>[INST] Replacing s', decoded='</s></s></s></s></s><'
Warning: Decoded text differs from trimmed prompt
  Trimmed prompt length: 612, Decoded text length: 613
[DEBUG] First difference at position 3: prompt='[', decoded=' '
[DEBUG] Context: prompt='<s>[INST] The _________', decoded='<s> [INST] The ________'
Warning: Decoded text differs from trimmed prompt
  Trimmed prompt length: 612, Decoded text length: 613
[DEBUG] First difference at position 3: prompt='[', decoded=' '
[DEBUG] Context: prompt='<s>[INST] The _________', decoded='<s> [INST] The ________'
Perplexity: Written 630/85610 entries to perplexity result file (batch 105/14269)
Processing batch 106/14269
Warning: Decoded text differs from trimmed prompt
  Trimmed prompt length: 334, Decoded text length: 349
[DEBUG] First difference at position 1: prompt='s', decoded='/'
[DEBUG] Context: prompt='<s>[INST] _______ loc', decoded='</s></s></s></s></s><'
Warning: Decoded text differs from trimmed prompt
  Trimmed prompt length: 331, Decoded text length: 338
[DEBUG] First difference at position 1: prompt='s', decoded='/'
[DEBUG] Context: prompt='<s>[INST] _______ loc', decoded='</s></s></s></s></s><'
Warning: Decoded text differs from trimmed prompt
  Trimmed prompt length: 286, Decoded text length: 263
[DEBUG] First difference at position 1: prompt='s', decoded='/'
[DEBUG] Context: prompt='<s>[INST] Under ethic', decoded='</s></s></s></s></s><'
[WARNING] in lang en, index 461: No tokens were selected by the answer mask for perplexity calculation, setting perplexity to 1.0.
Warning: Decoded text differs from trimmed prompt
  Trimmed prompt length: 286, Decoded text length: 263
[DEBUG] First difference at position 1: prompt='s', decoded='/'
[DEBUG] Context: prompt='<s>[INST] Under ethic', decoded='</s></s></s></s></s><'
[WARNING] in lang en, index 461: No tokens were selected by the answer mask for perplexity calculation, setting perplexity to 1.0.
Warning: Decoded text differs from trimmed prompt
  Trimmed prompt length: 593, Decoded text length: 594
[DEBUG] First difference at position 3: prompt='[', decoded=' '
[DEBUG] Context: prompt='<s>[INST]  Some of key ', decoded='<s> [INST]  Some of key'
Warning: Decoded text differs from trimmed prompt
  Trimmed prompt length: 587, Decoded text length: 591
[DEBUG] First difference at position 1: prompt='s', decoded='/'
[DEBUG] Context: prompt='<s>[INST]  Some of ke', decoded='</s></s><s> [INST]  S'
Perplexity: Written 636/85610 entries to perplexity result file (batch 106/14269)
Processing batch 107/14269
Warning: Decoded text differs from trimmed prompt
  Trimmed prompt length: 443, Decoded text length: 444
[DEBUG] First difference at position 3: prompt='[', decoded=' '
[DEBUG] Context: prompt='<s>[INST] ________ reas', decoded='<s> [INST] ________ rea'
Warning: Decoded text differs from trimmed prompt
  Trimmed prompt length: 430, Decoded text length: 431
[DEBUG] First difference at position 1: prompt='s', decoded='/'
[DEBUG] Context: prompt='<s>[INST] ________ re', decoded='</s></s></s></s></s><'
Warning: Decoded text differs from trimmed prompt
  Trimmed prompt length: 224, Decoded text length: 217
[DEBUG] First difference at position 1: prompt='s', decoded='/'
[DEBUG] Context: prompt='<s>[INST] What are, a', decoded='</s></s></s></s></s><'
Warning: Decoded text differs from trimmed prompt
  Trimmed prompt length: 227, Decoded text length: 217
[DEBUG] First difference at position 1: prompt='s', decoded='/'
[DEBUG] Context: prompt='<s>[INST] What are, a', decoded='</s></s></s></s></s><'
Warning: Decoded text differs from trimmed prompt
  Trimmed prompt length: 408, Decoded text length: 377
[DEBUG] First difference at position 1: prompt='s', decoded='/'
[DEBUG] Context: prompt='<s>[INST] The focus o', decoded='</s></s></s></s></s><'
[WARNING] in lang en, index 468: No tokens were selected by the answer mask for perplexity calculation, setting perplexity to 1.0.
Warning: Decoded text differs from trimmed prompt
  Trimmed prompt length: 413, Decoded text length: 384
[DEBUG] First difference at position 1: prompt='s', decoded='/'
[DEBUG] Context: prompt='<s>[INST] The focus o', decoded='</s></s></s></s></s><'
[WARNING] in lang en, index 468: No tokens were selected by the answer mask for perplexity calculation, setting perplexity to 1.0.
Perplexity: Written 642/85610 entries to perplexity result file (batch 107/14269)
Processing batch 108/14269
Warning: Decoded text differs from trimmed prompt
  Trimmed prompt length: 325, Decoded text length: 305
[DEBUG] First difference at position 1: prompt='s', decoded='/'
[DEBUG] Context: prompt='<s>[INST] Negative ad', decoded='</s></s></s></s></s><'
[WARNING] in lang en, index 469: No tokens were selected by the answer mask for perplexity calculation, setting perplexity to 1.0.
Warning: Decoded text differs from trimmed prompt
  Trimmed prompt length: 345, Decoded text length: 326
[DEBUG] First difference at position 1: prompt='s', decoded='/'
[DEBUG] Context: prompt='<s>[INST] Negative ad', decoded='</s></s></s></s></s><'
[WARNING] in lang en, index 469: No tokens were selected by the answer mask for perplexity calculation, setting perplexity to 1.0.
Warning: Decoded text differs from trimmed prompt
  Trimmed prompt length: 447, Decoded text length: 451
[DEBUG] First difference at position 1: prompt='s', decoded='/'
[DEBUG] Context: prompt='<s>[INST] The rise in', decoded='</s></s><s> [INST] Th'
Warning: Decoded text differs from trimmed prompt
  Trimmed prompt length: 445, Decoded text length: 446
[DEBUG] First difference at position 3: prompt='[', decoded=' '
[DEBUG] Context: prompt='<s>[INST] The rise in b', decoded='<s> [INST] The rise in '
Warning: Decoded text differs from trimmed prompt
  Trimmed prompt length: 302, Decoded text length: 297
[DEBUG] First difference at position 1: prompt='s', decoded='/'
[DEBUG] Context: prompt='<s>[INST] Healthy eat', decoded='</s></s></s></s></s><'
[WARNING] in lang en, index 474: No tokens were selected by the answer mask for perplexity calculation, setting perplexity to 1.0.
Warning: Decoded text differs from trimmed prompt
  Trimmed prompt length: 300, Decoded text length: 299
[DEBUG] First difference at position 1: prompt='s', decoded='/'
[DEBUG] Context: prompt='<s>[INST] Healthy eat', decoded='</s></s></s></s></s><'
[WARNING] in lang en, index 474: No tokens were selected by the answer mask for perplexity calculation, setting perplexity to 1.0.
Perplexity: Written 648/85610 entries to perplexity result file (batch 108/14269)
Processing batch 109/14269
Warning: Decoded text differs from trimmed prompt
  Trimmed prompt length: 288, Decoded text length: 221
[DEBUG] First difference at position 1: prompt='s', decoded='/'
[DEBUG] Context: prompt='<s>[INST] _______ is ', decoded='</s></s></s></s></s><'
[WARNING] in lang en, index 475: No tokens were selected by the answer mask for perplexity calculation, setting perplexity to 1.0.
Warning: Decoded text differs from trimmed prompt
  Trimmed prompt length: 294, Decoded text length: 234
[DEBUG] First difference at position 1: prompt='s', decoded='/'
[DEBUG] Context: prompt='<s>[INST] _______ is ', decoded='</s></s></s></s></s><'
[WARNING] in lang en, index 475: No tokens were selected by the answer mask for perplexity calculation, setting perplexity to 1.0.
Warning: Decoded text differs from trimmed prompt
  Trimmed prompt length: 356, Decoded text length: 307
[DEBUG] First difference at position 1: prompt='s', decoded='/'
[DEBUG] Context: prompt='<s>[INST] _________ a', decoded='</s></s></s></s></s><'
Warning: Decoded text differs from trimmed prompt
  Trimmed prompt length: 359, Decoded text length: 307
[DEBUG] First difference at position 1: prompt='s', decoded='/'
[DEBUG] Context: prompt='<s>[INST] _________ a', decoded='</s></s></s></s></s><'
Warning: Decoded text differs from trimmed prompt
  Trimmed prompt length: 424, Decoded text length: 428
[DEBUG] First difference at position 1: prompt='s', decoded='/'
[DEBUG] Context: prompt='<s>[INST] According t', decoded='</s></s><s> [INST] Ac'
Warning: Decoded text differs from trimmed prompt
  Trimmed prompt length: 429, Decoded text length: 430
[DEBUG] First difference at position 3: prompt='[', decoded=' '
[DEBUG] Context: prompt='<s>[INST] According to ', decoded='<s> [INST] According to'
Perplexity: Written 654/85610 entries to perplexity result file (batch 109/14269)
Processing batch 110/14269
Warning: Decoded text differs from trimmed prompt
  Trimmed prompt length: 316, Decoded text length: 283
[DEBUG] First difference at position 1: prompt='s', decoded='/'
[DEBUG] Context: prompt='<s>[INST] The relatio', decoded='</s></s></s></s></s><'
Warning: Decoded text differs from trimmed prompt
  Trimmed prompt length: 285, Decoded text length: 256
[DEBUG] First difference at position 1: prompt='s', decoded='/'
[DEBUG] Context: prompt='<s>[INST] The relatio', decoded='</s></s></s></s></s><'
Warning: Decoded text differs from trimmed prompt
  Trimmed prompt length: 612, Decoded text length: 613
[DEBUG] First difference at position 3: prompt='[', decoded=' '
[DEBUG] Context: prompt='<s>[INST] In a business', decoded='<s> [INST] In a busines'
Warning: Decoded text differs from trimmed prompt
  Trimmed prompt length: 608, Decoded text length: 609
[DEBUG] First difference at position 1: prompt='s', decoded='/'
[DEBUG] Context: prompt='<s>[INST] In a busine', decoded='</s><s> [INST] In a b'
Warning: Decoded text differs from trimmed prompt
  Trimmed prompt length: 165, Decoded text length: 160
[DEBUG] First difference at position 1: prompt='s', decoded='/'
[DEBUG] Context: prompt='<s>[INST] The key att', decoded='</s></s></s></s></s><'
Warning: Decoded text differs from trimmed prompt
  Trimmed prompt length: 166, Decoded text length: 156
[DEBUG] First difference at position 1: prompt='s', decoded='/'
[DEBUG] Context: prompt='<s>[INST] The key att', decoded='</s></s></s></s></s><'
Perplexity: Written 660/85610 entries to perplexity result file (batch 110/14269)
Processing batch 111/14269
Warning: Decoded text differs from trimmed prompt
  Trimmed prompt length: 238, Decoded text length: 252
[DEBUG] First difference at position 1: prompt='s', decoded='/'
[DEBUG] Context: prompt='<s>[INST] Which of th', decoded='</s></s></s></s></s><'
Warning: Decoded text differs from trimmed prompt
  Trimmed prompt length: 251, Decoded text length: 259
[DEBUG] First difference at position 1: prompt='s', decoded='/'
[DEBUG] Context: prompt='<s>[INST] Which of th', decoded='</s></s></s></s></s><'
Warning: Decoded text differs from trimmed prompt
  Trimmed prompt length: 305, Decoded text length: 290
[DEBUG] First difference at position 1: prompt='s', decoded='/'
[DEBUG] Context: prompt='<s>[INST] In what sit', decoded='</s></s></s></s></s><'
Warning: Decoded text differs from trimmed prompt
  Trimmed prompt length: 313, Decoded text length: 298
[DEBUG] First difference at position 1: prompt='s', decoded='/'
[DEBUG] Context: prompt='<s>[INST] In what sit', decoded='</s></s></s></s></s><'
Warning: Decoded text differs from trimmed prompt
  Trimmed prompt length: 376, Decoded text length: 377
[DEBUG] First difference at position 3: prompt='[', decoded=' '
[DEBUG] Context: prompt='<s>[INST] With an incre', decoded='<s> [INST] With an incr'
Warning: Decoded text differs from trimmed prompt
  Trimmed prompt length: 369, Decoded text length: 370
[DEBUG] First difference at position 1: prompt='s', decoded='/'
[DEBUG] Context: prompt='<s>[INST] With an inc', decoded='</s><s> [INST] With a'
Perplexity: Written 666/85610 entries to perplexity result file (batch 111/14269)
Processing batch 112/14269
Warning: Decoded text differs from trimmed prompt
  Trimmed prompt length: 484, Decoded text length: 485
[DEBUG] First difference at position 3: prompt='[', decoded=' '
[DEBUG] Context: prompt='<s>[INST] Sodium bicarb', decoded='<s> [INST] Sodium bicar'
Warning: Decoded text differs from trimmed prompt
  Trimmed prompt length: 483, Decoded text length: 484
[DEBUG] First difference at position 1: prompt='s', decoded='/'
[DEBUG] Context: prompt='<s>[INST] Sodium bica', decoded='</s><s> [INST] Sodium'
Warning: Decoded text differs from trimmed prompt
  Trimmed prompt length: 287, Decoded text length: 285
[DEBUG] First difference at position 1: prompt='s', decoded='/'
[DEBUG] Context: prompt='<s>[INST] Codons are ', decoded='</s></s></s></s></s><'
Warning: Decoded text differs from trimmed prompt
  Trimmed prompt length: 290, Decoded text length: 284
[DEBUG] First difference at position 1: prompt='s', decoded='/'
[DEBUG] Context: prompt='<s>[INST] Codons are ', decoded='</s></s></s></s></s><'
Warning: Decoded text differs from trimmed prompt
  Trimmed prompt length: 174, Decoded text length: 188
[DEBUG] First difference at position 1: prompt='s', decoded='/'
[DEBUG] Context: prompt='<s>[INST] Fatty acids', decoded='</s></s></s></s></s><'
Warning: Decoded text differs from trimmed prompt
  Trimmed prompt length: 175, Decoded text length: 192
[DEBUG] First difference at position 1: prompt='s', decoded='/'
[DEBUG] Context: prompt='<s>[INST] Fatty acids', decoded='</s></s></s></s></s><'
Perplexity: Written 672/85610 entries to perplexity result file (batch 112/14269)
Processing batch 113/14269
Warning: Decoded text differs from trimmed prompt
  Trimmed prompt length: 409, Decoded text length: 410
[DEBUG] First difference at position 3: prompt='[', decoded=' '
[DEBUG] Context: prompt='<s>[INST] Which of the ', decoded='<s> [INST] Which of the'
Warning: Decoded text differs from trimmed prompt
  Trimmed prompt length: 379, Decoded text length: 386
[DEBUG] First difference at position 1: prompt='s', decoded='/'
[DEBUG] Context: prompt='<s>[INST] Which of th', decoded='</s></s></s></s></s><'
[WARNING] in lang en, index 497: No tokens were selected by the answer mask for perplexity calculation, setting perplexity to 1.0.
Warning: Decoded text differs from trimmed prompt
  Trimmed prompt length: 241, Decoded text length: 285
[DEBUG] First difference at position 1: prompt='s', decoded='/'
[DEBUG] Context: prompt='<s>[INST] Glycogen br', decoded='</s></s></s></s></s><'
Warning: Decoded text differs from trimmed prompt
  Trimmed prompt length: 241, Decoded text length: 285
[DEBUG] First difference at position 1: prompt='s', decoded='/'
[DEBUG] Context: prompt='<s>[INST] Glycogen br', decoded='</s></s></s></s></s><'
Warning: Decoded text differs from trimmed prompt
  Trimmed prompt length: 189, Decoded text length: 188
[DEBUG] First difference at position 1: prompt='s', decoded='/'
[DEBUG] Context: prompt='<s>[INST] The two pri', decoded='</s></s></s></s></s><'
Warning: Decoded text differs from trimmed prompt
  Trimmed prompt length: 197, Decoded text length: 197
[DEBUG] First difference at position 1: prompt='s', decoded='/'
[DEBUG] Context: prompt='<s>[INST] The two pri', decoded='</s></s></s></s></s><'
Perplexity: Written 678/85610 entries to perplexity result file (batch 113/14269)
Processing batch 114/14269
Warning: Decoded text differs from trimmed prompt
  Trimmed prompt length: 638, Decoded text length: 639
[DEBUG] First difference at position 3: prompt='[', decoded=' '
[DEBUG] Context: prompt='<s>[INST] Which one of ', decoded='<s> [INST] Which one of'
Warning: Decoded text differs from trimmed prompt
  Trimmed prompt length: 626, Decoded text length: 628
[DEBUG] First difference at position 1: prompt='s', decoded='/'
[DEBUG] Context: prompt='<s>[INST] Which one o', decoded='</s></s></s><s> [INST'
Warning: Decoded text differs from trimmed prompt
  Trimmed prompt length: 299, Decoded text length: 268
[DEBUG] First difference at position 1: prompt='s', decoded='/'
[DEBUG] Context: prompt='<s>[INST] If a transf', decoded='</s></s></s></s></s><'
Warning: Decoded text differs from trimmed prompt
  Trimmed prompt length: 294, Decoded text length: 256
[DEBUG] First difference at position 1: prompt='s', decoded='/'
[DEBUG] Context: prompt='<s>[INST] If a transf', decoded='</s></s></s></s></s><'
Warning: Decoded text differs from trimmed prompt
  Trimmed prompt length: 474, Decoded text length: 461
[DEBUG] First difference at position 1: prompt='s', decoded='/'
[DEBUG] Context: prompt='<s>[INST] Once a pres', decoded='</s></s></s></s></s><'
Warning: Decoded text differs from trimmed prompt
  Trimmed prompt length: 474, Decoded text length: 461
[DEBUG] First difference at position 1: prompt='s', decoded='/'
[DEBUG] Context: prompt='<s>[INST] Once a pres', decoded='</s></s></s></s></s><'
Perplexity: Written 684/85610 entries to perplexity result file (batch 114/14269)
Processing batch 115/14269
Warning: Decoded text differs from trimmed prompt
  Trimmed prompt length: 289, Decoded text length: 287
[DEBUG] First difference at position 1: prompt='s', decoded='/'
[DEBUG] Context: prompt='<s>[INST] Why would y', decoded='</s></s></s></s></s><'
Warning: Decoded text differs from trimmed prompt
  Trimmed prompt length: 289, Decoded text length: 287
[DEBUG] First difference at position 1: prompt='s', decoded='/'
[DEBUG] Context: prompt='<s>[INST] Why would y', decoded='</s></s></s></s></s><'
Warning: Decoded text differs from trimmed prompt
  Trimmed prompt length: 232, Decoded text length: 235
[DEBUG] First difference at position 1: prompt='s', decoded='/'
[DEBUG] Context: prompt='<s>[INST] A 14-16 gau', decoded='</s></s></s></s></s><'
Warning: Decoded text differs from trimmed prompt
  Trimmed prompt length: 216, Decoded text length: 218
[DEBUG] First difference at position 1: prompt='s', decoded='/'
[DEBUG] Context: prompt='<s>[INST] A 14-16 gau', decoded='</s></s></s></s></s><'
Warning: Decoded text differs from trimmed prompt
  Trimmed prompt length: 424, Decoded text length: 425
[DEBUG] First difference at position 3: prompt='[', decoded=' '
[DEBUG] Context: prompt='<s>[INST] Lactate and h', decoded='<s> [INST] Lactate and '
[WARNING] in lang en, index 516: No tokens were selected by the answer mask for perplexity calculation, setting perplexity to 1.0.
Warning: Decoded text differs from trimmed prompt
  Trimmed prompt length: 409, Decoded text length: 404
[DEBUG] First difference at position 1: prompt='s', decoded='/'
[DEBUG] Context: prompt='<s>[INST] Lactate and', decoded='</s></s></s></s><s> ['
[WARNING] in lang en, index 516: No tokens were selected by the answer mask for perplexity calculation, setting perplexity to 1.0.
Perplexity: Written 690/85610 entries to perplexity result file (batch 115/14269)
Processing batch 116/14269
Warning: Decoded text differs from trimmed prompt
  Trimmed prompt length: 374, Decoded text length: 375
[DEBUG] First difference at position 3: prompt='[', decoded=' '
[DEBUG] Context: prompt='<s>[INST] Embedded in t', decoded='<s> [INST] Embedded in '
Warning: Decoded text differs from trimmed prompt
  Trimmed prompt length: 346, Decoded text length: 347
[DEBUG] First difference at position 1: prompt='s', decoded='/'
[DEBUG] Context: prompt='<s>[INST] Embedded in', decoded='</s><s> [INST] Embedd'
Warning: Decoded text differs from trimmed prompt
  Trimmed prompt length: 246, Decoded text length: 250
[DEBUG] First difference at position 1: prompt='s', decoded='/'
[DEBUG] Context: prompt='<s>[INST] How much to', decoded='</s></s></s></s></s><'
Warning: Decoded text differs from trimmed prompt
  Trimmed prompt length: 256, Decoded text length: 259
[DEBUG] First difference at position 1: prompt='s', decoded='/'
[DEBUG] Context: prompt='<s>[INST] How much to', decoded='</s></s></s></s></s><'
Warning: Decoded text differs from trimmed prompt
  Trimmed prompt length: 226, Decoded text length: 214
[DEBUG] First difference at position 1: prompt='s', decoded='/'
[DEBUG] Context: prompt='<s>[INST] The main fa', decoded='</s></s></s></s></s><'
Warning: Decoded text differs from trimmed prompt
  Trimmed prompt length: 196, Decoded text length: 180
[DEBUG] First difference at position 1: prompt='s', decoded='/'
[DEBUG] Context: prompt='<s>[INST] The main fa', decoded='</s></s></s></s></s><'
Perplexity: Written 696/85610 entries to perplexity result file (batch 116/14269)
Processing batch 117/14269
Warning: Decoded text differs from trimmed prompt
  Trimmed prompt length: 265, Decoded text length: 277
[DEBUG] First difference at position 1: prompt='s', decoded='/'
[DEBUG] Context: prompt='<s>[INST] In a double', decoded='</s></s></s></s></s><'
[WARNING] in lang en, index 533: No tokens were selected by the answer mask for perplexity calculation, setting perplexity to 1.0.
Warning: Decoded text differs from trimmed prompt
  Trimmed prompt length: 263, Decoded text length: 260
[DEBUG] First difference at position 1: prompt='s', decoded='/'
[DEBUG] Context: prompt='<s>[INST] In a double', decoded='</s></s></s></s></s><'
[WARNING] in lang en, index 533: No tokens were selected by the answer mask for perplexity calculation, setting perplexity to 1.0.
Warning: Decoded text differs from trimmed prompt
  Trimmed prompt length: 382, Decoded text length: 383
[DEBUG] First difference at position 3: prompt='[', decoded=' '
[DEBUG] Context: prompt='<s>[INST] Performance e', decoded='<s> [INST] Performance '
Warning: Decoded text differs from trimmed prompt
  Trimmed prompt length: 378, Decoded text length: 379
[DEBUG] First difference at position 3: prompt='[', decoded=' '
[DEBUG] Context: prompt='<s>[INST] Performance e', decoded='<s> [INST] Performance '
Warning: Decoded text differs from trimmed prompt
  Trimmed prompt length: 243, Decoded text length: 248
[DEBUG] First difference at position 1: prompt='s', decoded='/'
[DEBUG] Context: prompt='<s>[INST] Most of the', decoded='</s></s></s></s></s><'
Warning: Decoded text differs from trimmed prompt
  Trimmed prompt length: 253, Decoded text length: 252
[DEBUG] First difference at position 1: prompt='s', decoded='/'
[DEBUG] Context: prompt='<s>[INST] Most of the', decoded='</s></s></s></s></s><'
Perplexity: Written 702/85610 entries to perplexity result file (batch 117/14269)
Processing batch 118/14269
Warning: Decoded text differs from trimmed prompt
  Trimmed prompt length: 397, Decoded text length: 408
[DEBUG] First difference at position 1: prompt='s', decoded='/'
[DEBUG] Context: prompt='<s>[INST] The activit', decoded='</s></s></s></s></s><'
[WARNING] in lang en, index 538: No tokens were selected by the answer mask for perplexity calculation, setting perplexity to 1.0.
Warning: Decoded text differs from trimmed prompt
  Trimmed prompt length: 399, Decoded text length: 413
[DEBUG] First difference at position 1: prompt='s', decoded='/'
[DEBUG] Context: prompt='<s>[INST] The activit', decoded='</s></s></s></s></s><'
Warning: Decoded text differs from trimmed prompt
  Trimmed prompt length: 227, Decoded text length: 200
[DEBUG] First difference at position 1: prompt='s', decoded='/'
[DEBUG] Context: prompt='<s>[INST] An expected', decoded='</s></s></s></s></s><'
Warning: Decoded text differs from trimmed prompt
  Trimmed prompt length: 174, Decoded text length: 168
[DEBUG] First difference at position 1: prompt='s', decoded='/'
[DEBUG] Context: prompt='<s>[INST] An expected', decoded='</s></s></s></s></s><'
Warning: Decoded text differs from trimmed prompt
  Trimmed prompt length: 425, Decoded text length: 431
[DEBUG] First difference at position 1: prompt='s', decoded='/'
[DEBUG] Context: prompt='<s>[INST] The cardiac', decoded='</s></s></s></s><s> ['
Warning: Decoded text differs from trimmed prompt
  Trimmed prompt length: 439, Decoded text length: 440
[DEBUG] First difference at position 3: prompt='[', decoded=' '
[DEBUG] Context: prompt='<s>[INST] The cardiac c', decoded='<s> [INST] The cardiac '
Perplexity: Written 708/85610 entries to perplexity result file (batch 118/14269)
Processing batch 119/14269
Warning: Decoded text differs from trimmed prompt
  Trimmed prompt length: 247, Decoded text length: 233
[DEBUG] First difference at position 1: prompt='s', decoded='/'
[DEBUG] Context: prompt='<s>[INST] A fundament', decoded='</s></s></s></s></s><'
Warning: Decoded text differs from trimmed prompt
  Trimmed prompt length: 215, Decoded text length: 215
[DEBUG] First difference at position 1: prompt='s', decoded='/'
[DEBUG] Context: prompt='<s>[INST] A fundament', decoded='</s></s></s></s></s><'
Warning: Decoded text differs from trimmed prompt
  Trimmed prompt length: 243, Decoded text length: 236
[DEBUG] First difference at position 1: prompt='s', decoded='/'
[DEBUG] Context: prompt='<s>[INST] A palpable ', decoded='</s></s></s></s></s><'
Warning: Decoded text differs from trimmed prompt
  Trimmed prompt length: 229, Decoded text length: 222
[DEBUG] First difference at position 1: prompt='s', decoded='/'
[DEBUG] Context: prompt='<s>[INST] A palpable ', decoded='</s></s></s></s></s><'
Warning: Decoded text differs from trimmed prompt
  Trimmed prompt length: 364, Decoded text length: 368
[DEBUG] First difference at position 1: prompt='s', decoded='/'
[DEBUG] Context: prompt='<s>[INST] Which of th', decoded='</s></s><s> [INST] Wh'
[WARNING] in lang en, index 553: No tokens were selected by the answer mask for perplexity calculation, setting perplexity to 1.0.
Warning: Decoded text differs from trimmed prompt
  Trimmed prompt length: 365, Decoded text length: 366
[DEBUG] First difference at position 3: prompt='[', decoded=' '
[DEBUG] Context: prompt='<s>[INST] Which of the ', decoded='<s> [INST] Which of the'
[WARNING] in lang en, index 553: No tokens were selected by the answer mask for perplexity calculation, setting perplexity to 1.0.
Perplexity: Written 714/85610 entries to perplexity result file (batch 119/14269)
Processing batch 120/14269
Warning: Decoded text differs from trimmed prompt
  Trimmed prompt length: 297, Decoded text length: 306
[DEBUG] First difference at position 1: prompt='s', decoded='/'
[DEBUG] Context: prompt='<s>[INST] Between con', decoded='</s></s></s></s><s> ['
Warning: Decoded text differs from trimmed prompt
  Trimmed prompt length: 290, Decoded text length: 292
[DEBUG] First difference at position 1: prompt='s', decoded='/'
[DEBUG] Context: prompt='<s>[INST] Between con', decoded='</s></s></s></s></s><'
[WARNING] in lang en, index 555: No tokens were selected by the answer mask for perplexity calculation, setting perplexity to 1.0.
Warning: Decoded text differs from trimmed prompt
  Trimmed prompt length: 310, Decoded text length: 311
[DEBUG] First difference at position 3: prompt='[', decoded=' '
[DEBUG] Context: prompt='<s>[INST] What might ma', decoded='<s> [INST] What might m'
Warning: Decoded text differs from trimmed prompt
  Trimmed prompt length: 266, Decoded text length: 264
[DEBUG] First difference at position 1: prompt='s', decoded='/'
[DEBUG] Context: prompt='<s>[INST] What might ', decoded='</s></s></s></s></s><'
[WARNING] in lang en, index 556: No tokens were selected by the answer mask for perplexity calculation, setting perplexity to 1.0.
Warning: Decoded text differs from trimmed prompt
  Trimmed prompt length: 180, Decoded text length: 183
[DEBUG] First difference at position 1: prompt='s', decoded='/'
[DEBUG] Context: prompt='<s>[INST] During CPR,', decoded='</s></s></s></s></s><'
Warning: Decoded text differs from trimmed prompt
  Trimmed prompt length: 194, Decoded text length: 183
[DEBUG] First difference at position 1: prompt='s', decoded='/'
[DEBUG] Context: prompt='<s>[INST] During CPR,', decoded='</s></s></s></s></s><'
Perplexity: Written 720/85610 entries to perplexity result file (batch 120/14269)
Processing batch 121/14269
Warning: Decoded text differs from trimmed prompt
  Trimmed prompt length: 374, Decoded text length: 383
[DEBUG] First difference at position 1: prompt='s', decoded='/'
[DEBUG] Context: prompt='<s>[INST] Which of th', decoded='</s></s></s></s></s><'
Warning: Decoded text differs from trimmed prompt
  Trimmed prompt length: 376, Decoded text length: 366
[DEBUG] First difference at position 1: prompt='s', decoded='/'
[DEBUG] Context: prompt='<s>[INST] Which of th', decoded='</s></s></s></s></s><'
[WARNING] in lang en, index 559: No tokens were selected by the answer mask for perplexity calculation, setting perplexity to 1.0.
Warning: Decoded text differs from trimmed prompt
  Trimmed prompt length: 370, Decoded text length: 374
[DEBUG] First difference at position 1: prompt='s', decoded='/'
[DEBUG] Context: prompt='<s>[INST] When using ', decoded='</s></s><s> [INST] Wh'
Warning: Decoded text differs from trimmed prompt
  Trimmed prompt length: 378, Decoded text length: 379
[DEBUG] First difference at position 3: prompt='[', decoded=' '
[DEBUG] Context: prompt='<s>[INST] When using an', decoded='<s> [INST] When using a'
Warning: Decoded text differs from trimmed prompt
  Trimmed prompt length: 228, Decoded text length: 221
[DEBUG] First difference at position 1: prompt='s', decoded='/'
[DEBUG] Context: prompt='<s>[INST] What is the', decoded='</s></s></s></s></s><'
[WARNING] in lang en, index 562: No tokens were selected by the answer mask for perplexity calculation, setting perplexity to 1.0.
Warning: Decoded text differs from trimmed prompt
  Trimmed prompt length: 228, Decoded text length: 221
[DEBUG] First difference at position 1: prompt='s', decoded='/'
[DEBUG] Context: prompt='<s>[INST] What is the', decoded='</s></s></s></s></s><'
[WARNING] in lang en, index 562: No tokens were selected by the answer mask for perplexity calculation, setting perplexity to 1.0.
Perplexity: Written 726/85610 entries to perplexity result file (batch 121/14269)
Processing batch 122/14269
Warning: Decoded text differs from trimmed prompt
  Trimmed prompt length: 188, Decoded text length: 194
[DEBUG] First difference at position 1: prompt='s', decoded='/'
[DEBUG] Context: prompt='<s>[INST] What three ', decoded='</s></s></s></s></s><'
Warning: Decoded text differs from trimmed prompt
  Trimmed prompt length: 198, Decoded text length: 194
[DEBUG] First difference at position 1: prompt='s', decoded='/'
[DEBUG] Context: prompt='<s>[INST] What three ', decoded='</s></s></s></s></s><'
Warning: Decoded text differs from trimmed prompt
  Trimmed prompt length: 296, Decoded text length: 297
[DEBUG] First difference at position 3: prompt='[', decoded=' '
[DEBUG] Context: prompt='<s>[INST] Name the bone', decoded='<s> [INST] Name the bon'
Warning: Decoded text differs from trimmed prompt
  Trimmed prompt length: 296, Decoded text length: 297
[DEBUG] First difference at position 3: prompt='[', decoded=' '
[DEBUG] Context: prompt='<s>[INST] Name the bone', decoded='<s> [INST] Name the bon'
Warning: Decoded text differs from trimmed prompt
  Trimmed prompt length: 234, Decoded text length: 246
[DEBUG] First difference at position 1: prompt='s', decoded='/'
[DEBUG] Context: prompt='<s>[INST] Which of th', decoded='</s></s></s></s></s><'
Warning: Decoded text differs from trimmed prompt
  Trimmed prompt length: 235, Decoded text length: 246
[DEBUG] First difference at position 1: prompt='s', decoded='/'
[DEBUG] Context: prompt='<s>[INST] Which of th', decoded='</s></s></s></s></s><'
Perplexity: Written 732/85610 entries to perplexity result file (batch 122/14269)
Processing batch 123/14269
Warning: Decoded text differs from trimmed prompt
  Trimmed prompt length: 256, Decoded text length: 245
[DEBUG] First difference at position 1: prompt='s', decoded='/'
[DEBUG] Context: prompt='<s>[INST] An ileostom', decoded='</s></s></s></s></s><'
Warning: Decoded text differs from trimmed prompt
  Trimmed prompt length: 257, Decoded text length: 237
[DEBUG] First difference at position 1: prompt='s', decoded='/'
[DEBUG] Context: prompt='<s>[INST] An ileostom', decoded='</s></s></s></s></s><'
Warning: Decoded text differs from trimmed prompt
  Trimmed prompt length: 364, Decoded text length: 365
[DEBUG] First difference at position 3: prompt='[', decoded=' '
[DEBUG] Context: prompt="<s>[INST] Why can't a p", decoded="<s> [INST] Why can't a "
[WARNING] in lang en, index 572: No tokens were selected by the answer mask for perplexity calculation, setting perplexity to 1.0.
Warning: Decoded text differs from trimmed prompt
  Trimmed prompt length: 353, Decoded text length: 349
[DEBUG] First difference at position 1: prompt='s', decoded='/'
[DEBUG] Context: prompt="<s>[INST] Why can't a", decoded='</s></s></s></s><s> ['
[WARNING] in lang en, index 572: No tokens were selected by the answer mask for perplexity calculation, setting perplexity to 1.0.
Warning: Decoded text differs from trimmed prompt
  Trimmed prompt length: 403, Decoded text length: 404
[DEBUG] First difference at position 3: prompt='[', decoded=' '
[DEBUG] Context: prompt='<s>[INST] Wound drainag', decoded='<s> [INST] Wound draina'
Warning: Decoded text differs from trimmed prompt
  Trimmed prompt length: 356, Decoded text length: 346
[DEBUG] First difference at position 1: prompt='s', decoded='/'
[DEBUG] Context: prompt='<s>[INST] Wound drain', decoded='</s></s></s></s></s><'
Perplexity: Written 738/85610 entries to perplexity result file (batch 123/14269)
Processing batch 124/14269
Warning: Decoded text differs from trimmed prompt
  Trimmed prompt length: 410, Decoded text length: 411
[DEBUG] First difference at position 3: prompt='[', decoded=' '
[DEBUG] Context: prompt='<s>[INST] If a catheter', decoded='<s> [INST] If a cathete'
Warning: Decoded text differs from trimmed prompt
  Trimmed prompt length: 386, Decoded text length: 382
[DEBUG] First difference at position 1: prompt='s', decoded='/'
[DEBUG] Context: prompt='<s>[INST] If a cathet', decoded='</s></s></s><s> [INST'
Warning: Decoded text differs from trimmed prompt
  Trimmed prompt length: 351, Decoded text length: 340
[DEBUG] First difference at position 1: prompt='s', decoded='/'
[DEBUG] Context: prompt='<s>[INST] Bladder was', decoded='</s></s></s></s></s><'
[WARNING] in lang en, index 576: No tokens were selected by the answer mask for perplexity calculation, setting perplexity to 1.0.
Warning: Decoded text differs from trimmed prompt
  Trimmed prompt length: 339, Decoded text length: 332
[DEBUG] First difference at position 1: prompt='s', decoded='/'
[DEBUG] Context: prompt='<s>[INST] Bladder was', decoded='</s></s></s></s></s><'
[WARNING] in lang en, index 576: No tokens were selected by the answer mask for perplexity calculation, setting perplexity to 1.0.
Warning: Decoded text differs from trimmed prompt
  Trimmed prompt length: 418, Decoded text length: 422
[DEBUG] First difference at position 1: prompt='s', decoded='/'
[DEBUG] Context: prompt='<s>[INST] When develo', decoded='</s></s><s> [INST] Wh'
Warning: Decoded text differs from trimmed prompt
  Trimmed prompt length: 404, Decoded text length: 405
[DEBUG] First difference at position 1: prompt='s', decoded='/'
[DEBUG] Context: prompt='<s>[INST] When develo', decoded='</s><s> [INST] When d'
Perplexity: Written 744/85610 entries to perplexity result file (batch 124/14269)
Processing batch 125/14269
Warning: Decoded text differs from trimmed prompt
  Trimmed prompt length: 194, Decoded text length: 214
[DEBUG] First difference at position 1: prompt='s', decoded='/'
[DEBUG] Context: prompt='<s>[INST] Patients wi', decoded='</s></s></s></s></s><'
Warning: Decoded text differs from trimmed prompt
  Trimmed prompt length: 185, Decoded text length: 173
[DEBUG] First difference at position 1: prompt='s', decoded='/'
[DEBUG] Context: prompt='<s>[INST] Patients wi', decoded='</s></s></s></s></s><'
[WARNING] in lang en, index 578: No tokens were selected by the answer mask for perplexity calculation, setting perplexity to 1.0.
Warning: Decoded text differs from trimmed prompt
  Trimmed prompt length: 271, Decoded text length: 272
[DEBUG] First difference at position 1: prompt='s', decoded='/'
[DEBUG] Context: prompt='<s>[INST] When assess', decoded='</s><s> [INST] When a'
Warning: Decoded text differs from trimmed prompt
  Trimmed prompt length: 202, Decoded text length: 209
[DEBUG] First difference at position 1: prompt='s', decoded='/'
[DEBUG] Context: prompt='<s>[INST] When assess', decoded='</s></s></s></s></s><'
Warning: Decoded text differs from trimmed prompt
  Trimmed prompt length: 284, Decoded text length: 285
[DEBUG] First difference at position 1: prompt='s', decoded='/'
[DEBUG] Context: prompt='<s>[INST] The ATP sto', decoded='</s><s> [INST] The AT'
[WARNING] in lang en, index 585: No tokens were selected by the answer mask for perplexity calculation, setting perplexity to 1.0.
Warning: Decoded text differs from trimmed prompt
  Trimmed prompt length: 285, Decoded text length: 286
[DEBUG] First difference at position 3: prompt='[', decoded=' '
[DEBUG] Context: prompt='<s>[INST] The ATP store', decoded='<s> [INST] The ATP stor'
[WARNING] in lang en, index 585: No tokens were selected by the answer mask for perplexity calculation, setting perplexity to 1.0.
Perplexity: Written 750/85610 entries to perplexity result file (batch 125/14269)
Processing batch 126/14269
Warning: Decoded text differs from trimmed prompt
  Trimmed prompt length: 208, Decoded text length: 213
[DEBUG] First difference at position 1: prompt='s', decoded='/'
[DEBUG] Context: prompt='<s>[INST] What is hyp', decoded='</s></s></s></s></s><'
Warning: Decoded text differs from trimmed prompt
  Trimmed prompt length: 196, Decoded text length: 213
[DEBUG] First difference at position 1: prompt='s', decoded='/'
[DEBUG] Context: prompt='<s>[INST] What is hyp', decoded='</s></s></s></s></s><'
Warning: Decoded text differs from trimmed prompt
  Trimmed prompt length: 379, Decoded text length: 380
[DEBUG] First difference at position 3: prompt='[', decoded=' '
[DEBUG] Context: prompt='<s>[INST] A 67-year-old', decoded='<s> [INST] A 67-year-ol'
[WARNING] in lang en, index 589: No tokens were selected by the answer mask for perplexity calculation, setting perplexity to 1.0.
Warning: Decoded text differs from trimmed prompt
  Trimmed prompt length: 376, Decoded text length: 377
[DEBUG] First difference at position 1: prompt='s', decoded='/'
[DEBUG] Context: prompt='<s>[INST] A 67-year-o', decoded='</s><s> [INST] A 67-y'
[WARNING] in lang en, index 589: No tokens were selected by the answer mask for perplexity calculation, setting perplexity to 1.0.
Warning: Decoded text differs from trimmed prompt
  Trimmed prompt length: 156, Decoded text length: 176
[DEBUG] First difference at position 1: prompt='s', decoded='/'
[DEBUG] Context: prompt='<s>[INST] A keloid is', decoded='</s></s></s></s></s><'
Warning: Decoded text differs from trimmed prompt
  Trimmed prompt length: 151, Decoded text length: 176
[DEBUG] First difference at position 1: prompt='s', decoded='/'
[DEBUG] Context: prompt='<s>[INST] A keloid is', decoded='</s></s></s></s></s><'
Perplexity: Written 756/85610 entries to perplexity result file (batch 126/14269)
Processing batch 127/14269
Warning: Decoded text differs from trimmed prompt
  Trimmed prompt length: 218, Decoded text length: 216
[DEBUG] First difference at position 1: prompt='s', decoded='/'
[DEBUG] Context: prompt='<s>[INST] Wound drain', decoded='</s></s></s></s></s><'
Warning: Decoded text differs from trimmed prompt
  Trimmed prompt length: 218, Decoded text length: 216
[DEBUG] First difference at position 1: prompt='s', decoded='/'
[DEBUG] Context: prompt='<s>[INST] Wound drain', decoded='</s></s></s></s></s><'
Warning: Decoded text differs from trimmed prompt
  Trimmed prompt length: 251, Decoded text length: 252
[DEBUG] First difference at position 1: prompt='s', decoded='/'
[DEBUG] Context: prompt='<s>[INST] The sex of ', decoded='</s><s> [INST] The se'
Warning: Decoded text differs from trimmed prompt
  Trimmed prompt length: 257, Decoded text length: 258
[DEBUG] First difference at position 3: prompt='[', decoded=' '
[DEBUG] Context: prompt='<s>[INST] The sex of a ', decoded='<s> [INST] The sex of a'
Warning: Decoded text differs from trimmed prompt
  Trimmed prompt length: 194, Decoded text length: 202
[DEBUG] First difference at position 1: prompt='s', decoded='/'
[DEBUG] Context: prompt='<s>[INST] The synthes', decoded='</s></s></s></s></s><'
Warning: Decoded text differs from trimmed prompt
  Trimmed prompt length: 193, Decoded text length: 201
[DEBUG] First difference at position 1: prompt='s', decoded='/'
[DEBUG] Context: prompt='<s>[INST] The synthes', decoded='</s></s></s></s></s><'
Perplexity: Written 762/85610 entries to perplexity result file (batch 127/14269)
Processing batch 128/14269
Warning: Decoded text differs from trimmed prompt
  Trimmed prompt length: 312, Decoded text length: 315
[DEBUG] First difference at position 1: prompt='s', decoded='/'
[DEBUG] Context: prompt='<s>[INST] If a blood ', decoded='</s></s></s></s></s><'
Warning: Decoded text differs from trimmed prompt
  Trimmed prompt length: 305, Decoded text length: 309
[DEBUG] First difference at position 1: prompt='s', decoded='/'
[DEBUG] Context: prompt='<s>[INST] If a blood ', decoded='</s></s></s></s></s><'
Warning: Decoded text differs from trimmed prompt
  Trimmed prompt length: 244, Decoded text length: 258
[DEBUG] First difference at position 1: prompt='s', decoded='/'
[DEBUG] Context: prompt='<s>[INST] The auscult', decoded='</s></s></s></s></s><'
Warning: Decoded text differs from trimmed prompt
  Trimmed prompt length: 229, Decoded text length: 235
[DEBUG] First difference at position 1: prompt='s', decoded='/'
[DEBUG] Context: prompt='<s>[INST] The auscult', decoded='</s></s></s></s></s><'
Warning: Decoded text differs from trimmed prompt
  Trimmed prompt length: 302, Decoded text length: 301
[DEBUG] First difference at position 1: prompt='s', decoded='/'
[DEBUG] Context: prompt='<s>[INST] Why should ', decoded='</s></s></s></s></s><'
Warning: Decoded text differs from trimmed prompt
  Trimmed prompt length: 317, Decoded text length: 318
[DEBUG] First difference at position 3: prompt='[', decoded=' '
[DEBUG] Context: prompt='<s>[INST] Why should sh', decoded='<s> [INST] Why should s'
Perplexity: Written 768/85610 entries to perplexity result file (batch 128/14269)
Processing batch 129/14269
Warning: Decoded text differs from trimmed prompt
  Trimmed prompt length: 167, Decoded text length: 174
[DEBUG] First difference at position 1: prompt='s', decoded='/'
[DEBUG] Context: prompt='<s>[INST] An allele t', decoded='</s></s></s></s></s><'
Warning: Decoded text differs from trimmed prompt
  Trimmed prompt length: 167, Decoded text length: 174
[DEBUG] First difference at position 1: prompt='s', decoded='/'
[DEBUG] Context: prompt='<s>[INST] An allele t', decoded='</s></s></s></s></s><'
Warning: Decoded text differs from trimmed prompt
  Trimmed prompt length: 335, Decoded text length: 339
[DEBUG] First difference at position 1: prompt='s', decoded='/'
[DEBUG] Context: prompt='<s>[INST] Hypernatrae', decoded='</s></s><s> [INST] Hy'
Warning: Decoded text differs from trimmed prompt
  Trimmed prompt length: 335, Decoded text length: 339
[DEBUG] First difference at position 1: prompt='s', decoded='/'
[DEBUG] Context: prompt='<s>[INST] Hypernatrae', decoded='</s></s><s> [INST] Hy'
Warning: Decoded text differs from trimmed prompt
  Trimmed prompt length: 320, Decoded text length: 321
[DEBUG] First difference at position 3: prompt='[', decoded=' '
[DEBUG] Context: prompt='<s>[INST] Which of the ', decoded='<s> [INST] Which of the'
Warning: Decoded text differs from trimmed prompt
  Trimmed prompt length: 318, Decoded text length: 319
[DEBUG] First difference at position 3: prompt='[', decoded=' '
[DEBUG] Context: prompt='<s>[INST] Which of the ', decoded='<s> [INST] Which of the'
Perplexity: Written 774/85610 entries to perplexity result file (batch 129/14269)
Processing batch 130/14269
Warning: Decoded text differs from trimmed prompt
  Trimmed prompt length: 369, Decoded text length: 370
[DEBUG] First difference at position 3: prompt='[', decoded=' '
[DEBUG] Context: prompt='<s>[INST] What is the m', decoded='<s> [INST] What is the '
Warning: Decoded text differs from trimmed prompt
  Trimmed prompt length: 358, Decoded text length: 361
[DEBUG] First difference at position 1: prompt='s', decoded='/'
[DEBUG] Context: prompt='<s>[INST] What is the', decoded='</s></s></s></s></s><'
Warning: Decoded text differs from trimmed prompt
  Trimmed prompt length: 198, Decoded text length: 202
[DEBUG] First difference at position 1: prompt='s', decoded='/'
[DEBUG] Context: prompt='<s>[INST] Where shoul', decoded='</s></s></s></s></s><'
Warning: Decoded text differs from trimmed prompt
  Trimmed prompt length: 192, Decoded text length: 204
[DEBUG] First difference at position 1: prompt='s', decoded='/'
[DEBUG] Context: prompt='<s>[INST] Where shoul', decoded='</s></s></s></s></s><'
Warning: Decoded text differs from trimmed prompt
  Trimmed prompt length: 318, Decoded text length: 297
[DEBUG] First difference at position 1: prompt='s', decoded='/'
[DEBUG] Context: prompt="<s>[INST] Women's wor", decoded='</s></s></s></s></s><'
[WARNING] in lang en, index 612: No tokens were selected by the answer mask for perplexity calculation, setting perplexity to 1.0.
Warning: Decoded text differs from trimmed prompt
  Trimmed prompt length: 323, Decoded text length: 297
[DEBUG] First difference at position 1: prompt='s', decoded='/'
[DEBUG] Context: prompt="<s>[INST] Women's wor", decoded='</s></s></s></s></s><'
[WARNING] in lang en, index 612: No tokens were selected by the answer mask for perplexity calculation, setting perplexity to 1.0.
Perplexity: Written 780/85610 entries to perplexity result file (batch 130/14269)
Processing batch 131/14269
Warning: Decoded text differs from trimmed prompt
  Trimmed prompt length: 414, Decoded text length: 415
[DEBUG] First difference at position 3: prompt='[', decoded=' '
[DEBUG] Context: prompt='<s>[INST] Our genetic m', decoded='<s> [INST] Our genetic '
[WARNING] in lang en, index 613: No tokens were selected by the answer mask for perplexity calculation, setting perplexity to 1.0.
Warning: Decoded text differs from trimmed prompt
  Trimmed prompt length: 409, Decoded text length: 413
[DEBUG] First difference at position 1: prompt='s', decoded='/'
[DEBUG] Context: prompt='<s>[INST] Our genetic', decoded='</s></s><s> [INST] Ou'
[WARNING] in lang en, index 613: No tokens were selected by the answer mask for perplexity calculation, setting perplexity to 1.0.
Warning: Decoded text differs from trimmed prompt
  Trimmed prompt length: 255, Decoded text length: 247
[DEBUG] First difference at position 1: prompt='s', decoded='/'
[DEBUG] Context: prompt='<s>[INST] Exhaustion,', decoded='</s></s></s></s></s><'
Warning: Decoded text differs from trimmed prompt
  Trimmed prompt length: 258, Decoded text length: 247
[DEBUG] First difference at position 1: prompt='s', decoded='/'
[DEBUG] Context: prompt='<s>[INST] Exhaustion,', decoded='</s></s></s></s></s><'
Warning: Decoded text differs from trimmed prompt
  Trimmed prompt length: 191, Decoded text length: 188
[DEBUG] First difference at position 1: prompt='s', decoded='/'
[DEBUG] Context: prompt='<s>[INST] A muscle fi', decoded='</s></s></s></s></s><'
Warning: Decoded text differs from trimmed prompt
  Trimmed prompt length: 196, Decoded text length: 196
[DEBUG] First difference at position 1: prompt='s', decoded='/'
[DEBUG] Context: prompt='<s>[INST] A muscle fi', decoded='</s></s></s></s></s><'
Perplexity: Written 786/85610 entries to perplexity result file (batch 131/14269)
Processing batch 132/14269
Warning: Decoded text differs from trimmed prompt
  Trimmed prompt length: 387, Decoded text length: 356
[DEBUG] First difference at position 1: prompt='s', decoded='/'
[DEBUG] Context: prompt='<s>[INST] The pulse c', decoded='</s></s></s></s></s><'
Warning: Decoded text differs from trimmed prompt
  Trimmed prompt length: 367, Decoded text length: 332
[DEBUG] First difference at position 1: prompt='s', decoded='/'
[DEBUG] Context: prompt='<s>[INST] The pulse c', decoded='</s></s></s></s></s><'
Warning: Decoded text differs from trimmed prompt
  Trimmed prompt length: 640, Decoded text length: 641
[DEBUG] First difference at position 3: prompt='[', decoded=' '
[DEBUG] Context: prompt='<s>[INST] The pyruvate ', decoded='<s> [INST] The pyruvate'
Warning: Decoded text differs from trimmed prompt
  Trimmed prompt length: 637, Decoded text length: 641
[DEBUG] First difference at position 1: prompt='s', decoded='/'
[DEBUG] Context: prompt='<s>[INST] The pyruvat', decoded='</s></s><s> [INST] Th'
Warning: Decoded text differs from trimmed prompt
  Trimmed prompt length: 311, Decoded text length: 292
[DEBUG] First difference at position 1: prompt='s', decoded='/'
[DEBUG] Context: prompt='<s>[INST] What is the', decoded='</s></s></s></s></s><'
Warning: Decoded text differs from trimmed prompt
  Trimmed prompt length: 322, Decoded text length: 296
[DEBUG] First difference at position 1: prompt='s', decoded='/'
[DEBUG] Context: prompt='<s>[INST] What is the', decoded='</s></s></s></s></s><'
Perplexity: Written 792/85610 entries to perplexity result file (batch 132/14269)
Processing batch 133/14269
Warning: Decoded text differs from trimmed prompt
  Trimmed prompt length: 242, Decoded text length: 256
[DEBUG] First difference at position 1: prompt='s', decoded='/'
[DEBUG] Context: prompt='<s>[INST] What is the', decoded='</s></s></s></s></s><'
[WARNING] in lang en, index 626: No tokens were selected by the answer mask for perplexity calculation, setting perplexity to 1.0.
Warning: Decoded text differs from trimmed prompt
  Trimmed prompt length: 242, Decoded text length: 256
[DEBUG] First difference at position 1: prompt='s', decoded='/'
[DEBUG] Context: prompt='<s>[INST] What is the', decoded='</s></s></s></s></s><'
[WARNING] in lang en, index 626: No tokens were selected by the answer mask for perplexity calculation, setting perplexity to 1.0.
Warning: Decoded text differs from trimmed prompt
  Trimmed prompt length: 330, Decoded text length: 331
[DEBUG] First difference at position 3: prompt='[', decoded=' '
[DEBUG] Context: prompt='<s>[INST] After what pe', decoded='<s> [INST] After what p'
Warning: Decoded text differs from trimmed prompt
  Trimmed prompt length: 331, Decoded text length: 332
[DEBUG] First difference at position 3: prompt='[', decoded=' '
[DEBUG] Context: prompt='<s>[INST] After what pe', decoded='<s> [INST] After what p'
Warning: Decoded text differs from trimmed prompt
  Trimmed prompt length: 273, Decoded text length: 277
[DEBUG] First difference at position 1: prompt='s', decoded='/'
[DEBUG] Context: prompt='<s>[INST] The trigger', decoded='</s></s></s></s></s><'
Warning: Decoded text differs from trimmed prompt
  Trimmed prompt length: 273, Decoded text length: 283
[DEBUG] First difference at position 1: prompt='s', decoded='/'
[DEBUG] Context: prompt='<s>[INST] The trigger', decoded='</s></s></s></s></s><'
Perplexity: Written 798/85610 entries to perplexity result file (batch 133/14269)
Processing batch 134/14269
Warning: Decoded text differs from trimmed prompt
  Trimmed prompt length: 400, Decoded text length: 401
[DEBUG] First difference at position 3: prompt='[', decoded=' '
[DEBUG] Context: prompt='<s>[INST] The energy ch', decoded='<s> [INST] The energy c'
Warning: Decoded text differs from trimmed prompt
  Trimmed prompt length: 398, Decoded text length: 409
[DEBUG] First difference at position 1: prompt='s', decoded='/'
[DEBUG] Context: prompt='<s>[INST] The energy ', decoded='</s></s></s></s></s><'
Warning: Decoded text differs from trimmed prompt
  Trimmed prompt length: 234, Decoded text length: 238
[DEBUG] First difference at position 1: prompt='s', decoded='/'
[DEBUG] Context: prompt='<s>[INST] The sarcopl', decoded='</s></s></s></s></s><'
Warning: Decoded text differs from trimmed prompt
  Trimmed prompt length: 239, Decoded text length: 238
[DEBUG] First difference at position 1: prompt='s', decoded='/'
[DEBUG] Context: prompt='<s>[INST] The sarcopl', decoded='</s></s></s></s></s><'
Warning: Decoded text differs from trimmed prompt
  Trimmed prompt length: 164, Decoded text length: 168
[DEBUG] First difference at position 1: prompt='s', decoded='/'
[DEBUG] Context: prompt='<s>[INST] The heart h', decoded='</s></s></s></s></s><'
Warning: Decoded text differs from trimmed prompt
  Trimmed prompt length: 163, Decoded text length: 168
[DEBUG] First difference at position 1: prompt='s', decoded='/'
[DEBUG] Context: prompt='<s>[INST] The heart h', decoded='</s></s></s></s></s><'
Perplexity: Written 804/85610 entries to perplexity result file (batch 134/14269)
Processing batch 135/14269
Warning: Decoded text differs from trimmed prompt
  Trimmed prompt length: 302, Decoded text length: 303
[DEBUG] First difference at position 3: prompt='[', decoded=' '
[DEBUG] Context: prompt='<s>[INST] What is the p', decoded='<s> [INST] What is the '
Warning: Decoded text differs from trimmed prompt
  Trimmed prompt length: 223, Decoded text length: 234
[DEBUG] First difference at position 1: prompt='s', decoded='/'
[DEBUG] Context: prompt='<s>[INST] What is the', decoded='</s></s></s></s></s><'
Warning: Decoded text differs from trimmed prompt
  Trimmed prompt length: 181, Decoded text length: 183
[DEBUG] First difference at position 1: prompt='s', decoded='/'
[DEBUG] Context: prompt='<s>[INST] What type o', decoded='</s></s></s></s></s><'
Warning: Decoded text differs from trimmed prompt
  Trimmed prompt length: 182, Decoded text length: 183
[DEBUG] First difference at position 1: prompt='s', decoded='/'
[DEBUG] Context: prompt='<s>[INST] What type o', decoded='</s></s></s></s></s><'
Warning: Decoded text differs from trimmed prompt
  Trimmed prompt length: 261, Decoded text length: 259
[DEBUG] First difference at position 1: prompt='s', decoded='/'
[DEBUG] Context: prompt='<s>[INST] Which is th', decoded='</s></s></s></s></s><'
Warning: Decoded text differs from trimmed prompt
  Trimmed prompt length: 258, Decoded text length: 253
[DEBUG] First difference at position 1: prompt='s', decoded='/'
[DEBUG] Context: prompt='<s>[INST] Which is th', decoded='</s></s></s></s></s><'
Perplexity: Written 810/85610 entries to perplexity result file (batch 135/14269)
Processing batch 136/14269
Warning: Decoded text differs from trimmed prompt
  Trimmed prompt length: 242, Decoded text length: 207
[DEBUG] First difference at position 1: prompt='s', decoded='/'
[DEBUG] Context: prompt='<s>[INST] The term ge', decoded='</s></s></s></s></s><'
Warning: Decoded text differs from trimmed prompt
  Trimmed prompt length: 237, Decoded text length: 219
[DEBUG] First difference at position 1: prompt='s', decoded='/'
[DEBUG] Context: prompt='<s>[INST] The term ge', decoded='</s></s></s></s></s><'
Warning: Decoded text differs from trimmed prompt
  Trimmed prompt length: 373, Decoded text length: 363
[DEBUG] First difference at position 1: prompt='s', decoded='/'
[DEBUG] Context: prompt='<s>[INST] Prior to un', decoded='</s></s></s></s></s><'
Warning: Decoded text differs from trimmed prompt
  Trimmed prompt length: 351, Decoded text length: 350
[DEBUG] First difference at position 1: prompt='s', decoded='/'
[DEBUG] Context: prompt='<s>[INST] Prior to un', decoded='</s></s></s></s></s><'
Warning: Decoded text differs from trimmed prompt
  Trimmed prompt length: 333, Decoded text length: 334
[DEBUG] First difference at position 3: prompt='[', decoded=' '
[DEBUG] Context: prompt='<s>[INST] The conversio', decoded='<s> [INST] The conversi'
[WARNING] in lang en, index 647: No tokens were selected by the answer mask for perplexity calculation, setting perplexity to 1.0.
Warning: Decoded text differs from trimmed prompt
  Trimmed prompt length: 335, Decoded text length: 336
[DEBUG] First difference at position 3: prompt='[', decoded=' '
[DEBUG] Context: prompt='<s>[INST] The conversio', decoded='<s> [INST] The conversi'
[WARNING] in lang en, index 647: No tokens were selected by the answer mask for perplexity calculation, setting perplexity to 1.0.
Perplexity: Written 816/85610 entries to perplexity result file (batch 136/14269)
Processing batch 137/14269
Warning: Decoded text differs from trimmed prompt
  Trimmed prompt length: 301, Decoded text length: 340
[DEBUG] First difference at position 1: prompt='s', decoded='/'
[DEBUG] Context: prompt='<s>[INST] The net pro', decoded='</s></s></s></s></s><'
Warning: Decoded text differs from trimmed prompt
  Trimmed prompt length: 301, Decoded text length: 340
[DEBUG] First difference at position 1: prompt='s', decoded='/'
[DEBUG] Context: prompt='<s>[INST] The net pro', decoded='</s></s></s></s></s><'
Warning: Decoded text differs from trimmed prompt
  Trimmed prompt length: 273, Decoded text length: 268
[DEBUG] First difference at position 1: prompt='s', decoded='/'
[DEBUG] Context: prompt='<s>[INST] When record', decoded='</s></s></s></s></s><'
Warning: Decoded text differs from trimmed prompt
  Trimmed prompt length: 274, Decoded text length: 272
[DEBUG] First difference at position 1: prompt='s', decoded='/'
[DEBUG] Context: prompt='<s>[INST] When record', decoded='</s></s></s></s></s><'
Warning: Decoded text differs from trimmed prompt
  Trimmed prompt length: 836, Decoded text length: 837
[DEBUG] First difference at position 3: prompt='[', decoded=' '
[DEBUG] Context: prompt='<s>[INST] Peak flow met', decoded='<s> [INST] Peak flow me'
Warning: Decoded text differs from trimmed prompt
  Trimmed prompt length: 835, Decoded text length: 836
[DEBUG] First difference at position 3: prompt='[', decoded=' '
[DEBUG] Context: prompt='<s>[INST] Peak flow met', decoded='<s> [INST] Peak flow me'
Perplexity: Written 822/85610 entries to perplexity result file (batch 137/14269)
Processing batch 138/14269
Warning: Decoded text differs from trimmed prompt
  Trimmed prompt length: 174, Decoded text length: 163
[DEBUG] First difference at position 1: prompt='s', decoded='/'
[DEBUG] Context: prompt='<s>[INST] Which of th', decoded='</s></s></s></s></s><'
[WARNING] in lang en, index 654: No tokens were selected by the answer mask for perplexity calculation, setting perplexity to 1.0.
Warning: Decoded text differs from trimmed prompt
  Trimmed prompt length: 170, Decoded text length: 156
[DEBUG] First difference at position 1: prompt='s', decoded='/'
[DEBUG] Context: prompt='<s>[INST] Which of th', decoded='</s></s></s></s></s><'
[WARNING] in lang en, index 654: No tokens were selected by the answer mask for perplexity calculation, setting perplexity to 1.0.
Warning: Decoded text differs from trimmed prompt
  Trimmed prompt length: 193, Decoded text length: 200
[DEBUG] First difference at position 1: prompt='s', decoded='/'
[DEBUG] Context: prompt='<s>[INST] Which of th', decoded='</s></s></s></s></s><'
Warning: Decoded text differs from trimmed prompt
  Trimmed prompt length: 193, Decoded text length: 200
[DEBUG] First difference at position 1: prompt='s', decoded='/'
[DEBUG] Context: prompt='<s>[INST] Which of th', decoded='</s></s></s></s></s><'
Warning: Decoded text differs from trimmed prompt
  Trimmed prompt length: 269, Decoded text length: 270
[DEBUG] First difference at position 3: prompt='[', decoded=' '
[DEBUG] Context: prompt='<s>[INST] Bronchial bre', decoded='<s> [INST] Bronchial br'
Warning: Decoded text differs from trimmed prompt
  Trimmed prompt length: 270, Decoded text length: 271
[DEBUG] First difference at position 1: prompt='s', decoded='/'
[DEBUG] Context: prompt='<s>[INST] Bronchial b', decoded='</s><s> [INST] Bronch'
Perplexity: Written 828/85610 entries to perplexity result file (batch 138/14269)
Processing batch 139/14269
Warning: Decoded text differs from trimmed prompt
  Trimmed prompt length: 268, Decoded text length: 269
[DEBUG] First difference at position 3: prompt='[', decoded=' '
[DEBUG] Context: prompt='<s>[INST] The carpal bo', decoded='<s> [INST] The carpal b'
Warning: Decoded text differs from trimmed prompt
  Trimmed prompt length: 253, Decoded text length: 264
[DEBUG] First difference at position 1: prompt='s', decoded='/'
[DEBUG] Context: prompt='<s>[INST] The carpal ', decoded='</s></s></s></s></s><'
Warning: Decoded text differs from trimmed prompt
  Trimmed prompt length: 235, Decoded text length: 242
[DEBUG] First difference at position 1: prompt='s', decoded='/'
[DEBUG] Context: prompt='<s>[INST] The process', decoded='</s></s></s></s></s><'
Warning: Decoded text differs from trimmed prompt
  Trimmed prompt length: 245, Decoded text length: 260
[DEBUG] First difference at position 1: prompt='s', decoded='/'
[DEBUG] Context: prompt='<s>[INST] The process', decoded='</s></s></s></s></s><'
Warning: Decoded text differs from trimmed prompt
  Trimmed prompt length: 244, Decoded text length: 248
[DEBUG] First difference at position 1: prompt='s', decoded='/'
[DEBUG] Context: prompt="<s>[INST] What is 'co", decoded='</s></s></s></s></s><'
Warning: Decoded text differs from trimmed prompt
  Trimmed prompt length: 164, Decoded text length: 166
[DEBUG] First difference at position 1: prompt='s', decoded='/'
[DEBUG] Context: prompt="<s>[INST] What is 'co", decoded='</s></s></s></s></s><'
Perplexity: Written 834/85610 entries to perplexity result file (batch 139/14269)
Processing batch 140/14269
Warning: Decoded text differs from trimmed prompt
  Trimmed prompt length: 217, Decoded text length: 214
[DEBUG] First difference at position 1: prompt='s', decoded='/'
[DEBUG] Context: prompt='<s>[INST] What must y', decoded='</s></s></s></s></s><'
Warning: Decoded text differs from trimmed prompt
  Trimmed prompt length: 217, Decoded text length: 205
[DEBUG] First difference at position 1: prompt='s', decoded='/'
[DEBUG] Context: prompt='<s>[INST] What must y', decoded='</s></s></s></s></s><'
[WARNING] in lang en, index 663: No tokens were selected by the answer mask for perplexity calculation, setting perplexity to 1.0.
Warning: Decoded text differs from trimmed prompt
  Trimmed prompt length: 341, Decoded text length: 342
[DEBUG] First difference at position 1: prompt='s', decoded='/'
[DEBUG] Context: prompt='<s>[INST] For very hi', decoded='</s><s> [INST] For ve'
Warning: Decoded text differs from trimmed prompt
  Trimmed prompt length: 341, Decoded text length: 342
[DEBUG] First difference at position 3: prompt='[', decoded=' '
[DEBUG] Context: prompt='<s>[INST] For very high', decoded='<s> [INST] For very hig'
Warning: Decoded text differs from trimmed prompt
  Trimmed prompt length: 320, Decoded text length: 325
[DEBUG] First difference at position 1: prompt='s', decoded='/'
[DEBUG] Context: prompt='<s>[INST] A change in', decoded='</s></s></s></s><s> ['
[WARNING] in lang en, index 667: No tokens were selected by the answer mask for perplexity calculation, setting perplexity to 1.0.
Warning: Decoded text differs from trimmed prompt
  Trimmed prompt length: 321, Decoded text length: 326
[DEBUG] First difference at position 1: prompt='s', decoded='/'
[DEBUG] Context: prompt='<s>[INST] A change in', decoded='</s></s></s></s><s> ['
[WARNING] in lang en, index 667: No tokens were selected by the answer mask for perplexity calculation, setting perplexity to 1.0.
Perplexity: Written 840/85610 entries to perplexity result file (batch 140/14269)
Processing batch 141/14269
Warning: Decoded text differs from trimmed prompt
  Trimmed prompt length: 294, Decoded text length: 280
[DEBUG] First difference at position 1: prompt='s', decoded='/'
[DEBUG] Context: prompt='<s>[INST] Blood clots', decoded='</s></s></s></s></s><'
[WARNING] in lang en, index 668: No tokens were selected by the answer mask for perplexity calculation, setting perplexity to 1.0.
Warning: Decoded text differs from trimmed prompt
  Trimmed prompt length: 292, Decoded text length: 280
[DEBUG] First difference at position 1: prompt='s', decoded='/'
[DEBUG] Context: prompt='<s>[INST] Blood clots', decoded='</s></s></s></s></s><'
[WARNING] in lang en, index 668: No tokens were selected by the answer mask for perplexity calculation, setting perplexity to 1.0.
Warning: Decoded text differs from trimmed prompt
  Trimmed prompt length: 304, Decoded text length: 303
[DEBUG] First difference at position 1: prompt='s', decoded='/'
[DEBUG] Context: prompt='<s>[INST] Metabolism ', decoded='</s></s></s><s> [INST'
Warning: Decoded text differs from trimmed prompt
  Trimmed prompt length: 300, Decoded text length: 301
[DEBUG] First difference at position 3: prompt='[', decoded=' '
[DEBUG] Context: prompt='<s>[INST] Metabolism is', decoded='<s> [INST] Metabolism i'
Warning: Decoded text differs from trimmed prompt
  Trimmed prompt length: 209, Decoded text length: 225
[DEBUG] First difference at position 1: prompt='s', decoded='/'
[DEBUG] Context: prompt='<s>[INST] The rate li', decoded='</s></s></s></s></s><'
Warning: Decoded text differs from trimmed prompt
  Trimmed prompt length: 203, Decoded text length: 224
[DEBUG] First difference at position 1: prompt='s', decoded='/'
[DEBUG] Context: prompt='<s>[INST] The rate li', decoded='</s></s></s></s></s><'
Perplexity: Written 846/85610 entries to perplexity result file (batch 141/14269)
Processing batch 142/14269
Warning: Decoded text differs from trimmed prompt
  Trimmed prompt length: 306, Decoded text length: 300
[DEBUG] First difference at position 1: prompt='s', decoded='/'
[DEBUG] Context: prompt='<s>[INST] Selective A', decoded='</s></s></s></s></s><'
Warning: Decoded text differs from trimmed prompt
  Trimmed prompt length: 307, Decoded text length: 300
[DEBUG] First difference at position 1: prompt='s', decoded='/'
[DEBUG] Context: prompt='<s>[INST] Selective A', decoded='</s></s></s></s></s><'
Warning: Decoded text differs from trimmed prompt
  Trimmed prompt length: 290, Decoded text length: 291
[DEBUG] First difference at position 3: prompt='[', decoded=' '
[DEBUG] Context: prompt='<s>[INST] The β-oxidati', decoded='<s> [INST] The β-oxidat'
Warning: Decoded text differs from trimmed prompt
  Trimmed prompt length: 273, Decoded text length: 279
[DEBUG] First difference at position 1: prompt='s', decoded='/'
[DEBUG] Context: prompt='<s>[INST] The β-oxida', decoded='</s></s></s></s><s> ['
Warning: Decoded text differs from trimmed prompt
  Trimmed prompt length: 373, Decoded text length: 380
[DEBUG] First difference at position 1: prompt='s', decoded='/'
[DEBUG] Context: prompt='<s>[INST] Which produ', decoded='</s></s></s></s></s><'
Warning: Decoded text differs from trimmed prompt
  Trimmed prompt length: 365, Decoded text length: 373
[DEBUG] First difference at position 1: prompt='s', decoded='/'
[DEBUG] Context: prompt='<s>[INST] Which produ', decoded='</s></s></s></s></s><'
Perplexity: Written 852/85610 entries to perplexity result file (batch 142/14269)
Processing batch 143/14269
Warning: Decoded text differs from trimmed prompt
  Trimmed prompt length: 556, Decoded text length: 560
[DEBUG] First difference at position 1: prompt='s', decoded='/'
[DEBUG] Context: prompt='<s>[INST] The optimum', decoded='</s></s><s> [INST] Th'
Warning: Decoded text differs from trimmed prompt
  Trimmed prompt length: 567, Decoded text length: 568
[DEBUG] First difference at position 3: prompt='[', decoded=' '
[DEBUG] Context: prompt='<s>[INST] The optimum p', decoded='<s> [INST] The optimum '
Warning: Decoded text differs from trimmed prompt
  Trimmed prompt length: 173, Decoded text length: 180
[DEBUG] First difference at position 1: prompt='s', decoded='/'
[DEBUG] Context: prompt='<s>[INST] What type o', decoded='</s></s></s></s></s><'
Warning: Decoded text differs from trimmed prompt
  Trimmed prompt length: 164, Decoded text length: 164
[DEBUG] First difference at position 1: prompt='s', decoded='/'
[DEBUG] Context: prompt='<s>[INST] What type o', decoded='</s></s></s></s></s><'
Warning: Decoded text differs from trimmed prompt
  Trimmed prompt length: 237, Decoded text length: 224
[DEBUG] First difference at position 1: prompt='s', decoded='/'
[DEBUG] Context: prompt='<s>[INST] A hypertoni', decoded='</s></s></s></s></s><'
Warning: Decoded text differs from trimmed prompt
  Trimmed prompt length: 204, Decoded text length: 200
[DEBUG] First difference at position 1: prompt='s', decoded='/'
[DEBUG] Context: prompt='<s>[INST] A hypertoni', decoded='</s></s></s></s></s><'
Perplexity: Written 858/85610 entries to perplexity result file (batch 143/14269)
Processing batch 144/14269
Warning: Decoded text differs from trimmed prompt
  Trimmed prompt length: 207, Decoded text length: 183
[DEBUG] First difference at position 1: prompt='s', decoded='/'
[DEBUG] Context: prompt='<s>[INST] The maximum', decoded='</s></s></s></s></s><'
Warning: Decoded text differs from trimmed prompt
  Trimmed prompt length: 199, Decoded text length: 174
[DEBUG] First difference at position 1: prompt='s', decoded='/'
[DEBUG] Context: prompt='<s>[INST] The maximum', decoded='</s></s></s></s></s><'
Warning: Decoded text differs from trimmed prompt
  Trimmed prompt length: 226, Decoded text length: 230
[DEBUG] First difference at position 1: prompt='s', decoded='/'
[DEBUG] Context: prompt='<s>[INST] Fast-twitch', decoded='</s></s></s></s></s><'
Warning: Decoded text differs from trimmed prompt
  Trimmed prompt length: 226, Decoded text length: 230
[DEBUG] First difference at position 1: prompt='s', decoded='/'
[DEBUG] Context: prompt='<s>[INST] Fast-twitch', decoded='</s></s></s></s></s><'
Warning: Decoded text differs from trimmed prompt
  Trimmed prompt length: 305, Decoded text length: 306
[DEBUG] First difference at position 3: prompt='[', decoded=' '
[DEBUG] Context: prompt='<s>[INST] The rate of b', decoded='<s> [INST] The rate of '
Warning: Decoded text differs from trimmed prompt
  Trimmed prompt length: 293, Decoded text length: 294
[DEBUG] First difference at position 3: prompt='[', decoded=' '
[DEBUG] Context: prompt='<s>[INST] The rate of b', decoded='<s> [INST] The rate of '
Perplexity: Written 864/85610 entries to perplexity result file (batch 144/14269)
Processing batch 145/14269
Warning: Decoded text differs from trimmed prompt
  Trimmed prompt length: 205, Decoded text length: 216
[DEBUG] First difference at position 1: prompt='s', decoded='/'
[DEBUG] Context: prompt='<s>[INST] The enzymes', decoded='</s></s></s></s></s><'
Warning: Decoded text differs from trimmed prompt
  Trimmed prompt length: 205, Decoded text length: 216
[DEBUG] First difference at position 1: prompt='s', decoded='/'
[DEBUG] Context: prompt='<s>[INST] The enzymes', decoded='</s></s></s></s></s><'
Warning: Decoded text differs from trimmed prompt
  Trimmed prompt length: 405, Decoded text length: 406
[DEBUG] First difference at position 1: prompt='s', decoded='/'
[DEBUG] Context: prompt='<s>[INST] The energy ', decoded='</s><s> [INST] The en'
[WARNING] in lang en, index 689: No tokens were selected by the answer mask for perplexity calculation, setting perplexity to 1.0.
Warning: Decoded text differs from trimmed prompt
  Trimmed prompt length: 406, Decoded text length: 407
[DEBUG] First difference at position 3: prompt='[', decoded=' '
[DEBUG] Context: prompt='<s>[INST] The energy re', decoded='<s> [INST] The energy r'
[WARNING] in lang en, index 689: No tokens were selected by the answer mask for perplexity calculation, setting perplexity to 1.0.
Warning: Decoded text differs from trimmed prompt
  Trimmed prompt length: 210, Decoded text length: 200
[DEBUG] First difference at position 1: prompt='s', decoded='/'
[DEBUG] Context: prompt='<s>[INST] Prosthetic ', decoded='</s></s></s></s></s><'
Warning: Decoded text differs from trimmed prompt
  Trimmed prompt length: 185, Decoded text length: 188
[DEBUG] First difference at position 1: prompt='s', decoded='/'
[DEBUG] Context: prompt='<s>[INST] Prosthetic ', decoded='</s></s></s></s></s><'
Perplexity: Written 870/85610 entries to perplexity result file (batch 145/14269)
Processing batch 146/14269
Warning: Decoded text differs from trimmed prompt
  Trimmed prompt length: 694, Decoded text length: 695
[DEBUG] First difference at position 3: prompt='[', decoded=' '
[DEBUG] Context: prompt='<s>[INST] As a general ', decoded='<s> [INST] As a general'
Warning: Decoded text differs from trimmed prompt
  Trimmed prompt length: 629, Decoded text length: 612
[DEBUG] First difference at position 1: prompt='s', decoded='/'
[DEBUG] Context: prompt='<s>[INST] As a genera', decoded='</s></s></s></s></s><'
Warning: Decoded text differs from trimmed prompt
  Trimmed prompt length: 310, Decoded text length: 264
[DEBUG] First difference at position 1: prompt='s', decoded='/'
[DEBUG] Context: prompt='<s>[INST] Your first ', decoded='</s></s></s></s></s><'
Warning: Decoded text differs from trimmed prompt
  Trimmed prompt length: 288, Decoded text length: 252
[DEBUG] First difference at position 1: prompt='s', decoded='/'
[DEBUG] Context: prompt='<s>[INST] Your first ', decoded='</s></s></s></s></s><'
[WARNING] in lang en, index 700: No tokens were selected by the answer mask for perplexity calculation, setting perplexity to 1.0.
Warning: Decoded text differs from trimmed prompt
  Trimmed prompt length: 272, Decoded text length: 268
[DEBUG] First difference at position 1: prompt='s', decoded='/'
[DEBUG] Context: prompt='<s>[INST] What is an ', decoded='</s></s></s></s></s><'
Warning: Decoded text differs from trimmed prompt
  Trimmed prompt length: 272, Decoded text length: 260
[DEBUG] First difference at position 1: prompt='s', decoded='/'
[DEBUG] Context: prompt='<s>[INST] What is an ', decoded='</s></s></s></s></s><'
Perplexity: Written 876/85610 entries to perplexity result file (batch 146/14269)
Processing batch 147/14269
Warning: Decoded text differs from trimmed prompt
  Trimmed prompt length: 238, Decoded text length: 214
[DEBUG] First difference at position 1: prompt='s', decoded='/'
[DEBUG] Context: prompt='<s>[INST] Endurance t', decoded='</s></s></s></s></s><'
Warning: Decoded text differs from trimmed prompt
  Trimmed prompt length: 242, Decoded text length: 213
[DEBUG] First difference at position 1: prompt='s', decoded='/'
[DEBUG] Context: prompt='<s>[INST] Endurance t', decoded='</s></s></s></s></s><'
Warning: Decoded text differs from trimmed prompt
  Trimmed prompt length: 427, Decoded text length: 429
[DEBUG] First difference at position 1: prompt='s', decoded='/'
[DEBUG] Context: prompt='<s>[INST] An action p', decoded='</s></s></s><s> [INST'
Warning: Decoded text differs from trimmed prompt
  Trimmed prompt length: 437, Decoded text length: 438
[DEBUG] First difference at position 3: prompt='[', decoded=' '
[DEBUG] Context: prompt='<s>[INST] An action pot', decoded='<s> [INST] An action po'
Warning: Decoded text differs from trimmed prompt
  Trimmed prompt length: 232, Decoded text length: 212
[DEBUG] First difference at position 1: prompt='s', decoded='/'
[DEBUG] Context: prompt='<s>[INST] What is mea', decoded='</s></s></s></s></s><'
Warning: Decoded text differs from trimmed prompt
  Trimmed prompt length: 231, Decoded text length: 213
[DEBUG] First difference at position 1: prompt='s', decoded='/'
[DEBUG] Context: prompt='<s>[INST] What is mea', decoded='</s></s></s></s></s><'
Perplexity: Written 882/85610 entries to perplexity result file (batch 147/14269)
Processing batch 148/14269
Warning: Decoded text differs from trimmed prompt
  Trimmed prompt length: 221, Decoded text length: 236
[DEBUG] First difference at position 1: prompt='s', decoded='/'
[DEBUG] Context: prompt='<s>[INST] What is a t', decoded='</s></s></s></s></s><'
Warning: Decoded text differs from trimmed prompt
  Trimmed prompt length: 184, Decoded text length: 189
[DEBUG] First difference at position 1: prompt='s', decoded='/'
[DEBUG] Context: prompt='<s>[INST] What is a t', decoded='</s></s></s></s></s><'
Warning: Decoded text differs from trimmed prompt
  Trimmed prompt length: 338, Decoded text length: 339
[DEBUG] First difference at position 3: prompt='[', decoded=' '
[DEBUG] Context: prompt='<s>[INST] How many CO2 ', decoded='<s> [INST] How many CO2'
Warning: Decoded text differs from trimmed prompt
  Trimmed prompt length: 338, Decoded text length: 339
[DEBUG] First difference at position 3: prompt='[', decoded=' '
[DEBUG] Context: prompt='<s>[INST] How many CO2 ', decoded='<s> [INST] How many CO2'
Warning: Decoded text differs from trimmed prompt
  Trimmed prompt length: 281, Decoded text length: 278
[DEBUG] First difference at position 1: prompt='s', decoded='/'
[DEBUG] Context: prompt='<s>[INST] Which poten', decoded='</s></s></s></s></s><'
[WARNING] in lang en, index 714: No tokens were selected by the answer mask for perplexity calculation, setting perplexity to 1.0.
Warning: Decoded text differs from trimmed prompt
  Trimmed prompt length: 277, Decoded text length: 275
[DEBUG] First difference at position 1: prompt='s', decoded='/'
[DEBUG] Context: prompt='<s>[INST] Which poten', decoded='</s></s></s></s></s><'
[WARNING] in lang en, index 714: No tokens were selected by the answer mask for perplexity calculation, setting perplexity to 1.0.
Perplexity: Written 888/85610 entries to perplexity result file (batch 148/14269)
Processing batch 149/14269
Warning: Decoded text differs from trimmed prompt
  Trimmed prompt length: 189, Decoded text length: 191
[DEBUG] First difference at position 1: prompt='s', decoded='/'
[DEBUG] Context: prompt='<s>[INST] Which of th', decoded='</s></s></s></s></s><'
[WARNING] in lang en, index 715: No tokens were selected by the answer mask for perplexity calculation, setting perplexity to 1.0.
Warning: Decoded text differs from trimmed prompt
  Trimmed prompt length: 188, Decoded text length: 185
[DEBUG] First difference at position 1: prompt='s', decoded='/'
[DEBUG] Context: prompt='<s>[INST] Which of th', decoded='</s></s></s></s></s><'
[WARNING] in lang en, index 715: No tokens were selected by the answer mask for perplexity calculation, setting perplexity to 1.0.
Warning: Decoded text differs from trimmed prompt
  Trimmed prompt length: 266, Decoded text length: 269
[DEBUG] First difference at position 1: prompt='s', decoded='/'
[DEBUG] Context: prompt='<s>[INST] The genome ', decoded='</s></s></s></s></s><'
Warning: Decoded text differs from trimmed prompt
  Trimmed prompt length: 296, Decoded text length: 297
[DEBUG] First difference at position 3: prompt='[', decoded=' '
[DEBUG] Context: prompt='<s>[INST] The genome is', decoded='<s> [INST] The genome i'
Warning: Decoded text differs from trimmed prompt
  Trimmed prompt length: 271, Decoded text length: 276
[DEBUG] First difference at position 1: prompt='s', decoded='/'
[DEBUG] Context: prompt='<s>[INST] In all-out ', decoded='</s></s></s><s> [INST'
Warning: Decoded text differs from trimmed prompt
  Trimmed prompt length: 269, Decoded text length: 271
[DEBUG] First difference at position 1: prompt='s', decoded='/'
[DEBUG] Context: prompt='<s>[INST] In all-out ', decoded='</s></s></s></s><s> ['
Perplexity: Written 894/85610 entries to perplexity result file (batch 149/14269)
Processing batch 150/14269
Warning: Decoded text differs from trimmed prompt
  Trimmed prompt length: 291, Decoded text length: 301
[DEBUG] First difference at position 1: prompt='s', decoded='/'
[DEBUG] Context: prompt='<s>[INST] The main fa', decoded='</s></s></s></s></s><'
Warning: Decoded text differs from trimmed prompt
  Trimmed prompt length: 285, Decoded text length: 268
[DEBUG] First difference at position 1: prompt='s', decoded='/'
[DEBUG] Context: prompt='<s>[INST] The main fa', decoded='</s></s></s></s></s><'
[WARNING] in lang en, index 719: No tokens were selected by the answer mask for perplexity calculation, setting perplexity to 1.0.
Warning: Decoded text differs from trimmed prompt
  Trimmed prompt length: 269, Decoded text length: 266
[DEBUG] First difference at position 1: prompt='s', decoded='/'
[DEBUG] Context: prompt='<s>[INST] The most ra', decoded='</s></s></s></s></s><'
[WARNING] in lang en, index 720: No tokens were selected by the answer mask for perplexity calculation, setting perplexity to 1.0.
Warning: Decoded text differs from trimmed prompt
  Trimmed prompt length: 283, Decoded text length: 296
[DEBUG] First difference at position 1: prompt='s', decoded='/'
[DEBUG] Context: prompt='<s>[INST] The most ra', decoded='</s></s></s></s></s><'
Warning: Decoded text differs from trimmed prompt
  Trimmed prompt length: 320, Decoded text length: 321
[DEBUG] First difference at position 3: prompt='[', decoded=' '
[DEBUG] Context: prompt='<s>[INST] The blood glu', decoded='<s> [INST] The blood gl'
[WARNING] in lang en, index 722: No tokens were selected by the answer mask for perplexity calculation, setting perplexity to 1.0.
Warning: Decoded text differs from trimmed prompt
  Trimmed prompt length: 320, Decoded text length: 312
[DEBUG] First difference at position 1: prompt='s', decoded='/'
[DEBUG] Context: prompt='<s>[INST] The blood g', decoded='</s></s></s></s></s><'
[WARNING] in lang en, index 722: No tokens were selected by the answer mask for perplexity calculation, setting perplexity to 1.0.
Perplexity: Written 900/85610 entries to perplexity result file (batch 150/14269)
Processing batch 151/14269
Warning: Decoded text differs from trimmed prompt
  Trimmed prompt length: 169, Decoded text length: 172
[DEBUG] First difference at position 1: prompt='s', decoded='/'
[DEBUG] Context: prompt='<s>[INST] One of the ', decoded='</s></s></s></s></s><'
Warning: Decoded text differs from trimmed prompt
  Trimmed prompt length: 179, Decoded text length: 176
[DEBUG] First difference at position 1: prompt='s', decoded='/'
[DEBUG] Context: prompt='<s>[INST] One of the ', decoded='</s></s></s></s></s><'
Warning: Decoded text differs from trimmed prompt
  Trimmed prompt length: 203, Decoded text length: 204
[DEBUG] First difference at position 1: prompt='s', decoded='/'
[DEBUG] Context: prompt='<s>[INST] A surgical ', decoded='</s></s></s></s></s><'
Warning: Decoded text differs from trimmed prompt
  Trimmed prompt length: 199, Decoded text length: 200
[DEBUG] First difference at position 1: prompt='s', decoded='/'
[DEBUG] Context: prompt='<s>[INST] A surgical ', decoded='</s></s></s></s></s><'
Warning: Decoded text differs from trimmed prompt
  Trimmed prompt length: 604, Decoded text length: 605
[DEBUG] First difference at position 1: prompt='s', decoded='/'
[DEBUG] Context: prompt='<s>[INST] Anaerobic m', decoded='</s><s> [INST] Anaero'
Warning: Decoded text differs from trimmed prompt
  Trimmed prompt length: 613, Decoded text length: 614
[DEBUG] First difference at position 3: prompt='[', decoded=' '
[DEBUG] Context: prompt='<s>[INST] Anaerobic met', decoded='<s> [INST] Anaerobic me'
Perplexity: Written 906/85610 entries to perplexity result file (batch 151/14269)
Processing batch 152/14269
Warning: Decoded text differs from trimmed prompt
  Trimmed prompt length: 293, Decoded text length: 300
[DEBUG] First difference at position 1: prompt='s', decoded='/'
[DEBUG] Context: prompt='<s>[INST] A patient h', decoded='</s></s></s></s></s><'
[WARNING] in lang en, index 728: No tokens were selected by the answer mask for perplexity calculation, setting perplexity to 1.0.
Warning: Decoded text differs from trimmed prompt
  Trimmed prompt length: 293, Decoded text length: 300
[DEBUG] First difference at position 1: prompt='s', decoded='/'
[DEBUG] Context: prompt='<s>[INST] A patient h', decoded='</s></s></s></s></s><'
[WARNING] in lang en, index 728: No tokens were selected by the answer mask for perplexity calculation, setting perplexity to 1.0.
Warning: Decoded text differs from trimmed prompt
  Trimmed prompt length: 164, Decoded text length: 170
[DEBUG] First difference at position 1: prompt='s', decoded='/'
[DEBUG] Context: prompt='<s>[INST] Eccrine and', decoded='</s></s></s></s></s><'
Warning: Decoded text differs from trimmed prompt
  Trimmed prompt length: 167, Decoded text length: 170
[DEBUG] First difference at position 1: prompt='s', decoded='/'
[DEBUG] Context: prompt='<s>[INST] Eccrine and', decoded='</s></s></s></s></s><'
Warning: Decoded text differs from trimmed prompt
  Trimmed prompt length: 280, Decoded text length: 285
[DEBUG] First difference at position 1: prompt='s', decoded='/'
[DEBUG] Context: prompt='<s>[INST] Two of the ', decoded='</s></s></s><s> [INST'
[WARNING] in lang en, index 731: No tokens were selected by the answer mask for perplexity calculation, setting perplexity to 1.0.
Warning: Decoded text differs from trimmed prompt
  Trimmed prompt length: 303, Decoded text length: 304
[DEBUG] First difference at position 3: prompt='[', decoded=' '
[DEBUG] Context: prompt='<s>[INST] Two of the fo', decoded='<s> [INST] Two of the f'
Perplexity: Written 912/85610 entries to perplexity result file (batch 152/14269)
Processing batch 153/14269
Warning: Decoded text differs from trimmed prompt
  Trimmed prompt length: 270, Decoded text length: 274
[DEBUG] First difference at position 1: prompt='s', decoded='/'
[DEBUG] Context: prompt='<s>[INST] Phophocreat', decoded='</s></s></s></s></s><'
Warning: Decoded text differs from trimmed prompt
  Trimmed prompt length: 275, Decoded text length: 273
[DEBUG] First difference at position 1: prompt='s', decoded='/'
[DEBUG] Context: prompt='<s>[INST] Phophocreat', decoded='</s></s></s></s></s><'
Warning: Decoded text differs from trimmed prompt
  Trimmed prompt length: 356, Decoded text length: 357
[DEBUG] First difference at position 3: prompt='[', decoded=' '
[DEBUG] Context: prompt='<s>[INST] The transcrip', decoded='<s> [INST] The transcri'
Warning: Decoded text differs from trimmed prompt
  Trimmed prompt length: 367, Decoded text length: 368
[DEBUG] First difference at position 3: prompt='[', decoded=' '
[DEBUG] Context: prompt='<s>[INST] The transcrip', decoded='<s> [INST] The transcri'
Warning: Decoded text differs from trimmed prompt
  Trimmed prompt length: 209, Decoded text length: 201
[DEBUG] First difference at position 1: prompt='s', decoded='/'
[DEBUG] Context: prompt='<s>[INST] Oedema is t', decoded='</s></s></s></s></s><'
Warning: Decoded text differs from trimmed prompt
  Trimmed prompt length: 208, Decoded text length: 201
[DEBUG] First difference at position 1: prompt='s', decoded='/'
[DEBUG] Context: prompt='<s>[INST] Oedema is t', decoded='</s></s></s></s></s><'
Perplexity: Written 918/85610 entries to perplexity result file (batch 153/14269)
Processing batch 154/14269
Warning: Decoded text differs from trimmed prompt
  Trimmed prompt length: 313, Decoded text length: 296
[DEBUG] First difference at position 1: prompt='s', decoded='/'
[DEBUG] Context: prompt='<s>[INST] Why should ', decoded='</s></s></s></s></s><'
Warning: Decoded text differs from trimmed prompt
  Trimmed prompt length: 247, Decoded text length: 252
[DEBUG] First difference at position 1: prompt='s', decoded='/'
[DEBUG] Context: prompt='<s>[INST] Why should ', decoded='</s></s></s></s></s><'
Warning: Decoded text differs from trimmed prompt
  Trimmed prompt length: 390, Decoded text length: 391
[DEBUG] First difference at position 3: prompt='[', decoded=' '
[DEBUG] Context: prompt='<s>[INST] Glucose is tr', decoded='<s> [INST] Glucose is t'
Warning: Decoded text differs from trimmed prompt
  Trimmed prompt length: 388, Decoded text length: 389
[DEBUG] First difference at position 1: prompt='s', decoded='/'
[DEBUG] Context: prompt='<s>[INST] Glucose is ', decoded='</s><s> [INST] Glucos'
Warning: Decoded text differs from trimmed prompt
  Trimmed prompt length: 218, Decoded text length: 202
[DEBUG] First difference at position 1: prompt='s', decoded='/'
[DEBUG] Context: prompt='<s>[INST] Measuring t', decoded='</s></s></s></s></s><'
Warning: Decoded text differs from trimmed prompt
  Trimmed prompt length: 224, Decoded text length: 202
[DEBUG] First difference at position 1: prompt='s', decoded='/'
[DEBUG] Context: prompt='<s>[INST] Measuring t', decoded='</s></s></s></s></s><'
Perplexity: Written 924/85610 entries to perplexity result file (batch 154/14269)
Processing batch 155/14269
Warning: Decoded text differs from trimmed prompt
  Trimmed prompt length: 287, Decoded text length: 256
[DEBUG] First difference at position 1: prompt='s', decoded='/'
[DEBUG] Context: prompt='<s>[INST] Why are mal', decoded='</s></s></s></s></s><'
Warning: Decoded text differs from trimmed prompt
  Trimmed prompt length: 304, Decoded text length: 268
[DEBUG] First difference at position 1: prompt='s', decoded='/'
[DEBUG] Context: prompt='<s>[INST] Why are mal', decoded='</s></s></s></s></s><'
Warning: Decoded text differs from trimmed prompt
  Trimmed prompt length: 182, Decoded text length: 188
[DEBUG] First difference at position 1: prompt='s', decoded='/'
[DEBUG] Context: prompt='<s>[INST] Which organ', decoded='</s></s></s></s></s><'
Warning: Decoded text differs from trimmed prompt
  Trimmed prompt length: 202, Decoded text length: 200
[DEBUG] First difference at position 1: prompt='s', decoded='/'
[DEBUG] Context: prompt='<s>[INST] Which organ', decoded='</s></s></s></s></s><'
Warning: Decoded text differs from trimmed prompt
  Trimmed prompt length: 688, Decoded text length: 689
[DEBUG] First difference at position 3: prompt='[', decoded=' '
[DEBUG] Context: prompt='<s>[INST] When teaching', decoded='<s> [INST] When teachin'
Warning: Decoded text differs from trimmed prompt
  Trimmed prompt length: 681, Decoded text length: 682
[DEBUG] First difference at position 3: prompt='[', decoded=' '
[DEBUG] Context: prompt='<s>[INST] When teaching', decoded='<s> [INST] When teachin'
Perplexity: Written 930/85610 entries to perplexity result file (batch 155/14269)
Processing batch 156/14269
Warning: Decoded text differs from trimmed prompt
  Trimmed prompt length: 434, Decoded text length: 435
[DEBUG] First difference at position 3: prompt='[', decoded=' '
[DEBUG] Context: prompt='<s>[INST] Why should a ', decoded='<s> [INST] Why should a'
[WARNING] in lang en, index 746: No tokens were selected by the answer mask for perplexity calculation, setting perplexity to 1.0.
Warning: Decoded text differs from trimmed prompt
  Trimmed prompt length: 433, Decoded text length: 434
[DEBUG] First difference at position 1: prompt='s', decoded='/'
[DEBUG] Context: prompt='<s>[INST] Why should ', decoded='</s><s> [INST] Why sh'
[WARNING] in lang en, index 746: No tokens were selected by the answer mask for perplexity calculation, setting perplexity to 1.0.
Warning: Decoded text differs from trimmed prompt
  Trimmed prompt length: 312, Decoded text length: 292
[DEBUG] First difference at position 1: prompt='s', decoded='/'
[DEBUG] Context: prompt='<s>[INST] In general,', decoded='</s></s></s></s></s><'
[WARNING] in lang en, index 748: No tokens were selected by the answer mask for perplexity calculation, setting perplexity to 1.0.
Warning: Decoded text differs from trimmed prompt
  Trimmed prompt length: 338, Decoded text length: 349
[DEBUG] First difference at position 1: prompt='s', decoded='/'
[DEBUG] Context: prompt='<s>[INST] In general,', decoded='</s></s></s></s></s><'
Warning: Decoded text differs from trimmed prompt
  Trimmed prompt length: 245, Decoded text length: 255
[DEBUG] First difference at position 1: prompt='s', decoded='/'
[DEBUG] Context: prompt='<s>[INST] Phosphocrea', decoded='</s></s></s></s></s><'
Warning: Decoded text differs from trimmed prompt
  Trimmed prompt length: 248, Decoded text length: 255
[DEBUG] First difference at position 1: prompt='s', decoded='/'
[DEBUG] Context: prompt='<s>[INST] Phosphocrea', decoded='</s></s></s></s></s><'
Perplexity: Written 936/85610 entries to perplexity result file (batch 156/14269)
Processing batch 157/14269
Warning: Decoded text differs from trimmed prompt
  Trimmed prompt length: 228, Decoded text length: 212
[DEBUG] First difference at position 1: prompt='s', decoded='/'
[DEBUG] Context: prompt='<s>[INST] The patient', decoded='</s></s></s></s></s><'
Warning: Decoded text differs from trimmed prompt
  Trimmed prompt length: 271, Decoded text length: 236
[DEBUG] First difference at position 1: prompt='s', decoded='/'
[DEBUG] Context: prompt='<s>[INST] The patient', decoded='</s></s></s></s></s><'
Warning: Decoded text differs from trimmed prompt
  Trimmed prompt length: 657, Decoded text length: 658
[DEBUG] First difference at position 3: prompt='[', decoded=' '
[DEBUG] Context: prompt='<s>[INST] Based on the ', decoded='<s> [INST] Based on the'
Warning: Decoded text differs from trimmed prompt
  Trimmed prompt length: 615, Decoded text length: 603
[DEBUG] First difference at position 1: prompt='s', decoded='/'
[DEBUG] Context: prompt='<s>[INST] Based on th', decoded='</s></s></s></s></s><'
Warning: Decoded text differs from trimmed prompt
  Trimmed prompt length: 232, Decoded text length: 224
[DEBUG] First difference at position 1: prompt='s', decoded='/'
[DEBUG] Context: prompt='<s>[INST] A frameshif', decoded='</s></s></s></s></s><'
Warning: Decoded text differs from trimmed prompt
  Trimmed prompt length: 303, Decoded text length: 284
[DEBUG] First difference at position 1: prompt='s', decoded='/'
[DEBUG] Context: prompt='<s>[INST] A frameshif', decoded='</s></s></s></s></s><'
Perplexity: Written 942/85610 entries to perplexity result file (batch 157/14269)
Processing batch 158/14269
Warning: Decoded text differs from trimmed prompt
  Trimmed prompt length: 253, Decoded text length: 269
[DEBUG] First difference at position 1: prompt='s', decoded='/'
[DEBUG] Context: prompt='<s>[INST] To prevent ', decoded='</s></s></s></s></s><'
[WARNING] in lang en, index 754: No tokens were selected by the answer mask for perplexity calculation, setting perplexity to 1.0.
Warning: Decoded text differs from trimmed prompt
  Trimmed prompt length: 254, Decoded text length: 269
[DEBUG] First difference at position 1: prompt='s', decoded='/'
[DEBUG] Context: prompt='<s>[INST] To prevent ', decoded='</s></s></s></s></s><'
[WARNING] in lang en, index 754: No tokens were selected by the answer mask for perplexity calculation, setting perplexity to 1.0.
Warning: Decoded text differs from trimmed prompt
  Trimmed prompt length: 230, Decoded text length: 221
[DEBUG] First difference at position 1: prompt='s', decoded='/'
[DEBUG] Context: prompt='<s>[INST] Which of th', decoded='</s></s></s></s></s><'
[WARNING] in lang en, index 755: No tokens were selected by the answer mask for perplexity calculation, setting perplexity to 1.0.
Warning: Decoded text differs from trimmed prompt
  Trimmed prompt length: 219, Decoded text length: 219
[DEBUG] First difference at position 1: prompt='s', decoded='/'
[DEBUG] Context: prompt='<s>[INST] Which of th', decoded='</s></s></s></s></s><'
[WARNING] in lang en, index 755: No tokens were selected by the answer mask for perplexity calculation, setting perplexity to 1.0.
Warning: Decoded text differs from trimmed prompt
  Trimmed prompt length: 306, Decoded text length: 307
[DEBUG] First difference at position 3: prompt='[', decoded=' '
[DEBUG] Context: prompt='<s>[INST] Synthesis of ', decoded='<s> [INST] Synthesis of'
Warning: Decoded text differs from trimmed prompt
  Trimmed prompt length: 299, Decoded text length: 300
[DEBUG] First difference at position 3: prompt='[', decoded=' '
[DEBUG] Context: prompt='<s>[INST] Synthesis of ', decoded='<s> [INST] Synthesis of'
Perplexity: Written 948/85610 entries to perplexity result file (batch 158/14269)
Processing batch 159/14269
Warning: Decoded text differs from trimmed prompt
  Trimmed prompt length: 290, Decoded text length: 290
[DEBUG] First difference at position 1: prompt='s', decoded='/'
[DEBUG] Context: prompt='<s>[INST] In order fo', decoded='</s></s></s></s></s><'
Warning: Decoded text differs from trimmed prompt
  Trimmed prompt length: 272, Decoded text length: 266
[DEBUG] First difference at position 1: prompt='s', decoded='/'
[DEBUG] Context: prompt='<s>[INST] In order fo', decoded='</s></s></s></s></s><'
[WARNING] in lang en, index 757: No tokens were selected by the answer mask for perplexity calculation, setting perplexity to 1.0.
Warning: Decoded text differs from trimmed prompt
  Trimmed prompt length: 323, Decoded text length: 324
[DEBUG] First difference at position 3: prompt='[', decoded=' '
[DEBUG] Context: prompt='<s>[INST] The Barr body', decoded='<s> [INST] The Barr bod'
Warning: Decoded text differs from trimmed prompt
  Trimmed prompt length: 317, Decoded text length: 318
[DEBUG] First difference at position 3: prompt='[', decoded=' '
[DEBUG] Context: prompt='<s>[INST] The Barr body', decoded='<s> [INST] The Barr bod'
Warning: Decoded text differs from trimmed prompt
  Trimmed prompt length: 264, Decoded text length: 245
[DEBUG] First difference at position 1: prompt='s', decoded='/'
[DEBUG] Context: prompt='<s>[INST] The concept', decoded='</s></s></s></s></s><'
Warning: Decoded text differs from trimmed prompt
  Trimmed prompt length: 243, Decoded text length: 200
[DEBUG] First difference at position 1: prompt='s', decoded='/'
[DEBUG] Context: prompt='<s>[INST] The concept', decoded='</s></s></s></s></s><'
[WARNING] in lang en, index 760: No tokens were selected by the answer mask for perplexity calculation, setting perplexity to 1.0.
Perplexity: Written 954/85610 entries to perplexity result file (batch 159/14269)
Processing batch 160/14269
Warning: Decoded text differs from trimmed prompt
  Trimmed prompt length: 343, Decoded text length: 346
[DEBUG] First difference at position 1: prompt='s', decoded='/'
[DEBUG] Context: prompt='<s>[INST] When an inf', decoded='</s></s></s></s></s><'
Warning: Decoded text differs from trimmed prompt
  Trimmed prompt length: 349, Decoded text length: 347
[DEBUG] First difference at position 1: prompt='s', decoded='/'
[DEBUG] Context: prompt='<s>[INST] When an inf', decoded='</s></s></s><s> [INST'
Warning: Decoded text differs from trimmed prompt
  Trimmed prompt length: 367, Decoded text length: 368
[DEBUG] First difference at position 1: prompt='s', decoded='/'
[DEBUG] Context: prompt='<s>[INST] Cleavage sy', decoded='</s><s> [INST] Cleava'
Warning: Decoded text differs from trimmed prompt
  Trimmed prompt length: 372, Decoded text length: 373
[DEBUG] First difference at position 3: prompt='[', decoded=' '
[DEBUG] Context: prompt='<s>[INST] Cleavage symm', decoded='<s> [INST] Cleavage sym'
Warning: Decoded text differs from trimmed prompt
  Trimmed prompt length: 362, Decoded text length: 368
[DEBUG] First difference at position 1: prompt='s', decoded='/'
[DEBUG] Context: prompt='<s>[INST] Targeting o', decoded='</s></s></s></s><s> ['
[WARNING] in lang en, index 763: No tokens were selected by the answer mask for perplexity calculation, setting perplexity to 1.0.
Warning: Decoded text differs from trimmed prompt
  Trimmed prompt length: 366, Decoded text length: 366
[DEBUG] First difference at position 1: prompt='s', decoded='/'
[DEBUG] Context: prompt='<s>[INST] Targeting o', decoded='</s></s></s></s></s><'
[WARNING] in lang en, index 763: No tokens were selected by the answer mask for perplexity calculation, setting perplexity to 1.0.
Perplexity: Written 960/85610 entries to perplexity result file (batch 160/14269)
Processing batch 161/14269
Warning: Decoded text differs from trimmed prompt
  Trimmed prompt length: 579, Decoded text length: 546
[DEBUG] First difference at position 1: prompt='s', decoded='/'
[DEBUG] Context: prompt='<s>[INST] In Sweden, ', decoded='</s></s></s></s></s><'
[WARNING] in lang en, index 764: No tokens were selected by the answer mask for perplexity calculation, setting perplexity to 1.0.
Warning: Decoded text differs from trimmed prompt
  Trimmed prompt length: 579, Decoded text length: 546
[DEBUG] First difference at position 1: prompt='s', decoded='/'
[DEBUG] Context: prompt='<s>[INST] In Sweden, ', decoded='</s></s></s></s></s><'
[WARNING] in lang en, index 764: No tokens were selected by the answer mask for perplexity calculation, setting perplexity to 1.0.
Warning: Decoded text differs from trimmed prompt
  Trimmed prompt length: 289, Decoded text length: 328
[DEBUG] First difference at position 1: prompt='s', decoded='/'
[DEBUG] Context: prompt='<s>[INST] A cell nucl', decoded='</s></s></s></s></s><'
Warning: Decoded text differs from trimmed prompt
  Trimmed prompt length: 281, Decoded text length: 312
[DEBUG] First difference at position 1: prompt='s', decoded='/'
[DEBUG] Context: prompt='<s>[INST] A cell nucl', decoded='</s></s></s></s></s><'
Warning: Decoded text differs from trimmed prompt
  Trimmed prompt length: 706, Decoded text length: 707
[DEBUG] First difference at position 3: prompt='[', decoded=' '
[DEBUG] Context: prompt='<s>[INST] In one taxono', decoded='<s> [INST] In one taxon'
[WARNING] in lang en, index 766: No tokens were selected by the answer mask for perplexity calculation, setting perplexity to 1.0.
Warning: Decoded text differs from trimmed prompt
  Trimmed prompt length: 706, Decoded text length: 707
[DEBUG] First difference at position 3: prompt='[', decoded=' '
[DEBUG] Context: prompt='<s>[INST] In one taxono', decoded='<s> [INST] In one taxon'
[WARNING] in lang en, index 766: No tokens were selected by the answer mask for perplexity calculation, setting perplexity to 1.0.
Perplexity: Written 966/85610 entries to perplexity result file (batch 161/14269)
Processing batch 162/14269
Warning: Decoded text differs from trimmed prompt
  Trimmed prompt length: 562, Decoded text length: 563
[DEBUG] First difference at position 1: prompt='s', decoded='/'
[DEBUG] Context: prompt='<s>[INST] A rise in i', decoded='</s><s> [INST] A rise'
[WARNING] in lang en, index 767: No tokens were selected by the answer mask for perplexity calculation, setting perplexity to 1.0.
Warning: Decoded text differs from trimmed prompt
  Trimmed prompt length: 567, Decoded text length: 568
[DEBUG] First difference at position 3: prompt='[', decoded=' '
[DEBUG] Context: prompt='<s>[INST] A rise in int', decoded='<s> [INST] A rise in in'
[WARNING] in lang en, index 767: No tokens were selected by the answer mask for perplexity calculation, setting perplexity to 1.0.
Warning: Decoded text differs from trimmed prompt
  Trimmed prompt length: 470, Decoded text length: 441
[DEBUG] First difference at position 1: prompt='s', decoded='/'
[DEBUG] Context: prompt='<s>[INST] Experiments', decoded='</s></s></s></s></s><'
[WARNING] in lang en, index 769: No tokens were selected by the answer mask for perplexity calculation, setting perplexity to 1.0.
Warning: Decoded text differs from trimmed prompt
  Trimmed prompt length: 488, Decoded text length: 454
[DEBUG] First difference at position 1: prompt='s', decoded='/'
[DEBUG] Context: prompt='<s>[INST] Experiments', decoded='</s></s></s></s></s><'
[WARNING] in lang en, index 769: No tokens were selected by the answer mask for perplexity calculation, setting perplexity to 1.0.
Warning: Decoded text differs from trimmed prompt
  Trimmed prompt length: 248, Decoded text length: 232
[DEBUG] First difference at position 1: prompt='s', decoded='/'
[DEBUG] Context: prompt='<s>[INST] Which of th', decoded='</s></s></s></s></s><'
Warning: Decoded text differs from trimmed prompt
  Trimmed prompt length: 251, Decoded text length: 228
[DEBUG] First difference at position 1: prompt='s', decoded='/'
[DEBUG] Context: prompt='<s>[INST] Which of th', decoded='</s></s></s></s></s><'
Perplexity: Written 972/85610 entries to perplexity result file (batch 162/14269)
Processing batch 163/14269
Warning: Decoded text differs from trimmed prompt
  Trimmed prompt length: 226, Decoded text length: 216
[DEBUG] First difference at position 1: prompt='s', decoded='/'
[DEBUG] Context: prompt='<s>[INST] The soils o', decoded='</s></s></s></s></s><'
[WARNING] in lang en, index 771: No tokens were selected by the answer mask for perplexity calculation, setting perplexity to 1.0.
Warning: Decoded text differs from trimmed prompt
  Trimmed prompt length: 212, Decoded text length: 212
[DEBUG] First difference at position 1: prompt='s', decoded='/'
[DEBUG] Context: prompt='<s>[INST] The soils o', decoded='</s></s></s></s></s><'
[WARNING] in lang en, index 771: No tokens were selected by the answer mask for perplexity calculation, setting perplexity to 1.0.
Warning: Decoded text differs from trimmed prompt
  Trimmed prompt length: 373, Decoded text length: 372
[DEBUG] First difference at position 1: prompt='s', decoded='/'
[DEBUG] Context: prompt='<s>[INST] Which of th', decoded='</s></s></s><s> [INST'
Warning: Decoded text differs from trimmed prompt
  Trimmed prompt length: 391, Decoded text length: 392
[DEBUG] First difference at position 3: prompt='[', decoded=' '
[DEBUG] Context: prompt='<s>[INST] Which of the ', decoded='<s> [INST] Which of the'
Warning: Decoded text differs from trimmed prompt
  Trimmed prompt length: 325, Decoded text length: 320
[DEBUG] First difference at position 1: prompt='s', decoded='/'
[DEBUG] Context: prompt='<s>[INST] In the grow', decoded='</s></s></s></s></s><'
[WARNING] in lang en, index 773: No tokens were selected by the answer mask for perplexity calculation, setting perplexity to 1.0.
Warning: Decoded text differs from trimmed prompt
  Trimmed prompt length: 321, Decoded text length: 320
[DEBUG] First difference at position 1: prompt='s', decoded='/'
[DEBUG] Context: prompt='<s>[INST] In the grow', decoded='</s></s></s></s></s><'
[WARNING] in lang en, index 773: No tokens were selected by the answer mask for perplexity calculation, setting perplexity to 1.0.
Perplexity: Written 978/85610 entries to perplexity result file (batch 163/14269)
Processing batch 164/14269
Warning: Decoded text differs from trimmed prompt
  Trimmed prompt length: 229, Decoded text length: 226
[DEBUG] First difference at position 1: prompt='s', decoded='/'
[DEBUG] Context: prompt='<s>[INST] The wings o', decoded='</s></s></s></s></s><'
[WARNING] in lang en, index 774: No tokens were selected by the answer mask for perplexity calculation, setting perplexity to 1.0.
Warning: Decoded text differs from trimmed prompt
  Trimmed prompt length: 229, Decoded text length: 227
[DEBUG] First difference at position 1: prompt='s', decoded='/'
[DEBUG] Context: prompt='<s>[INST] The wings o', decoded='</s></s></s></s></s><'
[WARNING] in lang en, index 774: No tokens were selected by the answer mask for perplexity calculation, setting perplexity to 1.0.
Warning: Decoded text differs from trimmed prompt
  Trimmed prompt length: 208, Decoded text length: 229
[DEBUG] First difference at position 1: prompt='s', decoded='/'
[DEBUG] Context: prompt='<s>[INST] The cell ty', decoded='</s></s></s></s></s><'
Warning: Decoded text differs from trimmed prompt
  Trimmed prompt length: 210, Decoded text length: 238
[DEBUG] First difference at position 1: prompt='s', decoded='/'
[DEBUG] Context: prompt='<s>[INST] The cell ty', decoded='</s></s></s></s></s><'
Warning: Decoded text differs from trimmed prompt
  Trimmed prompt length: 322, Decoded text length: 323
[DEBUG] First difference at position 3: prompt='[', decoded=' '
[DEBUG] Context: prompt='<s>[INST] Mobile region', decoded='<s> [INST] Mobile regio'
[WARNING] in lang en, index 776: No tokens were selected by the answer mask for perplexity calculation, setting perplexity to 1.0.
Warning: Decoded text differs from trimmed prompt
  Trimmed prompt length: 317, Decoded text length: 318
[DEBUG] First difference at position 1: prompt='s', decoded='/'
[DEBUG] Context: prompt='<s>[INST] Mobile regi', decoded='</s><s> [INST] Mobile'
[WARNING] in lang en, index 776: No tokens were selected by the answer mask for perplexity calculation, setting perplexity to 1.0.
Perplexity: Written 984/85610 entries to perplexity result file (batch 164/14269)
Processing batch 165/14269
Warning: Decoded text differs from trimmed prompt
  Trimmed prompt length: 258, Decoded text length: 248
[DEBUG] First difference at position 1: prompt='s', decoded='/'
[DEBUG] Context: prompt='<s>[INST] The process', decoded='</s></s></s></s></s><'
Warning: Decoded text differs from trimmed prompt
  Trimmed prompt length: 250, Decoded text length: 248
[DEBUG] First difference at position 1: prompt='s', decoded='/'
[DEBUG] Context: prompt='<s>[INST] The process', decoded='</s></s></s></s></s><'
Warning: Decoded text differs from trimmed prompt
  Trimmed prompt length: 759, Decoded text length: 760
[DEBUG] First difference at position 3: prompt='[', decoded=' '
[DEBUG] Context: prompt='<s>[INST] Brood parasit', decoded='<s> [INST] Brood parasi'
Warning: Decoded text differs from trimmed prompt
  Trimmed prompt length: 733, Decoded text length: 734
[DEBUG] First difference at position 1: prompt='s', decoded='/'
[DEBUG] Context: prompt='<s>[INST] Brood paras', decoded='</s><s> [INST] Brood '
[WARNING] in lang en, index 778: No tokens were selected by the answer mask for perplexity calculation, setting perplexity to 1.0.
Warning: Decoded text differs from trimmed prompt
  Trimmed prompt length: 382, Decoded text length: 364
[DEBUG] First difference at position 1: prompt='s', decoded='/'
[DEBUG] Context: prompt='<s>[INST] According t', decoded='</s></s></s></s></s><'
Warning: Decoded text differs from trimmed prompt
  Trimmed prompt length: 390, Decoded text length: 374
[DEBUG] First difference at position 1: prompt='s', decoded='/'
[DEBUG] Context: prompt='<s>[INST] According t', decoded='</s></s></s></s></s><'
Perplexity: Written 990/85610 entries to perplexity result file (batch 165/14269)
Processing batch 166/14269
Warning: Decoded text differs from trimmed prompt
  Trimmed prompt length: 284, Decoded text length: 280
[DEBUG] First difference at position 1: prompt='s', decoded='/'
[DEBUG] Context: prompt='<s>[INST] Which of th', decoded='</s></s></s></s></s><'
Warning: Decoded text differs from trimmed prompt
  Trimmed prompt length: 277, Decoded text length: 272
[DEBUG] First difference at position 1: prompt='s', decoded='/'
[DEBUG] Context: prompt='<s>[INST] Which of th', decoded='</s></s></s></s></s><'
Warning: Decoded text differs from trimmed prompt
  Trimmed prompt length: 267, Decoded text length: 262
[DEBUG] First difference at position 1: prompt='s', decoded='/'
[DEBUG] Context: prompt='<s>[INST] Ferns under', decoded='</s></s></s></s></s><'
Warning: Decoded text differs from trimmed prompt
  Trimmed prompt length: 264, Decoded text length: 262
[DEBUG] First difference at position 1: prompt='s', decoded='/'
[DEBUG] Context: prompt='<s>[INST] Ferns under', decoded='</s></s></s></s></s><'
Warning: Decoded text differs from trimmed prompt
  Trimmed prompt length: 506, Decoded text length: 510
[DEBUG] First difference at position 1: prompt='s', decoded='/'
[DEBUG] Context: prompt='<s>[INST] Aggressive ', decoded='</s></s><s> [INST] Ag'
Warning: Decoded text differs from trimmed prompt
  Trimmed prompt length: 517, Decoded text length: 518
[DEBUG] First difference at position 3: prompt='[', decoded=' '
[DEBUG] Context: prompt='<s>[INST] Aggressive an', decoded='<s> [INST] Aggressive a'
Perplexity: Written 996/85610 entries to perplexity result file (batch 166/14269)
Processing batch 167/14269
Warning: Decoded text differs from trimmed prompt
  Trimmed prompt length: 228, Decoded text length: 224
[DEBUG] First difference at position 1: prompt='s', decoded='/'
[DEBUG] Context: prompt='<s>[INST] The sight o', decoded='</s></s></s></s></s><'
Warning: Decoded text differs from trimmed prompt
  Trimmed prompt length: 229, Decoded text length: 228
[DEBUG] First difference at position 1: prompt='s', decoded='/'
[DEBUG] Context: prompt='<s>[INST] The sight o', decoded='</s></s></s></s></s><'
Warning: Decoded text differs from trimmed prompt
  Trimmed prompt length: 627, Decoded text length: 628
[DEBUG] First difference at position 3: prompt='[', decoded=' '
[DEBUG] Context: prompt='<s>[INST] A stem-boring', decoded='<s> [INST] A stem-borin'
Warning: Decoded text differs from trimmed prompt
  Trimmed prompt length: 627, Decoded text length: 628
[DEBUG] First difference at position 3: prompt='[', decoded=' '
[DEBUG] Context: prompt='<s>[INST] A stem-boring', decoded='<s> [INST] A stem-borin'
Warning: Decoded text differs from trimmed prompt
  Trimmed prompt length: 186, Decoded text length: 184
[DEBUG] First difference at position 1: prompt='s', decoded='/'
[DEBUG] Context: prompt='<s>[INST] The structu', decoded='</s></s></s></s></s><'
Warning: Decoded text differs from trimmed prompt
  Trimmed prompt length: 190, Decoded text length: 184
[DEBUG] First difference at position 1: prompt='s', decoded='/'
[DEBUG] Context: prompt='<s>[INST] The structu', decoded='</s></s></s></s></s><'
Perplexity: Written 1002/85610 entries to perplexity result file (batch 167/14269)
Processing batch 168/14269
Warning: Decoded text differs from trimmed prompt
  Trimmed prompt length: 410, Decoded text length: 411
[DEBUG] First difference at position 3: prompt='[', decoded=' '
[DEBUG] Context: prompt='<s>[INST] A healthy per', decoded='<s> [INST] A healthy pe'
Warning: Decoded text differs from trimmed prompt
  Trimmed prompt length: 412, Decoded text length: 413
[DEBUG] First difference at position 3: prompt='[', decoded=' '
[DEBUG] Context: prompt='<s>[INST] A healthy per', decoded='<s> [INST] A healthy pe'
Warning: Decoded text differs from trimmed prompt
  Trimmed prompt length: 341, Decoded text length: 343
[DEBUG] First difference at position 1: prompt='s', decoded='/'
[DEBUG] Context: prompt='<s>[INST] Which of th', decoded='</s></s><s> [INST] Wh'
[WARNING] in lang en, index 799: No tokens were selected by the answer mask for perplexity calculation, setting perplexity to 1.0.
Warning: Decoded text differs from trimmed prompt
  Trimmed prompt length: 338, Decoded text length: 342
[DEBUG] First difference at position 1: prompt='s', decoded='/'
[DEBUG] Context: prompt='<s>[INST] Which of th', decoded='</s></s></s><s> [INST'
[WARNING] in lang en, index 799: No tokens were selected by the answer mask for perplexity calculation, setting perplexity to 1.0.
Warning: Decoded text differs from trimmed prompt
  Trimmed prompt length: 331, Decoded text length: 338
[DEBUG] First difference at position 1: prompt='s', decoded='/'
[DEBUG] Context: prompt='<s>[INST] A marine ec', decoded='</s></s></s></s></s><'
[WARNING] in lang en, index 800: No tokens were selected by the answer mask for perplexity calculation, setting perplexity to 1.0.
Warning: Decoded text differs from trimmed prompt
  Trimmed prompt length: 331, Decoded text length: 338
[DEBUG] First difference at position 1: prompt='s', decoded='/'
[DEBUG] Context: prompt='<s>[INST] A marine ec', decoded='</s></s></s></s></s><'
[WARNING] in lang en, index 800: No tokens were selected by the answer mask for perplexity calculation, setting perplexity to 1.0.
Perplexity: Written 1008/85610 entries to perplexity result file (batch 168/14269)
Processing batch 169/14269
Warning: Decoded text differs from trimmed prompt
  Trimmed prompt length: 410, Decoded text length: 423
[DEBUG] First difference at position 1: prompt='s', decoded='/'
[DEBUG] Context: prompt='<s>[INST] In humans, ', decoded='</s></s></s></s></s><'
[WARNING] in lang en, index 801: No tokens were selected by the answer mask for perplexity calculation, setting perplexity to 1.0.
Warning: Decoded text differs from trimmed prompt
  Trimmed prompt length: 419, Decoded text length: 423
[DEBUG] First difference at position 1: prompt='s', decoded='/'
[DEBUG] Context: prompt='<s>[INST] In humans, ', decoded='</s></s></s></s></s><'
[WARNING] in lang en, index 801: No tokens were selected by the answer mask for perplexity calculation, setting perplexity to 1.0.
Warning: Decoded text differs from trimmed prompt
  Trimmed prompt length: 373, Decoded text length: 391
[DEBUG] First difference at position 1: prompt='s', decoded='/'
[DEBUG] Context: prompt='<s>[INST] Chemosynthe', decoded='</s></s></s></s></s><'
Warning: Decoded text differs from trimmed prompt
  Trimmed prompt length: 372, Decoded text length: 370
[DEBUG] First difference at position 1: prompt='s', decoded='/'
[DEBUG] Context: prompt='<s>[INST] Chemosynthe', decoded='</s></s></s></s></s><'
Warning: Decoded text differs from trimmed prompt
  Trimmed prompt length: 540, Decoded text length: 541
[DEBUG] First difference at position 3: prompt='[', decoded=' '
[DEBUG] Context: prompt='<s>[INST] In an experim', decoded='<s> [INST] In an experi'
Warning: Decoded text differs from trimmed prompt
  Trimmed prompt length: 540, Decoded text length: 541
[DEBUG] First difference at position 3: prompt='[', decoded=' '
[DEBUG] Context: prompt='<s>[INST] In an experim', decoded='<s> [INST] In an experi'
Perplexity: Written 1014/85610 entries to perplexity result file (batch 169/14269)
Processing batch 170/14269
Warning: Decoded text differs from trimmed prompt
  Trimmed prompt length: 600, Decoded text length: 593
[DEBUG] First difference at position 1: prompt='s', decoded='/'
[DEBUG] Context: prompt='<s>[INST] Nerve outgr', decoded='</s></s></s></s></s><'
Warning: Decoded text differs from trimmed prompt
  Trimmed prompt length: 602, Decoded text length: 594
[DEBUG] First difference at position 1: prompt='s', decoded='/'
[DEBUG] Context: prompt='<s>[INST] Nerve outgr', decoded='</s></s></s></s></s><'
Warning: Decoded text differs from trimmed prompt
  Trimmed prompt length: 687, Decoded text length: 691
[DEBUG] First difference at position 1: prompt='s', decoded='/'
[DEBUG] Context: prompt='<s>[INST] Monoclonal ', decoded='</s></s><s> [INST] Mo'
Warning: Decoded text differs from trimmed prompt
  Trimmed prompt length: 688, Decoded text length: 689
[DEBUG] First difference at position 3: prompt='[', decoded=' '
[DEBUG] Context: prompt='<s>[INST] Monoclonal an', decoded='<s> [INST] Monoclonal a'
Warning: Decoded text differs from trimmed prompt
  Trimmed prompt length: 457, Decoded text length: 390
[DEBUG] First difference at position 1: prompt='s', decoded='/'
[DEBUG] Context: prompt='<s>[INST] The first g', decoded='</s></s></s></s></s><'
[WARNING] in lang en, index 810: No tokens were selected by the answer mask for perplexity calculation, setting perplexity to 1.0.
Warning: Decoded text differs from trimmed prompt
  Trimmed prompt length: 456, Decoded text length: 387
[DEBUG] First difference at position 1: prompt='s', decoded='/'
[DEBUG] Context: prompt='<s>[INST] The first g', decoded='</s></s></s></s></s><'
[WARNING] in lang en, index 810: No tokens were selected by the answer mask for perplexity calculation, setting perplexity to 1.0.
Perplexity: Written 1020/85610 entries to perplexity result file (batch 170/14269)
Processing batch 171/14269
Warning: Decoded text differs from trimmed prompt
  Trimmed prompt length: 311, Decoded text length: 312
[DEBUG] First difference at position 3: prompt='[', decoded=' '
[DEBUG] Context: prompt='<s>[INST] Which of the ', decoded='<s> [INST] Which of the'
Warning: Decoded text differs from trimmed prompt
  Trimmed prompt length: 305, Decoded text length: 299
[DEBUG] First difference at position 1: prompt='s', decoded='/'
[DEBUG] Context: prompt='<s>[INST] Which of th', decoded='</s></s></s><s> [INST'
[WARNING] in lang en, index 811: No tokens were selected by the answer mask for perplexity calculation, setting perplexity to 1.0.
Warning: Decoded text differs from trimmed prompt
  Trimmed prompt length: 282, Decoded text length: 286
[DEBUG] First difference at position 1: prompt='s', decoded='/'
[DEBUG] Context: prompt='<s>[INST] In the form', decoded='</s></s><s> [INST] In'
Warning: Decoded text differs from trimmed prompt
  Trimmed prompt length: 280, Decoded text length: 281
[DEBUG] First difference at position 3: prompt='[', decoded=' '
[DEBUG] Context: prompt='<s>[INST] In the format', decoded='<s> [INST] In the forma'
Warning: Decoded text differs from trimmed prompt
  Trimmed prompt length: 187, Decoded text length: 198
[DEBUG] First difference at position 1: prompt='s', decoded='/'
[DEBUG] Context: prompt='<s>[INST] Fungi parti', decoded='</s></s></s></s></s><'
Warning: Decoded text differs from trimmed prompt
  Trimmed prompt length: 185, Decoded text length: 162
[DEBUG] First difference at position 1: prompt='s', decoded='/'
[DEBUG] Context: prompt='<s>[INST] Fungi parti', decoded='</s></s></s></s></s><'
Perplexity: Written 1026/85610 entries to perplexity result file (batch 171/14269)
Processing batch 172/14269
Warning: Decoded text differs from trimmed prompt
  Trimmed prompt length: 449, Decoded text length: 450
[DEBUG] First difference at position 3: prompt='[', decoded=' '
[DEBUG] Context: prompt='<s>[INST] In chloroplas', decoded='<s> [INST] In chloropla'
Warning: Decoded text differs from trimmed prompt
  Trimmed prompt length: 448, Decoded text length: 449
[DEBUG] First difference at position 3: prompt='[', decoded=' '
[DEBUG] Context: prompt='<s>[INST] In chloroplas', decoded='<s> [INST] In chloropla'
Warning: Decoded text differs from trimmed prompt
  Trimmed prompt length: 496, Decoded text length: 494
[DEBUG] First difference at position 1: prompt='s', decoded='/'
[DEBUG] Context: prompt='<s>[INST] During the ', decoded='</s></s></s></s></s><'
Warning: Decoded text differs from trimmed prompt
  Trimmed prompt length: 465, Decoded text length: 453
[DEBUG] First difference at position 1: prompt='s', decoded='/'
[DEBUG] Context: prompt='<s>[INST] During the ', decoded='</s></s></s></s></s><'
[WARNING] in lang en, index 816: No tokens were selected by the answer mask for perplexity calculation, setting perplexity to 1.0.
Warning: Decoded text differs from trimmed prompt
  Trimmed prompt length: 327, Decoded text length: 339
[DEBUG] First difference at position 1: prompt='s', decoded='/'
[DEBUG] Context: prompt='<s>[INST] The first p', decoded='</s></s></s></s></s><'
[WARNING] in lang en, index 818: No tokens were selected by the answer mask for perplexity calculation, setting perplexity to 1.0.
Warning: Decoded text differs from trimmed prompt
  Trimmed prompt length: 327, Decoded text length: 340
[DEBUG] First difference at position 1: prompt='s', decoded='/'
[DEBUG] Context: prompt='<s>[INST] The first p', decoded='</s></s></s></s></s><'
[WARNING] in lang en, index 818: No tokens were selected by the answer mask for perplexity calculation, setting perplexity to 1.0.
Perplexity: Written 1032/85610 entries to perplexity result file (batch 172/14269)
Processing batch 173/14269
Warning: Decoded text differs from trimmed prompt
  Trimmed prompt length: 326, Decoded text length: 296
[DEBUG] First difference at position 1: prompt='s', decoded='/'
[DEBUG] Context: prompt='<s>[INST] Which of th', decoded='</s></s></s></s></s><'
Warning: Decoded text differs from trimmed prompt
  Trimmed prompt length: 326, Decoded text length: 296
[DEBUG] First difference at position 1: prompt='s', decoded='/'
[DEBUG] Context: prompt='<s>[INST] Which of th', decoded='</s></s></s></s></s><'
Warning: Decoded text differs from trimmed prompt
  Trimmed prompt length: 293, Decoded text length: 284
[DEBUG] First difference at position 1: prompt='s', decoded='/'
[DEBUG] Context: prompt='<s>[INST] Which of th', decoded='</s></s></s></s></s><'
Warning: Decoded text differs from trimmed prompt
  Trimmed prompt length: 284, Decoded text length: 264
[DEBUG] First difference at position 1: prompt='s', decoded='/'
[DEBUG] Context: prompt='<s>[INST] Which of th', decoded='</s></s></s></s></s><'
Warning: Decoded text differs from trimmed prompt
  Trimmed prompt length: 736, Decoded text length: 740
[DEBUG] First difference at position 1: prompt='s', decoded='/'
[DEBUG] Context: prompt='<s>[INST] A species o', decoded='</s></s><s> [INST] A '
[WARNING] in lang en, index 821: No tokens were selected by the answer mask for perplexity calculation, setting perplexity to 1.0.
Warning: Decoded text differs from trimmed prompt
  Trimmed prompt length: 750, Decoded text length: 751
[DEBUG] First difference at position 3: prompt='[', decoded=' '
[DEBUG] Context: prompt='<s>[INST] A species of ', decoded='<s> [INST] A species of'
[WARNING] in lang en, index 821: No tokens were selected by the answer mask for perplexity calculation, setting perplexity to 1.0.
Perplexity: Written 1038/85610 entries to perplexity result file (batch 173/14269)
Processing batch 174/14269
Warning: Decoded text differs from trimmed prompt
  Trimmed prompt length: 239, Decoded text length: 249
[DEBUG] First difference at position 1: prompt='s', decoded='/'
[DEBUG] Context: prompt='<s>[INST] A fluoresce', decoded='</s></s></s></s></s><'
[WARNING] in lang en, index 823: No tokens were selected by the answer mask for perplexity calculation, setting perplexity to 1.0.
Warning: Decoded text differs from trimmed prompt
  Trimmed prompt length: 241, Decoded text length: 250
[DEBUG] First difference at position 1: prompt='s', decoded='/'
[DEBUG] Context: prompt='<s>[INST] A fluoresce', decoded='</s></s></s></s></s><'
[WARNING] in lang en, index 823: No tokens were selected by the answer mask for perplexity calculation, setting perplexity to 1.0.
Warning: Decoded text differs from trimmed prompt
  Trimmed prompt length: 260, Decoded text length: 264
[DEBUG] First difference at position 1: prompt='s', decoded='/'
[DEBUG] Context: prompt='<s>[INST] Annelids an', decoded='</s></s><s> [INST] An'
[WARNING] in lang en, index 824: No tokens were selected by the answer mask for perplexity calculation, setting perplexity to 1.0.
Warning: Decoded text differs from trimmed prompt
  Trimmed prompt length: 271, Decoded text length: 272
[DEBUG] First difference at position 3: prompt='[', decoded=' '
[DEBUG] Context: prompt='<s>[INST] Annelids and ', decoded='<s> [INST] Annelids and'
[WARNING] in lang en, index 824: No tokens were selected by the answer mask for perplexity calculation, setting perplexity to 1.0.
Warning: Decoded text differs from trimmed prompt
  Trimmed prompt length: 230, Decoded text length: 226
[DEBUG] First difference at position 1: prompt='s', decoded='/'
[DEBUG] Context: prompt='<s>[INST] The section', decoded='</s></s></s></s></s><'
[WARNING] in lang en, index 828: No tokens were selected by the answer mask for perplexity calculation, setting perplexity to 1.0.
Warning: Decoded text differs from trimmed prompt
  Trimmed prompt length: 228, Decoded text length: 218
[DEBUG] First difference at position 1: prompt='s', decoded='/'
[DEBUG] Context: prompt='<s>[INST] The section', decoded='</s></s></s></s></s><'
[WARNING] in lang en, index 828: No tokens were selected by the answer mask for perplexity calculation, setting perplexity to 1.0.
Perplexity: Written 1044/85610 entries to perplexity result file (batch 174/14269)
Processing batch 175/14269
Warning: Decoded text differs from trimmed prompt
  Trimmed prompt length: 316, Decoded text length: 313
[DEBUG] First difference at position 1: prompt='s', decoded='/'
[DEBUG] Context: prompt='<s>[INST] A plant tha', decoded='</s></s></s></s></s><'
Warning: Decoded text differs from trimmed prompt
  Trimmed prompt length: 315, Decoded text length: 311
[DEBUG] First difference at position 1: prompt='s', decoded='/'
[DEBUG] Context: prompt='<s>[INST] A plant tha', decoded='</s></s></s></s></s><'
Warning: Decoded text differs from trimmed prompt
  Trimmed prompt length: 287, Decoded text length: 288
[DEBUG] First difference at position 1: prompt='s', decoded='/'
[DEBUG] Context: prompt='<s>[INST] If the acti', decoded='</s></s></s></s></s><'
Warning: Decoded text differs from trimmed prompt
  Trimmed prompt length: 276, Decoded text length: 276
[DEBUG] First difference at position 1: prompt='s', decoded='/'
[DEBUG] Context: prompt='<s>[INST] If the acti', decoded='</s></s></s></s></s><'
Warning: Decoded text differs from trimmed prompt
  Trimmed prompt length: 551, Decoded text length: 552
[DEBUG] First difference at position 3: prompt='[', decoded=' '
[DEBUG] Context: prompt='<s>[INST] In garden pea', decoded='<s> [INST] In garden pe'
[WARNING] in lang en, index 831: No tokens were selected by the answer mask for perplexity calculation, setting perplexity to 1.0.
Warning: Decoded text differs from trimmed prompt
  Trimmed prompt length: 539, Decoded text length: 543
[DEBUG] First difference at position 1: prompt='s', decoded='/'
[DEBUG] Context: prompt='<s>[INST] In garden p', decoded='</s></s></s></s></s><'
[WARNING] in lang en, index 831: No tokens were selected by the answer mask for perplexity calculation, setting perplexity to 1.0.
Perplexity: Written 1050/85610 entries to perplexity result file (batch 175/14269)
Processing batch 176/14269
Warning: Decoded text differs from trimmed prompt
  Trimmed prompt length: 272, Decoded text length: 254
[DEBUG] First difference at position 1: prompt='s', decoded='/'
[DEBUG] Context: prompt='<s>[INST] Adequate se', decoded='</s></s></s></s></s><'
Warning: Decoded text differs from trimmed prompt
  Trimmed prompt length: 262, Decoded text length: 252
[DEBUG] First difference at position 1: prompt='s', decoded='/'
[DEBUG] Context: prompt='<s>[INST] Adequate se', decoded='</s></s></s></s></s><'
Warning: Decoded text differs from trimmed prompt
  Trimmed prompt length: 430, Decoded text length: 431
[DEBUG] First difference at position 3: prompt='[', decoded=' '
[DEBUG] Context: prompt='<s>[INST] The amino aci', decoded='<s> [INST] The amino ac'
Warning: Decoded text differs from trimmed prompt
  Trimmed prompt length: 425, Decoded text length: 427
[DEBUG] First difference at position 1: prompt='s', decoded='/'
[DEBUG] Context: prompt='<s>[INST] The amino a', decoded='</s></s></s><s> [INST'
Warning: Decoded text differs from trimmed prompt
  Trimmed prompt length: 282, Decoded text length: 244
[DEBUG] First difference at position 1: prompt='s', decoded='/'
[DEBUG] Context: prompt='<s>[INST] Which is a ', decoded='</s></s></s></s></s><'
[WARNING] in lang en, index 836: No tokens were selected by the answer mask for perplexity calculation, setting perplexity to 1.0.
Warning: Decoded text differs from trimmed prompt
  Trimmed prompt length: 279, Decoded text length: 253
[DEBUG] First difference at position 1: prompt='s', decoded='/'
[DEBUG] Context: prompt='<s>[INST] Which is a ', decoded='</s></s></s></s></s><'
[WARNING] in lang en, index 836: No tokens were selected by the answer mask for perplexity calculation, setting perplexity to 1.0.
Perplexity: Written 1056/85610 entries to perplexity result file (batch 176/14269)
Processing batch 177/14269
Warning: Decoded text differs from trimmed prompt
  Trimmed prompt length: 423, Decoded text length: 423
[DEBUG] First difference at position 1: prompt='s', decoded='/'
[DEBUG] Context: prompt='<s>[INST] Mammals are', decoded='</s></s></s></s></s><'
[WARNING] in lang en, index 837: No tokens were selected by the answer mask for perplexity calculation, setting perplexity to 1.0.
Warning: Decoded text differs from trimmed prompt
  Trimmed prompt length: 425, Decoded text length: 416
[DEBUG] First difference at position 1: prompt='s', decoded='/'
[DEBUG] Context: prompt='<s>[INST] Mammals are', decoded='</s></s></s></s></s><'
[WARNING] in lang en, index 837: No tokens were selected by the answer mask for perplexity calculation, setting perplexity to 1.0.
Warning: Decoded text differs from trimmed prompt
  Trimmed prompt length: 451, Decoded text length: 452
[DEBUG] First difference at position 1: prompt='s', decoded='/'
[DEBUG] Context: prompt='<s>[INST] The crouchi', decoded='</s><s> [INST] The cr'
Warning: Decoded text differs from trimmed prompt
  Trimmed prompt length: 450, Decoded text length: 451
[DEBUG] First difference at position 3: prompt='[', decoded=' '
[DEBUG] Context: prompt='<s>[INST] The crouching', decoded='<s> [INST] The crouchin'
Warning: Decoded text differs from trimmed prompt
  Trimmed prompt length: 280, Decoded text length: 231
[DEBUG] First difference at position 1: prompt='s', decoded='/'
[DEBUG] Context: prompt='<s>[INST] Among prima', decoded='</s></s></s></s></s><'
[WARNING] in lang en, index 839: No tokens were selected by the answer mask for perplexity calculation, setting perplexity to 1.0.
Warning: Decoded text differs from trimmed prompt
  Trimmed prompt length: 302, Decoded text length: 238
[DEBUG] First difference at position 1: prompt='s', decoded='/'
[DEBUG] Context: prompt='<s>[INST] Among prima', decoded='</s></s></s></s></s><'
[WARNING] in lang en, index 839: No tokens were selected by the answer mask for perplexity calculation, setting perplexity to 1.0.
Perplexity: Written 1062/85610 entries to perplexity result file (batch 177/14269)
Processing batch 178/14269
Warning: Decoded text differs from trimmed prompt
  Trimmed prompt length: 369, Decoded text length: 356
[DEBUG] First difference at position 1: prompt='s', decoded='/'
[DEBUG] Context: prompt='<s>[INST] Which of th', decoded='</s></s></s></s></s><'
Warning: Decoded text differs from trimmed prompt
  Trimmed prompt length: 360, Decoded text length: 327
[DEBUG] First difference at position 1: prompt='s', decoded='/'
[DEBUG] Context: prompt='<s>[INST] Which of th', decoded='</s></s></s></s></s><'
[WARNING] in lang en, index 840: No tokens were selected by the answer mask for perplexity calculation, setting perplexity to 1.0.
Warning: Decoded text differs from trimmed prompt
  Trimmed prompt length: 486, Decoded text length: 487
[DEBUG] First difference at position 1: prompt='s', decoded='/'
[DEBUG] Context: prompt='<s>[INST] Phalloidin ', decoded='</s><s> [INST] Phallo'
[WARNING] in lang en, index 843: No tokens were selected by the answer mask for perplexity calculation, setting perplexity to 1.0.
Warning: Decoded text differs from trimmed prompt
  Trimmed prompt length: 484, Decoded text length: 485
[DEBUG] First difference at position 3: prompt='[', decoded=' '
[DEBUG] Context: prompt='<s>[INST] Phalloidin is', decoded='<s> [INST] Phalloidin i'
[WARNING] in lang en, index 843: No tokens were selected by the answer mask for perplexity calculation, setting perplexity to 1.0.
Warning: Decoded text differs from trimmed prompt
  Trimmed prompt length: 191, Decoded text length: 180
[DEBUG] First difference at position 1: prompt='s', decoded='/'
[DEBUG] Context: prompt='<s>[INST] Hardy-Weinb', decoded='</s></s></s></s></s><'
Warning: Decoded text differs from trimmed prompt
  Trimmed prompt length: 191, Decoded text length: 180
[DEBUG] First difference at position 1: prompt='s', decoded='/'
[DEBUG] Context: prompt='<s>[INST] Hardy-Weinb', decoded='</s></s></s></s></s><'
Perplexity: Written 1068/85610 entries to perplexity result file (batch 178/14269)
Processing batch 179/14269
Warning: Decoded text differs from trimmed prompt
  Trimmed prompt length: 380, Decoded text length: 381
[DEBUG] First difference at position 3: prompt='[', decoded=' '
[DEBUG] Context: prompt='<s>[INST] Which of the ', decoded='<s> [INST] Which of the'
Warning: Decoded text differs from trimmed prompt
  Trimmed prompt length: 384, Decoded text length: 385
[DEBUG] First difference at position 3: prompt='[', decoded=' '
[DEBUG] Context: prompt='<s>[INST] Which of the ', decoded='<s> [INST] Which of the'
Warning: Decoded text differs from trimmed prompt
  Trimmed prompt length: 317, Decoded text length: 330
[DEBUG] First difference at position 1: prompt='s', decoded='/'
[DEBUG] Context: prompt='<s>[INST] Which of th', decoded='</s></s></s></s></s><'
Warning: Decoded text differs from trimmed prompt
  Trimmed prompt length: 317, Decoded text length: 330
[DEBUG] First difference at position 1: prompt='s', decoded='/'
[DEBUG] Context: prompt='<s>[INST] Which of th', decoded='</s></s></s></s></s><'
Warning: Decoded text differs from trimmed prompt
  Trimmed prompt length: 226, Decoded text length: 208
[DEBUG] First difference at position 1: prompt='s', decoded='/'
[DEBUG] Context: prompt='<s>[INST] Antibiotics', decoded='</s></s></s></s></s><'
Warning: Decoded text differs from trimmed prompt
  Trimmed prompt length: 228, Decoded text length: 224
[DEBUG] First difference at position 1: prompt='s', decoded='/'
[DEBUG] Context: prompt='<s>[INST] Antibiotics', decoded='</s></s></s></s></s><'
Perplexity: Written 1074/85610 entries to perplexity result file (batch 179/14269)
Processing batch 180/14269
Warning: Decoded text differs from trimmed prompt
  Trimmed prompt length: 237, Decoded text length: 223
[DEBUG] First difference at position 1: prompt='s', decoded='/'
[DEBUG] Context: prompt='<s>[INST] The polyten', decoded='</s></s></s></s></s><'
Warning: Decoded text differs from trimmed prompt
  Trimmed prompt length: 238, Decoded text length: 218
[DEBUG] First difference at position 1: prompt='s', decoded='/'
[DEBUG] Context: prompt='<s>[INST] The polyten', decoded='</s></s></s></s></s><'
Warning: Decoded text differs from trimmed prompt
  Trimmed prompt length: 268, Decoded text length: 294
[DEBUG] First difference at position 1: prompt='s', decoded='/'
[DEBUG] Context: prompt='<s>[INST] Which of th', decoded='</s></s></s></s></s><'
Warning: Decoded text differs from trimmed prompt
  Trimmed prompt length: 270, Decoded text length: 299
[DEBUG] First difference at position 1: prompt='s', decoded='/'
[DEBUG] Context: prompt='<s>[INST] Which of th', decoded='</s></s></s></s></s><'
Warning: Decoded text differs from trimmed prompt
  Trimmed prompt length: 375, Decoded text length: 380
[DEBUG] First difference at position 1: prompt='s', decoded='/'
[DEBUG] Context: prompt='<s>[INST] Which of th', decoded='</s></s></s><s> [INST'
Warning: Decoded text differs from trimmed prompt
  Trimmed prompt length: 378, Decoded text length: 379
[DEBUG] First difference at position 3: prompt='[', decoded=' '
[DEBUG] Context: prompt='<s>[INST] Which of the ', decoded='<s> [INST] Which of the'
Perplexity: Written 1080/85610 entries to perplexity result file (batch 180/14269)
Processing batch 181/14269
Warning: Decoded text differs from trimmed prompt
  Trimmed prompt length: 536, Decoded text length: 537
[DEBUG] First difference at position 3: prompt='[', decoded=' '
[DEBUG] Context: prompt='<s>[INST] How do cyanob', decoded='<s> [INST] How do cyano'
[WARNING] in lang en, index 853: No tokens were selected by the answer mask for perplexity calculation, setting perplexity to 1.0.
Warning: Decoded text differs from trimmed prompt
  Trimmed prompt length: 542, Decoded text length: 543
[DEBUG] First difference at position 1: prompt='s', decoded='/'
[DEBUG] Context: prompt='<s>[INST] How do cyan', decoded='</s><s> [INST] How do'
[WARNING] in lang en, index 853: No tokens were selected by the answer mask for perplexity calculation, setting perplexity to 1.0.
Warning: Decoded text differs from trimmed prompt
  Trimmed prompt length: 427, Decoded text length: 393
[DEBUG] First difference at position 1: prompt='s', decoded='/'
[DEBUG] Context: prompt='<s>[INST] Stabilizati', decoded='</s></s></s></s></s><'
[WARNING] in lang en, index 854: No tokens were selected by the answer mask for perplexity calculation, setting perplexity to 1.0.
Warning: Decoded text differs from trimmed prompt
  Trimmed prompt length: 422, Decoded text length: 393
[DEBUG] First difference at position 1: prompt='s', decoded='/'
[DEBUG] Context: prompt='<s>[INST] Stabilizati', decoded='</s></s></s></s></s><'
[WARNING] in lang en, index 854: No tokens were selected by the answer mask for perplexity calculation, setting perplexity to 1.0.
Warning: Decoded text differs from trimmed prompt
  Trimmed prompt length: 330, Decoded text length: 335
[DEBUG] First difference at position 1: prompt='s', decoded='/'
[DEBUG] Context: prompt='<s>[INST] The target ', decoded='</s></s></s></s></s><'
Warning: Decoded text differs from trimmed prompt
  Trimmed prompt length: 334, Decoded text length: 339
[DEBUG] First difference at position 1: prompt='s', decoded='/'
[DEBUG] Context: prompt='<s>[INST] The target ', decoded='</s></s></s></s></s><'
Perplexity: Written 1086/85610 entries to perplexity result file (batch 181/14269)
Processing batch 182/14269
Warning: Decoded text differs from trimmed prompt
  Trimmed prompt length: 411, Decoded text length: 415
[DEBUG] First difference at position 1: prompt='s', decoded='/'
[DEBUG] Context: prompt='<s>[INST] A prokaryot', decoded='</s></s><s> [INST] A '
[WARNING] in lang en, index 856: No tokens were selected by the answer mask for perplexity calculation, setting perplexity to 1.0.
Warning: Decoded text differs from trimmed prompt
  Trimmed prompt length: 417, Decoded text length: 418
[DEBUG] First difference at position 3: prompt='[', decoded=' '
[DEBUG] Context: prompt='<s>[INST] A prokaryote ', decoded='<s> [INST] A prokaryote'
[WARNING] in lang en, index 856: No tokens were selected by the answer mask for perplexity calculation, setting perplexity to 1.0.
Warning: Decoded text differs from trimmed prompt
  Trimmed prompt length: 431, Decoded text length: 401
[DEBUG] First difference at position 1: prompt='s', decoded='/'
[DEBUG] Context: prompt='<s>[INST] In eukaryot', decoded='</s></s></s></s></s><'
[WARNING] in lang en, index 859: No tokens were selected by the answer mask for perplexity calculation, setting perplexity to 1.0.
Warning: Decoded text differs from trimmed prompt
  Trimmed prompt length: 442, Decoded text length: 451
[DEBUG] First difference at position 1: prompt='s', decoded='/'
[DEBUG] Context: prompt='<s>[INST] In eukaryot', decoded='</s></s></s></s></s><'
Warning: Decoded text differs from trimmed prompt
  Trimmed prompt length: 482, Decoded text length: 485
[DEBUG] First difference at position 1: prompt='s', decoded='/'
[DEBUG] Context: prompt='<s>[INST] Many marine', decoded='</s></s></s></s></s><'
Warning: Decoded text differs from trimmed prompt
  Trimmed prompt length: 460, Decoded text length: 458
[DEBUG] First difference at position 1: prompt='s', decoded='/'
[DEBUG] Context: prompt='<s>[INST] Many marine', decoded='</s></s></s></s></s><'
Perplexity: Written 1092/85610 entries to perplexity result file (batch 182/14269)
Processing batch 183/14269
Warning: Decoded text differs from trimmed prompt
  Trimmed prompt length: 445, Decoded text length: 403
[DEBUG] First difference at position 1: prompt='s', decoded='/'
[DEBUG] Context: prompt='<s>[INST] A species o', decoded='</s></s></s></s></s><'
[WARNING] in lang en, index 861: No tokens were selected by the answer mask for perplexity calculation, setting perplexity to 1.0.
Warning: Decoded text differs from trimmed prompt
  Trimmed prompt length: 436, Decoded text length: 399
[DEBUG] First difference at position 1: prompt='s', decoded='/'
[DEBUG] Context: prompt='<s>[INST] A species o', decoded='</s></s></s></s></s><'
[WARNING] in lang en, index 861: No tokens were selected by the answer mask for perplexity calculation, setting perplexity to 1.0.
Warning: Decoded text differs from trimmed prompt
  Trimmed prompt length: 367, Decoded text length: 305
[DEBUG] First difference at position 1: prompt='s', decoded='/'
[DEBUG] Context: prompt='<s>[INST] From an evo', decoded='</s></s></s></s></s><'
Warning: Decoded text differs from trimmed prompt
  Trimmed prompt length: 353, Decoded text length: 310
[DEBUG] First difference at position 1: prompt='s', decoded='/'
[DEBUG] Context: prompt='<s>[INST] From an evo', decoded='</s></s></s></s></s><'
Warning: Decoded text differs from trimmed prompt
  Trimmed prompt length: 665, Decoded text length: 666
[DEBUG] First difference at position 3: prompt='[', decoded=' '
[DEBUG] Context: prompt='<s>[INST] In the presen', decoded='<s> [INST] In the prese'
Warning: Decoded text differs from trimmed prompt
  Trimmed prompt length: 634, Decoded text length: 610
[DEBUG] First difference at position 1: prompt='s', decoded='/'
[DEBUG] Context: prompt='<s>[INST] In the pres', decoded='</s></s></s></s></s><'
Perplexity: Written 1098/85610 entries to perplexity result file (batch 183/14269)
Processing batch 184/14269
Warning: Decoded text differs from trimmed prompt
  Trimmed prompt length: 309, Decoded text length: 276
[DEBUG] First difference at position 1: prompt='s', decoded='/'
[DEBUG] Context: prompt='<s>[INST] The ability', decoded='</s></s></s></s></s><'
[WARNING] in lang en, index 868: No tokens were selected by the answer mask for perplexity calculation, setting perplexity to 1.0.
Warning: Decoded text differs from trimmed prompt
  Trimmed prompt length: 297, Decoded text length: 273
[DEBUG] First difference at position 1: prompt='s', decoded='/'
[DEBUG] Context: prompt='<s>[INST] The ability', decoded='</s></s></s></s></s><'
[WARNING] in lang en, index 868: No tokens were selected by the answer mask for perplexity calculation, setting perplexity to 1.0.
Warning: Decoded text differs from trimmed prompt
  Trimmed prompt length: 515, Decoded text length: 516
[DEBUG] First difference at position 3: prompt='[', decoded=' '
[DEBUG] Context: prompt='<s>[INST] Proteins were', decoded='<s> [INST] Proteins wer'
[WARNING] in lang en, index 870: No tokens were selected by the answer mask for perplexity calculation, setting perplexity to 1.0.
Warning: Decoded text differs from trimmed prompt
  Trimmed prompt length: 514, Decoded text length: 518
[DEBUG] First difference at position 1: prompt='s', decoded='/'
[DEBUG] Context: prompt='<s>[INST] Proteins we', decoded='</s></s><s> [INST] Pr'
[WARNING] in lang en, index 870: No tokens were selected by the answer mask for perplexity calculation, setting perplexity to 1.0.
Warning: Decoded text differs from trimmed prompt
  Trimmed prompt length: 243, Decoded text length: 212
[DEBUG] First difference at position 1: prompt='s', decoded='/'
[DEBUG] Context: prompt='<s>[INST] Gene flow b', decoded='</s></s></s></s></s><'
Warning: Decoded text differs from trimmed prompt
  Trimmed prompt length: 257, Decoded text length: 244
[DEBUG] First difference at position 1: prompt='s', decoded='/'
[DEBUG] Context: prompt='<s>[INST] Gene flow b', decoded='</s></s></s></s></s><'
Perplexity: Written 1104/85610 entries to perplexity result file (batch 184/14269)
Processing batch 185/14269
Warning: Decoded text differs from trimmed prompt
  Trimmed prompt length: 239, Decoded text length: 248
[DEBUG] First difference at position 1: prompt='s', decoded='/'
[DEBUG] Context: prompt='<s>[INST] A subunit o', decoded='</s></s></s></s></s><'
Warning: Decoded text differs from trimmed prompt
  Trimmed prompt length: 237, Decoded text length: 248
[DEBUG] First difference at position 1: prompt='s', decoded='/'
[DEBUG] Context: prompt='<s>[INST] A subunit o', decoded='</s></s></s></s></s><'
Warning: Decoded text differs from trimmed prompt
  Trimmed prompt length: 437, Decoded text length: 406
[DEBUG] First difference at position 1: prompt='s', decoded='/'
[DEBUG] Context: prompt='<s>[INST] Which of th', decoded='</s></s></s></s></s><'
[WARNING] in lang en, index 873: No tokens were selected by the answer mask for perplexity calculation, setting perplexity to 1.0.
Warning: Decoded text differs from trimmed prompt
  Trimmed prompt length: 450, Decoded text length: 406
[DEBUG] First difference at position 1: prompt='s', decoded='/'
[DEBUG] Context: prompt='<s>[INST] Which of th', decoded='</s></s></s></s></s><'
[WARNING] in lang en, index 873: No tokens were selected by the answer mask for perplexity calculation, setting perplexity to 1.0.
Warning: Decoded text differs from trimmed prompt
  Trimmed prompt length: 693, Decoded text length: 693
[DEBUG] First difference at position 1: prompt='s', decoded='/'
[DEBUG] Context: prompt='<s>[INST] A behaviora', decoded='</s></s></s></s></s><'
[WARNING] in lang en, index 876: No tokens were selected by the answer mask for perplexity calculation, setting perplexity to 1.0.
Warning: Decoded text differs from trimmed prompt
  Trimmed prompt length: 723, Decoded text length: 724
[DEBUG] First difference at position 3: prompt='[', decoded=' '
[DEBUG] Context: prompt='<s>[INST] A behavioral ', decoded='<s> [INST] A behavioral'
[WARNING] in lang en, index 876: No tokens were selected by the answer mask for perplexity calculation, setting perplexity to 1.0.
Perplexity: Written 1110/85610 entries to perplexity result file (batch 185/14269)
Processing batch 186/14269
Warning: Decoded text differs from trimmed prompt
  Trimmed prompt length: 320, Decoded text length: 332
[DEBUG] First difference at position 1: prompt='s', decoded='/'
[DEBUG] Context: prompt='<s>[INST] Double fert', decoded='</s></s></s></s></s><'
[WARNING] in lang en, index 878: No tokens were selected by the answer mask for perplexity calculation, setting perplexity to 1.0.
Warning: Decoded text differs from trimmed prompt
  Trimmed prompt length: 326, Decoded text length: 332
[DEBUG] First difference at position 1: prompt='s', decoded='/'
[DEBUG] Context: prompt='<s>[INST] Double fert', decoded='</s></s></s><s> [INST'
[WARNING] in lang en, index 878: No tokens were selected by the answer mask for perplexity calculation, setting perplexity to 1.0.
Warning: Decoded text differs from trimmed prompt
  Trimmed prompt length: 360, Decoded text length: 339
[DEBUG] First difference at position 1: prompt='s', decoded='/'
[DEBUG] Context: prompt='<s>[INST] Mutation of', decoded='</s></s></s></s></s><'
[WARNING] in lang en, index 879: No tokens were selected by the answer mask for perplexity calculation, setting perplexity to 1.0.
Warning: Decoded text differs from trimmed prompt
  Trimmed prompt length: 385, Decoded text length: 386
[DEBUG] First difference at position 3: prompt='[', decoded=' '
[DEBUG] Context: prompt='<s>[INST] Mutation of h', decoded='<s> [INST] Mutation of '
Warning: Decoded text differs from trimmed prompt
  Trimmed prompt length: 364, Decoded text length: 359
[DEBUG] First difference at position 1: prompt='s', decoded='/'
[DEBUG] Context: prompt='<s>[INST] Root pressu', decoded='</s></s></s></s></s><'
Warning: Decoded text differs from trimmed prompt
  Trimmed prompt length: 382, Decoded text length: 376
[DEBUG] First difference at position 1: prompt='s', decoded='/'
[DEBUG] Context: prompt='<s>[INST] Root pressu', decoded='</s></s></s><s> [INST'
Perplexity: Written 1116/85610 entries to perplexity result file (batch 186/14269)
Processing batch 187/14269
Warning: Decoded text differs from trimmed prompt
  Trimmed prompt length: 220, Decoded text length: 194
[DEBUG] First difference at position 1: prompt='s', decoded='/'
[DEBUG] Context: prompt='<s>[INST] Two xylem p', decoded='</s></s></s></s></s><'
Warning: Decoded text differs from trimmed prompt
  Trimmed prompt length: 226, Decoded text length: 195
[DEBUG] First difference at position 1: prompt='s', decoded='/'
[DEBUG] Context: prompt='<s>[INST] Two xylem p', decoded='</s></s></s></s></s><'
Warning: Decoded text differs from trimmed prompt
  Trimmed prompt length: 493, Decoded text length: 494
[DEBUG] First difference at position 1: prompt='s', decoded='/'
[DEBUG] Context: prompt='<s>[INST] Keystone sp', decoded='</s></s></s></s><s> ['
Warning: Decoded text differs from trimmed prompt
  Trimmed prompt length: 474, Decoded text length: 472
[DEBUG] First difference at position 1: prompt='s', decoded='/'
[DEBUG] Context: prompt='<s>[INST] Keystone sp', decoded='</s></s></s></s></s><'
Warning: Decoded text differs from trimmed prompt
  Trimmed prompt length: 442, Decoded text length: 437
[DEBUG] First difference at position 1: prompt='s', decoded='/'
[DEBUG] Context: prompt='<s>[INST] A quote fro', decoded='</s></s></s></s><s> ['
[WARNING] in lang en, index 887: No tokens were selected by the answer mask for perplexity calculation, setting perplexity to 1.0.
Warning: Decoded text differs from trimmed prompt
  Trimmed prompt length: 478, Decoded text length: 479
[DEBUG] First difference at position 3: prompt='[', decoded=' '
[DEBUG] Context: prompt='<s>[INST] A quote from ', decoded='<s> [INST] A quote from'
Perplexity: Written 1122/85610 entries to perplexity result file (batch 187/14269)
Processing batch 188/14269
Warning: Decoded text differs from trimmed prompt
  Trimmed prompt length: 647, Decoded text length: 651
[DEBUG] First difference at position 1: prompt='s', decoded='/'
[DEBUG] Context: prompt='<s>[INST] A female fr', decoded='</s></s><s> [INST] A '
Warning: Decoded text differs from trimmed prompt
  Trimmed prompt length: 656, Decoded text length: 657
[DEBUG] First difference at position 3: prompt='[', decoded=' '
[DEBUG] Context: prompt='<s>[INST] A female frui', decoded='<s> [INST] A female fru'
Warning: Decoded text differs from trimmed prompt
  Trimmed prompt length: 331, Decoded text length: 304
[DEBUG] First difference at position 1: prompt='s', decoded='/'
[DEBUG] Context: prompt='<s>[INST] Which of th', decoded='</s></s></s></s></s><'
[WARNING] in lang en, index 889: No tokens were selected by the answer mask for perplexity calculation, setting perplexity to 1.0.
Warning: Decoded text differs from trimmed prompt
  Trimmed prompt length: 335, Decoded text length: 296
[DEBUG] First difference at position 1: prompt='s', decoded='/'
[DEBUG] Context: prompt='<s>[INST] Which of th', decoded='</s></s></s></s></s><'
[WARNING] in lang en, index 889: No tokens were selected by the answer mask for perplexity calculation, setting perplexity to 1.0.
Warning: Decoded text differs from trimmed prompt
  Trimmed prompt length: 185, Decoded text length: 192
[DEBUG] First difference at position 1: prompt='s', decoded='/'
[DEBUG] Context: prompt='<s>[INST] In fungi, c', decoded='</s></s></s></s></s><'
Warning: Decoded text differs from trimmed prompt
  Trimmed prompt length: 185, Decoded text length: 188
[DEBUG] First difference at position 1: prompt='s', decoded='/'
[DEBUG] Context: prompt='<s>[INST] In fungi, c', decoded='</s></s></s></s></s><'
Perplexity: Written 1128/85610 entries to perplexity result file (batch 188/14269)
Processing batch 189/14269
Warning: Decoded text differs from trimmed prompt
  Trimmed prompt length: 418, Decoded text length: 368
[DEBUG] First difference at position 1: prompt='s', decoded='/'
[DEBUG] Context: prompt='<s>[INST] Infrared (I', decoded='</s></s></s></s></s><'
Warning: Decoded text differs from trimmed prompt
  Trimmed prompt length: 386, Decoded text length: 359
[DEBUG] First difference at position 1: prompt='s', decoded='/'
[DEBUG] Context: prompt='<s>[INST] Infrared (I', decoded='</s></s></s></s></s><'
Warning: Decoded text differs from trimmed prompt
  Trimmed prompt length: 470, Decoded text length: 471
[DEBUG] First difference at position 3: prompt='[', decoded=' '
[DEBUG] Context: prompt='<s>[INST] The equation ', decoded='<s> [INST] The equation'
Warning: Decoded text differs from trimmed prompt
  Trimmed prompt length: 473, Decoded text length: 474
[DEBUG] First difference at position 3: prompt='[', decoded=' '
[DEBUG] Context: prompt='<s>[INST] The equation ', decoded='<s> [INST] The equation'
Warning: Decoded text differs from trimmed prompt
  Trimmed prompt length: 375, Decoded text length: 365
[DEBUG] First difference at position 1: prompt='s', decoded='/'
[DEBUG] Context: prompt='<s>[INST] Nitronyl ni', decoded='</s></s></s></s></s><'
[WARNING] in lang en, index 901: No tokens were selected by the answer mask for perplexity calculation, setting perplexity to 1.0.
Warning: Decoded text differs from trimmed prompt
  Trimmed prompt length: 375, Decoded text length: 365
[DEBUG] First difference at position 1: prompt='s', decoded='/'
[DEBUG] Context: prompt='<s>[INST] Nitronyl ni', decoded='</s></s></s></s></s><'
[WARNING] in lang en, index 901: No tokens were selected by the answer mask for perplexity calculation, setting perplexity to 1.0.
Perplexity: Written 1134/85610 entries to perplexity result file (batch 189/14269)
Processing batch 190/14269
Warning: Decoded text differs from trimmed prompt
  Trimmed prompt length: 242, Decoded text length: 235
[DEBUG] First difference at position 1: prompt='s', decoded='/'
[DEBUG] Context: prompt='<s>[INST] Cobalt-60 i', decoded='</s></s></s></s></s><'
[WARNING] in lang en, index 902: No tokens were selected by the answer mask for perplexity calculation, setting perplexity to 1.0.
Warning: Decoded text differs from trimmed prompt
  Trimmed prompt length: 249, Decoded text length: 237
[DEBUG] First difference at position 1: prompt='s', decoded='/'
[DEBUG] Context: prompt='<s>[INST] Cobalt-60 i', decoded='</s></s></s></s></s><'
[WARNING] in lang en, index 902: No tokens were selected by the answer mask for perplexity calculation, setting perplexity to 1.0.
Warning: Decoded text differs from trimmed prompt
  Trimmed prompt length: 271, Decoded text length: 274
[DEBUG] First difference at position 1: prompt='s', decoded='/'
[DEBUG] Context: prompt='<s>[INST] Which of th', decoded='</s></s></s></s></s><'
Warning: Decoded text differs from trimmed prompt
  Trimmed prompt length: 280, Decoded text length: 274
[DEBUG] First difference at position 1: prompt='s', decoded='/'
[DEBUG] Context: prompt='<s>[INST] Which of th', decoded='</s></s></s></s></s><'
Warning: Decoded text differs from trimmed prompt
  Trimmed prompt length: 365, Decoded text length: 366
[DEBUG] First difference at position 3: prompt='[', decoded=' '
[DEBUG] Context: prompt='<s>[INST] The normal mo', decoded='<s> [INST] The normal m'
[WARNING] in lang en, index 912: No tokens were selected by the answer mask for perplexity calculation, setting perplexity to 1.0.
Warning: Decoded text differs from trimmed prompt
  Trimmed prompt length: 357, Decoded text length: 361
[DEBUG] First difference at position 1: prompt='s', decoded='/'
[DEBUG] Context: prompt='<s>[INST] The normal ', decoded='</s></s><s> [INST] Th'
[WARNING] in lang en, index 912: No tokens were selected by the answer mask for perplexity calculation, setting perplexity to 1.0.
Perplexity: Written 1140/85610 entries to perplexity result file (batch 190/14269)
Processing batch 191/14269
Warning: Decoded text differs from trimmed prompt
  Trimmed prompt length: 286, Decoded text length: 310
[DEBUG] First difference at position 1: prompt='s', decoded='/'
[DEBUG] Context: prompt='<s>[INST] The 13C spe', decoded='</s></s></s></s></s><'
Warning: Decoded text differs from trimmed prompt
  Trimmed prompt length: 286, Decoded text length: 310
[DEBUG] First difference at position 1: prompt='s', decoded='/'
[DEBUG] Context: prompt='<s>[INST] The 13C spe', decoded='</s></s></s></s></s><'
Warning: Decoded text differs from trimmed prompt
  Trimmed prompt length: 319, Decoded text length: 308
[DEBUG] First difference at position 1: prompt='s', decoded='/'
[DEBUG] Context: prompt='<s>[INST] Which of th', decoded='</s></s></s></s></s><'
Warning: Decoded text differs from trimmed prompt
  Trimmed prompt length: 330, Decoded text length: 313
[DEBUG] First difference at position 1: prompt='s', decoded='/'
[DEBUG] Context: prompt='<s>[INST] Which of th', decoded='</s></s></s></s></s><'
Warning: Decoded text differs from trimmed prompt
  Trimmed prompt length: 502, Decoded text length: 503
[DEBUG] First difference at position 3: prompt='[', decoded=' '
[DEBUG] Context: prompt='<s>[INST] A student per', decoded='<s> [INST] A student pe'
Warning: Decoded text differs from trimmed prompt
  Trimmed prompt length: 503, Decoded text length: 504
[DEBUG] First difference at position 3: prompt='[', decoded=' '
[DEBUG] Context: prompt='<s>[INST] A student per', decoded='<s> [INST] A student pe'
Perplexity: Written 1146/85610 entries to perplexity result file (batch 191/14269)
Processing batch 192/14269
Warning: Decoded text differs from trimmed prompt
  Trimmed prompt length: 292, Decoded text length: 281
[DEBUG] First difference at position 1: prompt='s', decoded='/'
[DEBUG] Context: prompt='<s>[INST] Which of th', decoded='</s></s></s></s></s><'
Warning: Decoded text differs from trimmed prompt
  Trimmed prompt length: 283, Decoded text length: 280
[DEBUG] First difference at position 1: prompt='s', decoded='/'
[DEBUG] Context: prompt='<s>[INST] Which of th', decoded='</s></s></s></s></s><'
Warning: Decoded text differs from trimmed prompt
  Trimmed prompt length: 305, Decoded text length: 309
[DEBUG] First difference at position 1: prompt='s', decoded='/'
[DEBUG] Context: prompt='<s>[INST] Which of th', decoded='</s></s></s></s></s><'
Warning: Decoded text differs from trimmed prompt
  Trimmed prompt length: 317, Decoded text length: 324
[DEBUG] First difference at position 1: prompt='s', decoded='/'
[DEBUG] Context: prompt='<s>[INST] Which of th', decoded='</s></s></s><s> [INST'
Warning: Decoded text differs from trimmed prompt
  Trimmed prompt length: 263, Decoded text length: 262
[DEBUG] First difference at position 1: prompt='s', decoded='/'
[DEBUG] Context: prompt='<s>[INST] In fluoresc', decoded='</s></s></s></s></s><'
Warning: Decoded text differs from trimmed prompt
  Trimmed prompt length: 290, Decoded text length: 291
[DEBUG] First difference at position 3: prompt='[', decoded=' '
[DEBUG] Context: prompt='<s>[INST] In fluorescen', decoded='<s> [INST] In fluoresce'
Perplexity: Written 1152/85610 entries to perplexity result file (batch 192/14269)
Processing batch 193/14269
Warning: Decoded text differs from trimmed prompt
  Trimmed prompt length: 223, Decoded text length: 212
[DEBUG] First difference at position 1: prompt='s', decoded='/'
[DEBUG] Context: prompt='<s>[INST] Which of th', decoded='</s></s></s></s></s><'
[WARNING] in lang en, index 960: No tokens were selected by the answer mask for perplexity calculation, setting perplexity to 1.0.
Warning: Decoded text differs from trimmed prompt
  Trimmed prompt length: 237, Decoded text length: 226
[DEBUG] First difference at position 1: prompt='s', decoded='/'
[DEBUG] Context: prompt='<s>[INST] Which of th', decoded='</s></s></s></s></s><'
Warning: Decoded text differs from trimmed prompt
  Trimmed prompt length: 417, Decoded text length: 411
[DEBUG] First difference at position 1: prompt='s', decoded='/'
[DEBUG] Context: prompt='<s>[INST] When the He', decoded='</s></s></s></s></s><'
[WARNING] in lang en, index 961: No tokens were selected by the answer mask for perplexity calculation, setting perplexity to 1.0.
Warning: Decoded text differs from trimmed prompt
  Trimmed prompt length: 440, Decoded text length: 441
[DEBUG] First difference at position 3: prompt='[', decoded=' '
[DEBUG] Context: prompt='<s>[INST] When the Heis', decoded='<s> [INST] When the Hei'
Warning: Decoded text differs from trimmed prompt
  Trimmed prompt length: 184, Decoded text length: 185
[DEBUG] First difference at position 1: prompt='s', decoded='/'
[DEBUG] Context: prompt='<s>[INST] Exact solut', decoded='</s></s></s></s></s><'
Warning: Decoded text differs from trimmed prompt
  Trimmed prompt length: 199, Decoded text length: 186
[DEBUG] First difference at position 1: prompt='s', decoded='/'
[DEBUG] Context: prompt='<s>[INST] Exact solut', decoded='</s></s></s></s></s><'
Perplexity: Written 1158/85610 entries to perplexity result file (batch 193/14269)
Processing batch 194/14269
Warning: Decoded text differs from trimmed prompt
  Trimmed prompt length: 275, Decoded text length: 276
[DEBUG] First difference at position 1: prompt='s', decoded='/'
[DEBUG] Context: prompt='<s>[INST] The fact th', decoded='</s></s></s></s></s><'
Warning: Decoded text differs from trimmed prompt
  Trimmed prompt length: 284, Decoded text length: 276
[DEBUG] First difference at position 1: prompt='s', decoded='/'
[DEBUG] Context: prompt='<s>[INST] The fact th', decoded='</s></s></s></s></s><'
Warning: Decoded text differs from trimmed prompt
  Trimmed prompt length: 387, Decoded text length: 366
[DEBUG] First difference at position 1: prompt='s', decoded='/'
[DEBUG] Context: prompt='<s>[INST] All protein', decoded='</s></s></s></s></s><'
Warning: Decoded text differs from trimmed prompt
  Trimmed prompt length: 383, Decoded text length: 354
[DEBUG] First difference at position 1: prompt='s', decoded='/'
[DEBUG] Context: prompt='<s>[INST] All protein', decoded='</s></s></s></s></s><'
[WARNING] in lang en, index 970: No tokens were selected by the answer mask for perplexity calculation, setting perplexity to 1.0.
Warning: Decoded text differs from trimmed prompt
  Trimmed prompt length: 493, Decoded text length: 494
[DEBUG] First difference at position 3: prompt='[', decoded=' '
[DEBUG] Context: prompt='<s>[INST] The solid-sta', decoded='<s> [INST] The solid-st'
Warning: Decoded text differs from trimmed prompt
  Trimmed prompt length: 487, Decoded text length: 489
[DEBUG] First difference at position 1: prompt='s', decoded='/'
[DEBUG] Context: prompt='<s>[INST] The solid-s', decoded='</s></s></s><s> [INST'
Perplexity: Written 1164/85610 entries to perplexity result file (batch 194/14269)
Processing batch 195/14269
Warning: Decoded text differs from trimmed prompt
  Trimmed prompt length: 369, Decoded text length: 370
[DEBUG] First difference at position 1: prompt='s', decoded='/'
[DEBUG] Context: prompt='<s>[INST] A buffer is', decoded='</s></s></s><s> [INST'
[WARNING] in lang en, index 974: No tokens were selected by the answer mask for perplexity calculation, setting perplexity to 1.0.
Warning: Decoded text differs from trimmed prompt
  Trimmed prompt length: 382, Decoded text length: 383
[DEBUG] First difference at position 1: prompt='s', decoded='/'
[DEBUG] Context: prompt='<s>[INST] A buffer is', decoded='</s><s> [INST] A buff'
[WARNING] in lang en, index 974: No tokens were selected by the answer mask for perplexity calculation, setting perplexity to 1.0.
Warning: Decoded text differs from trimmed prompt
  Trimmed prompt length: 275, Decoded text length: 279
[DEBUG] First difference at position 1: prompt='s', decoded='/'
[DEBUG] Context: prompt='<s>[INST] The molecul', decoded='</s></s></s></s></s><'
Warning: Decoded text differs from trimmed prompt
  Trimmed prompt length: 272, Decoded text length: 281
[DEBUG] First difference at position 1: prompt='s', decoded='/'
[DEBUG] Context: prompt='<s>[INST] The molecul', decoded='</s></s></s></s></s><'
Warning: Decoded text differs from trimmed prompt
  Trimmed prompt length: 392, Decoded text length: 393
[DEBUG] First difference at position 3: prompt='[', decoded=' '
[DEBUG] Context: prompt='<s>[INST] Which of the ', decoded='<s> [INST] Which of the'
Warning: Decoded text differs from trimmed prompt
  Trimmed prompt length: 384, Decoded text length: 388
[DEBUG] First difference at position 1: prompt='s', decoded='/'
[DEBUG] Context: prompt='<s>[INST] Which of th', decoded='</s></s><s> [INST] Wh'
Perplexity: Written 1170/85610 entries to perplexity result file (batch 195/14269)
Processing batch 196/14269
Warning: Decoded text differs from trimmed prompt
  Trimmed prompt length: 431, Decoded text length: 432
[DEBUG] First difference at position 3: prompt='[', decoded=' '
[DEBUG] Context: prompt='<s>[INST] A PO3- radica', decoded='<s> [INST] A PO3- radic'
[WARNING] in lang en, index 981: No tokens were selected by the answer mask for perplexity calculation, setting perplexity to 1.0.
Warning: Decoded text differs from trimmed prompt
  Trimmed prompt length: 431, Decoded text length: 432
[DEBUG] First difference at position 3: prompt='[', decoded=' '
[DEBUG] Context: prompt='<s>[INST] A PO3- radica', decoded='<s> [INST] A PO3- radic'
[WARNING] in lang en, index 981: No tokens were selected by the answer mask for perplexity calculation, setting perplexity to 1.0.
Warning: Decoded text differs from trimmed prompt
  Trimmed prompt length: 287, Decoded text length: 256
[DEBUG] First difference at position 1: prompt='s', decoded='/'
[DEBUG] Context: prompt='<s>[INST] Which of th', decoded='</s></s></s></s></s><'
Warning: Decoded text differs from trimmed prompt
  Trimmed prompt length: 277, Decoded text length: 248
[DEBUG] First difference at position 1: prompt='s', decoded='/'
[DEBUG] Context: prompt='<s>[INST] Which of th', decoded='</s></s></s></s></s><'
[WARNING] in lang en, index 983: No tokens were selected by the answer mask for perplexity calculation, setting perplexity to 1.0.
Warning: Decoded text differs from trimmed prompt
  Trimmed prompt length: 237, Decoded text length: 232
[DEBUG] First difference at position 1: prompt='s', decoded='/'
[DEBUG] Context: prompt='<s>[INST] Which of th', decoded='</s></s></s></s></s><'
Warning: Decoded text differs from trimmed prompt
  Trimmed prompt length: 227, Decoded text length: 228
[DEBUG] First difference at position 1: prompt='s', decoded='/'
[DEBUG] Context: prompt='<s>[INST] Which of th', decoded='</s></s></s></s></s><'
Perplexity: Written 1176/85610 entries to perplexity result file (batch 196/14269)
Processing batch 197/14269
Warning: Decoded text differs from trimmed prompt
  Trimmed prompt length: 379, Decoded text length: 375
[DEBUG] First difference at position 1: prompt='s', decoded='/'
[DEBUG] Context: prompt='<s>[INST] Nitronyl ni', decoded='</s></s></s></s></s><'
Warning: Decoded text differs from trimmed prompt
  Trimmed prompt length: 379, Decoded text length: 369
[DEBUG] First difference at position 1: prompt='s', decoded='/'
[DEBUG] Context: prompt='<s>[INST] Nitronyl ni', decoded='</s></s></s></s></s><'
Warning: Decoded text differs from trimmed prompt
  Trimmed prompt length: 307, Decoded text length: 260
[DEBUG] First difference at position 1: prompt='s', decoded='/'
[DEBUG] Context: prompt='<s>[INST] The access ', decoded='</s></s></s></s></s><'
Warning: Decoded text differs from trimmed prompt
  Trimmed prompt length: 302, Decoded text length: 232
[DEBUG] First difference at position 1: prompt='s', decoded='/'
[DEBUG] Context: prompt='<s>[INST] The access ', decoded='</s></s></s></s></s><'
[WARNING] in lang en, index 996: No tokens were selected by the answer mask for perplexity calculation, setting perplexity to 1.0.
Warning: Decoded text differs from trimmed prompt
  Trimmed prompt length: 775, Decoded text length: 776
[DEBUG] First difference at position 3: prompt='[', decoded=' '
[DEBUG] Context: prompt='<s>[INST] Resolution th', decoded='<s> [INST] Resolution t'
[WARNING] in lang en, index 1002: No tokens were selected by the answer mask for perplexity calculation, setting perplexity to 1.0.
Warning: Decoded text differs from trimmed prompt
  Trimmed prompt length: 776, Decoded text length: 777
[DEBUG] First difference at position 3: prompt='[', decoded=' '
[DEBUG] Context: prompt='<s>[INST] Resolution th', decoded='<s> [INST] Resolution t'
[WARNING] in lang en, index 1002: No tokens were selected by the answer mask for perplexity calculation, setting perplexity to 1.0.
Perplexity: Written 1182/85610 entries to perplexity result file (batch 197/14269)
Processing batch 198/14269
Warning: Decoded text differs from trimmed prompt
  Trimmed prompt length: 605, Decoded text length: 609
[DEBUG] First difference at position 1: prompt='s', decoded='/'
[DEBUG] Context: prompt='<s>[INST] Suppose sha', decoded='</s></s></s></s></s><'
[WARNING] in lang en, index 1005: No tokens were selected by the answer mask for perplexity calculation, setting perplexity to 1.0.
Warning: Decoded text differs from trimmed prompt
  Trimmed prompt length: 651, Decoded text length: 652
[DEBUG] First difference at position 3: prompt='[', decoded=' '
[DEBUG] Context: prompt='<s>[INST] Suppose shari', decoded='<s> [INST] Suppose shar'
Warning: Decoded text differs from trimmed prompt
  Trimmed prompt length: 657, Decoded text length: 659
[DEBUG] First difference at position 1: prompt='s', decoded='/'
[DEBUG] Context: prompt='<s>[INST] TCP protoco', decoded='</s></s></s></s><s> ['
Warning: Decoded text differs from trimmed prompt
  Trimmed prompt length: 607, Decoded text length: 611
[DEBUG] First difference at position 1: prompt='s', decoded='/'
[DEBUG] Context: prompt='<s>[INST] TCP protoco', decoded='</s></s></s></s></s><'
Warning: Decoded text differs from trimmed prompt
  Trimmed prompt length: 492, Decoded text length: 497
[DEBUG] First difference at position 1: prompt='s', decoded='/'
[DEBUG] Context: prompt='<s>[INST] Let A and B', decoded='</s></s></s></s></s><'
[WARNING] in lang en, index 1010: No tokens were selected by the answer mask for perplexity calculation, setting perplexity to 1.0.
Warning: Decoded text differs from trimmed prompt
  Trimmed prompt length: 493, Decoded text length: 497
[DEBUG] First difference at position 1: prompt='s', decoded='/'
[DEBUG] Context: prompt='<s>[INST] Let A and B', decoded='</s></s></s></s></s><'
[WARNING] in lang en, index 1010: No tokens were selected by the answer mask for perplexity calculation, setting perplexity to 1.0.
Perplexity: Written 1188/85610 entries to perplexity result file (batch 198/14269)
Processing batch 199/14269
Warning: Decoded text differs from trimmed prompt
  Trimmed prompt length: 203, Decoded text length: 227
[DEBUG] First difference at position 1: prompt='s', decoded='/'
[DEBUG] Context: prompt='<s>[INST] The languag', decoded='</s></s></s></s></s><'
Warning: Decoded text differs from trimmed prompt
  Trimmed prompt length: 199, Decoded text length: 224
[DEBUG] First difference at position 1: prompt='s', decoded='/'
[DEBUG] Context: prompt='<s>[INST] The languag', decoded='</s></s></s></s></s><'
Warning: Decoded text differs from trimmed prompt
  Trimmed prompt length: 461, Decoded text length: 462
[DEBUG] First difference at position 3: prompt='[', decoded=' '
[DEBUG] Context: prompt='<s>[INST] Let P be a pr', decoded='<s> [INST] Let P be a p'
[WARNING] in lang en, index 1015: No tokens were selected by the answer mask for perplexity calculation, setting perplexity to 1.0.
Warning: Decoded text differs from trimmed prompt
  Trimmed prompt length: 452, Decoded text length: 456
[DEBUG] First difference at position 1: prompt='s', decoded='/'
[DEBUG] Context: prompt='<s>[INST] Let P be a ', decoded='</s></s><s> [INST] Le'
[WARNING] in lang en, index 1015: No tokens were selected by the answer mask for perplexity calculation, setting perplexity to 1.0.
Warning: Decoded text differs from trimmed prompt
  Trimmed prompt length: 433, Decoded text length: 414
[DEBUG] First difference at position 1: prompt='s', decoded='/'
[DEBUG] Context: prompt='<s>[INST] Which of th', decoded='</s></s></s></s></s><'
Warning: Decoded text differs from trimmed prompt
  Trimmed prompt length: 461, Decoded text length: 436
[DEBUG] First difference at position 1: prompt='s', decoded='/'
[DEBUG] Context: prompt='<s>[INST] Which of th', decoded='</s></s></s></s></s><'
Perplexity: Written 1194/85610 entries to perplexity result file (batch 199/14269)
Processing batch 200/14269
Warning: Decoded text differs from trimmed prompt
  Trimmed prompt length: 228, Decoded text length: 188
[DEBUG] First difference at position 1: prompt='s', decoded='/'
[DEBUG] Context: prompt='<s>[INST] The IP prot', decoded='</s></s></s></s></s><'
[WARNING] in lang en, index 1018: No tokens were selected by the answer mask for perplexity calculation, setting perplexity to 1.0.
Warning: Decoded text differs from trimmed prompt
  Trimmed prompt length: 257, Decoded text length: 196
[DEBUG] First difference at position 1: prompt='s', decoded='/'
[DEBUG] Context: prompt='<s>[INST] The IP prot', decoded='</s></s></s></s></s><'
Warning: Decoded text differs from trimmed prompt
  Trimmed prompt length: 294, Decoded text length: 324
[DEBUG] First difference at position 1: prompt='s', decoded='/'
[DEBUG] Context: prompt='<s>[INST] Which of th', decoded='</s></s></s></s></s><'
Warning: Decoded text differs from trimmed prompt
  Trimmed prompt length: 295, Decoded text length: 328
[DEBUG] First difference at position 1: prompt='s', decoded='/'
[DEBUG] Context: prompt='<s>[INST] Which of th', decoded='</s></s></s></s></s><'
Warning: Decoded text differs from trimmed prompt
  Trimmed prompt length: 1244, Decoded text length: 1245
[DEBUG] First difference at position 3: prompt='[', decoded=' '
[DEBUG] Context: prompt='<s>[INST] Languages wit', decoded='<s> [INST] Languages wi'
[WARNING] in lang en, index 1024: No tokens were selected by the answer mask for perplexity calculation, setting perplexity to 1.0.
Warning: Decoded text differs from trimmed prompt
  Trimmed prompt length: 1244, Decoded text length: 1245
[DEBUG] First difference at position 3: prompt='[', decoded=' '
[DEBUG] Context: prompt='<s>[INST] Languages wit', decoded='<s> [INST] Languages wi'
[WARNING] in lang en, index 1024: No tokens were selected by the answer mask for perplexity calculation, setting perplexity to 1.0.
Perplexity: Written 1200/85610 entries to perplexity result file (batch 200/14269)
Processing batch 201/14269
Warning: Decoded text differs from trimmed prompt
  Trimmed prompt length: 566, Decoded text length: 567
[DEBUG] First difference at position 3: prompt='[', decoded=' '
[DEBUG] Context: prompt='<s>[INST] A particular ', decoded='<s> [INST] A particular'
[WARNING] in lang en, index 1033: No tokens were selected by the answer mask for perplexity calculation, setting perplexity to 1.0.
Warning: Decoded text differs from trimmed prompt
  Trimmed prompt length: 566, Decoded text length: 567
[DEBUG] First difference at position 3: prompt='[', decoded=' '
[DEBUG] Context: prompt='<s>[INST] A particular ', decoded='<s> [INST] A particular'
[WARNING] in lang en, index 1033: No tokens were selected by the answer mask for perplexity calculation, setting perplexity to 1.0.
Warning: Decoded text differs from trimmed prompt
  Trimmed prompt length: 396, Decoded text length: 420
[DEBUG] First difference at position 1: prompt='s', decoded='/'
[DEBUG] Context: prompt='<s>[INST] Consider th', decoded='</s></s></s></s></s><'
Warning: Decoded text differs from trimmed prompt
  Trimmed prompt length: 392, Decoded text length: 429
[DEBUG] First difference at position 1: prompt='s', decoded='/'
[DEBUG] Context: prompt='<s>[INST] Consider th', decoded='</s></s></s></s></s><'
Warning: Decoded text differs from trimmed prompt
  Trimmed prompt length: 406, Decoded text length: 373
[DEBUG] First difference at position 1: prompt='s', decoded='/'
[DEBUG] Context: prompt='<s>[INST] Of the foll', decoded='</s></s></s></s></s><'
Warning: Decoded text differs from trimmed prompt
  Trimmed prompt length: 448, Decoded text length: 406
[DEBUG] First difference at position 1: prompt='s', decoded='/'
[DEBUG] Context: prompt='<s>[INST] Of the foll', decoded='</s></s></s></s></s><'
Perplexity: Written 1206/85610 entries to perplexity result file (batch 201/14269)
Processing batch 202/14269
Warning: Decoded text differs from trimmed prompt
  Trimmed prompt length: 476, Decoded text length: 480
[DEBUG] First difference at position 1: prompt='s', decoded='/'
[DEBUG] Context: prompt='<s>[INST] In multipro', decoded='</s></s><s> [INST] In'
[WARNING] in lang en, index 1041: No tokens were selected by the answer mask for perplexity calculation, setting perplexity to 1.0.
Warning: Decoded text differs from trimmed prompt
  Trimmed prompt length: 483, Decoded text length: 484
[DEBUG] First difference at position 3: prompt='[', decoded=' '
[DEBUG] Context: prompt='<s>[INST] In multiprogr', decoded='<s> [INST] In multiprog'
[WARNING] in lang en, index 1041: No tokens were selected by the answer mask for perplexity calculation, setting perplexity to 1.0.
Warning: Decoded text differs from trimmed prompt
  Trimmed prompt length: 545, Decoded text length: 542
[DEBUG] First difference at position 1: prompt='s', decoded='/'
[DEBUG] Context: prompt='<s>[INST] If a malici', decoded='</s></s></s></s></s><'
[WARNING] in lang en, index 1046: No tokens were selected by the answer mask for perplexity calculation, setting perplexity to 1.0.
Warning: Decoded text differs from trimmed prompt
  Trimmed prompt length: 530, Decoded text length: 528
[DEBUG] First difference at position 1: prompt='s', decoded='/'
[DEBUG] Context: prompt='<s>[INST] If a malici', decoded='</s></s></s></s></s><'
[WARNING] in lang en, index 1046: No tokens were selected by the answer mask for perplexity calculation, setting perplexity to 1.0.
Warning: Decoded text differs from trimmed prompt
  Trimmed prompt length: 496, Decoded text length: 501
[DEBUG] First difference at position 1: prompt='s', decoded='/'
[DEBUG] Context: prompt='<s>[INST] Which of th', decoded='</s></s></s></s></s><'
[WARNING] in lang en, index 1047: No tokens were selected by the answer mask for perplexity calculation, setting perplexity to 1.0.
Warning: Decoded text differs from trimmed prompt
  Trimmed prompt length: 499, Decoded text length: 503
[DEBUG] First difference at position 1: prompt='s', decoded='/'
[DEBUG] Context: prompt='<s>[INST] Which of th', decoded='</s></s></s></s></s><'
[WARNING] in lang en, index 1047: No tokens were selected by the answer mask for perplexity calculation, setting perplexity to 1.0.
Perplexity: Written 1212/85610 entries to perplexity result file (batch 202/14269)
Processing batch 203/14269
Warning: Decoded text differs from trimmed prompt
  Trimmed prompt length: 501, Decoded text length: 502
[DEBUG] First difference at position 3: prompt='[', decoded=' '
[DEBUG] Context: prompt='<s>[INST] Two expressio', decoded='<s> [INST] Two expressi'
[WARNING] in lang en, index 1052: No tokens were selected by the answer mask for perplexity calculation, setting perplexity to 1.0.
Warning: Decoded text differs from trimmed prompt
  Trimmed prompt length: 488, Decoded text length: 489
[DEBUG] First difference at position 1: prompt='s', decoded='/'
[DEBUG] Context: prompt='<s>[INST] Two express', decoded='</s></s></s></s></s><'
[WARNING] in lang en, index 1052: No tokens were selected by the answer mask for perplexity calculation, setting perplexity to 1.0.
Warning: Decoded text differs from trimmed prompt
  Trimmed prompt length: 314, Decoded text length: 264
[DEBUG] First difference at position 1: prompt='s', decoded='/'
[DEBUG] Context: prompt='<s>[INST] Which of th', decoded='</s></s></s></s></s><'
[WARNING] in lang en, index 1053: No tokens were selected by the answer mask for perplexity calculation, setting perplexity to 1.0.
Warning: Decoded text differs from trimmed prompt
  Trimmed prompt length: 309, Decoded text length: 256
[DEBUG] First difference at position 1: prompt='s', decoded='/'
[DEBUG] Context: prompt='<s>[INST] Which of th', decoded='</s></s></s></s></s><'
[WARNING] in lang en, index 1053: No tokens were selected by the answer mask for perplexity calculation, setting perplexity to 1.0.
Warning: Decoded text differs from trimmed prompt
  Trimmed prompt length: 525, Decoded text length: 506
[DEBUG] First difference at position 1: prompt='s', decoded='/'
[DEBUG] Context: prompt='<s>[INST] In systems ', decoded='</s></s></s></s></s><'
[WARNING] in lang en, index 1057: No tokens were selected by the answer mask for perplexity calculation, setting perplexity to 1.0.
Warning: Decoded text differs from trimmed prompt
  Trimmed prompt length: 515, Decoded text length: 489
[DEBUG] First difference at position 1: prompt='s', decoded='/'
[DEBUG] Context: prompt='<s>[INST] In systems ', decoded='</s></s></s></s></s><'
[WARNING] in lang en, index 1057: No tokens were selected by the answer mask for perplexity calculation, setting perplexity to 1.0.
Perplexity: Written 1218/85610 entries to perplexity result file (batch 203/14269)
Processing batch 204/14269
Warning: Decoded text differs from trimmed prompt
  Trimmed prompt length: 361, Decoded text length: 331
[DEBUG] First difference at position 1: prompt='s', decoded='/'
[DEBUG] Context: prompt='<s>[INST] In the Inte', decoded='</s></s></s></s></s><'
Warning: Decoded text differs from trimmed prompt
  Trimmed prompt length: 346, Decoded text length: 320
[DEBUG] First difference at position 1: prompt='s', decoded='/'
[DEBUG] Context: prompt='<s>[INST] In the Inte', decoded='</s></s></s></s></s><'
Warning: Decoded text differs from trimmed prompt
  Trimmed prompt length: 249, Decoded text length: 200
[DEBUG] First difference at position 1: prompt='s', decoded='/'
[DEBUG] Context: prompt='<s>[INST] Which of th', decoded='</s></s></s></s></s><'
[WARNING] in lang en, index 1059: No tokens were selected by the answer mask for perplexity calculation, setting perplexity to 1.0.
Warning: Decoded text differs from trimmed prompt
  Trimmed prompt length: 245, Decoded text length: 208
[DEBUG] First difference at position 1: prompt='s', decoded='/'
[DEBUG] Context: prompt='<s>[INST] Which of th', decoded='</s></s></s></s></s><'
[WARNING] in lang en, index 1059: No tokens were selected by the answer mask for perplexity calculation, setting perplexity to 1.0.
Warning: Decoded text differs from trimmed prompt
  Trimmed prompt length: 462, Decoded text length: 463
[DEBUG] First difference at position 3: prompt='[', decoded=' '
[DEBUG] Context: prompt='<s>[INST] Which of the ', decoded='<s> [INST] Which of the'
[WARNING] in lang en, index 1062: No tokens were selected by the answer mask for perplexity calculation, setting perplexity to 1.0.
Warning: Decoded text differs from trimmed prompt
  Trimmed prompt length: 463, Decoded text length: 464
[DEBUG] First difference at position 3: prompt='[', decoded=' '
[DEBUG] Context: prompt='<s>[INST] Which of the ', decoded='<s> [INST] Which of the'
[WARNING] in lang en, index 1062: No tokens were selected by the answer mask for perplexity calculation, setting perplexity to 1.0.
Perplexity: Written 1224/85610 entries to perplexity result file (batch 204/14269)
Processing batch 205/14269
Warning: Decoded text differs from trimmed prompt
  Trimmed prompt length: 874, Decoded text length: 878
[DEBUG] First difference at position 1: prompt='s', decoded='/'
[DEBUG] Context: prompt='<s>[INST] Assume that', decoded='</s></s><s> [INST] As'
Warning: Decoded text differs from trimmed prompt
  Trimmed prompt length: 877, Decoded text length: 878
[DEBUG] First difference at position 3: prompt='[', decoded=' '
[DEBUG] Context: prompt='<s>[INST] Assume that a', decoded='<s> [INST] Assume that '
Warning: Decoded text differs from trimmed prompt
  Trimmed prompt length: 582, Decoded text length: 562
[DEBUG] First difference at position 1: prompt='s', decoded='/'
[DEBUG] Context: prompt='<s>[INST] Two compute', decoded='</s></s></s></s></s><'
[WARNING] in lang en, index 1069: No tokens were selected by the answer mask for perplexity calculation, setting perplexity to 1.0.
Warning: Decoded text differs from trimmed prompt
  Trimmed prompt length: 582, Decoded text length: 562
[DEBUG] First difference at position 1: prompt='s', decoded='/'
[DEBUG] Context: prompt='<s>[INST] Two compute', decoded='</s></s></s></s></s><'
[WARNING] in lang en, index 1069: No tokens were selected by the answer mask for perplexity calculation, setting perplexity to 1.0.
Warning: Decoded text differs from trimmed prompt
  Trimmed prompt length: 363, Decoded text length: 412
[DEBUG] First difference at position 1: prompt='s', decoded='/'
[DEBUG] Context: prompt='<s>[INST] Consider th', decoded='</s></s></s></s></s><'
Warning: Decoded text differs from trimmed prompt
  Trimmed prompt length: 354, Decoded text length: 404
[DEBUG] First difference at position 1: prompt='s', decoded='/'
[DEBUG] Context: prompt='<s>[INST] Consider th', decoded='</s></s></s></s></s><'
Perplexity: Written 1230/85610 entries to perplexity result file (batch 205/14269)
Processing batch 206/14269
Warning: Decoded text differs from trimmed prompt
  Trimmed prompt length: 311, Decoded text length: 284
[DEBUG] First difference at position 1: prompt='s', decoded='/'
[DEBUG] Context: prompt='<s>[INST] Hash tables', decoded='</s></s></s></s></s><'
Warning: Decoded text differs from trimmed prompt
  Trimmed prompt length: 292, Decoded text length: 248
[DEBUG] First difference at position 1: prompt='s', decoded='/'
[DEBUG] Context: prompt='<s>[INST] Hash tables', decoded='</s></s></s></s></s><'
Warning: Decoded text differs from trimmed prompt
  Trimmed prompt length: 259, Decoded text length: 216
[DEBUG] First difference at position 1: prompt='s', decoded='/'
[DEBUG] Context: prompt='<s>[INST] Which of th', decoded='</s></s></s></s></s><'
[WARNING] in lang en, index 1077: No tokens were selected by the answer mask for perplexity calculation, setting perplexity to 1.0.
Warning: Decoded text differs from trimmed prompt
  Trimmed prompt length: 258, Decoded text length: 208
[DEBUG] First difference at position 1: prompt='s', decoded='/'
[DEBUG] Context: prompt='<s>[INST] Which of th', decoded='</s></s></s></s></s><'
[WARNING] in lang en, index 1077: No tokens were selected by the answer mask for perplexity calculation, setting perplexity to 1.0.
Warning: Decoded text differs from trimmed prompt
  Trimmed prompt length: 745, Decoded text length: 745
[DEBUG] First difference at position 1: prompt='s', decoded='/'
[DEBUG] Context: prompt='<s>[INST] A program t', decoded='</s></s><s> [INST] A '
[WARNING] in lang en, index 1083: No tokens were selected by the answer mask for perplexity calculation, setting perplexity to 1.0.
Warning: Decoded text differs from trimmed prompt
  Trimmed prompt length: 751, Decoded text length: 752
[DEBUG] First difference at position 3: prompt='[', decoded=' '
[DEBUG] Context: prompt='<s>[INST] A program tha', decoded='<s> [INST] A program th'
[WARNING] in lang en, index 1083: No tokens were selected by the answer mask for perplexity calculation, setting perplexity to 1.0.
Perplexity: Written 1236/85610 entries to perplexity result file (batch 206/14269)
Processing batch 207/14269
Warning: Decoded text differs from trimmed prompt
  Trimmed prompt length: 305, Decoded text length: 260
[DEBUG] First difference at position 1: prompt='s', decoded='/'
[DEBUG] Context: prompt='<s>[INST] Local cachi', decoded='</s></s></s></s></s><'
Warning: Decoded text differs from trimmed prompt
  Trimmed prompt length: 290, Decoded text length: 260
[DEBUG] First difference at position 1: prompt='s', decoded='/'
[DEBUG] Context: prompt='<s>[INST] Local cachi', decoded='</s></s></s></s></s><'
Warning: Decoded text differs from trimmed prompt
  Trimmed prompt length: 463, Decoded text length: 411
[DEBUG] First difference at position 1: prompt='s', decoded='/'
[DEBUG] Context: prompt='<s>[INST] A major adv', decoded='</s></s></s></s></s><'
Warning: Decoded text differs from trimmed prompt
  Trimmed prompt length: 415, Decoded text length: 336
[DEBUG] First difference at position 1: prompt='s', decoded='/'
[DEBUG] Context: prompt='<s>[INST] A major adv', decoded='</s></s></s></s></s><'
Warning: Decoded text differs from trimmed prompt
  Trimmed prompt length: 650, Decoded text length: 651
[DEBUG] First difference at position 3: prompt='[', decoded=' '
[DEBUG] Context: prompt='<s>[INST] Let M be a si', decoded='<s> [INST] Let M be a s'
[WARNING] in lang en, index 1090: No tokens were selected by the answer mask for perplexity calculation, setting perplexity to 1.0.
Warning: Decoded text differs from trimmed prompt
  Trimmed prompt length: 652, Decoded text length: 653
[DEBUG] First difference at position 3: prompt='[', decoded=' '
[DEBUG] Context: prompt='<s>[INST] Let M be a si', decoded='<s> [INST] Let M be a s'
[WARNING] in lang en, index 1090: No tokens were selected by the answer mask for perplexity calculation, setting perplexity to 1.0.
Perplexity: Written 1242/85610 entries to perplexity result file (batch 207/14269)
Processing batch 208/14269
Warning: Decoded text differs from trimmed prompt
  Trimmed prompt length: 405, Decoded text length: 372
[DEBUG] First difference at position 1: prompt='s', decoded='/'
[DEBUG] Context: prompt='<s>[INST] A 3-way, se', decoded='</s></s></s></s></s><'
Warning: Decoded text differs from trimmed prompt
  Trimmed prompt length: 472, Decoded text length: 423
[DEBUG] First difference at position 1: prompt='s', decoded='/'
[DEBUG] Context: prompt='<s>[INST] A 3-way, se', decoded='</s></s></s></s></s><'
Warning: Decoded text differs from trimmed prompt
  Trimmed prompt length: 859, Decoded text length: 807
[DEBUG] First difference at position 1: prompt='s', decoded='/'
[DEBUG] Context: prompt='<s>[INST] Consider an', decoded='</s></s></s></s></s><'
Warning: Decoded text differs from trimmed prompt
  Trimmed prompt length: 867, Decoded text length: 822
[DEBUG] First difference at position 1: prompt='s', decoded='/'
[DEBUG] Context: prompt='<s>[INST] Consider an', decoded='</s></s></s></s></s><'
Warning: Decoded text differs from trimmed prompt
  Trimmed prompt length: 1002, Decoded text length: 1003
[DEBUG] First difference at position 3: prompt='[', decoded=' '
[DEBUG] Context: prompt='<s>[INST] A microcomput', decoded='<s> [INST] A microcompu'
[WARNING] in lang en, index 1094: No tokens were selected by the answer mask for perplexity calculation, setting perplexity to 1.0.
Warning: Decoded text differs from trimmed prompt
  Trimmed prompt length: 1002, Decoded text length: 1003
[DEBUG] First difference at position 3: prompt='[', decoded=' '
[DEBUG] Context: prompt='<s>[INST] A microcomput', decoded='<s> [INST] A microcompu'
[WARNING] in lang en, index 1094: No tokens were selected by the answer mask for perplexity calculation, setting perplexity to 1.0.
Perplexity: Written 1248/85610 entries to perplexity result file (batch 208/14269)
Processing batch 209/14269
Warning: Decoded text differs from trimmed prompt
  Trimmed prompt length: 951, Decoded text length: 952
[DEBUG] First difference at position 3: prompt='[', decoded=' '
[DEBUG] Context: prompt='<s>[INST] A police offi', decoded='<s> [INST] A police off'
[WARNING] in lang en, index 1196: No tokens were selected by the answer mask for perplexity calculation, setting perplexity to 1.0.
Warning: Decoded text differs from trimmed prompt
  Trimmed prompt length: 957, Decoded text length: 958
[DEBUG] First difference at position 3: prompt='[', decoded=' '
[DEBUG] Context: prompt='<s>[INST] A police offi', decoded='<s> [INST] A police off'
[WARNING] in lang en, index 1196: No tokens were selected by the answer mask for perplexity calculation, setting perplexity to 1.0.
Warning: Decoded text differs from trimmed prompt
  Trimmed prompt length: 235, Decoded text length: 284
[DEBUG] First difference at position 1: prompt='s', decoded='/'
[DEBUG] Context: prompt='<s>[INST] Who set the', decoded='</s></s></s></s></s><'
Warning: Decoded text differs from trimmed prompt
  Trimmed prompt length: 237, Decoded text length: 288
[DEBUG] First difference at position 1: prompt='s', decoded='/'
[DEBUG] Context: prompt='<s>[INST] Who set the', decoded='</s></s></s></s></s><'
Warning: Decoded text differs from trimmed prompt
  Trimmed prompt length: 260, Decoded text length: 252
[DEBUG] First difference at position 1: prompt='s', decoded='/'
[DEBUG] Context: prompt='<s>[INST] Which of th', decoded='</s></s></s></s></s><'
Warning: Decoded text differs from trimmed prompt
  Trimmed prompt length: 252, Decoded text length: 244
[DEBUG] First difference at position 1: prompt='s', decoded='/'
[DEBUG] Context: prompt='<s>[INST] Which of th', decoded='</s></s></s></s></s><'
Perplexity: Written 1254/85610 entries to perplexity result file (batch 209/14269)
Processing batch 210/14269
Warning: Decoded text differs from trimmed prompt
  Trimmed prompt length: 309, Decoded text length: 280
[DEBUG] First difference at position 1: prompt='s', decoded='/'
[DEBUG] Context: prompt='<s>[INST] The complet', decoded='</s></s></s></s></s><'
[WARNING] in lang en, index 1199: No tokens were selected by the answer mask for perplexity calculation, setting perplexity to 1.0.
Warning: Decoded text differs from trimmed prompt
  Trimmed prompt length: 310, Decoded text length: 284
[DEBUG] First difference at position 1: prompt='s', decoded='/'
[DEBUG] Context: prompt='<s>[INST] The complet', decoded='</s></s></s></s></s><'
[WARNING] in lang en, index 1199: No tokens were selected by the answer mask for perplexity calculation, setting perplexity to 1.0.
Warning: Decoded text differs from trimmed prompt
  Trimmed prompt length: 519, Decoded text length: 520
[DEBUG] First difference at position 3: prompt='[', decoded=' '
[DEBUG] Context: prompt='<s>[INST] Diisopropylfl', decoded='<s> [INST] Diisopropylf'
[WARNING] in lang en, index 1203: No tokens were selected by the answer mask for perplexity calculation, setting perplexity to 1.0.
Warning: Decoded text differs from trimmed prompt
  Trimmed prompt length: 528, Decoded text length: 529
[DEBUG] First difference at position 1: prompt='s', decoded='/'
[DEBUG] Context: prompt='<s>[INST] Diisopropyl', decoded='</s><s> [INST] Diisop'
[WARNING] in lang en, index 1203: No tokens were selected by the answer mask for perplexity calculation, setting perplexity to 1.0.
Warning: Decoded text differs from trimmed prompt
  Trimmed prompt length: 235, Decoded text length: 224
[DEBUG] First difference at position 1: prompt='s', decoded='/'
[DEBUG] Context: prompt='<s>[INST] The process', decoded='</s></s></s></s></s><'
Warning: Decoded text differs from trimmed prompt
  Trimmed prompt length: 245, Decoded text length: 232
[DEBUG] First difference at position 1: prompt='s', decoded='/'
[DEBUG] Context: prompt='<s>[INST] The process', decoded='</s></s></s></s></s><'
Perplexity: Written 1260/85610 entries to perplexity result file (batch 210/14269)
Processing batch 211/14269
Warning: Decoded text differs from trimmed prompt
  Trimmed prompt length: 305, Decoded text length: 260
[DEBUG] First difference at position 1: prompt='s', decoded='/'
[DEBUG] Context: prompt='<s>[INST] Performance', decoded='</s></s></s></s></s><'
[WARNING] in lang en, index 1205: No tokens were selected by the answer mask for perplexity calculation, setting perplexity to 1.0.
Warning: Decoded text differs from trimmed prompt
  Trimmed prompt length: 301, Decoded text length: 260
[DEBUG] First difference at position 1: prompt='s', decoded='/'
[DEBUG] Context: prompt='<s>[INST] Performance', decoded='</s></s></s></s></s><'
[WARNING] in lang en, index 1205: No tokens were selected by the answer mask for perplexity calculation, setting perplexity to 1.0.
Warning: Decoded text differs from trimmed prompt
  Trimmed prompt length: 603, Decoded text length: 604
[DEBUG] First difference at position 3: prompt='[', decoded=' '
[DEBUG] Context: prompt='<s>[INST] A hedonic tee', decoded='<s> [INST] A hedonic te'
[WARNING] in lang en, index 1208: No tokens were selected by the answer mask for perplexity calculation, setting perplexity to 1.0.
Warning: Decoded text differs from trimmed prompt
  Trimmed prompt length: 596, Decoded text length: 597
[DEBUG] First difference at position 1: prompt='s', decoded='/'
[DEBUG] Context: prompt='<s>[INST] A hedonic t', decoded='</s><s> [INST] A hedo'
[WARNING] in lang en, index 1208: No tokens were selected by the answer mask for perplexity calculation, setting perplexity to 1.0.
Warning: Decoded text differs from trimmed prompt
  Trimmed prompt length: 207, Decoded text length: 180
[DEBUG] First difference at position 1: prompt='s', decoded='/'
[DEBUG] Context: prompt='<s>[INST] The maximum', decoded='</s></s></s></s></s><'
Warning: Decoded text differs from trimmed prompt
  Trimmed prompt length: 199, Decoded text length: 176
[DEBUG] First difference at position 1: prompt='s', decoded='/'
[DEBUG] Context: prompt='<s>[INST] The maximum', decoded='</s></s></s></s></s><'
Perplexity: Written 1266/85610 entries to perplexity result file (batch 211/14269)
Processing batch 212/14269
Warning: Decoded text differs from trimmed prompt
  Trimmed prompt length: 420, Decoded text length: 382
[DEBUG] First difference at position 1: prompt='s', decoded='/'
[DEBUG] Context: prompt='<s>[INST] A patient c', decoded='</s></s></s></s></s><'
Warning: Decoded text differs from trimmed prompt
  Trimmed prompt length: 409, Decoded text length: 360
[DEBUG] First difference at position 1: prompt='s', decoded='/'
[DEBUG] Context: prompt='<s>[INST] A patient c', decoded='</s></s></s></s></s><'
Warning: Decoded text differs from trimmed prompt
  Trimmed prompt length: 689, Decoded text length: 693
[DEBUG] First difference at position 1: prompt='s', decoded='/'
[DEBUG] Context: prompt='<s>[INST] The transcr', decoded='</s></s><s> [INST] Th'
Warning: Decoded text differs from trimmed prompt
  Trimmed prompt length: 707, Decoded text length: 708
[DEBUG] First difference at position 3: prompt='[', decoded=' '
[DEBUG] Context: prompt='<s>[INST] The transcrip', decoded='<s> [INST] The transcri'
Warning: Decoded text differs from trimmed prompt
  Trimmed prompt length: 604, Decoded text length: 599
[DEBUG] First difference at position 1: prompt='s', decoded='/'
[DEBUG] Context: prompt='<s>[INST] A new enzym', decoded='</s></s></s></s></s><'
Warning: Decoded text differs from trimmed prompt
  Trimmed prompt length: 602, Decoded text length: 602
[DEBUG] First difference at position 1: prompt='s', decoded='/'
[DEBUG] Context: prompt='<s>[INST] A new enzym', decoded='</s></s></s></s></s><'
Perplexity: Written 1272/85610 entries to perplexity result file (batch 212/14269)
Processing batch 213/14269
Warning: Decoded text differs from trimmed prompt
  Trimmed prompt length: 184, Decoded text length: 189
[DEBUG] First difference at position 1: prompt='s', decoded='/'
[DEBUG] Context: prompt='<s>[INST] For a very ', decoded='</s></s></s></s></s><'
Warning: Decoded text differs from trimmed prompt
  Trimmed prompt length: 183, Decoded text length: 175
[DEBUG] First difference at position 1: prompt='s', decoded='/'
[DEBUG] Context: prompt='<s>[INST] For a very ', decoded='</s></s></s></s></s><'
[WARNING] in lang en, index 1214: No tokens were selected by the answer mask for perplexity calculation, setting perplexity to 1.0.
Warning: Decoded text differs from trimmed prompt
  Trimmed prompt length: 266, Decoded text length: 269
[DEBUG] First difference at position 1: prompt='s', decoded='/'
[DEBUG] Context: prompt='<s>[INST] The genome ', decoded='</s></s></s></s></s><'
Warning: Decoded text differs from trimmed prompt
  Trimmed prompt length: 296, Decoded text length: 297
[DEBUG] First difference at position 3: prompt='[', decoded=' '
[DEBUG] Context: prompt='<s>[INST] The genome is', decoded='<s> [INST] The genome i'
Warning: Decoded text differs from trimmed prompt
  Trimmed prompt length: 237, Decoded text length: 242
[DEBUG] First difference at position 1: prompt='s', decoded='/'
[DEBUG] Context: prompt='<s>[INST] Most of the', decoded='</s></s></s></s></s><'
[WARNING] in lang en, index 1217: No tokens were selected by the answer mask for perplexity calculation, setting perplexity to 1.0.
Warning: Decoded text differs from trimmed prompt
  Trimmed prompt length: 247, Decoded text length: 245
[DEBUG] First difference at position 1: prompt='s', decoded='/'
[DEBUG] Context: prompt='<s>[INST] Most of the', decoded='</s></s></s></s></s><'
[WARNING] in lang en, index 1217: No tokens were selected by the answer mask for perplexity calculation, setting perplexity to 1.0.
Perplexity: Written 1278/85610 entries to perplexity result file (batch 213/14269)
Processing batch 214/14269
Warning: Decoded text differs from trimmed prompt
  Trimmed prompt length: 257, Decoded text length: 252
[DEBUG] First difference at position 1: prompt='s', decoded='/'
[DEBUG] Context: prompt='<s>[INST] Embedded in', decoded='</s></s></s></s></s><'
Warning: Decoded text differs from trimmed prompt
  Trimmed prompt length: 229, Decoded text length: 248
[DEBUG] First difference at position 1: prompt='s', decoded='/'
[DEBUG] Context: prompt='<s>[INST] Embedded in', decoded='</s></s></s></s></s><'
Warning: Decoded text differs from trimmed prompt
  Trimmed prompt length: 735, Decoded text length: 736
[DEBUG] First difference at position 3: prompt='[', decoded=' '
[DEBUG] Context: prompt='<s>[INST] David is a na', decoded='<s> [INST] David is a n'
Warning: Decoded text differs from trimmed prompt
  Trimmed prompt length: 735, Decoded text length: 736
[DEBUG] First difference at position 3: prompt='[', decoded=' '
[DEBUG] Context: prompt='<s>[INST] David is a na', decoded='<s> [INST] David is a n'
Warning: Decoded text differs from trimmed prompt
  Trimmed prompt length: 557, Decoded text length: 540
[DEBUG] First difference at position 1: prompt='s', decoded='/'
[DEBUG] Context: prompt='<s>[INST] A common he', decoded='</s></s></s></s></s><'
[WARNING] in lang en, index 1225: No tokens were selected by the answer mask for perplexity calculation, setting perplexity to 1.0.
Warning: Decoded text differs from trimmed prompt
  Trimmed prompt length: 552, Decoded text length: 541
[DEBUG] First difference at position 1: prompt='s', decoded='/'
[DEBUG] Context: prompt='<s>[INST] A common he', decoded='</s></s></s></s></s><'
[WARNING] in lang en, index 1225: No tokens were selected by the answer mask for perplexity calculation, setting perplexity to 1.0.
Perplexity: Written 1284/85610 entries to perplexity result file (batch 214/14269)
Processing batch 215/14269
Warning: Decoded text differs from trimmed prompt
  Trimmed prompt length: 514, Decoded text length: 515
[DEBUG] First difference at position 3: prompt='[', decoded=' '
[DEBUG] Context: prompt='<s>[INST] When preparin', decoded='<s> [INST] When prepari'
[WARNING] in lang en, index 1226: No tokens were selected by the answer mask for perplexity calculation, setting perplexity to 1.0.
Warning: Decoded text differs from trimmed prompt
  Trimmed prompt length: 501, Decoded text length: 500
[DEBUG] First difference at position 1: prompt='s', decoded='/'
[DEBUG] Context: prompt='<s>[INST] When prepar', decoded='</s></s></s><s> [INST'
[WARNING] in lang en, index 1226: No tokens were selected by the answer mask for perplexity calculation, setting perplexity to 1.0.
Warning: Decoded text differs from trimmed prompt
  Trimmed prompt length: 357, Decoded text length: 332
[DEBUG] First difference at position 1: prompt='s', decoded='/'
[DEBUG] Context: prompt='<s>[INST] A source em', decoded='</s></s></s></s></s><'
[WARNING] in lang en, index 1228: No tokens were selected by the answer mask for perplexity calculation, setting perplexity to 1.0.
Warning: Decoded text differs from trimmed prompt
  Trimmed prompt length: 358, Decoded text length: 332
[DEBUG] First difference at position 1: prompt='s', decoded='/'
[DEBUG] Context: prompt='<s>[INST] A source em', decoded='</s></s></s></s></s><'
[WARNING] in lang en, index 1228: No tokens were selected by the answer mask for perplexity calculation, setting perplexity to 1.0.
Warning: Decoded text differs from trimmed prompt
  Trimmed prompt length: 243, Decoded text length: 234
[DEBUG] First difference at position 1: prompt='s', decoded='/'
[DEBUG] Context: prompt='<s>[INST] The energy ', decoded='</s></s></s></s></s><'
Warning: Decoded text differs from trimmed prompt
  Trimmed prompt length: 241, Decoded text length: 214
[DEBUG] First difference at position 1: prompt='s', decoded='/'
[DEBUG] Context: prompt='<s>[INST] The energy ', decoded='</s></s></s></s></s><'
Perplexity: Written 1290/85610 entries to perplexity result file (batch 215/14269)
Processing batch 216/14269
Warning: Decoded text differs from trimmed prompt
  Trimmed prompt length: 337, Decoded text length: 327
[DEBUG] First difference at position 1: prompt='s', decoded='/'
[DEBUG] Context: prompt='<s>[INST] The body co', decoded='</s></s></s></s></s><'
Warning: Decoded text differs from trimmed prompt
  Trimmed prompt length: 328, Decoded text length: 321
[DEBUG] First difference at position 1: prompt='s', decoded='/'
[DEBUG] Context: prompt='<s>[INST] The body co', decoded='</s></s></s></s></s><'
Warning: Decoded text differs from trimmed prompt
  Trimmed prompt length: 360, Decoded text length: 361
[DEBUG] First difference at position 3: prompt='[', decoded=' '
[DEBUG] Context: prompt='<s>[INST] An individual', decoded='<s> [INST] An individua'
Warning: Decoded text differs from trimmed prompt
  Trimmed prompt length: 341, Decoded text length: 333
[DEBUG] First difference at position 1: prompt='s', decoded='/'
[DEBUG] Context: prompt='<s>[INST] An individu', decoded='</s></s></s></s></s><'
[WARNING] in lang en, index 1232: No tokens were selected by the answer mask for perplexity calculation, setting perplexity to 1.0.
Warning: Decoded text differs from trimmed prompt
  Trimmed prompt length: 315, Decoded text length: 279
[DEBUG] First difference at position 1: prompt='s', decoded='/'
[DEBUG] Context: prompt="<s>[INST] Women's wor", decoded='</s></s></s></s></s><'
[WARNING] in lang en, index 1233: No tokens were selected by the answer mask for perplexity calculation, setting perplexity to 1.0.
Warning: Decoded text differs from trimmed prompt
  Trimmed prompt length: 320, Decoded text length: 279
[DEBUG] First difference at position 1: prompt='s', decoded='/'
[DEBUG] Context: prompt="<s>[INST] Women's wor", decoded='</s></s></s></s></s><'
[WARNING] in lang en, index 1233: No tokens were selected by the answer mask for perplexity calculation, setting perplexity to 1.0.
Perplexity: Written 1296/85610 entries to perplexity result file (batch 216/14269)
Processing batch 217/14269
Warning: Decoded text differs from trimmed prompt
  Trimmed prompt length: 377, Decoded text length: 348
[DEBUG] First difference at position 1: prompt='s', decoded='/'
[DEBUG] Context: prompt='<s>[INST] During musc', decoded='</s></s></s></s></s><'
Warning: Decoded text differs from trimmed prompt
  Trimmed prompt length: 386, Decoded text length: 356
[DEBUG] First difference at position 1: prompt='s', decoded='/'
[DEBUG] Context: prompt='<s>[INST] During musc', decoded='</s></s></s></s></s><'
Warning: Decoded text differs from trimmed prompt
  Trimmed prompt length: 416, Decoded text length: 420
[DEBUG] First difference at position 1: prompt='s', decoded='/'
[DEBUG] Context: prompt='<s>[INST] The activit', decoded='</s></s></s></s></s><'
Warning: Decoded text differs from trimmed prompt
  Trimmed prompt length: 418, Decoded text length: 429
[DEBUG] First difference at position 1: prompt='s', decoded='/'
[DEBUG] Context: prompt='<s>[INST] The activit', decoded='</s></s></s></s></s><'
Warning: Decoded text differs from trimmed prompt
  Trimmed prompt length: 829, Decoded text length: 830
[DEBUG] First difference at position 3: prompt='[', decoded=' '
[DEBUG] Context: prompt='<s>[INST] A teacher set', decoded='<s> [INST] A teacher se'
[WARNING] in lang en, index 1236: No tokens were selected by the answer mask for perplexity calculation, setting perplexity to 1.0.
Warning: Decoded text differs from trimmed prompt
  Trimmed prompt length: 822, Decoded text length: 823
[DEBUG] First difference at position 3: prompt='[', decoded=' '
[DEBUG] Context: prompt='<s>[INST] A teacher set', decoded='<s> [INST] A teacher se'
[WARNING] in lang en, index 1236: No tokens were selected by the answer mask for perplexity calculation, setting perplexity to 1.0.
Perplexity: Written 1302/85610 entries to perplexity result file (batch 217/14269)
Processing batch 218/14269
Warning: Decoded text differs from trimmed prompt
  Trimmed prompt length: 301, Decoded text length: 332
[DEBUG] First difference at position 1: prompt='s', decoded='/'
[DEBUG] Context: prompt='<s>[INST] The net pro', decoded='</s></s></s></s></s><'
Warning: Decoded text differs from trimmed prompt
  Trimmed prompt length: 301, Decoded text length: 332
[DEBUG] First difference at position 1: prompt='s', decoded='/'
[DEBUG] Context: prompt='<s>[INST] The net pro', decoded='</s></s></s></s></s><'
Warning: Decoded text differs from trimmed prompt
  Trimmed prompt length: 380, Decoded text length: 384
[DEBUG] First difference at position 1: prompt='s', decoded='/'
[DEBUG] Context: prompt='<s>[INST] Pregnancy t', decoded='</s></s><s> [INST] Pr'
Warning: Decoded text differs from trimmed prompt
  Trimmed prompt length: 374, Decoded text length: 378
[DEBUG] First difference at position 1: prompt='s', decoded='/'
[DEBUG] Context: prompt='<s>[INST] Pregnancy t', decoded='</s></s><s> [INST] Pr'
Warning: Decoded text differs from trimmed prompt
  Trimmed prompt length: 465, Decoded text length: 466
[DEBUG] First difference at position 1: prompt='s', decoded='/'
[DEBUG] Context: prompt='<s>[INST] The son of ', decoded='</s><s> [INST] The so'
Warning: Decoded text differs from trimmed prompt
  Trimmed prompt length: 462, Decoded text length: 463
[DEBUG] First difference at position 3: prompt='[', decoded=' '
[DEBUG] Context: prompt='<s>[INST] The son of a ', decoded='<s> [INST] The son of a'
Perplexity: Written 1308/85610 entries to perplexity result file (batch 218/14269)
Processing batch 219/14269
Warning: Decoded text differs from trimmed prompt
  Trimmed prompt length: 319, Decoded text length: 312
[DEBUG] First difference at position 1: prompt='s', decoded='/'
[DEBUG] Context: prompt='<s>[INST] In a fit of', decoded='</s></s></s></s></s><'
Warning: Decoded text differs from trimmed prompt
  Trimmed prompt length: 324, Decoded text length: 308
[DEBUG] First difference at position 1: prompt='s', decoded='/'
[DEBUG] Context: prompt='<s>[INST] In a fit of', decoded='</s></s></s></s></s><'
Warning: Decoded text differs from trimmed prompt
  Trimmed prompt length: 668, Decoded text length: 624
[DEBUG] First difference at position 1: prompt='s', decoded='/'
[DEBUG] Context: prompt='<s>[INST] Neonatal Re', decoded='</s></s></s></s></s><'
Warning: Decoded text differs from trimmed prompt
  Trimmed prompt length: 661, Decoded text length: 616
[DEBUG] First difference at position 1: prompt='s', decoded='/'
[DEBUG] Context: prompt='<s>[INST] Neonatal Re', decoded='</s></s></s></s></s><'
Warning: Decoded text differs from trimmed prompt
  Trimmed prompt length: 4686, Decoded text length: 4687
[DEBUG] First difference at position 3: prompt='[', decoded=' '
[DEBUG] Context: prompt='<s>[INST] Sauna use, so', decoded='<s> [INST] Sauna use, s'
[WARNING] in lang en, index 1246: No tokens were selected by the answer mask for perplexity calculation, setting perplexity to 1.0.
Warning: Decoded text differs from trimmed prompt
  Trimmed prompt length: 4670, Decoded text length: 4671
[DEBUG] First difference at position 1: prompt='s', decoded='/'
[DEBUG] Context: prompt='<s>[INST] Sauna use, ', decoded='</s></s></s></s><s> ['
[WARNING] in lang en, index 1246: No tokens were selected by the answer mask for perplexity calculation, setting perplexity to 1.0.
Perplexity: Written 1314/85610 entries to perplexity result file (batch 219/14269)
Processing batch 220/14269
Warning: Decoded text differs from trimmed prompt
  Trimmed prompt length: 234, Decoded text length: 249
[DEBUG] First difference at position 1: prompt='s', decoded='/'
[DEBUG] Context: prompt='<s>[INST] Which of th', decoded='</s></s></s></s></s><'
Warning: Decoded text differs from trimmed prompt
  Trimmed prompt length: 235, Decoded text length: 255
[DEBUG] First difference at position 1: prompt='s', decoded='/'
[DEBUG] Context: prompt='<s>[INST] Which of th', decoded='</s></s></s></s></s><'
Warning: Decoded text differs from trimmed prompt
  Trimmed prompt length: 292, Decoded text length: 276
[DEBUG] First difference at position 1: prompt='s', decoded='/'
[DEBUG] Context: prompt='<s>[INST] When branch', decoded='</s></s></s></s></s><'
Warning: Decoded text differs from trimmed prompt
  Trimmed prompt length: 275, Decoded text length: 256
[DEBUG] First difference at position 1: prompt='s', decoded='/'
[DEBUG] Context: prompt='<s>[INST] When branch', decoded='</s></s></s></s></s><'
Warning: Decoded text differs from trimmed prompt
  Trimmed prompt length: 503, Decoded text length: 504
[DEBUG] First difference at position 3: prompt='[', decoded=' '
[DEBUG] Context: prompt='<s>[INST] A certain mol', decoded='<s> [INST] A certain mo'
Warning: Decoded text differs from trimmed prompt
  Trimmed prompt length: 471, Decoded text length: 475
[DEBUG] First difference at position 1: prompt='s', decoded='/'
[DEBUG] Context: prompt='<s>[INST] A certain m', decoded='</s></s><s> [INST] A '
Perplexity: Written 1320/85610 entries to perplexity result file (batch 220/14269)
Processing batch 221/14269
Warning: Decoded text differs from trimmed prompt
  Trimmed prompt length: 567, Decoded text length: 571
[DEBUG] First difference at position 1: prompt='s', decoded='/'
[DEBUG] Context: prompt='<s>[INST] In response', decoded='</s></s><s> [INST] In'
Warning: Decoded text differs from trimmed prompt
  Trimmed prompt length: 564, Decoded text length: 565
[DEBUG] First difference at position 3: prompt='[', decoded=' '
[DEBUG] Context: prompt='<s>[INST] In response t', decoded='<s> [INST] In response '
Warning: Decoded text differs from trimmed prompt
  Trimmed prompt length: 184, Decoded text length: 180
[DEBUG] First difference at position 1: prompt='s', decoded='/'
[DEBUG] Context: prompt='<s>[INST] Endurance t', decoded='</s></s></s></s></s><'
Warning: Decoded text differs from trimmed prompt
  Trimmed prompt length: 188, Decoded text length: 176
[DEBUG] First difference at position 1: prompt='s', decoded='/'
[DEBUG] Context: prompt='<s>[INST] Endurance t', decoded='</s></s></s></s></s><'
Warning: Decoded text differs from trimmed prompt
  Trimmed prompt length: 217, Decoded text length: 204
[DEBUG] First difference at position 1: prompt='s', decoded='/'
[DEBUG] Context: prompt='<s>[INST] Metabolism ', decoded='</s></s></s></s></s><'
Warning: Decoded text differs from trimmed prompt
  Trimmed prompt length: 213, Decoded text length: 216
[DEBUG] First difference at position 1: prompt='s', decoded='/'
[DEBUG] Context: prompt='<s>[INST] Metabolism ', decoded='</s></s></s></s></s><'
Perplexity: Written 1326/85610 entries to perplexity result file (batch 221/14269)
Processing batch 222/14269
Warning: Decoded text differs from trimmed prompt
  Trimmed prompt length: 218, Decoded text length: 196
[DEBUG] First difference at position 1: prompt='s', decoded='/'
[DEBUG] Context: prompt='<s>[INST] The key att', decoded='</s></s></s></s></s><'
[WARNING] in lang en, index 1258: No tokens were selected by the answer mask for perplexity calculation, setting perplexity to 1.0.
Warning: Decoded text differs from trimmed prompt
  Trimmed prompt length: 219, Decoded text length: 189
[DEBUG] First difference at position 1: prompt='s', decoded='/'
[DEBUG] Context: prompt='<s>[INST] The key att', decoded='</s></s></s></s></s><'
[WARNING] in lang en, index 1258: No tokens were selected by the answer mask for perplexity calculation, setting perplexity to 1.0.
Warning: Decoded text differs from trimmed prompt
  Trimmed prompt length: 265, Decoded text length: 266
[DEBUG] First difference at position 3: prompt='[', decoded=' '
[DEBUG] Context: prompt='<s>[INST] In a double s', decoded='<s> [INST] In a double '
[WARNING] in lang en, index 1261: No tokens were selected by the answer mask for perplexity calculation, setting perplexity to 1.0.
Warning: Decoded text differs from trimmed prompt
  Trimmed prompt length: 263, Decoded text length: 262
[DEBUG] First difference at position 1: prompt='s', decoded='/'
[DEBUG] Context: prompt='<s>[INST] In a double', decoded='</s></s></s></s><s> ['
[WARNING] in lang en, index 1261: No tokens were selected by the answer mask for perplexity calculation, setting perplexity to 1.0.
Warning: Decoded text differs from trimmed prompt
  Trimmed prompt length: 270, Decoded text length: 277
[DEBUG] First difference at position 1: prompt='s', decoded='/'
[DEBUG] Context: prompt='<s>[INST] Phophocreat', decoded='</s></s></s></s></s><'
[WARNING] in lang en, index 1264: No tokens were selected by the answer mask for perplexity calculation, setting perplexity to 1.0.
Warning: Decoded text differs from trimmed prompt
  Trimmed prompt length: 275, Decoded text length: 277
[DEBUG] First difference at position 1: prompt='s', decoded='/'
[DEBUG] Context: prompt='<s>[INST] Phophocreat', decoded='</s></s></s></s></s><'
[WARNING] in lang en, index 1264: No tokens were selected by the answer mask for perplexity calculation, setting perplexity to 1.0.
Perplexity: Written 1332/85610 entries to perplexity result file (batch 222/14269)
Processing batch 223/14269
Warning: Decoded text differs from trimmed prompt
  Trimmed prompt length: 195, Decoded text length: 232
[DEBUG] First difference at position 1: prompt='s', decoded='/'
[DEBUG] Context: prompt='<s>[INST] The synthes', decoded='</s></s></s></s></s><'
Warning: Decoded text differs from trimmed prompt
  Trimmed prompt length: 194, Decoded text length: 228
[DEBUG] First difference at position 1: prompt='s', decoded='/'
[DEBUG] Context: prompt='<s>[INST] The synthes', decoded='</s></s></s></s></s><'
Warning: Decoded text differs from trimmed prompt
  Trimmed prompt length: 330, Decoded text length: 288
[DEBUG] First difference at position 1: prompt='s', decoded='/'
[DEBUG] Context: prompt='<s>[INST] After what ', decoded='</s></s></s></s></s><'
Warning: Decoded text differs from trimmed prompt
  Trimmed prompt length: 331, Decoded text length: 288
[DEBUG] First difference at position 1: prompt='s', decoded='/'
[DEBUG] Context: prompt='<s>[INST] After what ', decoded='</s></s></s></s></s><'
Warning: Decoded text differs from trimmed prompt
  Trimmed prompt length: 780, Decoded text length: 781
[DEBUG] First difference at position 3: prompt='[', decoded=' '
[DEBUG] Context: prompt='<s>[INST] Myoclonic epi', decoded='<s> [INST] Myoclonic ep'
[WARNING] in lang en, index 1270: No tokens were selected by the answer mask for perplexity calculation, setting perplexity to 1.0.
Warning: Decoded text differs from trimmed prompt
  Trimmed prompt length: 783, Decoded text length: 784
[DEBUG] First difference at position 3: prompt='[', decoded=' '
[DEBUG] Context: prompt='<s>[INST] Myoclonic epi', decoded='<s> [INST] Myoclonic ep'
[WARNING] in lang en, index 1270: No tokens were selected by the answer mask for perplexity calculation, setting perplexity to 1.0.
Perplexity: Written 1338/85610 entries to perplexity result file (batch 223/14269)
Processing batch 224/14269
Warning: Decoded text differs from trimmed prompt
  Trimmed prompt length: 404, Decoded text length: 379
[DEBUG] First difference at position 1: prompt='s', decoded='/'
[DEBUG] Context: prompt='<s>[INST] Selective A', decoded='</s></s></s></s></s><'
Warning: Decoded text differs from trimmed prompt
  Trimmed prompt length: 404, Decoded text length: 379
[DEBUG] First difference at position 1: prompt='s', decoded='/'
[DEBUG] Context: prompt='<s>[INST] Selective A', decoded='</s></s></s></s></s><'
Warning: Decoded text differs from trimmed prompt
  Trimmed prompt length: 427, Decoded text length: 434
[DEBUG] First difference at position 1: prompt='s', decoded='/'
[DEBUG] Context: prompt='<s>[INST] An action p', decoded='</s></s></s></s></s><'
Warning: Decoded text differs from trimmed prompt
  Trimmed prompt length: 437, Decoded text length: 450
[DEBUG] First difference at position 1: prompt='s', decoded='/'
[DEBUG] Context: prompt='<s>[INST] An action p', decoded='</s></s></s></s></s><'
Warning: Decoded text differs from trimmed prompt
  Trimmed prompt length: 761, Decoded text length: 762
[DEBUG] First difference at position 3: prompt='[', decoded=' '
[DEBUG] Context: prompt='<s>[INST] A scientist, ', decoded='<s> [INST] A scientist,'
[WARNING] in lang en, index 1274: No tokens were selected by the answer mask for perplexity calculation, setting perplexity to 1.0.
Warning: Decoded text differs from trimmed prompt
  Trimmed prompt length: 761, Decoded text length: 765
[DEBUG] First difference at position 1: prompt='s', decoded='/'
[DEBUG] Context: prompt='<s>[INST] A scientist', decoded='</s></s><s> [INST] A '
[WARNING] in lang en, index 1274: No tokens were selected by the answer mask for perplexity calculation, setting perplexity to 1.0.
Perplexity: Written 1344/85610 entries to perplexity result file (batch 224/14269)
Processing batch 225/14269
Warning: Decoded text differs from trimmed prompt
  Trimmed prompt length: 290, Decoded text length: 372
[DEBUG] First difference at position 1: prompt='s', decoded='/'
[DEBUG] Context: prompt='<s>[INST] The β-oxida', decoded='</s></s></s></s></s><'
Warning: Decoded text differs from trimmed prompt
  Trimmed prompt length: 273, Decoded text length: 356
[DEBUG] First difference at position 1: prompt='s', decoded='/'
[DEBUG] Context: prompt='<s>[INST] The β-oxida', decoded='</s></s></s></s></s><'
Warning: Decoded text differs from trimmed prompt
  Trimmed prompt length: 1026, Decoded text length: 1030
[DEBUG] First difference at position 1: prompt='s', decoded='/'
[DEBUG] Context: prompt='<s>[INST] A psycholog', decoded='</s></s><s> [INST] A '
[WARNING] in lang en, index 1278: No tokens were selected by the answer mask for perplexity calculation, setting perplexity to 1.0.
Warning: Decoded text differs from trimmed prompt
  Trimmed prompt length: 1031, Decoded text length: 1032
[DEBUG] First difference at position 3: prompt='[', decoded=' '
[DEBUG] Context: prompt='<s>[INST] A psychologis', decoded='<s> [INST] A psychologi'
[WARNING] in lang en, index 1278: No tokens were selected by the answer mask for perplexity calculation, setting perplexity to 1.0.
Warning: Decoded text differs from trimmed prompt
  Trimmed prompt length: 214, Decoded text length: 208
[DEBUG] First difference at position 1: prompt='s', decoded='/'
[DEBUG] Context: prompt='<s>[INST] A muscle fi', decoded='</s></s></s></s></s><'
Warning: Decoded text differs from trimmed prompt
  Trimmed prompt length: 219, Decoded text length: 216
[DEBUG] First difference at position 1: prompt='s', decoded='/'
[DEBUG] Context: prompt='<s>[INST] A muscle fi', decoded='</s></s></s></s></s><'
Perplexity: Written 1350/85610 entries to perplexity result file (batch 225/14269)
Processing batch 226/14269
Warning: Decoded text differs from trimmed prompt
  Trimmed prompt length: 603, Decoded text length: 604
[DEBUG] First difference at position 3: prompt='[', decoded=' '
[DEBUG] Context: prompt='<s>[INST] The pyruvate ', decoded='<s> [INST] The pyruvate'
Warning: Decoded text differs from trimmed prompt
  Trimmed prompt length: 600, Decoded text length: 604
[DEBUG] First difference at position 1: prompt='s', decoded='/'
[DEBUG] Context: prompt='<s>[INST] The pyruvat', decoded='</s></s><s> [INST] Th'
Warning: Decoded text differs from trimmed prompt
  Trimmed prompt length: 404, Decoded text length: 411
[DEBUG] First difference at position 1: prompt='s', decoded='/'
[DEBUG] Context: prompt='<s>[INST] Our genetic', decoded='</s></s></s></s></s><'
Warning: Decoded text differs from trimmed prompt
  Trimmed prompt length: 399, Decoded text length: 411
[DEBUG] First difference at position 1: prompt='s', decoded='/'
[DEBUG] Context: prompt='<s>[INST] Our genetic', decoded='</s></s></s></s></s><'
Warning: Decoded text differs from trimmed prompt
  Trimmed prompt length: 181, Decoded text length: 192
[DEBUG] First difference at position 1: prompt='s', decoded='/'
[DEBUG] Context: prompt='<s>[INST] What type o', decoded='</s></s></s></s></s><'
Warning: Decoded text differs from trimmed prompt
  Trimmed prompt length: 182, Decoded text length: 192
[DEBUG] First difference at position 1: prompt='s', decoded='/'
[DEBUG] Context: prompt='<s>[INST] What type o', decoded='</s></s></s></s></s><'
Perplexity: Written 1356/85610 entries to perplexity result file (batch 226/14269)
Processing batch 227/14269
Warning: Decoded text differs from trimmed prompt
  Trimmed prompt length: 5419, Decoded text length: 5420
[DEBUG] First difference at position 3: prompt='[', decoded=' '
[DEBUG] Context: prompt='<s>[INST] Sauna use, so', decoded='<s> [INST] Sauna use, s'
[WARNING] in lang en, index 1289: No tokens were selected by the answer mask for perplexity calculation, setting perplexity to 1.0.
Warning: Decoded text differs from trimmed prompt
  Trimmed prompt length: 5381, Decoded text length: 5366
[DEBUG] First difference at position 1: prompt='s', decoded='/'
[DEBUG] Context: prompt='<s>[INST] Sauna use, ', decoded='</s></s></s></s></s><'
[WARNING] in lang en, index 1289: No tokens were selected by the answer mask for perplexity calculation, setting perplexity to 1.0.
Warning: Decoded text differs from trimmed prompt
  Trimmed prompt length: 236, Decoded text length: 224
[DEBUG] First difference at position 1: prompt='s', decoded='/'
[DEBUG] Context: prompt='<s>[INST] Muscle lact', decoded='</s></s></s></s></s><'
Warning: Decoded text differs from trimmed prompt
  Trimmed prompt length: 215, Decoded text length: 192
[DEBUG] First difference at position 1: prompt='s', decoded='/'
[DEBUG] Context: prompt='<s>[INST] Muscle lact', decoded='</s></s></s></s></s><'
Warning: Decoded text differs from trimmed prompt
  Trimmed prompt length: 247, Decoded text length: 280
[DEBUG] First difference at position 1: prompt='s', decoded='/'
[DEBUG] Context: prompt='<s>[INST] Triacylglyc', decoded='</s></s></s></s></s><'
Warning: Decoded text differs from trimmed prompt
  Trimmed prompt length: 247, Decoded text length: 280
[DEBUG] First difference at position 1: prompt='s', decoded='/'
[DEBUG] Context: prompt='<s>[INST] Triacylglyc', decoded='</s></s></s></s></s><'
Perplexity: Written 1362/85610 entries to perplexity result file (batch 227/14269)
Processing batch 228/14269
Warning: Decoded text differs from trimmed prompt
  Trimmed prompt length: 606, Decoded text length: 607
[DEBUG] First difference at position 3: prompt='[', decoded=' '
[DEBUG] Context: prompt='<s>[INST] Noncompetitiv', decoded='<s> [INST] Noncompetiti'
[WARNING] in lang en, index 1292: No tokens were selected by the answer mask for perplexity calculation, setting perplexity to 1.0.
Warning: Decoded text differs from trimmed prompt
  Trimmed prompt length: 571, Decoded text length: 572
[DEBUG] First difference at position 1: prompt='s', decoded='/'
[DEBUG] Context: prompt='<s>[INST] Noncompetit', decoded='</s></s></s></s></s><'
[WARNING] in lang en, index 1292: No tokens were selected by the answer mask for perplexity calculation, setting perplexity to 1.0.
Warning: Decoded text differs from trimmed prompt
  Trimmed prompt length: 273, Decoded text length: 260
[DEBUG] First difference at position 1: prompt='s', decoded='/'
[DEBUG] Context: prompt='<s>[INST] The trigger', decoded='</s></s></s></s></s><'
Warning: Decoded text differs from trimmed prompt
  Trimmed prompt length: 273, Decoded text length: 264
[DEBUG] First difference at position 1: prompt='s', decoded='/'
[DEBUG] Context: prompt='<s>[INST] The trigger', decoded='</s></s></s></s></s><'
Warning: Decoded text differs from trimmed prompt
  Trimmed prompt length: 237, Decoded text length: 244
[DEBUG] First difference at position 1: prompt='s', decoded='/'
[DEBUG] Context: prompt='<s>[INST] The sarcopl', decoded='</s></s></s></s></s><'
Warning: Decoded text differs from trimmed prompt
  Trimmed prompt length: 242, Decoded text length: 248
[DEBUG] First difference at position 1: prompt='s', decoded='/'
[DEBUG] Context: prompt='<s>[INST] The sarcopl', decoded='</s></s></s></s></s><'
Perplexity: Written 1368/85610 entries to perplexity result file (batch 228/14269)
Processing batch 229/14269
Warning: Decoded text differs from trimmed prompt
  Trimmed prompt length: 431, Decoded text length: 437
[DEBUG] First difference at position 1: prompt='s', decoded='/'
[DEBUG] Context: prompt='<s>[INST] Alterations', decoded='</s></s></s></s></s><'
[WARNING] in lang en, index 1297: No tokens were selected by the answer mask for perplexity calculation, setting perplexity to 1.0.
Warning: Decoded text differs from trimmed prompt
  Trimmed prompt length: 441, Decoded text length: 442
[DEBUG] First difference at position 3: prompt='[', decoded=' '
[DEBUG] Context: prompt='<s>[INST] Alterations i', decoded='<s> [INST] Alterations '
[WARNING] in lang en, index 1297: No tokens were selected by the answer mask for perplexity calculation, setting perplexity to 1.0.
Warning: Decoded text differs from trimmed prompt
  Trimmed prompt length: 205, Decoded text length: 200
[DEBUG] First difference at position 1: prompt='s', decoded='/'
[DEBUG] Context: prompt='<s>[INST] Mutations a', decoded='</s></s></s></s></s><'
Warning: Decoded text differs from trimmed prompt
  Trimmed prompt length: 190, Decoded text length: 180
[DEBUG] First difference at position 1: prompt='s', decoded='/'
[DEBUG] Context: prompt='<s>[INST] Mutations a', decoded='</s></s></s></s></s><'
Warning: Decoded text differs from trimmed prompt
  Trimmed prompt length: 205, Decoded text length: 221
[DEBUG] First difference at position 1: prompt='s', decoded='/'
[DEBUG] Context: prompt='<s>[INST] The enzymes', decoded='</s></s></s></s></s><'
Warning: Decoded text differs from trimmed prompt
  Trimmed prompt length: 205, Decoded text length: 221
[DEBUG] First difference at position 1: prompt='s', decoded='/'
[DEBUG] Context: prompt='<s>[INST] The enzymes', decoded='</s></s></s></s></s><'
Perplexity: Written 1374/85610 entries to perplexity result file (batch 229/14269)
Processing batch 230/14269
Warning: Decoded text differs from trimmed prompt
  Trimmed prompt length: 376, Decoded text length: 377
[DEBUG] First difference at position 3: prompt='[', decoded=' '
[DEBUG] Context: prompt='<s>[INST] Which product', decoded='<s> [INST] Which produc'
[WARNING] in lang en, index 1302: No tokens were selected by the answer mask for perplexity calculation, setting perplexity to 1.0.
Warning: Decoded text differs from trimmed prompt
  Trimmed prompt length: 368, Decoded text length: 372
[DEBUG] First difference at position 1: prompt='s', decoded='/'
[DEBUG] Context: prompt='<s>[INST] Which produ', decoded='</s></s><s> [INST] Wh'
[WARNING] in lang en, index 1302: No tokens were selected by the answer mask for perplexity calculation, setting perplexity to 1.0.
Warning: Decoded text differs from trimmed prompt
  Trimmed prompt length: 209, Decoded text length: 232
[DEBUG] First difference at position 1: prompt='s', decoded='/'
[DEBUG] Context: prompt='<s>[INST] The rate li', decoded='</s></s></s></s></s><'
Warning: Decoded text differs from trimmed prompt
  Trimmed prompt length: 203, Decoded text length: 211
[DEBUG] First difference at position 1: prompt='s', decoded='/'
[DEBUG] Context: prompt='<s>[INST] The rate li', decoded='</s></s></s></s></s><'
Warning: Decoded text differs from trimmed prompt
  Trimmed prompt length: 237, Decoded text length: 216
[DEBUG] First difference at position 1: prompt='s', decoded='/'
[DEBUG] Context: prompt='<s>[INST] A fundament', decoded='</s></s></s></s></s><'
Warning: Decoded text differs from trimmed prompt
  Trimmed prompt length: 205, Decoded text length: 176
[DEBUG] First difference at position 1: prompt='s', decoded='/'
[DEBUG] Context: prompt='<s>[INST] A fundament', decoded='</s></s></s></s></s><'
[WARNING] in lang en, index 1304: No tokens were selected by the answer mask for perplexity calculation, setting perplexity to 1.0.
Perplexity: Written 1380/85610 entries to perplexity result file (batch 230/14269)
Processing batch 231/14269
Warning: Decoded text differs from trimmed prompt
  Trimmed prompt length: 305, Decoded text length: 284
[DEBUG] First difference at position 1: prompt='s', decoded='/'
[DEBUG] Context: prompt='<s>[INST] The rate of', decoded='</s></s></s></s></s><'
Warning: Decoded text differs from trimmed prompt
  Trimmed prompt length: 293, Decoded text length: 284
[DEBUG] First difference at position 1: prompt='s', decoded='/'
[DEBUG] Context: prompt='<s>[INST] The rate of', decoded='</s></s></s></s></s><'
Warning: Decoded text differs from trimmed prompt
  Trimmed prompt length: 290, Decoded text length: 284
[DEBUG] First difference at position 1: prompt='s', decoded='/'
[DEBUG] Context: prompt='<s>[INST] Type I musc', decoded='</s></s></s></s></s><'
Warning: Decoded text differs from trimmed prompt
  Trimmed prompt length: 293, Decoded text length: 291
[DEBUG] First difference at position 1: prompt='s', decoded='/'
[DEBUG] Context: prompt='<s>[INST] Type I musc', decoded='</s></s></s></s></s><'
Warning: Decoded text differs from trimmed prompt
  Trimmed prompt length: 619, Decoded text length: 620
[DEBUG] First difference at position 1: prompt='s', decoded='/'
[DEBUG] Context: prompt='<s>[INST] Assuming th', decoded='</s><s> [INST] Assumi'
Warning: Decoded text differs from trimmed prompt
  Trimmed prompt length: 629, Decoded text length: 630
[DEBUG] First difference at position 3: prompt='[', decoded=' '
[DEBUG] Context: prompt='<s>[INST] Assuming the ', decoded='<s> [INST] Assuming the'
Perplexity: Written 1386/85610 entries to perplexity result file (batch 231/14269)
Processing batch 232/14269
Warning: Decoded text differs from trimmed prompt
  Trimmed prompt length: 383, Decoded text length: 391
[DEBUG] First difference at position 1: prompt='s', decoded='/'
[DEBUG] Context: prompt='<s>[INST] Sodium bica', decoded='</s></s></s></s></s><'
Warning: Decoded text differs from trimmed prompt
  Trimmed prompt length: 382, Decoded text length: 387
[DEBUG] First difference at position 1: prompt='s', decoded='/'
[DEBUG] Context: prompt='<s>[INST] Sodium bica', decoded='</s></s></s></s></s><'
Warning: Decoded text differs from trimmed prompt
  Trimmed prompt length: 475, Decoded text length: 471
[DEBUG] First difference at position 1: prompt='s', decoded='/'
[DEBUG] Context: prompt='<s>[INST] An individu', decoded='</s></s></s><s> [INST'
[WARNING] in lang en, index 1310: No tokens were selected by the answer mask for perplexity calculation, setting perplexity to 1.0.
Warning: Decoded text differs from trimmed prompt
  Trimmed prompt length: 476, Decoded text length: 477
[DEBUG] First difference at position 3: prompt='[', decoded=' '
[DEBUG] Context: prompt='<s>[INST] An individual', decoded='<s> [INST] An individua'
[WARNING] in lang en, index 1310: No tokens were selected by the answer mask for perplexity calculation, setting perplexity to 1.0.
Warning: Decoded text differs from trimmed prompt
  Trimmed prompt length: 320, Decoded text length: 328
[DEBUG] First difference at position 1: prompt='s', decoded='/'
[DEBUG] Context: prompt='<s>[INST] Which of th', decoded='</s></s></s></s></s><'
Warning: Decoded text differs from trimmed prompt
  Trimmed prompt length: 318, Decoded text length: 326
[DEBUG] First difference at position 1: prompt='s', decoded='/'
[DEBUG] Context: prompt='<s>[INST] Which of th', decoded='</s></s></s></s></s><'
Perplexity: Written 1392/85610 entries to perplexity result file (batch 232/14269)
Processing batch 233/14269
Warning: Decoded text differs from trimmed prompt
  Trimmed prompt length: 608, Decoded text length: 609
[DEBUG] First difference at position 1: prompt='s', decoded='/'
[DEBUG] Context: prompt='<s>[INST] A team of e', decoded='</s><s> [INST] A team'
[WARNING] in lang en, index 1312: No tokens were selected by the answer mask for perplexity calculation, setting perplexity to 1.0.
Warning: Decoded text differs from trimmed prompt
  Trimmed prompt length: 615, Decoded text length: 616
[DEBUG] First difference at position 3: prompt='[', decoded=' '
[DEBUG] Context: prompt='<s>[INST] A team of eng', decoded='<s> [INST] A team of en'
[WARNING] in lang en, index 1312: No tokens were selected by the answer mask for perplexity calculation, setting perplexity to 1.0.
Warning: Decoded text differs from trimmed prompt
  Trimmed prompt length: 587, Decoded text length: 591
[DEBUG] First difference at position 1: prompt='s', decoded='/'
[DEBUG] Context: prompt='<s>[INST] New York Ci', decoded='</s></s></s></s></s><'
[WARNING] in lang en, index 1313: No tokens were selected by the answer mask for perplexity calculation, setting perplexity to 1.0.
Warning: Decoded text differs from trimmed prompt
  Trimmed prompt length: 591, Decoded text length: 591
[DEBUG] First difference at position 1: prompt='s', decoded='/'
[DEBUG] Context: prompt='<s>[INST] New York Ci', decoded='</s></s></s></s></s><'
[WARNING] in lang en, index 1313: No tokens were selected by the answer mask for perplexity calculation, setting perplexity to 1.0.
Warning: Decoded text differs from trimmed prompt
  Trimmed prompt length: 321, Decoded text length: 364
[DEBUG] First difference at position 1: prompt='s', decoded='/'
[DEBUG] Context: prompt='<s>[INST] Prosthetic ', decoded='</s></s></s></s></s><'
Warning: Decoded text differs from trimmed prompt
  Trimmed prompt length: 296, Decoded text length: 349
[DEBUG] First difference at position 1: prompt='s', decoded='/'
[DEBUG] Context: prompt='<s>[INST] Prosthetic ', decoded='</s></s></s></s></s><'
Perplexity: Written 1398/85610 entries to perplexity result file (batch 233/14269)
Processing batch 234/14269
Warning: Decoded text differs from trimmed prompt
  Trimmed prompt length: 182, Decoded text length: 178
[DEBUG] First difference at position 1: prompt='s', decoded='/'
[DEBUG] Context: prompt='<s>[INST] Codons are ', decoded='</s></s></s></s></s><'
Warning: Decoded text differs from trimmed prompt
  Trimmed prompt length: 184, Decoded text length: 180
[DEBUG] First difference at position 1: prompt='s', decoded='/'
[DEBUG] Context: prompt='<s>[INST] Codons are ', decoded='</s></s></s></s></s><'
Warning: Decoded text differs from trimmed prompt
  Trimmed prompt length: 270, Decoded text length: 268
[DEBUG] First difference at position 1: prompt='s', decoded='/'
[DEBUG] Context: prompt='<s>[INST] The most ra', decoded='</s></s></s></s></s><'
[WARNING] in lang en, index 1320: No tokens were selected by the answer mask for perplexity calculation, setting perplexity to 1.0.
Warning: Decoded text differs from trimmed prompt
  Trimmed prompt length: 284, Decoded text length: 295
[DEBUG] First difference at position 1: prompt='s', decoded='/'
[DEBUG] Context: prompt='<s>[INST] The most ra', decoded='</s></s></s></s></s><'
Warning: Decoded text differs from trimmed prompt
  Trimmed prompt length: 330, Decoded text length: 333
[DEBUG] First difference at position 1: prompt='s', decoded='/'
[DEBUG] Context: prompt='<s>[INST] Which of th', decoded='</s></s></s></s></s><'
[WARNING] in lang en, index 1322: No tokens were selected by the answer mask for perplexity calculation, setting perplexity to 1.0.
Warning: Decoded text differs from trimmed prompt
  Trimmed prompt length: 347, Decoded text length: 348
[DEBUG] First difference at position 3: prompt='[', decoded=' '
[DEBUG] Context: prompt='<s>[INST] Which of the ', decoded='<s> [INST] Which of the'
[WARNING] in lang en, index 1322: No tokens were selected by the answer mask for perplexity calculation, setting perplexity to 1.0.
Perplexity: Written 1404/85610 entries to perplexity result file (batch 234/14269)
Processing batch 235/14269
Warning: Decoded text differs from trimmed prompt
  Trimmed prompt length: 524, Decoded text length: 512
[DEBUG] First difference at position 1: prompt='s', decoded='/'
[DEBUG] Context: prompt='<s>[INST] As a result', decoded='</s></s></s></s></s><'
[WARNING] in lang en, index 1323: No tokens were selected by the answer mask for perplexity calculation, setting perplexity to 1.0.
Warning: Decoded text differs from trimmed prompt
  Trimmed prompt length: 524, Decoded text length: 512
[DEBUG] First difference at position 1: prompt='s', decoded='/'
[DEBUG] Context: prompt='<s>[INST] As a result', decoded='</s></s></s></s></s><'
[WARNING] in lang en, index 1323: No tokens were selected by the answer mask for perplexity calculation, setting perplexity to 1.0.
Warning: Decoded text differs from trimmed prompt
  Trimmed prompt length: 241, Decoded text length: 264
[DEBUG] First difference at position 1: prompt='s', decoded='/'
[DEBUG] Context: prompt='<s>[INST] Glycogen br', decoded='</s></s></s></s></s><'
Warning: Decoded text differs from trimmed prompt
  Trimmed prompt length: 241, Decoded text length: 264
[DEBUG] First difference at position 1: prompt='s', decoded='/'
[DEBUG] Context: prompt='<s>[INST] Glycogen br', decoded='</s></s></s></s></s><'
Warning: Decoded text differs from trimmed prompt
  Trimmed prompt length: 541, Decoded text length: 548
[DEBUG] First difference at position 1: prompt='s', decoded='/'
[DEBUG] Context: prompt='<s>[INST] In an SDS-P', decoded='</s></s></s></s></s><'
Warning: Decoded text differs from trimmed prompt
  Trimmed prompt length: 567, Decoded text length: 568
[DEBUG] First difference at position 3: prompt='[', decoded=' '
[DEBUG] Context: prompt='<s>[INST] In an SDS-PAG', decoded='<s> [INST] In an SDS-PA'
Perplexity: Written 1410/85610 entries to perplexity result file (batch 235/14269)
Processing batch 236/14269
Warning: Decoded text differs from trimmed prompt
  Trimmed prompt length: 358, Decoded text length: 345
[DEBUG] First difference at position 1: prompt='s', decoded='/'
[DEBUG] Context: prompt='<s>[INST] For very hi', decoded='</s></s></s></s></s><'
Warning: Decoded text differs from trimmed prompt
  Trimmed prompt length: 358, Decoded text length: 345
[DEBUG] First difference at position 1: prompt='s', decoded='/'
[DEBUG] Context: prompt='<s>[INST] For very hi', decoded='</s></s></s></s></s><'
Warning: Decoded text differs from trimmed prompt
  Trimmed prompt length: 316, Decoded text length: 305
[DEBUG] First difference at position 1: prompt='s', decoded='/'
[DEBUG] Context: prompt='<s>[INST] The lining ', decoded='</s></s></s></s></s><'
[WARNING] in lang en, index 1329: No tokens were selected by the answer mask for perplexity calculation, setting perplexity to 1.0.
Warning: Decoded text differs from trimmed prompt
  Trimmed prompt length: 317, Decoded text length: 305
[DEBUG] First difference at position 1: prompt='s', decoded='/'
[DEBUG] Context: prompt='<s>[INST] The lining ', decoded='</s></s></s></s></s><'
[WARNING] in lang en, index 1329: No tokens were selected by the answer mask for perplexity calculation, setting perplexity to 1.0.
Warning: Decoded text differs from trimmed prompt
  Trimmed prompt length: 475, Decoded text length: 476
[DEBUG] First difference at position 3: prompt='[', decoded=' '
[DEBUG] Context: prompt='<s>[INST] A transmembra', decoded='<s> [INST] A transmembr'
[WARNING] in lang en, index 1330: No tokens were selected by the answer mask for perplexity calculation, setting perplexity to 1.0.
Warning: Decoded text differs from trimmed prompt
  Trimmed prompt length: 472, Decoded text length: 473
[DEBUG] First difference at position 3: prompt='[', decoded=' '
[DEBUG] Context: prompt='<s>[INST] A transmembra', decoded='<s> [INST] A transmembr'
[WARNING] in lang en, index 1330: No tokens were selected by the answer mask for perplexity calculation, setting perplexity to 1.0.
Perplexity: Written 1416/85610 entries to perplexity result file (batch 236/14269)
Processing batch 237/14269
Warning: Decoded text differs from trimmed prompt
  Trimmed prompt length: 196, Decoded text length: 208
[DEBUG] First difference at position 1: prompt='s', decoded='/'
[DEBUG] Context: prompt='<s>[INST] Which of th', decoded='</s></s></s></s></s><'
Warning: Decoded text differs from trimmed prompt
  Trimmed prompt length: 196, Decoded text length: 208
[DEBUG] First difference at position 1: prompt='s', decoded='/'
[DEBUG] Context: prompt='<s>[INST] Which of th', decoded='</s></s></s></s></s><'
Warning: Decoded text differs from trimmed prompt
  Trimmed prompt length: 604, Decoded text length: 605
[DEBUG] First difference at position 3: prompt='[', decoded=' '
[DEBUG] Context: prompt='<s>[INST] Fast-twitch f', decoded='<s> [INST] Fast-twitch '
Warning: Decoded text differs from trimmed prompt
  Trimmed prompt length: 604, Decoded text length: 605
[DEBUG] First difference at position 3: prompt='[', decoded=' '
[DEBUG] Context: prompt='<s>[INST] Fast-twitch f', decoded='<s> [INST] Fast-twitch '
Warning: Decoded text differs from trimmed prompt
  Trimmed prompt length: 333, Decoded text length: 336
[DEBUG] First difference at position 1: prompt='s', decoded='/'
[DEBUG] Context: prompt='<s>[INST] The convers', decoded='</s></s></s></s></s><'
Warning: Decoded text differs from trimmed prompt
  Trimmed prompt length: 335, Decoded text length: 336
[DEBUG] First difference at position 1: prompt='s', decoded='/'
[DEBUG] Context: prompt='<s>[INST] The convers', decoded='</s></s></s></s></s><'
Perplexity: Written 1422/85610 entries to perplexity result file (batch 237/14269)
Processing batch 238/14269
Warning: Decoded text differs from trimmed prompt
  Trimmed prompt length: 401, Decoded text length: 372
[DEBUG] First difference at position 1: prompt='s', decoded='/'
[DEBUG] Context: prompt='<s>[INST] Lactate and', decoded='</s></s></s></s></s><'
Warning: Decoded text differs from trimmed prompt
  Trimmed prompt length: 386, Decoded text length: 356
[DEBUG] First difference at position 1: prompt='s', decoded='/'
[DEBUG] Context: prompt='<s>[INST] Lactate and', decoded='</s></s></s></s></s><'
Warning: Decoded text differs from trimmed prompt
  Trimmed prompt length: 978, Decoded text length: 979
[DEBUG] First difference at position 3: prompt='[', decoded=' '
[DEBUG] Context: prompt='<s>[INST] A study exami', decoded='<s> [INST] A study exam'
[WARNING] in lang en, index 1337: No tokens were selected by the answer mask for perplexity calculation, setting perplexity to 1.0.
Warning: Decoded text differs from trimmed prompt
  Trimmed prompt length: 970, Decoded text length: 974
[DEBUG] First difference at position 1: prompt='s', decoded='/'
[DEBUG] Context: prompt='<s>[INST] A study exa', decoded='</s></s><s> [INST] A '
[WARNING] in lang en, index 1337: No tokens were selected by the answer mask for perplexity calculation, setting perplexity to 1.0.
Warning: Decoded text differs from trimmed prompt
  Trimmed prompt length: 561, Decoded text length: 535
[DEBUG] First difference at position 1: prompt='s', decoded='/'
[DEBUG] Context: prompt='<s>[INST] A patient c', decoded='</s></s></s></s></s><'
[WARNING] in lang en, index 1338: No tokens were selected by the answer mask for perplexity calculation, setting perplexity to 1.0.
Warning: Decoded text differs from trimmed prompt
  Trimmed prompt length: 561, Decoded text length: 535
[DEBUG] First difference at position 1: prompt='s', decoded='/'
[DEBUG] Context: prompt='<s>[INST] A patient c', decoded='</s></s></s></s></s><'
[WARNING] in lang en, index 1338: No tokens were selected by the answer mask for perplexity calculation, setting perplexity to 1.0.
Perplexity: Written 1428/85610 entries to perplexity result file (batch 238/14269)
Processing batch 239/14269
Warning: Decoded text differs from trimmed prompt
  Trimmed prompt length: 432, Decoded text length: 433
[DEBUG] First difference at position 3: prompt='[', decoded=' '
[DEBUG] Context: prompt='<s>[INST] Kinase reacti', decoded='<s> [INST] Kinase react'
Warning: Decoded text differs from trimmed prompt
  Trimmed prompt length: 429, Decoded text length: 430
[DEBUG] First difference at position 3: prompt='[', decoded=' '
[DEBUG] Context: prompt='<s>[INST] Kinase reacti', decoded='<s> [INST] Kinase react'
Warning: Decoded text differs from trimmed prompt
  Trimmed prompt length: 291, Decoded text length: 292
[DEBUG] First difference at position 1: prompt='s', decoded='/'
[DEBUG] Context: prompt='<s>[INST] The main fa', decoded='</s></s></s></s></s><'
Warning: Decoded text differs from trimmed prompt
  Trimmed prompt length: 285, Decoded text length: 257
[DEBUG] First difference at position 1: prompt='s', decoded='/'
[DEBUG] Context: prompt='<s>[INST] The main fa', decoded='</s></s></s></s></s><'
[WARNING] in lang en, index 1341: No tokens were selected by the answer mask for perplexity calculation, setting perplexity to 1.0.
Warning: Decoded text differs from trimmed prompt
  Trimmed prompt length: 213, Decoded text length: 200
[DEBUG] First difference at position 1: prompt='s', decoded='/'
[DEBUG] Context: prompt='<s>[INST] The ATP sto', decoded='</s></s></s></s></s><'
Warning: Decoded text differs from trimmed prompt
  Trimmed prompt length: 214, Decoded text length: 204
[DEBUG] First difference at position 1: prompt='s', decoded='/'
[DEBUG] Context: prompt='<s>[INST] The ATP sto', decoded='</s></s></s></s></s><'
Perplexity: Written 1434/85610 entries to perplexity result file (batch 239/14269)
Processing batch 240/14269
Warning: Decoded text differs from trimmed prompt
  Trimmed prompt length: 188, Decoded text length: 196
[DEBUG] First difference at position 1: prompt='s', decoded='/'
[DEBUG] Context: prompt='<s>[INST] Creatine is', decoded='</s></s></s></s></s><'
Warning: Decoded text differs from trimmed prompt
  Trimmed prompt length: 190, Decoded text length: 200
[DEBUG] First difference at position 1: prompt='s', decoded='/'
[DEBUG] Context: prompt='<s>[INST] Creatine is', decoded='</s></s></s></s></s><'
Warning: Decoded text differs from trimmed prompt
  Trimmed prompt length: 521, Decoded text length: 525
[DEBUG] First difference at position 1: prompt='s', decoded='/'
[DEBUG] Context: prompt='<s>[INST] The hypotha', decoded='</s></s><s> [INST] Th'
Warning: Decoded text differs from trimmed prompt
  Trimmed prompt length: 519, Decoded text length: 520
[DEBUG] First difference at position 3: prompt='[', decoded=' '
[DEBUG] Context: prompt='<s>[INST] The hypothala', decoded='<s> [INST] The hypothal'
Warning: Decoded text differs from trimmed prompt
  Trimmed prompt length: 450, Decoded text length: 450
[DEBUG] First difference at position 1: prompt='s', decoded='/'
[DEBUG] Context: prompt='<s>[INST] How can sev', decoded='</s></s></s></s></s><'
Warning: Decoded text differs from trimmed prompt
  Trimmed prompt length: 395, Decoded text length: 386
[DEBUG] First difference at position 1: prompt='s', decoded='/'
[DEBUG] Context: prompt='<s>[INST] How can sev', decoded='</s></s></s></s></s><'
Perplexity: Written 1440/85610 entries to perplexity result file (batch 240/14269)
Processing batch 241/14269
Warning: Decoded text differs from trimmed prompt
  Trimmed prompt length: 246, Decoded text length: 257
[DEBUG] First difference at position 1: prompt='s', decoded='/'
[DEBUG] Context: prompt='<s>[INST] Phosphocrea', decoded='</s></s></s></s></s><'
Warning: Decoded text differs from trimmed prompt
  Trimmed prompt length: 249, Decoded text length: 257
[DEBUG] First difference at position 1: prompt='s', decoded='/'
[DEBUG] Context: prompt='<s>[INST] Phosphocrea', decoded='</s></s></s></s></s><'
Warning: Decoded text differs from trimmed prompt
  Trimmed prompt length: 591, Decoded text length: 592
[DEBUG] First difference at position 1: prompt='s', decoded='/'
[DEBUG] Context: prompt='<s>[INST] A scientist', decoded='</s><s> [INST] A scie'
[WARNING] in lang en, index 1351: No tokens were selected by the answer mask for perplexity calculation, setting perplexity to 1.0.
Warning: Decoded text differs from trimmed prompt
  Trimmed prompt length: 591, Decoded text length: 592
[DEBUG] First difference at position 3: prompt='[', decoded=' '
[DEBUG] Context: prompt='<s>[INST] A scientist u', decoded='<s> [INST] A scientist '
[WARNING] in lang en, index 1351: No tokens were selected by the answer mask for perplexity calculation, setting perplexity to 1.0.
Warning: Decoded text differs from trimmed prompt
  Trimmed prompt length: 189, Decoded text length: 176
[DEBUG] First difference at position 1: prompt='s', decoded='/'
[DEBUG] Context: prompt='<s>[INST] The coding ', decoded='</s></s></s></s></s><'
[WARNING] in lang en, index 1352: No tokens were selected by the answer mask for perplexity calculation, setting perplexity to 1.0.
Warning: Decoded text differs from trimmed prompt
  Trimmed prompt length: 191, Decoded text length: 176
[DEBUG] First difference at position 1: prompt='s', decoded='/'
[DEBUG] Context: prompt='<s>[INST] The coding ', decoded='</s></s></s></s></s><'
[WARNING] in lang en, index 1352: No tokens were selected by the answer mask for perplexity calculation, setting perplexity to 1.0.
Perplexity: Written 1446/85610 entries to perplexity result file (batch 241/14269)
Processing batch 242/14269
Warning: Decoded text differs from trimmed prompt
  Trimmed prompt length: 564, Decoded text length: 556
[DEBUG] First difference at position 1: prompt='s', decoded='/'
[DEBUG] Context: prompt='<s>[INST] Each of the', decoded='</s></s></s></s></s><'
[WARNING] in lang en, index 1353: No tokens were selected by the answer mask for perplexity calculation, setting perplexity to 1.0.
Warning: Decoded text differs from trimmed prompt
  Trimmed prompt length: 566, Decoded text length: 556
[DEBUG] First difference at position 1: prompt='s', decoded='/'
[DEBUG] Context: prompt='<s>[INST] Each of the', decoded='</s></s></s></s></s><'
[WARNING] in lang en, index 1353: No tokens were selected by the answer mask for perplexity calculation, setting perplexity to 1.0.
Warning: Decoded text differs from trimmed prompt
  Trimmed prompt length: 482, Decoded text length: 440
[DEBUG] First difference at position 1: prompt='s', decoded='/'
[DEBUG] Context: prompt='<s>[INST] One of the ', decoded='</s></s></s></s></s><'
[WARNING] in lang en, index 1354: No tokens were selected by the answer mask for perplexity calculation, setting perplexity to 1.0.
Warning: Decoded text differs from trimmed prompt
  Trimmed prompt length: 495, Decoded text length: 470
[DEBUG] First difference at position 1: prompt='s', decoded='/'
[DEBUG] Context: prompt='<s>[INST] One of the ', decoded='</s></s></s></s></s><'
[WARNING] in lang en, index 1354: No tokens were selected by the answer mask for perplexity calculation, setting perplexity to 1.0.
Warning: Decoded text differs from trimmed prompt
  Trimmed prompt length: 604, Decoded text length: 605
[DEBUG] First difference at position 1: prompt='s', decoded='/'
[DEBUG] Context: prompt='<s>[INST] Anaerobic m', decoded='</s><s> [INST] Anaero'
Warning: Decoded text differs from trimmed prompt
  Trimmed prompt length: 613, Decoded text length: 614
[DEBUG] First difference at position 3: prompt='[', decoded=' '
[DEBUG] Context: prompt='<s>[INST] Anaerobic met', decoded='<s> [INST] Anaerobic me'
Perplexity: Written 1452/85610 entries to perplexity result file (batch 242/14269)
Processing batch 243/14269
Warning: Decoded text differs from trimmed prompt
  Trimmed prompt length: 303, Decoded text length: 279
[DEBUG] First difference at position 1: prompt='s', decoded='/'
[DEBUG] Context: prompt='<s>[INST] With an inc', decoded='</s></s></s></s></s><'
Warning: Decoded text differs from trimmed prompt
  Trimmed prompt length: 296, Decoded text length: 270
[DEBUG] First difference at position 1: prompt='s', decoded='/'
[DEBUG] Context: prompt='<s>[INST] With an inc', decoded='</s></s></s></s></s><'
Warning: Decoded text differs from trimmed prompt
  Trimmed prompt length: 405, Decoded text length: 406
[DEBUG] First difference at position 1: prompt='s', decoded='/'
[DEBUG] Context: prompt='<s>[INST] The energy ', decoded='</s><s> [INST] The en'
[WARNING] in lang en, index 1362: No tokens were selected by the answer mask for perplexity calculation, setting perplexity to 1.0.
Warning: Decoded text differs from trimmed prompt
  Trimmed prompt length: 406, Decoded text length: 407
[DEBUG] First difference at position 3: prompt='[', decoded=' '
[DEBUG] Context: prompt='<s>[INST] The energy re', decoded='<s> [INST] The energy r'
[WARNING] in lang en, index 1362: No tokens were selected by the answer mask for perplexity calculation, setting perplexity to 1.0.
Warning: Decoded text differs from trimmed prompt
  Trimmed prompt length: 251, Decoded text length: 236
[DEBUG] First difference at position 1: prompt='s', decoded='/'
[DEBUG] Context: prompt='<s>[INST] The sex of ', decoded='</s></s></s></s></s><'
Warning: Decoded text differs from trimmed prompt
  Trimmed prompt length: 257, Decoded text length: 236
[DEBUG] First difference at position 1: prompt='s', decoded='/'
[DEBUG] Context: prompt='<s>[INST] The sex of ', decoded='</s></s></s></s></s><'
Perplexity: Written 1458/85610 entries to perplexity result file (batch 243/14269)
Processing batch 244/14269
Warning: Decoded text differs from trimmed prompt
  Trimmed prompt length: 472, Decoded text length: 473
[DEBUG] First difference at position 3: prompt='[', decoded=' '
[DEBUG] Context: prompt='<s>[INST] During DNA re', decoded='<s> [INST] During DNA r'
[WARNING] in lang en, index 1365: No tokens were selected by the answer mask for perplexity calculation, setting perplexity to 1.0.
Warning: Decoded text differs from trimmed prompt
  Trimmed prompt length: 474, Decoded text length: 475
[DEBUG] First difference at position 3: prompt='[', decoded=' '
[DEBUG] Context: prompt='<s>[INST] During DNA re', decoded='<s> [INST] During DNA r'
[WARNING] in lang en, index 1365: No tokens were selected by the answer mask for perplexity calculation, setting perplexity to 1.0.
Warning: Decoded text differs from trimmed prompt
  Trimmed prompt length: 357, Decoded text length: 379
[DEBUG] First difference at position 1: prompt='s', decoded='/'
[DEBUG] Context: prompt='<s>[INST] The quantum', decoded='</s></s></s></s></s><'
Warning: Decoded text differs from trimmed prompt
  Trimmed prompt length: 357, Decoded text length: 379
[DEBUG] First difference at position 1: prompt='s', decoded='/'
[DEBUG] Context: prompt='<s>[INST] The quantum', decoded='</s></s></s></s></s><'
Warning: Decoded text differs from trimmed prompt
  Trimmed prompt length: 439, Decoded text length: 415
[DEBUG] First difference at position 1: prompt='s', decoded='/'
[DEBUG] Context: prompt='<s>[INST] Which of th', decoded='</s></s></s></s></s><'
[WARNING] in lang en, index 1371: No tokens were selected by the answer mask for perplexity calculation, setting perplexity to 1.0.
Warning: Decoded text differs from trimmed prompt
  Trimmed prompt length: 435, Decoded text length: 401
[DEBUG] First difference at position 1: prompt='s', decoded='/'
[DEBUG] Context: prompt='<s>[INST] Which of th', decoded='</s></s></s></s></s><'
[WARNING] in lang en, index 1371: No tokens were selected by the answer mask for perplexity calculation, setting perplexity to 1.0.
Perplexity: Written 1464/85610 entries to perplexity result file (batch 244/14269)
Processing batch 245/14269
Warning: Decoded text differs from trimmed prompt
  Trimmed prompt length: 306, Decoded text length: 314
[DEBUG] First difference at position 1: prompt='s', decoded='/'
[DEBUG] Context: prompt='<s>[INST] The best ty', decoded='</s></s></s></s></s><'
[WARNING] in lang en, index 1372: No tokens were selected by the answer mask for perplexity calculation, setting perplexity to 1.0.
Warning: Decoded text differs from trimmed prompt
  Trimmed prompt length: 314, Decoded text length: 328
[DEBUG] First difference at position 1: prompt='s', decoded='/'
[DEBUG] Context: prompt='<s>[INST] The best ty', decoded='</s></s></s></s></s><'
[WARNING] in lang en, index 1372: No tokens were selected by the answer mask for perplexity calculation, setting perplexity to 1.0.
Warning: Decoded text differs from trimmed prompt
  Trimmed prompt length: 339, Decoded text length: 331
[DEBUG] First difference at position 1: prompt='s', decoded='/'
[DEBUG] Context: prompt='<s>[INST] De Broglie ', decoded='</s></s></s></s></s><'
[WARNING] in lang en, index 1377: No tokens were selected by the answer mask for perplexity calculation, setting perplexity to 1.0.
Warning: Decoded text differs from trimmed prompt
  Trimmed prompt length: 342, Decoded text length: 332
[DEBUG] First difference at position 1: prompt='s', decoded='/'
[DEBUG] Context: prompt='<s>[INST] De Broglie ', decoded='</s></s></s></s></s><'
[WARNING] in lang en, index 1377: No tokens were selected by the answer mask for perplexity calculation, setting perplexity to 1.0.
Warning: Decoded text differs from trimmed prompt
  Trimmed prompt length: 426, Decoded text length: 427
[DEBUG] First difference at position 3: prompt='[', decoded=' '
[DEBUG] Context: prompt='<s>[INST] In the diamon', decoded='<s> [INST] In the diamo'
Warning: Decoded text differs from trimmed prompt
  Trimmed prompt length: 421, Decoded text length: 415
[DEBUG] First difference at position 1: prompt='s', decoded='/'
[DEBUG] Context: prompt='<s>[INST] In the diam', decoded='</s></s></s></s><s> ['
Perplexity: Written 1470/85610 entries to perplexity result file (batch 245/14269)
Processing batch 246/14269
Warning: Decoded text differs from trimmed prompt
  Trimmed prompt length: 240, Decoded text length: 224
[DEBUG] First difference at position 1: prompt='s', decoded='/'
[DEBUG] Context: prompt='<s>[INST] The sign of', decoded='</s></s></s></s></s><'
Warning: Decoded text differs from trimmed prompt
  Trimmed prompt length: 237, Decoded text length: 220
[DEBUG] First difference at position 1: prompt='s', decoded='/'
[DEBUG] Context: prompt='<s>[INST] The sign of', decoded='</s></s></s></s></s><'
[WARNING] in lang en, index 1381: No tokens were selected by the answer mask for perplexity calculation, setting perplexity to 1.0.
Warning: Decoded text differs from trimmed prompt
  Trimmed prompt length: 608, Decoded text length: 609
[DEBUG] First difference at position 3: prompt='[', decoded=' '
[DEBUG] Context: prompt='<s>[INST] The primary s', decoded='<s> [INST] The primary '
[WARNING] in lang en, index 1382: No tokens were selected by the answer mask for perplexity calculation, setting perplexity to 1.0.
Warning: Decoded text differs from trimmed prompt
  Trimmed prompt length: 608, Decoded text length: 609
[DEBUG] First difference at position 3: prompt='[', decoded=' '
[DEBUG] Context: prompt='<s>[INST] The primary s', decoded='<s> [INST] The primary '
[WARNING] in lang en, index 1382: No tokens were selected by the answer mask for perplexity calculation, setting perplexity to 1.0.
Warning: Decoded text differs from trimmed prompt
  Trimmed prompt length: 455, Decoded text length: 429
[DEBUG] First difference at position 1: prompt='s', decoded='/'
[DEBUG] Context: prompt='<s>[INST] Excited sta', decoded='</s></s></s></s></s><'
[WARNING] in lang en, index 1385: No tokens were selected by the answer mask for perplexity calculation, setting perplexity to 1.0.
Warning: Decoded text differs from trimmed prompt
  Trimmed prompt length: 452, Decoded text length: 429
[DEBUG] First difference at position 1: prompt='s', decoded='/'
[DEBUG] Context: prompt='<s>[INST] Excited sta', decoded='</s></s></s></s></s><'
[WARNING] in lang en, index 1385: No tokens were selected by the answer mask for perplexity calculation, setting perplexity to 1.0.
Perplexity: Written 1476/85610 entries to perplexity result file (batch 246/14269)
Processing batch 247/14269
Warning: Decoded text differs from trimmed prompt
  Trimmed prompt length: 448, Decoded text length: 449
[DEBUG] First difference at position 3: prompt='[', decoded=' '
[DEBUG] Context: prompt='<s>[INST] Characteristi', decoded='<s> [INST] Characterist'
Warning: Decoded text differs from trimmed prompt
  Trimmed prompt length: 422, Decoded text length: 425
[DEBUG] First difference at position 1: prompt='s', decoded='/'
[DEBUG] Context: prompt='<s>[INST] Characteris', decoded='</s></s></s></s><s> ['
[WARNING] in lang en, index 1389: No tokens were selected by the answer mask for perplexity calculation, setting perplexity to 1.0.
Warning: Decoded text differs from trimmed prompt
  Trimmed prompt length: 358, Decoded text length: 339
[DEBUG] First difference at position 1: prompt='s', decoded='/'
[DEBUG] Context: prompt='<s>[INST] The sign of', decoded='</s></s></s></s></s><'
[WARNING] in lang en, index 1393: No tokens were selected by the answer mask for perplexity calculation, setting perplexity to 1.0.
Warning: Decoded text differs from trimmed prompt
  Trimmed prompt length: 364, Decoded text length: 349
[DEBUG] First difference at position 1: prompt='s', decoded='/'
[DEBUG] Context: prompt='<s>[INST] The sign of', decoded='</s></s></s></s></s><'
[WARNING] in lang en, index 1393: No tokens were selected by the answer mask for perplexity calculation, setting perplexity to 1.0.
Warning: Decoded text differs from trimmed prompt
  Trimmed prompt length: 415, Decoded text length: 407
[DEBUG] First difference at position 1: prompt='s', decoded='/'
[DEBUG] Context: prompt='<s>[INST] An astronom', decoded='</s></s></s></s></s><'
[WARNING] in lang en, index 1395: No tokens were selected by the answer mask for perplexity calculation, setting perplexity to 1.0.
Warning: Decoded text differs from trimmed prompt
  Trimmed prompt length: 417, Decoded text length: 409
[DEBUG] First difference at position 1: prompt='s', decoded='/'
[DEBUG] Context: prompt='<s>[INST] An astronom', decoded='</s></s></s></s></s><'
[WARNING] in lang en, index 1395: No tokens were selected by the answer mask for perplexity calculation, setting perplexity to 1.0.
Perplexity: Written 1482/85610 entries to perplexity result file (batch 247/14269)
Processing batch 248/14269
Warning: Decoded text differs from trimmed prompt
  Trimmed prompt length: 539, Decoded text length: 540
[DEBUG] First difference at position 3: prompt='[', decoded=' '
[DEBUG] Context: prompt='<s>[INST] A proton move', decoded='<s> [INST] A proton mov'
[WARNING] in lang en, index 1397: No tokens were selected by the answer mask for perplexity calculation, setting perplexity to 1.0.
Warning: Decoded text differs from trimmed prompt
  Trimmed prompt length: 539, Decoded text length: 540
[DEBUG] First difference at position 3: prompt='[', decoded=' '
[DEBUG] Context: prompt='<s>[INST] A proton move', decoded='<s> [INST] A proton mov'
[WARNING] in lang en, index 1397: No tokens were selected by the answer mask for perplexity calculation, setting perplexity to 1.0.
Warning: Decoded text differs from trimmed prompt
  Trimmed prompt length: 506, Decoded text length: 477
[DEBUG] First difference at position 1: prompt='s', decoded='/'
[DEBUG] Context: prompt='<s>[INST] Light of va', decoded='</s></s></s></s></s><'
Warning: Decoded text differs from trimmed prompt
  Trimmed prompt length: 437, Decoded text length: 402
[DEBUG] First difference at position 1: prompt='s', decoded='/'
[DEBUG] Context: prompt='<s>[INST] Light of va', decoded='</s></s></s></s></s><'
Warning: Decoded text differs from trimmed prompt
  Trimmed prompt length: 444, Decoded text length: 436
[DEBUG] First difference at position 1: prompt='s', decoded='/'
[DEBUG] Context: prompt='<s>[INST] If the Sun ', decoded='</s></s></s></s></s><'
Warning: Decoded text differs from trimmed prompt
  Trimmed prompt length: 491, Decoded text length: 490
[DEBUG] First difference at position 1: prompt='s', decoded='/'
[DEBUG] Context: prompt='<s>[INST] If the Sun ', decoded='</s></s></s></s></s><'
Perplexity: Written 1488/85610 entries to perplexity result file (batch 248/14269)
Processing batch 249/14269
Warning: Decoded text differs from trimmed prompt
  Trimmed prompt length: 357, Decoded text length: 358
[DEBUG] First difference at position 3: prompt='[', decoded=' '
[DEBUG] Context: prompt='<s>[INST] The quantum e', decoded='<s> [INST] The quantum '
Warning: Decoded text differs from trimmed prompt
  Trimmed prompt length: 317, Decoded text length: 305
[DEBUG] First difference at position 1: prompt='s', decoded='/'
[DEBUG] Context: prompt='<s>[INST] The quantum', decoded='</s></s></s></s></s><'
[WARNING] in lang en, index 1402: No tokens were selected by the answer mask for perplexity calculation, setting perplexity to 1.0.
Warning: Decoded text differs from trimmed prompt
  Trimmed prompt length: 319, Decoded text length: 297
[DEBUG] First difference at position 1: prompt='s', decoded='/'
[DEBUG] Context: prompt='<s>[INST] By definiti', decoded='</s></s></s></s></s><'
Warning: Decoded text differs from trimmed prompt
  Trimmed prompt length: 297, Decoded text length: 271
[DEBUG] First difference at position 1: prompt='s', decoded='/'
[DEBUG] Context: prompt='<s>[INST] By definiti', decoded='</s></s></s></s></s><'
[WARNING] in lang en, index 1405: No tokens were selected by the answer mask for perplexity calculation, setting perplexity to 1.0.
Warning: Decoded text differs from trimmed prompt
  Trimmed prompt length: 252, Decoded text length: 235
[DEBUG] First difference at position 1: prompt='s', decoded='/'
[DEBUG] Context: prompt='<s>[INST] The negativ', decoded='</s></s></s></s></s><'
[WARNING] in lang en, index 1406: No tokens were selected by the answer mask for perplexity calculation, setting perplexity to 1.0.
Warning: Decoded text differs from trimmed prompt
  Trimmed prompt length: 248, Decoded text length: 244
[DEBUG] First difference at position 1: prompt='s', decoded='/'
[DEBUG] Context: prompt='<s>[INST] The negativ', decoded='</s></s></s></s></s><'
[WARNING] in lang en, index 1406: No tokens were selected by the answer mask for perplexity calculation, setting perplexity to 1.0.
Perplexity: Written 1494/85610 entries to perplexity result file (batch 249/14269)
Processing batch 250/14269
Warning: Decoded text differs from trimmed prompt
  Trimmed prompt length: 306, Decoded text length: 312
[DEBUG] First difference at position 1: prompt='s', decoded='/'
[DEBUG] Context: prompt='<s>[INST] The best ty', decoded='</s></s></s></s></s><'
[WARNING] in lang en, index 1420: No tokens were selected by the answer mask for perplexity calculation, setting perplexity to 1.0.
Warning: Decoded text differs from trimmed prompt
  Trimmed prompt length: 314, Decoded text length: 315
[DEBUG] First difference at position 1: prompt='s', decoded='/'
[DEBUG] Context: prompt='<s>[INST] The best ty', decoded='</s><s> [INST] The be'
[WARNING] in lang en, index 1420: No tokens were selected by the answer mask for perplexity calculation, setting perplexity to 1.0.
Warning: Decoded text differs from trimmed prompt
  Trimmed prompt length: 217, Decoded text length: 199
[DEBUG] First difference at position 1: prompt='s', decoded='/'
[DEBUG] Context: prompt='<s>[INST] The eigenva', decoded='</s></s></s></s></s><'
[WARNING] in lang en, index 1421: No tokens were selected by the answer mask for perplexity calculation, setting perplexity to 1.0.
Warning: Decoded text differs from trimmed prompt
  Trimmed prompt length: 222, Decoded text length: 199
[DEBUG] First difference at position 1: prompt='s', decoded='/'
[DEBUG] Context: prompt='<s>[INST] The eigenva', decoded='</s></s></s></s></s><'
[WARNING] in lang en, index 1421: No tokens were selected by the answer mask for perplexity calculation, setting perplexity to 1.0.
Warning: Decoded text differs from trimmed prompt
  Trimmed prompt length: 325, Decoded text length: 339
[DEBUG] First difference at position 1: prompt='s', decoded='/'
[DEBUG] Context: prompt='<s>[INST] If the abso', decoded='</s></s></s></s></s><'
[WARNING] in lang en, index 1426: No tokens were selected by the answer mask for perplexity calculation, setting perplexity to 1.0.
Warning: Decoded text differs from trimmed prompt
  Trimmed prompt length: 350, Decoded text length: 351
[DEBUG] First difference at position 3: prompt='[', decoded=' '
[DEBUG] Context: prompt='<s>[INST] If the absolu', decoded='<s> [INST] If the absol'
[WARNING] in lang en, index 1426: No tokens were selected by the answer mask for perplexity calculation, setting perplexity to 1.0.
Perplexity: Written 1500/85610 entries to perplexity result file (batch 250/14269)
Processing batch 251/14269
Warning: Decoded text differs from trimmed prompt
  Trimmed prompt length: 379, Decoded text length: 378
[DEBUG] First difference at position 1: prompt='s', decoded='/'
[DEBUG] Context: prompt='<s>[INST] The first f', decoded='</s></s></s></s></s><'
Warning: Decoded text differs from trimmed prompt
  Trimmed prompt length: 405, Decoded text length: 406
[DEBUG] First difference at position 3: prompt='[', decoded=' '
[DEBUG] Context: prompt='<s>[INST] The first fiv', decoded='<s> [INST] The first fi'
Warning: Decoded text differs from trimmed prompt
  Trimmed prompt length: 200, Decoded text length: 196
[DEBUG] First difference at position 1: prompt='s', decoded='/'
[DEBUG] Context: prompt='<s>[INST] Electromagn', decoded='</s></s></s></s></s><'
Warning: Decoded text differs from trimmed prompt
  Trimmed prompt length: 200, Decoded text length: 196
[DEBUG] First difference at position 1: prompt='s', decoded='/'
[DEBUG] Context: prompt='<s>[INST] Electromagn', decoded='</s></s></s></s></s><'
Warning: Decoded text differs from trimmed prompt
  Trimmed prompt length: 301, Decoded text length: 269
[DEBUG] First difference at position 1: prompt='s', decoded='/'
[DEBUG] Context: prompt='<s>[INST] According t', decoded='</s></s></s></s></s><'
Warning: Decoded text differs from trimmed prompt
  Trimmed prompt length: 288, Decoded text length: 264
[DEBUG] First difference at position 1: prompt='s', decoded='/'
[DEBUG] Context: prompt='<s>[INST] According t', decoded='</s></s></s></s></s><'
Perplexity: Written 1506/85610 entries to perplexity result file (batch 251/14269)
Processing batch 252/14269
Warning: Decoded text differs from trimmed prompt
  Trimmed prompt length: 427, Decoded text length: 428
[DEBUG] First difference at position 3: prompt='[', decoded=' '
[DEBUG] Context: prompt='<s>[INST] At the presen', decoded='<s> [INST] At the prese'
Warning: Decoded text differs from trimmed prompt
  Trimmed prompt length: 424, Decoded text length: 425
[DEBUG] First difference at position 1: prompt='s', decoded='/'
[DEBUG] Context: prompt='<s>[INST] At the pres', decoded='</s><s> [INST] At the'
Warning: Decoded text differs from trimmed prompt
  Trimmed prompt length: 319, Decoded text length: 279
[DEBUG] First difference at position 1: prompt='s', decoded='/'
[DEBUG] Context: prompt='<s>[INST] By definiti', decoded='</s></s></s></s></s><'
[WARNING] in lang en, index 1438: No tokens were selected by the answer mask for perplexity calculation, setting perplexity to 1.0.
Warning: Decoded text differs from trimmed prompt
  Trimmed prompt length: 297, Decoded text length: 267
[DEBUG] First difference at position 1: prompt='s', decoded='/'
[DEBUG] Context: prompt='<s>[INST] By definiti', decoded='</s></s></s></s></s><'
[WARNING] in lang en, index 1438: No tokens were selected by the answer mask for perplexity calculation, setting perplexity to 1.0.
Warning: Decoded text differs from trimmed prompt
  Trimmed prompt length: 423, Decoded text length: 431
[DEBUG] First difference at position 1: prompt='s', decoded='/'
[DEBUG] Context: prompt='<s>[INST] The mean ki', decoded='</s></s></s></s></s><'
[WARNING] in lang en, index 1444: No tokens were selected by the answer mask for perplexity calculation, setting perplexity to 1.0.
Warning: Decoded text differs from trimmed prompt
  Trimmed prompt length: 425, Decoded text length: 422
[DEBUG] First difference at position 1: prompt='s', decoded='/'
[DEBUG] Context: prompt='<s>[INST] The mean ki', decoded='</s></s></s></s></s><'
[WARNING] in lang en, index 1444: No tokens were selected by the answer mask for perplexity calculation, setting perplexity to 1.0.
Perplexity: Written 1512/85610 entries to perplexity result file (batch 252/14269)
Processing batch 253/14269
Warning: Decoded text differs from trimmed prompt
  Trimmed prompt length: 442, Decoded text length: 438
[DEBUG] First difference at position 1: prompt='s', decoded='/'
[DEBUG] Context: prompt='<s>[INST] Light of va', decoded='</s></s></s></s></s><'
Warning: Decoded text differs from trimmed prompt
  Trimmed prompt length: 439, Decoded text length: 438
[DEBUG] First difference at position 1: prompt='s', decoded='/'
[DEBUG] Context: prompt='<s>[INST] Light of va', decoded='</s></s></s></s></s><'
Warning: Decoded text differs from trimmed prompt
  Trimmed prompt length: 372, Decoded text length: 373
[DEBUG] First difference at position 1: prompt='s', decoded='/'
[DEBUG] Context: prompt='<s>[INST] The emissio', decoded='</s><s> [INST] The em'
[WARNING] in lang en, index 1453: No tokens were selected by the answer mask for perplexity calculation, setting perplexity to 1.0.
Warning: Decoded text differs from trimmed prompt
  Trimmed prompt length: 373, Decoded text length: 374
[DEBUG] First difference at position 3: prompt='[', decoded=' '
[DEBUG] Context: prompt='<s>[INST] The emission ', decoded='<s> [INST] The emission'
[WARNING] in lang en, index 1453: No tokens were selected by the answer mask for perplexity calculation, setting perplexity to 1.0.
Warning: Decoded text differs from trimmed prompt
  Trimmed prompt length: 288, Decoded text length: 263
[DEBUG] First difference at position 1: prompt='s', decoded='/'
[DEBUG] Context: prompt='<s>[INST] Which of th', decoded='</s></s></s></s></s><'
[WARNING] in lang en, index 1455: No tokens were selected by the answer mask for perplexity calculation, setting perplexity to 1.0.
Warning: Decoded text differs from trimmed prompt
  Trimmed prompt length: 290, Decoded text length: 265
[DEBUG] First difference at position 1: prompt='s', decoded='/'
[DEBUG] Context: prompt='<s>[INST] Which of th', decoded='</s></s></s></s></s><'
[WARNING] in lang en, index 1455: No tokens were selected by the answer mask for perplexity calculation, setting perplexity to 1.0.
Perplexity: Written 1518/85610 entries to perplexity result file (batch 253/14269)
Processing batch 254/14269
Warning: Decoded text differs from trimmed prompt
  Trimmed prompt length: 372, Decoded text length: 373
[DEBUG] First difference at position 1: prompt='s', decoded='/'
[DEBUG] Context: prompt='<s>[INST] The emissio', decoded='</s><s> [INST] The em'
[WARNING] in lang en, index 1458: No tokens were selected by the answer mask for perplexity calculation, setting perplexity to 1.0.
Warning: Decoded text differs from trimmed prompt
  Trimmed prompt length: 373, Decoded text length: 374
[DEBUG] First difference at position 3: prompt='[', decoded=' '
[DEBUG] Context: prompt='<s>[INST] The emission ', decoded='<s> [INST] The emission'
[WARNING] in lang en, index 1458: No tokens were selected by the answer mask for perplexity calculation, setting perplexity to 1.0.
Warning: Decoded text differs from trimmed prompt
  Trimmed prompt length: 289, Decoded text length: 285
[DEBUG] First difference at position 1: prompt='s', decoded='/'
[DEBUG] Context: prompt='<s>[INST] A satellite', decoded='</s></s></s></s></s><'
[WARNING] in lang en, index 1470: No tokens were selected by the answer mask for perplexity calculation, setting perplexity to 1.0.
Warning: Decoded text differs from trimmed prompt
  Trimmed prompt length: 282, Decoded text length: 257
[DEBUG] First difference at position 1: prompt='s', decoded='/'
[DEBUG] Context: prompt='<s>[INST] A satellite', decoded='</s></s></s></s></s><'
[WARNING] in lang en, index 1470: No tokens were selected by the answer mask for perplexity calculation, setting perplexity to 1.0.
Warning: Decoded text differs from trimmed prompt
  Trimmed prompt length: 238, Decoded text length: 207
[DEBUG] First difference at position 1: prompt='s', decoded='/'
[DEBUG] Context: prompt='<s>[INST] Which of th', decoded='</s></s></s></s></s><'
[WARNING] in lang en, index 1471: No tokens were selected by the answer mask for perplexity calculation, setting perplexity to 1.0.
Warning: Decoded text differs from trimmed prompt
  Trimmed prompt length: 244, Decoded text length: 221
[DEBUG] First difference at position 1: prompt='s', decoded='/'
[DEBUG] Context: prompt='<s>[INST] Which of th', decoded='</s></s></s></s></s><'
[WARNING] in lang en, index 1471: No tokens were selected by the answer mask for perplexity calculation, setting perplexity to 1.0.
Perplexity: Written 1524/85610 entries to perplexity result file (batch 254/14269)
Processing batch 255/14269
Warning: Decoded text differs from trimmed prompt
  Trimmed prompt length: 712, Decoded text length: 716
[DEBUG] First difference at position 1: prompt='s', decoded='/'
[DEBUG] Context: prompt='<s>[INST] Assume that', decoded='</s></s></s></s><s> ['
[WARNING] in lang en, index 1472: No tokens were selected by the answer mask for perplexity calculation, setting perplexity to 1.0.
Warning: Decoded text differs from trimmed prompt
  Trimmed prompt length: 714, Decoded text length: 717
[DEBUG] First difference at position 1: prompt='s', decoded='/'
[DEBUG] Context: prompt='<s>[INST] Assume that', decoded='</s></s></s></s><s> ['
[WARNING] in lang en, index 1472: No tokens were selected by the answer mask for perplexity calculation, setting perplexity to 1.0.
Warning: Decoded text differs from trimmed prompt
  Trimmed prompt length: 622, Decoded text length: 623
[DEBUG] First difference at position 1: prompt='s', decoded='/'
[DEBUG] Context: prompt='<s>[INST] MIT’s Kerbe', decoded='</s></s></s></s></s><'
Warning: Decoded text differs from trimmed prompt
  Trimmed prompt length: 650, Decoded text length: 651
[DEBUG] First difference at position 3: prompt='[', decoded=' '
[DEBUG] Context: prompt='<s>[INST] MIT’s Kerbero', decoded='<s> [INST] MIT’s Kerber'
Warning: Decoded text differs from trimmed prompt
  Trimmed prompt length: 337, Decoded text length: 280
[DEBUG] First difference at position 1: prompt='s', decoded='/'
[DEBUG] Context: prompt='<s>[INST] In Message ', decoded='</s></s></s></s></s><'
[WARNING] in lang en, index 1474: No tokens were selected by the answer mask for perplexity calculation, setting perplexity to 1.0.
Warning: Decoded text differs from trimmed prompt
  Trimmed prompt length: 335, Decoded text length: 280
[DEBUG] First difference at position 1: prompt='s', decoded='/'
[DEBUG] Context: prompt='<s>[INST] In Message ', decoded='</s></s></s></s></s><'
[WARNING] in lang en, index 1474: No tokens were selected by the answer mask for perplexity calculation, setting perplexity to 1.0.
Perplexity: Written 1530/85610 entries to perplexity result file (batch 255/14269)
Processing batch 256/14269
Warning: Decoded text differs from trimmed prompt
  Trimmed prompt length: 806, Decoded text length: 810
[DEBUG] First difference at position 1: prompt='s', decoded='/'
[DEBUG] Context: prompt='<s>[INST] Consider th', decoded='</s></s></s></s></s><'
[WARNING] in lang en, index 1477: No tokens were selected by the answer mask for perplexity calculation, setting perplexity to 1.0.
Warning: Decoded text differs from trimmed prompt
  Trimmed prompt length: 818, Decoded text length: 819
[DEBUG] First difference at position 3: prompt='[', decoded=' '
[DEBUG] Context: prompt='<s>[INST] Consider the ', decoded='<s> [INST] Consider the'
[WARNING] in lang en, index 1477: No tokens were selected by the answer mask for perplexity calculation, setting perplexity to 1.0.
Warning: Decoded text differs from trimmed prompt
  Trimmed prompt length: 306, Decoded text length: 288
[DEBUG] First difference at position 1: prompt='s', decoded='/'
[DEBUG] Context: prompt='<s>[INST] Why apps de', decoded='</s></s></s></s></s><'
Warning: Decoded text differs from trimmed prompt
  Trimmed prompt length: 296, Decoded text length: 284
[DEBUG] First difference at position 1: prompt='s', decoded='/'
[DEBUG] Context: prompt='<s>[INST] Why apps de', decoded='</s></s></s></s></s><'
Warning: Decoded text differs from trimmed prompt
  Trimmed prompt length: 336, Decoded text length: 328
[DEBUG] First difference at position 1: prompt='s', decoded='/'
[DEBUG] Context: prompt='<s>[INST] Man in the ', decoded='</s></s></s></s></s><'
Warning: Decoded text differs from trimmed prompt
  Trimmed prompt length: 332, Decoded text length: 320
[DEBUG] First difference at position 1: prompt='s', decoded='/'
[DEBUG] Context: prompt='<s>[INST] Man in the ', decoded='</s></s></s></s></s><'
Perplexity: Written 1536/85610 entries to perplexity result file (batch 256/14269)
Processing batch 257/14269
Warning: Decoded text differs from trimmed prompt
  Trimmed prompt length: 379, Decoded text length: 380
[DEBUG] First difference at position 3: prompt='[', decoded=' '
[DEBUG] Context: prompt='<s>[INST] Let HH be a M', decoded='<s> [INST] Let HH be a '
Warning: Decoded text differs from trimmed prompt
  Trimmed prompt length: 336, Decoded text length: 371
[DEBUG] First difference at position 1: prompt='s', decoded='/'
[DEBUG] Context: prompt='<s>[INST] Let HH be a', decoded='</s></s></s></s></s><'
Warning: Decoded text differs from trimmed prompt
  Trimmed prompt length: 508, Decoded text length: 476
[DEBUG] First difference at position 1: prompt='s', decoded='/'
[DEBUG] Context: prompt='<s>[INST] Suppose tha', decoded='</s></s></s></s></s><'
[WARNING] in lang en, index 1483: No tokens were selected by the answer mask for perplexity calculation, setting perplexity to 1.0.
Warning: Decoded text differs from trimmed prompt
  Trimmed prompt length: 509, Decoded text length: 477
[DEBUG] First difference at position 1: prompt='s', decoded='/'
[DEBUG] Context: prompt='<s>[INST] Suppose tha', decoded='</s></s></s></s></s><'
[WARNING] in lang en, index 1483: No tokens were selected by the answer mask for perplexity calculation, setting perplexity to 1.0.
Warning: Decoded text differs from trimmed prompt
  Trimmed prompt length: 186, Decoded text length: 164
[DEBUG] First difference at position 1: prompt='s', decoded='/'
[DEBUG] Context: prompt='<s>[INST] The AH Prot', decoded='</s></s></s></s></s><'
[WARNING] in lang en, index 1484: No tokens were selected by the answer mask for perplexity calculation, setting perplexity to 1.0.
Warning: Decoded text differs from trimmed prompt
  Trimmed prompt length: 193, Decoded text length: 172
[DEBUG] First difference at position 1: prompt='s', decoded='/'
[DEBUG] Context: prompt='<s>[INST] The AH Prot', decoded='</s></s></s></s></s><'
[WARNING] in lang en, index 1484: No tokens were selected by the answer mask for perplexity calculation, setting perplexity to 1.0.
Perplexity: Written 1542/85610 entries to perplexity result file (batch 257/14269)
Processing batch 258/14269
Warning: Decoded text differs from trimmed prompt
  Trimmed prompt length: 284, Decoded text length: 268
[DEBUG] First difference at position 1: prompt='s', decoded='/'
[DEBUG] Context: prompt='<s>[INST] What is Nma', decoded='</s></s></s></s></s><'
Warning: Decoded text differs from trimmed prompt
  Trimmed prompt length: 154, Decoded text length: 164
[DEBUG] First difference at position 1: prompt='s', decoded='/'
[DEBUG] Context: prompt='<s>[INST] What is Nma', decoded='</s></s></s></s></s><'
Warning: Decoded text differs from trimmed prompt
  Trimmed prompt length: 655, Decoded text length: 656
[DEBUG] First difference at position 3: prompt='[', decoded=' '
[DEBUG] Context: prompt='<s>[INST] What does it ', decoded='<s> [INST] What does it'
Warning: Decoded text differs from trimmed prompt
  Trimmed prompt length: 581, Decoded text length: 554
[DEBUG] First difference at position 1: prompt='s', decoded='/'
[DEBUG] Context: prompt='<s>[INST] What does i', decoded='</s></s></s></s></s><'
Warning: Decoded text differs from trimmed prompt
  Trimmed prompt length: 412, Decoded text length: 355
[DEBUG] First difference at position 1: prompt='s', decoded='/'
[DEBUG] Context: prompt='<s>[INST] In Brumley ', decoded='</s></s></s></s></s><'
Warning: Decoded text differs from trimmed prompt
  Trimmed prompt length: 457, Decoded text length: 413
[DEBUG] First difference at position 1: prompt='s', decoded='/'
[DEBUG] Context: prompt='<s>[INST] In Brumley ', decoded='</s></s></s></s></s><'
Perplexity: Written 1548/85610 entries to perplexity result file (batch 258/14269)
Processing batch 259/14269
Warning: Decoded text differs from trimmed prompt
  Trimmed prompt length: 280, Decoded text length: 241
[DEBUG] First difference at position 1: prompt='s', decoded='/'
[DEBUG] Context: prompt='<s>[INST] Public key ', decoded='</s></s></s></s></s><'
[WARNING] in lang en, index 1494: No tokens were selected by the answer mask for perplexity calculation, setting perplexity to 1.0.
Warning: Decoded text differs from trimmed prompt
  Trimmed prompt length: 278, Decoded text length: 241
[DEBUG] First difference at position 1: prompt='s', decoded='/'
[DEBUG] Context: prompt='<s>[INST] Public key ', decoded='</s></s></s></s></s><'
[WARNING] in lang en, index 1494: No tokens were selected by the answer mask for perplexity calculation, setting perplexity to 1.0.
Warning: Decoded text differs from trimmed prompt
  Trimmed prompt length: 286, Decoded text length: 285
[DEBUG] First difference at position 1: prompt='s', decoded='/'
[DEBUG] Context: prompt='<s>[INST] The _______', decoded='</s></s></s></s></s><'
[WARNING] in lang en, index 1495: No tokens were selected by the answer mask for perplexity calculation, setting perplexity to 1.0.
Warning: Decoded text differs from trimmed prompt
  Trimmed prompt length: 288, Decoded text length: 287
[DEBUG] First difference at position 1: prompt='s', decoded='/'
[DEBUG] Context: prompt='<s>[INST] The _______', decoded='</s></s></s></s></s><'
[WARNING] in lang en, index 1495: No tokens were selected by the answer mask for perplexity calculation, setting perplexity to 1.0.
Warning: Decoded text differs from trimmed prompt
  Trimmed prompt length: 409, Decoded text length: 410
[DEBUG] First difference at position 1: prompt='s', decoded='/'
[DEBUG] Context: prompt='<s>[INST] The _______', decoded='</s><s> [INST] The __'
Warning: Decoded text differs from trimmed prompt
  Trimmed prompt length: 412, Decoded text length: 413
[DEBUG] First difference at position 3: prompt='[', decoded=' '
[DEBUG] Context: prompt='<s>[INST] The _________', decoded='<s> [INST] The ________'
Perplexity: Written 1554/85610 entries to perplexity result file (batch 259/14269)
Processing batch 260/14269
Warning: Decoded text differs from trimmed prompt
  Trimmed prompt length: 353, Decoded text length: 344
[DEBUG] First difference at position 1: prompt='s', decoded='/'
[DEBUG] Context: prompt='<s>[INST] What does E', decoded='</s></s></s></s></s><'
Warning: Decoded text differs from trimmed prompt
  Trimmed prompt length: 351, Decoded text length: 349
[DEBUG] First difference at position 1: prompt='s', decoded='/'
[DEBUG] Context: prompt='<s>[INST] What does E', decoded='</s></s></s></s></s><'
Warning: Decoded text differs from trimmed prompt
  Trimmed prompt length: 184, Decoded text length: 180
[DEBUG] First difference at position 1: prompt='s', decoded='/'
[DEBUG] Context: prompt='<s>[INST] To verify a', decoded='</s></s></s></s></s><'
Warning: Decoded text differs from trimmed prompt
  Trimmed prompt length: 187, Decoded text length: 180
[DEBUG] First difference at position 1: prompt='s', decoded='/'
[DEBUG] Context: prompt='<s>[INST] To verify a', decoded='</s></s></s></s></s><'
Warning: Decoded text differs from trimmed prompt
  Trimmed prompt length: 551, Decoded text length: 552
[DEBUG] First difference at position 3: prompt='[', decoded=' '
[DEBUG] Context: prompt='<s>[INST] Suppose Unix ', decoded='<s> [INST] Suppose Unix'
[WARNING] in lang en, index 1503: No tokens were selected by the answer mask for perplexity calculation, setting perplexity to 1.0.
Warning: Decoded text differs from trimmed prompt
  Trimmed prompt length: 551, Decoded text length: 552
[DEBUG] First difference at position 3: prompt='[', decoded=' '
[DEBUG] Context: prompt='<s>[INST] Suppose Unix ', decoded='<s> [INST] Suppose Unix'
[WARNING] in lang en, index 1503: No tokens were selected by the answer mask for perplexity calculation, setting perplexity to 1.0.
Perplexity: Written 1560/85610 entries to perplexity result file (batch 260/14269)
Processing batch 261/14269
Warning: Decoded text differs from trimmed prompt
  Trimmed prompt length: 350, Decoded text length: 351
[DEBUG] First difference at position 1: prompt='s', decoded='/'
[DEBUG] Context: prompt='<s>[INST] Failed sess', decoded='</s><s> [INST] Failed'
[WARNING] in lang en, index 1504: No tokens were selected by the answer mask for perplexity calculation, setting perplexity to 1.0.
Warning: Decoded text differs from trimmed prompt
  Trimmed prompt length: 355, Decoded text length: 356
[DEBUG] First difference at position 3: prompt='[', decoded=' '
[DEBUG] Context: prompt='<s>[INST] Failed sessio', decoded='<s> [INST] Failed sessi'
[WARNING] in lang en, index 1504: No tokens were selected by the answer mask for perplexity calculation, setting perplexity to 1.0.
Warning: Decoded text differs from trimmed prompt
  Trimmed prompt length: 239, Decoded text length: 232
[DEBUG] First difference at position 1: prompt='s', decoded='/'
[DEBUG] Context: prompt='<s>[INST] A digital s', decoded='</s></s></s></s></s><'
Warning: Decoded text differs from trimmed prompt
  Trimmed prompt length: 233, Decoded text length: 221
[DEBUG] First difference at position 1: prompt='s', decoded='/'
[DEBUG] Context: prompt='<s>[INST] A digital s', decoded='</s></s></s></s></s><'
Warning: Decoded text differs from trimmed prompt
  Trimmed prompt length: 188, Decoded text length: 174
[DEBUG] First difference at position 1: prompt='s', decoded='/'
[DEBUG] Context: prompt='<s>[INST] A packet fi', decoded='</s></s></s></s></s><'
Warning: Decoded text differs from trimmed prompt
  Trimmed prompt length: 186, Decoded text length: 164
[DEBUG] First difference at position 1: prompt='s', decoded='/'
[DEBUG] Context: prompt='<s>[INST] A packet fi', decoded='</s></s></s></s></s><'
Perplexity: Written 1566/85610 entries to perplexity result file (batch 261/14269)
Processing batch 262/14269
Warning: Decoded text differs from trimmed prompt
  Trimmed prompt length: 256, Decoded text length: 257
[DEBUG] First difference at position 3: prompt='[', decoded=' '
[DEBUG] Context: prompt='<s>[INST] Let I = (S,V)', decoded='<s> [INST] Let I = (S,V'
Warning: Decoded text differs from trimmed prompt
  Trimmed prompt length: 239, Decoded text length: 241
[DEBUG] First difference at position 1: prompt='s', decoded='/'
[DEBUG] Context: prompt='<s>[INST] Let I = (S,', decoded='</s></s></s></s><s> ['
Warning: Decoded text differs from trimmed prompt
  Trimmed prompt length: 372, Decoded text length: 366
[DEBUG] First difference at position 1: prompt='s', decoded='/'
[DEBUG] Context: prompt='<s>[INST] The Message', decoded='</s></s></s></s></s><'
Warning: Decoded text differs from trimmed prompt
  Trimmed prompt length: 371, Decoded text length: 365
[DEBUG] First difference at position 1: prompt='s', decoded='/'
[DEBUG] Context: prompt='<s>[INST] The Message', decoded='</s></s></s></s></s><'
Warning: Decoded text differs from trimmed prompt
  Trimmed prompt length: 265, Decoded text length: 256
[DEBUG] First difference at position 1: prompt='s', decoded='/'
[DEBUG] Context: prompt='<s>[INST] When a wire', decoded='</s></s></s></s></s><'
[WARNING] in lang en, index 1512: No tokens were selected by the answer mask for perplexity calculation, setting perplexity to 1.0.
Warning: Decoded text differs from trimmed prompt
  Trimmed prompt length: 266, Decoded text length: 256
[DEBUG] First difference at position 1: prompt='s', decoded='/'
[DEBUG] Context: prompt='<s>[INST] When a wire', decoded='</s></s></s></s></s><'
[WARNING] in lang en, index 1512: No tokens were selected by the answer mask for perplexity calculation, setting perplexity to 1.0.
Perplexity: Written 1572/85610 entries to perplexity result file (batch 262/14269)
Processing batch 263/14269
Warning: Decoded text differs from trimmed prompt
  Trimmed prompt length: 284, Decoded text length: 228
[DEBUG] First difference at position 1: prompt='s', decoded='/'
[DEBUG] Context: prompt='<s>[INST] Message aut', decoded='</s></s></s></s></s><'
Warning: Decoded text differs from trimmed prompt
  Trimmed prompt length: 284, Decoded text length: 232
[DEBUG] First difference at position 1: prompt='s', decoded='/'
[DEBUG] Context: prompt='<s>[INST] Message aut', decoded='</s></s></s></s></s><'
Warning: Decoded text differs from trimmed prompt
  Trimmed prompt length: 768, Decoded text length: 769
[DEBUG] First difference at position 3: prompt='[', decoded=' '
[DEBUG] Context: prompt='<s>[INST] Assume that a', decoded='<s> [INST] Assume that '
[WARNING] in lang en, index 1515: No tokens were selected by the answer mask for perplexity calculation, setting perplexity to 1.0.
Warning: Decoded text differs from trimmed prompt
  Trimmed prompt length: 770, Decoded text length: 771
[DEBUG] First difference at position 3: prompt='[', decoded=' '
[DEBUG] Context: prompt='<s>[INST] Assume that a', decoded='<s> [INST] Assume that '
[WARNING] in lang en, index 1515: No tokens were selected by the answer mask for perplexity calculation, setting perplexity to 1.0.
Warning: Decoded text differs from trimmed prompt
  Trimmed prompt length: 263, Decoded text length: 244
[DEBUG] First difference at position 1: prompt='s', decoded='/'
[DEBUG] Context: prompt='<s>[INST] A _________', decoded='</s></s></s></s></s><'
[WARNING] in lang en, index 1517: No tokens were selected by the answer mask for perplexity calculation, setting perplexity to 1.0.
Warning: Decoded text differs from trimmed prompt
  Trimmed prompt length: 267, Decoded text length: 248
[DEBUG] First difference at position 1: prompt='s', decoded='/'
[DEBUG] Context: prompt='<s>[INST] A _________', decoded='</s></s></s></s></s><'
[WARNING] in lang en, index 1517: No tokens were selected by the answer mask for perplexity calculation, setting perplexity to 1.0.
Perplexity: Written 1578/85610 entries to perplexity result file (batch 263/14269)
Processing batch 264/14269
Warning: Decoded text differs from trimmed prompt
  Trimmed prompt length: 575, Decoded text length: 576
[DEBUG] First difference at position 3: prompt='[', decoded=' '
[DEBUG] Context: prompt='<s>[INST] Encryption an', decoded='<s> [INST] Encryption a'
Warning: Decoded text differs from trimmed prompt
  Trimmed prompt length: 573, Decoded text length: 574
[DEBUG] First difference at position 3: prompt='[', decoded=' '
[DEBUG] Context: prompt='<s>[INST] Encryption an', decoded='<s> [INST] Encryption a'
Warning: Decoded text differs from trimmed prompt
  Trimmed prompt length: 168, Decoded text length: 164
[DEBUG] First difference at position 1: prompt='s', decoded='/'
[DEBUG] Context: prompt='<s>[INST] What are th', decoded='</s></s></s></s></s><'
Warning: Decoded text differs from trimmed prompt
  Trimmed prompt length: 168, Decoded text length: 164
[DEBUG] First difference at position 1: prompt='s', decoded='/'
[DEBUG] Context: prompt='<s>[INST] What are th', decoded='</s></s></s></s></s><'
Warning: Decoded text differs from trimmed prompt
  Trimmed prompt length: 220, Decoded text length: 212
[DEBUG] First difference at position 1: prompt='s', decoded='/'
[DEBUG] Context: prompt='<s>[INST] A sender mu', decoded='</s></s></s></s></s><'
Warning: Decoded text differs from trimmed prompt
  Trimmed prompt length: 215, Decoded text length: 204
[DEBUG] First difference at position 1: prompt='s', decoded='/'
[DEBUG] Context: prompt='<s>[INST] A sender mu', decoded='</s></s></s></s></s><'
Perplexity: Written 1584/85610 entries to perplexity result file (batch 264/14269)
Processing batch 265/14269
Warning: Decoded text differs from trimmed prompt
  Trimmed prompt length: 198, Decoded text length: 184
[DEBUG] First difference at position 1: prompt='s', decoded='/'
[DEBUG] Context: prompt='<s>[INST] A proxy rew', decoded='</s></s></s></s></s><'
Warning: Decoded text differs from trimmed prompt
  Trimmed prompt length: 196, Decoded text length: 188
[DEBUG] First difference at position 1: prompt='s', decoded='/'
[DEBUG] Context: prompt='<s>[INST] A proxy rew', decoded='</s></s></s></s></s><'
Warning: Decoded text differs from trimmed prompt
  Trimmed prompt length: 340, Decoded text length: 296
[DEBUG] First difference at position 1: prompt='s', decoded='/'
[DEBUG] Context: prompt='<s>[INST] How does a ', decoded='</s></s></s></s></s><'
[WARNING] in lang en, index 1531: No tokens were selected by the answer mask for perplexity calculation, setting perplexity to 1.0.
Warning: Decoded text differs from trimmed prompt
  Trimmed prompt length: 338, Decoded text length: 296
[DEBUG] First difference at position 1: prompt='s', decoded='/'
[DEBUG] Context: prompt='<s>[INST] How does a ', decoded='</s></s></s></s></s><'
[WARNING] in lang en, index 1531: No tokens were selected by the answer mask for perplexity calculation, setting perplexity to 1.0.
Warning: Decoded text differs from trimmed prompt
  Trimmed prompt length: 401, Decoded text length: 402
[DEBUG] First difference at position 3: prompt='[', decoded=' '
[DEBUG] Context: prompt='<s>[INST] Let F: K \\tim', decoded='<s> [INST] Let F: K \\ti'
Warning: Decoded text differs from trimmed prompt
  Trimmed prompt length: 368, Decoded text length: 373
[DEBUG] First difference at position 1: prompt='s', decoded='/'
[DEBUG] Context: prompt='<s>[INST] Let F: K \\t', decoded='</s></s></s></s></s><'
[WARNING] in lang en, index 1533: No tokens were selected by the answer mask for perplexity calculation, setting perplexity to 1.0.
Perplexity: Written 1590/85610 entries to perplexity result file (batch 265/14269)
Processing batch 266/14269
Warning: Decoded text differs from trimmed prompt
  Trimmed prompt length: 250, Decoded text length: 244
[DEBUG] First difference at position 1: prompt='s', decoded='/'
[DEBUG] Context: prompt='<s>[INST] What is a r', decoded='</s></s></s></s></s><'
Warning: Decoded text differs from trimmed prompt
  Trimmed prompt length: 212, Decoded text length: 216
[DEBUG] First difference at position 1: prompt='s', decoded='/'
[DEBUG] Context: prompt='<s>[INST] What is a r', decoded='</s></s></s></s></s><'
Warning: Decoded text differs from trimmed prompt
  Trimmed prompt length: 484, Decoded text length: 485
[DEBUG] First difference at position 3: prompt='[', decoded=' '
[DEBUG] Context: prompt='<s>[INST] Statement 1| ', decoded='<s> [INST] Statement 1|'
[WARNING] in lang en, index 1536: No tokens were selected by the answer mask for perplexity calculation, setting perplexity to 1.0.
Warning: Decoded text differs from trimmed prompt
  Trimmed prompt length: 484, Decoded text length: 485
[DEBUG] First difference at position 3: prompt='[', decoded=' '
[DEBUG] Context: prompt='<s>[INST] Statement 1| ', decoded='<s> [INST] Statement 1|'
[WARNING] in lang en, index 1536: No tokens were selected by the answer mask for perplexity calculation, setting perplexity to 1.0.
Warning: Decoded text differs from trimmed prompt
  Trimmed prompt length: 246, Decoded text length: 212
[DEBUG] First difference at position 1: prompt='s', decoded='/'
[DEBUG] Context: prompt='<s>[INST] ___________', decoded='</s></s></s></s></s><'
[WARNING] in lang en, index 1537: No tokens were selected by the answer mask for perplexity calculation, setting perplexity to 1.0.
Warning: Decoded text differs from trimmed prompt
  Trimmed prompt length: 243, Decoded text length: 208
[DEBUG] First difference at position 1: prompt='s', decoded='/'
[DEBUG] Context: prompt='<s>[INST] ___________', decoded='</s></s></s></s></s><'
[WARNING] in lang en, index 1537: No tokens were selected by the answer mask for perplexity calculation, setting perplexity to 1.0.
Perplexity: Written 1596/85610 entries to perplexity result file (batch 266/14269)
Processing batch 267/14269
Warning: Decoded text differs from trimmed prompt
  Trimmed prompt length: 325, Decoded text length: 325
[DEBUG] First difference at position 1: prompt='s', decoded='/'
[DEBUG] Context: prompt='<s>[INST] You are giv', decoded='</s></s></s></s></s><'
Warning: Decoded text differs from trimmed prompt
  Trimmed prompt length: 325, Decoded text length: 325
[DEBUG] First difference at position 1: prompt='s', decoded='/'
[DEBUG] Context: prompt='<s>[INST] You are giv', decoded='</s></s></s></s></s><'
Warning: Decoded text differs from trimmed prompt
  Trimmed prompt length: 603, Decoded text length: 604
[DEBUG] First difference at position 3: prompt='[', decoded=' '
[DEBUG] Context: prompt='<s>[INST] The openSSL i', decoded='<s> [INST] The openSSL '
[WARNING] in lang en, index 1541: No tokens were selected by the answer mask for perplexity calculation, setting perplexity to 1.0.
Warning: Decoded text differs from trimmed prompt
  Trimmed prompt length: 605, Decoded text length: 606
[DEBUG] First difference at position 3: prompt='[', decoded=' '
[DEBUG] Context: prompt='<s>[INST] The openSSL i', decoded='<s> [INST] The openSSL '
[WARNING] in lang en, index 1541: No tokens were selected by the answer mask for perplexity calculation, setting perplexity to 1.0.
Warning: Decoded text differs from trimmed prompt
  Trimmed prompt length: 372, Decoded text length: 303
[DEBUG] First difference at position 1: prompt='s', decoded='/'
[DEBUG] Context: prompt='<s>[INST] When the da', decoded='</s></s></s></s></s><'
[WARNING] in lang en, index 1542: No tokens were selected by the answer mask for perplexity calculation, setting perplexity to 1.0.
Warning: Decoded text differs from trimmed prompt
  Trimmed prompt length: 372, Decoded text length: 316
[DEBUG] First difference at position 1: prompt='s', decoded='/'
[DEBUG] Context: prompt='<s>[INST] When the da', decoded='</s></s></s></s></s><'
[WARNING] in lang en, index 1542: No tokens were selected by the answer mask for perplexity calculation, setting perplexity to 1.0.
Perplexity: Written 1602/85610 entries to perplexity result file (batch 267/14269)
Processing batch 268/14269
Warning: Decoded text differs from trimmed prompt
  Trimmed prompt length: 585, Decoded text length: 586
[DEBUG] First difference at position 3: prompt='[', decoded=' '
[DEBUG] Context: prompt='<s>[INST] What is the d', decoded='<s> [INST] What is the '
Warning: Decoded text differs from trimmed prompt
  Trimmed prompt length: 267, Decoded text length: 241
[DEBUG] First difference at position 1: prompt='s', decoded='/'
[DEBUG] Context: prompt='<s>[INST] What is the', decoded='</s></s></s></s></s><'
Warning: Decoded text differs from trimmed prompt
  Trimmed prompt length: 439, Decoded text length: 391
[DEBUG] First difference at position 1: prompt='s', decoded='/'
[DEBUG] Context: prompt='<s>[INST] A session s', decoded='</s></s></s></s></s><'
Warning: Decoded text differs from trimmed prompt
  Trimmed prompt length: 435, Decoded text length: 384
[DEBUG] First difference at position 1: prompt='s', decoded='/'
[DEBUG] Context: prompt='<s>[INST] A session s', decoded='</s></s></s></s></s><'
Warning: Decoded text differs from trimmed prompt
  Trimmed prompt length: 228, Decoded text length: 236
[DEBUG] First difference at position 1: prompt='s', decoded='/'
[DEBUG] Context: prompt='<s>[INST] What is a n', decoded='</s></s></s></s></s><'
Warning: Decoded text differs from trimmed prompt
  Trimmed prompt length: 184, Decoded text length: 196
[DEBUG] First difference at position 1: prompt='s', decoded='/'
[DEBUG] Context: prompt='<s>[INST] What is a n', decoded='</s></s></s></s></s><'
Perplexity: Written 1608/85610 entries to perplexity result file (batch 268/14269)
Processing batch 269/14269
Warning: Decoded text differs from trimmed prompt
  Trimmed prompt length: 237, Decoded text length: 224
[DEBUG] First difference at position 1: prompt='s', decoded='/'
[DEBUG] Context: prompt='<s>[INST] Which Nmap ', decoded='</s></s></s></s></s><'
Warning: Decoded text differs from trimmed prompt
  Trimmed prompt length: 232, Decoded text length: 212
[DEBUG] First difference at position 1: prompt='s', decoded='/'
[DEBUG] Context: prompt='<s>[INST] Which Nmap ', decoded='</s></s></s></s></s><'
Warning: Decoded text differs from trimmed prompt
  Trimmed prompt length: 369, Decoded text length: 370
[DEBUG] First difference at position 3: prompt='[', decoded=' '
[DEBUG] Context: prompt='<s>[INST] _____________', decoded='<s> [INST] ____________'
Warning: Decoded text differs from trimmed prompt
  Trimmed prompt length: 364, Decoded text length: 365
[DEBUG] First difference at position 1: prompt='s', decoded='/'
[DEBUG] Context: prompt='<s>[INST] ___________', decoded='</s><s> [INST] ______'
Warning: Decoded text differs from trimmed prompt
  Trimmed prompt length: 298, Decoded text length: 286
[DEBUG] First difference at position 1: prompt='s', decoded='/'
[DEBUG] Context: prompt='<s>[INST] A _________', decoded='</s></s></s></s></s><'
[WARNING] in lang en, index 1551: No tokens were selected by the answer mask for perplexity calculation, setting perplexity to 1.0.
Warning: Decoded text differs from trimmed prompt
  Trimmed prompt length: 297, Decoded text length: 286
[DEBUG] First difference at position 1: prompt='s', decoded='/'
[DEBUG] Context: prompt='<s>[INST] A _________', decoded='</s></s></s></s></s><'
[WARNING] in lang en, index 1551: No tokens were selected by the answer mask for perplexity calculation, setting perplexity to 1.0.
Perplexity: Written 1614/85610 entries to perplexity result file (batch 269/14269)
Processing batch 270/14269
Warning: Decoded text differs from trimmed prompt
  Trimmed prompt length: 313, Decoded text length: 287
[DEBUG] First difference at position 1: prompt='s', decoded='/'
[DEBUG] Context: prompt='<s>[INST] Let suppose', decoded='</s></s></s></s></s><'
[WARNING] in lang en, index 1553: No tokens were selected by the answer mask for perplexity calculation, setting perplexity to 1.0.
Warning: Decoded text differs from trimmed prompt
  Trimmed prompt length: 323, Decoded text length: 292
[DEBUG] First difference at position 1: prompt='s', decoded='/'
[DEBUG] Context: prompt='<s>[INST] Let suppose', decoded='</s></s></s></s></s><'
[WARNING] in lang en, index 1553: No tokens were selected by the answer mask for perplexity calculation, setting perplexity to 1.0.
Warning: Decoded text differs from trimmed prompt
  Trimmed prompt length: 566, Decoded text length: 567
[DEBUG] First difference at position 3: prompt='[', decoded=' '
[DEBUG] Context: prompt='<s>[INST] Why is it tha', decoded='<s> [INST] Why is it th'
Warning: Decoded text differs from trimmed prompt
  Trimmed prompt length: 506, Decoded text length: 497
[DEBUG] First difference at position 1: prompt='s', decoded='/'
[DEBUG] Context: prompt='<s>[INST] Why is it t', decoded='</s></s></s></s></s><'
Warning: Decoded text differs from trimmed prompt
  Trimmed prompt length: 221, Decoded text length: 232
[DEBUG] First difference at position 1: prompt='s', decoded='/'
[DEBUG] Context: prompt='<s>[INST] The stack i', decoded='</s></s></s></s></s><'
Warning: Decoded text differs from trimmed prompt
  Trimmed prompt length: 218, Decoded text length: 232
[DEBUG] First difference at position 1: prompt='s', decoded='/'
[DEBUG] Context: prompt='<s>[INST] The stack i', decoded='</s></s></s></s></s><'
Perplexity: Written 1620/85610 entries to perplexity result file (batch 270/14269)
Processing batch 271/14269
Warning: Decoded text differs from trimmed prompt
  Trimmed prompt length: 233, Decoded text length: 226
[DEBUG] First difference at position 1: prompt='s', decoded='/'
[DEBUG] Context: prompt='<s>[INST] Can a strea', decoded='</s></s></s></s></s><'
Warning: Decoded text differs from trimmed prompt
  Trimmed prompt length: 222, Decoded text length: 224
[DEBUG] First difference at position 1: prompt='s', decoded='/'
[DEBUG] Context: prompt='<s>[INST] Can a strea', decoded='</s></s></s></s></s><'
Warning: Decoded text differs from trimmed prompt
  Trimmed prompt length: 334, Decoded text length: 335
[DEBUG] First difference at position 3: prompt='[', decoded=' '
[DEBUG] Context: prompt='<s>[INST] Which of the ', decoded='<s> [INST] Which of the'
Warning: Decoded text differs from trimmed prompt
  Trimmed prompt length: 321, Decoded text length: 322
[DEBUG] First difference at position 1: prompt='s', decoded='/'
[DEBUG] Context: prompt='<s>[INST] Which of th', decoded='</s><s> [INST] Which '
Warning: Decoded text differs from trimmed prompt
  Trimmed prompt length: 187, Decoded text length: 177
[DEBUG] First difference at position 1: prompt='s', decoded='/'
[DEBUG] Context: prompt='<s>[INST] The message', decoded='</s></s></s></s></s><'
[WARNING] in lang en, index 1561: No tokens were selected by the answer mask for perplexity calculation, setting perplexity to 1.0.
Warning: Decoded text differs from trimmed prompt
  Trimmed prompt length: 186, Decoded text length: 180
[DEBUG] First difference at position 1: prompt='s', decoded='/'
[DEBUG] Context: prompt='<s>[INST] The message', decoded='</s></s></s></s></s><'
[WARNING] in lang en, index 1561: No tokens were selected by the answer mask for perplexity calculation, setting perplexity to 1.0.
Perplexity: Written 1626/85610 entries to perplexity result file (batch 271/14269)
Processing batch 272/14269
Warning: Decoded text differs from trimmed prompt
  Trimmed prompt length: 438, Decoded text length: 444
[DEBUG] First difference at position 1: prompt='s', decoded='/'
[DEBUG] Context: prompt='<s>[INST] A _________', decoded='</s></s></s></s></s><'
Warning: Decoded text differs from trimmed prompt
  Trimmed prompt length: 440, Decoded text length: 443
[DEBUG] First difference at position 1: prompt='s', decoded='/'
[DEBUG] Context: prompt='<s>[INST] A _________', decoded='</s></s></s></s></s><'
Warning: Decoded text differs from trimmed prompt
  Trimmed prompt length: 552, Decoded text length: 553
[DEBUG] First difference at position 3: prompt='[', decoded=' '
[DEBUG] Context: prompt='<s>[INST] Suppose Unix ', decoded='<s> [INST] Suppose Unix'
[WARNING] in lang en, index 1565: No tokens were selected by the answer mask for perplexity calculation, setting perplexity to 1.0.
Warning: Decoded text differs from trimmed prompt
  Trimmed prompt length: 551, Decoded text length: 552
[DEBUG] First difference at position 3: prompt='[', decoded=' '
[DEBUG] Context: prompt='<s>[INST] Suppose Unix ', decoded='<s> [INST] Suppose Unix'
[WARNING] in lang en, index 1565: No tokens were selected by the answer mask for perplexity calculation, setting perplexity to 1.0.
Warning: Decoded text differs from trimmed prompt
  Trimmed prompt length: 182, Decoded text length: 184
[DEBUG] First difference at position 1: prompt='s', decoded='/'
[DEBUG] Context: prompt='<s>[INST] Why would a', decoded='</s></s></s></s></s><'
Warning: Decoded text differs from trimmed prompt
  Trimmed prompt length: 180, Decoded text length: 184
[DEBUG] First difference at position 1: prompt='s', decoded='/'
[DEBUG] Context: prompt='<s>[INST] Why would a', decoded='</s></s></s></s></s><'
Perplexity: Written 1632/85610 entries to perplexity result file (batch 272/14269)
Processing batch 273/14269
Warning: Decoded text differs from trimmed prompt
  Trimmed prompt length: 289, Decoded text length: 244
[DEBUG] First difference at position 1: prompt='s', decoded='/'
[DEBUG] Context: prompt='<s>[INST] The four Pr', decoded='</s></s></s></s></s><'
Warning: Decoded text differs from trimmed prompt
  Trimmed prompt length: 286, Decoded text length: 244
[DEBUG] First difference at position 1: prompt='s', decoded='/'
[DEBUG] Context: prompt='<s>[INST] The four Pr', decoded='</s></s></s></s></s><'
Warning: Decoded text differs from trimmed prompt
  Trimmed prompt length: 227, Decoded text length: 212
[DEBUG] First difference at position 1: prompt='s', decoded='/'
[DEBUG] Context: prompt='<s>[INST] A completel', decoded='</s></s></s></s></s><'
Warning: Decoded text differs from trimmed prompt
  Trimmed prompt length: 229, Decoded text length: 216
[DEBUG] First difference at position 1: prompt='s', decoded='/'
[DEBUG] Context: prompt='<s>[INST] A completel', decoded='</s></s></s></s></s><'
Warning: Decoded text differs from trimmed prompt
  Trimmed prompt length: 717, Decoded text length: 718
[DEBUG] First difference at position 3: prompt='[', decoded=' '
[DEBUG] Context: prompt='<s>[INST] When a diver ', decoded='<s> [INST] When a diver'
[WARNING] in lang en, index 1573: No tokens were selected by the answer mask for perplexity calculation, setting perplexity to 1.0.
Warning: Decoded text differs from trimmed prompt
  Trimmed prompt length: 703, Decoded text length: 702
[DEBUG] First difference at position 1: prompt='s', decoded='/'
[DEBUG] Context: prompt='<s>[INST] When a dive', decoded='</s></s></s><s> [INST'
[WARNING] in lang en, index 1573: No tokens were selected by the answer mask for perplexity calculation, setting perplexity to 1.0.
Perplexity: Written 1638/85610 entries to perplexity result file (batch 273/14269)
Processing batch 274/14269
Warning: Decoded text differs from trimmed prompt
  Trimmed prompt length: 271, Decoded text length: 272
[DEBUG] First difference at position 3: prompt='[', decoded=' '
[DEBUG] Context: prompt='<s>[INST] According to ', decoded='<s> [INST] According to'
[WARNING] in lang en, index 1574: No tokens were selected by the answer mask for perplexity calculation, setting perplexity to 1.0.
Warning: Decoded text differs from trimmed prompt
  Trimmed prompt length: 267, Decoded text length: 268
[DEBUG] First difference at position 3: prompt='[', decoded=' '
[DEBUG] Context: prompt='<s>[INST] According to ', decoded='<s> [INST] According to'
[WARNING] in lang en, index 1574: No tokens were selected by the answer mask for perplexity calculation, setting perplexity to 1.0.
Warning: Decoded text differs from trimmed prompt
  Trimmed prompt length: 229, Decoded text length: 223
[DEBUG] First difference at position 1: prompt='s', decoded='/'
[DEBUG] Context: prompt='<s>[INST] A voltage w', decoded='</s></s></s></s></s><'
[WARNING] in lang en, index 1575: No tokens were selected by the answer mask for perplexity calculation, setting perplexity to 1.0.
Warning: Decoded text differs from trimmed prompt
  Trimmed prompt length: 252, Decoded text length: 245
[DEBUG] First difference at position 1: prompt='s', decoded='/'
[DEBUG] Context: prompt='<s>[INST] A voltage w', decoded='</s></s></s></s></s><'
[WARNING] in lang en, index 1575: No tokens were selected by the answer mask for perplexity calculation, setting perplexity to 1.0.
Warning: Decoded text differs from trimmed prompt
  Trimmed prompt length: 240, Decoded text length: 243
[DEBUG] First difference at position 1: prompt='s', decoded='/'
[DEBUG] Context: prompt='<s>[INST] Among these', decoded='</s></s></s></s></s><'
[WARNING] in lang en, index 1576: No tokens were selected by the answer mask for perplexity calculation, setting perplexity to 1.0.
Warning: Decoded text differs from trimmed prompt
  Trimmed prompt length: 237, Decoded text length: 239
[DEBUG] First difference at position 1: prompt='s', decoded='/'
[DEBUG] Context: prompt='<s>[INST] Among these', decoded='</s></s></s></s></s><'
[WARNING] in lang en, index 1576: No tokens were selected by the answer mask for perplexity calculation, setting perplexity to 1.0.
Perplexity: Written 1644/85610 entries to perplexity result file (batch 274/14269)
Processing batch 275/14269
Warning: Decoded text differs from trimmed prompt
  Trimmed prompt length: 257, Decoded text length: 256
[DEBUG] First difference at position 1: prompt='s', decoded='/'
[DEBUG] Context: prompt='<s>[INST] A step-up t', decoded='</s></s></s></s><s> ['
Warning: Decoded text differs from trimmed prompt
  Trimmed prompt length: 256, Decoded text length: 255
[DEBUG] First difference at position 1: prompt='s', decoded='/'
[DEBUG] Context: prompt='<s>[INST] A step-up t', decoded='</s></s></s></s><s> ['
Warning: Decoded text differs from trimmed prompt
  Trimmed prompt length: 202, Decoded text length: 185
[DEBUG] First difference at position 1: prompt='s', decoded='/'
[DEBUG] Context: prompt='<s>[INST] A wave tran', decoded='</s></s></s></s></s><'
Warning: Decoded text differs from trimmed prompt
  Trimmed prompt length: 205, Decoded text length: 185
[DEBUG] First difference at position 1: prompt='s', decoded='/'
[DEBUG] Context: prompt='<s>[INST] A wave tran', decoded='</s></s></s></s></s><'
Warning: Decoded text differs from trimmed prompt
  Trimmed prompt length: 289, Decoded text length: 293
[DEBUG] First difference at position 1: prompt='s', decoded='/'
[DEBUG] Context: prompt='<s>[INST] Immediately', decoded='</s></s><s> [INST] Im'
[WARNING] in lang en, index 1581: No tokens were selected by the answer mask for perplexity calculation, setting perplexity to 1.0.
Warning: Decoded text differs from trimmed prompt
  Trimmed prompt length: 296, Decoded text length: 297
[DEBUG] First difference at position 3: prompt='[', decoded=' '
[DEBUG] Context: prompt='<s>[INST] Immediately a', decoded='<s> [INST] Immediately '
[WARNING] in lang en, index 1581: No tokens were selected by the answer mask for perplexity calculation, setting perplexity to 1.0.
Perplexity: Written 1650/85610 entries to perplexity result file (batch 275/14269)
Processing batch 276/14269
Warning: Decoded text differs from trimmed prompt
  Trimmed prompt length: 224, Decoded text length: 226
[DEBUG] First difference at position 1: prompt='s', decoded='/'
[DEBUG] Context: prompt='<s>[INST] The surface', decoded='</s></s></s></s></s><'
Warning: Decoded text differs from trimmed prompt
  Trimmed prompt length: 228, Decoded text length: 225
[DEBUG] First difference at position 1: prompt='s', decoded='/'
[DEBUG] Context: prompt='<s>[INST] The surface', decoded='</s></s></s></s></s><'
Warning: Decoded text differs from trimmed prompt
  Trimmed prompt length: 289, Decoded text length: 293
[DEBUG] First difference at position 1: prompt='s', decoded='/'
[DEBUG] Context: prompt='<s>[INST] As a blinki', decoded='</s></s><s> [INST] As'
Warning: Decoded text differs from trimmed prompt
  Trimmed prompt length: 289, Decoded text length: 293
[DEBUG] First difference at position 1: prompt='s', decoded='/'
[DEBUG] Context: prompt='<s>[INST] As a blinki', decoded='</s></s><s> [INST] As'
Warning: Decoded text differs from trimmed prompt
  Trimmed prompt length: 254, Decoded text length: 255
[DEBUG] First difference at position 3: prompt='[', decoded=' '
[DEBUG] Context: prompt='<s>[INST] Pumice is a v', decoded='<s> [INST] Pumice is a '
[WARNING] in lang en, index 1586: No tokens were selected by the answer mask for perplexity calculation, setting perplexity to 1.0.
Warning: Decoded text differs from trimmed prompt
  Trimmed prompt length: 255, Decoded text length: 256
[DEBUG] First difference at position 3: prompt='[', decoded=' '
[DEBUG] Context: prompt='<s>[INST] Pumice is a v', decoded='<s> [INST] Pumice is a '
[WARNING] in lang en, index 1586: No tokens were selected by the answer mask for perplexity calculation, setting perplexity to 1.0.
Perplexity: Written 1656/85610 entries to perplexity result file (batch 276/14269)
Processing batch 277/14269
Warning: Decoded text differs from trimmed prompt
  Trimmed prompt length: 183, Decoded text length: 182
[DEBUG] First difference at position 1: prompt='s', decoded='/'
[DEBUG] Context: prompt='<s>[INST] When you lo', decoded='</s></s></s></s></s><'
[WARNING] in lang en, index 1587: No tokens were selected by the answer mask for perplexity calculation, setting perplexity to 1.0.
Warning: Decoded text differs from trimmed prompt
  Trimmed prompt length: 185, Decoded text length: 182
[DEBUG] First difference at position 1: prompt='s', decoded='/'
[DEBUG] Context: prompt='<s>[INST] When you lo', decoded='</s></s></s></s></s><'
[WARNING] in lang en, index 1587: No tokens were selected by the answer mask for perplexity calculation, setting perplexity to 1.0.
Warning: Decoded text differs from trimmed prompt
  Trimmed prompt length: 360, Decoded text length: 361
[DEBUG] First difference at position 1: prompt='s', decoded='/'
[DEBUG] Context: prompt='<s>[INST] Compared wi', decoded='</s><s> [INST] Compar'
Warning: Decoded text differs from trimmed prompt
  Trimmed prompt length: 361, Decoded text length: 362
[DEBUG] First difference at position 3: prompt='[', decoded=' '
[DEBUG] Context: prompt='<s>[INST] Compared with', decoded='<s> [INST] Compared wit'
Warning: Decoded text differs from trimmed prompt
  Trimmed prompt length: 297, Decoded text length: 287
[DEBUG] First difference at position 1: prompt='s', decoded='/'
[DEBUG] Context: prompt='<s>[INST] Polarizatio', decoded='</s></s></s></s></s><'
Warning: Decoded text differs from trimmed prompt
  Trimmed prompt length: 299, Decoded text length: 289
[DEBUG] First difference at position 1: prompt='s', decoded='/'
[DEBUG] Context: prompt='<s>[INST] Polarizatio', decoded='</s></s></s></s></s><'
Perplexity: Written 1662/85610 entries to perplexity result file (batch 277/14269)
Processing batch 278/14269
Warning: Decoded text differs from trimmed prompt
  Trimmed prompt length: 238, Decoded text length: 234
[DEBUG] First difference at position 1: prompt='s', decoded='/'
[DEBUG] Context: prompt='<s>[INST] In a vacuum', decoded='</s></s></s></s></s><'
Warning: Decoded text differs from trimmed prompt
  Trimmed prompt length: 229, Decoded text length: 224
[DEBUG] First difference at position 1: prompt='s', decoded='/'
[DEBUG] Context: prompt='<s>[INST] In a vacuum', decoded='</s></s></s></s></s><'
[WARNING] in lang en, index 1591: No tokens were selected by the answer mask for perplexity calculation, setting perplexity to 1.0.
Warning: Decoded text differs from trimmed prompt
  Trimmed prompt length: 339, Decoded text length: 340
[DEBUG] First difference at position 3: prompt='[', decoded=' '
[DEBUG] Context: prompt='<s>[INST] Temperature i', decoded='<s> [INST] Temperature '
Warning: Decoded text differs from trimmed prompt
  Trimmed prompt length: 328, Decoded text length: 329
[DEBUG] First difference at position 1: prompt='s', decoded='/'
[DEBUG] Context: prompt='<s>[INST] Temperature', decoded='</s><s> [INST] Temper'
Warning: Decoded text differs from trimmed prompt
  Trimmed prompt length: 211, Decoded text length: 187
[DEBUG] First difference at position 1: prompt='s', decoded='/'
[DEBUG] Context: prompt='<s>[INST] In a hydrau', decoded='</s></s></s></s></s><'
[WARNING] in lang en, index 1593: No tokens were selected by the answer mask for perplexity calculation, setting perplexity to 1.0.
Warning: Decoded text differs from trimmed prompt
  Trimmed prompt length: 221, Decoded text length: 208
[DEBUG] First difference at position 1: prompt='s', decoded='/'
[DEBUG] Context: prompt='<s>[INST] In a hydrau', decoded='</s></s></s></s></s><'
Perplexity: Written 1668/85610 entries to perplexity result file (batch 278/14269)
Processing batch 279/14269
Warning: Decoded text differs from trimmed prompt
  Trimmed prompt length: 304, Decoded text length: 281
[DEBUG] First difference at position 1: prompt='s', decoded='/'
[DEBUG] Context: prompt='<s>[INST] When a spin', decoded='</s></s></s></s></s><'
[WARNING] in lang en, index 1594: No tokens were selected by the answer mask for perplexity calculation, setting perplexity to 1.0.
Warning: Decoded text differs from trimmed prompt
  Trimmed prompt length: 311, Decoded text length: 290
[DEBUG] First difference at position 1: prompt='s', decoded='/'
[DEBUG] Context: prompt='<s>[INST] When a spin', decoded='</s></s></s></s></s><'
[WARNING] in lang en, index 1594: No tokens were selected by the answer mask for perplexity calculation, setting perplexity to 1.0.
Warning: Decoded text differs from trimmed prompt
  Trimmed prompt length: 330, Decoded text length: 334
[DEBUG] First difference at position 1: prompt='s', decoded='/'
[DEBUG] Context: prompt='<s>[INST] According t', decoded='</s></s><s> [INST] Ac'
[WARNING] in lang en, index 1595: No tokens were selected by the answer mask for perplexity calculation, setting perplexity to 1.0.
Warning: Decoded text differs from trimmed prompt
  Trimmed prompt length: 332, Decoded text length: 333
[DEBUG] First difference at position 3: prompt='[', decoded=' '
[DEBUG] Context: prompt='<s>[INST] According to ', decoded='<s> [INST] According to'
[WARNING] in lang en, index 1595: No tokens were selected by the answer mask for perplexity calculation, setting perplexity to 1.0.
Warning: Decoded text differs from trimmed prompt
  Trimmed prompt length: 235, Decoded text length: 217
[DEBUG] First difference at position 1: prompt='s', decoded='/'
[DEBUG] Context: prompt='<s>[INST] When an inc', decoded='</s></s></s></s></s><'
Warning: Decoded text differs from trimmed prompt
  Trimmed prompt length: 211, Decoded text length: 198
[DEBUG] First difference at position 1: prompt='s', decoded='/'
[DEBUG] Context: prompt='<s>[INST] When an inc', decoded='</s></s></s></s></s><'
[WARNING] in lang en, index 1596: No tokens were selected by the answer mask for perplexity calculation, setting perplexity to 1.0.
Perplexity: Written 1674/85610 entries to perplexity result file (batch 279/14269)
Processing batch 280/14269
Warning: Decoded text differs from trimmed prompt
  Trimmed prompt length: 346, Decoded text length: 347
[DEBUG] First difference at position 3: prompt='[', decoded=' '
[DEBUG] Context: prompt='<s>[INST] Suppose the n', decoded='<s> [INST] Suppose the '
[WARNING] in lang en, index 1597: No tokens were selected by the answer mask for perplexity calculation, setting perplexity to 1.0.
Warning: Decoded text differs from trimmed prompt
  Trimmed prompt length: 345, Decoded text length: 346
[DEBUG] First difference at position 3: prompt='[', decoded=' '
[DEBUG] Context: prompt='<s>[INST] Suppose the n', decoded='<s> [INST] Suppose the '
[WARNING] in lang en, index 1597: No tokens were selected by the answer mask for perplexity calculation, setting perplexity to 1.0.
Warning: Decoded text differs from trimmed prompt
  Trimmed prompt length: 267, Decoded text length: 264
[DEBUG] First difference at position 1: prompt='s', decoded='/'
[DEBUG] Context: prompt='<s>[INST] If an objec', decoded='</s></s></s></s></s><'
Warning: Decoded text differs from trimmed prompt
  Trimmed prompt length: 282, Decoded text length: 277
[DEBUG] First difference at position 1: prompt='s', decoded='/'
[DEBUG] Context: prompt='<s>[INST] If an objec', decoded='</s></s></s></s></s><'
Warning: Decoded text differs from trimmed prompt
  Trimmed prompt length: 321, Decoded text length: 311
[DEBUG] First difference at position 1: prompt='s', decoded='/'
[DEBUG] Context: prompt='<s>[INST] Relativity ', decoded='</s></s></s></s></s><'
Warning: Decoded text differs from trimmed prompt
  Trimmed prompt length: 324, Decoded text length: 314
[DEBUG] First difference at position 1: prompt='s', decoded='/'
[DEBUG] Context: prompt='<s>[INST] Relativity ', decoded='</s></s></s></s></s><'
Perplexity: Written 1680/85610 entries to perplexity result file (batch 280/14269)
Processing batch 281/14269
Warning: Decoded text differs from trimmed prompt
  Trimmed prompt length: 252, Decoded text length: 234
[DEBUG] First difference at position 1: prompt='s', decoded='/'
[DEBUG] Context: prompt='<s>[INST] Put a sauce', decoded='</s></s></s></s></s><'
[WARNING] in lang en, index 1600: No tokens were selected by the answer mask for perplexity calculation, setting perplexity to 1.0.
Warning: Decoded text differs from trimmed prompt
  Trimmed prompt length: 255, Decoded text length: 234
[DEBUG] First difference at position 1: prompt='s', decoded='/'
[DEBUG] Context: prompt='<s>[INST] Put a sauce', decoded='</s></s></s></s></s><'
[WARNING] in lang en, index 1600: No tokens were selected by the answer mask for perplexity calculation, setting perplexity to 1.0.
Warning: Decoded text differs from trimmed prompt
  Trimmed prompt length: 253, Decoded text length: 249
[DEBUG] First difference at position 1: prompt='s', decoded='/'
[DEBUG] Context: prompt='<s>[INST] A barometer', decoded='</s></s></s></s></s><'
[WARNING] in lang en, index 1601: No tokens were selected by the answer mask for perplexity calculation, setting perplexity to 1.0.
Warning: Decoded text differs from trimmed prompt
  Trimmed prompt length: 262, Decoded text length: 256
[DEBUG] First difference at position 1: prompt='s', decoded='/'
[DEBUG] Context: prompt='<s>[INST] A barometer', decoded='</s></s></s></s></s><'
[WARNING] in lang en, index 1601: No tokens were selected by the answer mask for perplexity calculation, setting perplexity to 1.0.
Warning: Decoded text differs from trimmed prompt
  Trimmed prompt length: 358, Decoded text length: 359
[DEBUG] First difference at position 1: prompt='s', decoded='/'
[DEBUG] Context: prompt='<s>[INST] A heavy roc', decoded='</s><s> [INST] A heav'
[WARNING] in lang en, index 1602: No tokens were selected by the answer mask for perplexity calculation, setting perplexity to 1.0.
Warning: Decoded text differs from trimmed prompt
  Trimmed prompt length: 364, Decoded text length: 365
[DEBUG] First difference at position 3: prompt='[', decoded=' '
[DEBUG] Context: prompt='<s>[INST] A heavy rock ', decoded='<s> [INST] A heavy rock'
[WARNING] in lang en, index 1602: No tokens were selected by the answer mask for perplexity calculation, setting perplexity to 1.0.
Perplexity: Written 1686/85610 entries to perplexity result file (batch 281/14269)
Processing batch 282/14269
Warning: Decoded text differs from trimmed prompt
  Trimmed prompt length: 432, Decoded text length: 433
[DEBUG] First difference at position 1: prompt='s', decoded='/'
[DEBUG] Context: prompt='<s>[INST] When an inc', decoded='</s><s> [INST] When a'
Warning: Decoded text differs from trimmed prompt
  Trimmed prompt length: 444, Decoded text length: 445
[DEBUG] First difference at position 3: prompt='[', decoded=' '
[DEBUG] Context: prompt='<s>[INST] When an incre', decoded='<s> [INST] When an incr'
Warning: Decoded text differs from trimmed prompt
  Trimmed prompt length: 220, Decoded text length: 198
[DEBUG] First difference at position 1: prompt='s', decoded='/'
[DEBUG] Context: prompt='<s>[INST] When an ele', decoded='</s></s></s></s></s><'
[WARNING] in lang en, index 1606: No tokens were selected by the answer mask for perplexity calculation, setting perplexity to 1.0.
Warning: Decoded text differs from trimmed prompt
  Trimmed prompt length: 220, Decoded text length: 198
[DEBUG] First difference at position 1: prompt='s', decoded='/'
[DEBUG] Context: prompt='<s>[INST] When an ele', decoded='</s></s></s></s></s><'
[WARNING] in lang en, index 1606: No tokens were selected by the answer mask for perplexity calculation, setting perplexity to 1.0.
Warning: Decoded text differs from trimmed prompt
  Trimmed prompt length: 232, Decoded text length: 200
[DEBUG] First difference at position 1: prompt='s', decoded='/'
[DEBUG] Context: prompt='<s>[INST] As more lam', decoded='</s></s></s></s></s><'
[WARNING] in lang en, index 1607: No tokens were selected by the answer mask for perplexity calculation, setting perplexity to 1.0.
Warning: Decoded text differs from trimmed prompt
  Trimmed prompt length: 232, Decoded text length: 210
[DEBUG] First difference at position 1: prompt='s', decoded='/'
[DEBUG] Context: prompt='<s>[INST] As more lam', decoded='</s></s></s></s></s><'
[WARNING] in lang en, index 1607: No tokens were selected by the answer mask for perplexity calculation, setting perplexity to 1.0.
Perplexity: Written 1692/85610 entries to perplexity result file (batch 282/14269)
Processing batch 283/14269
Warning: Decoded text differs from trimmed prompt
  Trimmed prompt length: 164, Decoded text length: 160
[DEBUG] First difference at position 1: prompt='s', decoded='/'
[DEBUG] Context: prompt='<s>[INST] The energy ', decoded='</s></s></s></s></s><'
Warning: Decoded text differs from trimmed prompt
  Trimmed prompt length: 164, Decoded text length: 168
[DEBUG] First difference at position 1: prompt='s', decoded='/'
[DEBUG] Context: prompt='<s>[INST] The energy ', decoded='</s></s></s></s></s><'
Warning: Decoded text differs from trimmed prompt
  Trimmed prompt length: 256, Decoded text length: 223
[DEBUG] First difference at position 1: prompt='s', decoded='/'
[DEBUG] Context: prompt='<s>[INST] Thermal con', decoded='</s></s></s></s></s><'
[WARNING] in lang en, index 1610: No tokens were selected by the answer mask for perplexity calculation, setting perplexity to 1.0.
Warning: Decoded text differs from trimmed prompt
  Trimmed prompt length: 254, Decoded text length: 223
[DEBUG] First difference at position 1: prompt='s', decoded='/'
[DEBUG] Context: prompt='<s>[INST] Thermal con', decoded='</s></s></s></s></s><'
[WARNING] in lang en, index 1610: No tokens were selected by the answer mask for perplexity calculation, setting perplexity to 1.0.
Warning: Decoded text differs from trimmed prompt
  Trimmed prompt length: 422, Decoded text length: 423
[DEBUG] First difference at position 1: prompt='s', decoded='/'
[DEBUG] Context: prompt='<s>[INST] Compared wi', decoded='</s><s> [INST] Compar'
Warning: Decoded text differs from trimmed prompt
  Trimmed prompt length: 435, Decoded text length: 436
[DEBUG] First difference at position 3: prompt='[', decoded=' '
[DEBUG] Context: prompt='<s>[INST] Compared with', decoded='<s> [INST] Compared wit'
Perplexity: Written 1698/85610 entries to perplexity result file (batch 283/14269)
Processing batch 284/14269
Warning: Decoded text differs from trimmed prompt
  Trimmed prompt length: 272, Decoded text length: 263
[DEBUG] First difference at position 1: prompt='s', decoded='/'
[DEBUG] Context: prompt='<s>[INST] The speed o', decoded='</s></s></s></s></s><'
Warning: Decoded text differs from trimmed prompt
  Trimmed prompt length: 292, Decoded text length: 269
[DEBUG] First difference at position 1: prompt='s', decoded='/'
[DEBUG] Context: prompt='<s>[INST] The speed o', decoded='</s></s></s></s></s><'
Warning: Decoded text differs from trimmed prompt
  Trimmed prompt length: 302, Decoded text length: 303
[DEBUG] First difference at position 1: prompt='s', decoded='/'
[DEBUG] Context: prompt='<s>[INST] Consider tw', decoded='</s><s> [INST] Consid'
[WARNING] in lang en, index 1614: No tokens were selected by the answer mask for perplexity calculation, setting perplexity to 1.0.
Warning: Decoded text differs from trimmed prompt
  Trimmed prompt length: 307, Decoded text length: 308
[DEBUG] First difference at position 3: prompt='[', decoded=' '
[DEBUG] Context: prompt='<s>[INST] Consider two ', decoded='<s> [INST] Consider two'
[WARNING] in lang en, index 1614: No tokens were selected by the answer mask for perplexity calculation, setting perplexity to 1.0.
Warning: Decoded text differs from trimmed prompt
  Trimmed prompt length: 280, Decoded text length: 273
[DEBUG] First difference at position 1: prompt='s', decoded='/'
[DEBUG] Context: prompt='<s>[INST] The second ', decoded='</s></s></s></s></s><'
Warning: Decoded text differs from trimmed prompt
  Trimmed prompt length: 261, Decoded text length: 260
[DEBUG] First difference at position 1: prompt='s', decoded='/'
[DEBUG] Context: prompt='<s>[INST] The second ', decoded='</s></s></s></s></s><'
[WARNING] in lang en, index 1615: No tokens were selected by the answer mask for perplexity calculation, setting perplexity to 1.0.
Perplexity: Written 1704/85610 entries to perplexity result file (batch 284/14269)
Processing batch 285/14269
Warning: Decoded text differs from trimmed prompt
  Trimmed prompt length: 547, Decoded text length: 548
[DEBUG] First difference at position 3: prompt='[', decoded=' '
[DEBUG] Context: prompt='<s>[INST] In a mixture ', decoded='<s> [INST] In a mixture'
[WARNING] in lang en, index 1616: No tokens were selected by the answer mask for perplexity calculation, setting perplexity to 1.0.
Warning: Decoded text differs from trimmed prompt
  Trimmed prompt length: 545, Decoded text length: 546
[DEBUG] First difference at position 1: prompt='s', decoded='/'
[DEBUG] Context: prompt='<s>[INST] In a mixtur', decoded='</s><s> [INST] In a m'
[WARNING] in lang en, index 1616: No tokens were selected by the answer mask for perplexity calculation, setting perplexity to 1.0.
Warning: Decoded text differs from trimmed prompt
  Trimmed prompt length: 251, Decoded text length: 232
[DEBUG] First difference at position 1: prompt='s', decoded='/'
[DEBUG] Context: prompt='<s>[INST] Compared wi', decoded='</s></s></s></s></s><'
Warning: Decoded text differs from trimmed prompt
  Trimmed prompt length: 255, Decoded text length: 236
[DEBUG] First difference at position 1: prompt='s', decoded='/'
[DEBUG] Context: prompt='<s>[INST] Compared wi', decoded='</s></s></s></s></s><'
Warning: Decoded text differs from trimmed prompt
  Trimmed prompt length: 251, Decoded text length: 228
[DEBUG] First difference at position 1: prompt='s', decoded='/'
[DEBUG] Context: prompt='<s>[INST] The vibrati', decoded='</s></s></s></s></s><'
Warning: Decoded text differs from trimmed prompt
  Trimmed prompt length: 246, Decoded text length: 228
[DEBUG] First difference at position 1: prompt='s', decoded='/'
[DEBUG] Context: prompt='<s>[INST] The vibrati', decoded='</s></s></s></s></s><'
Perplexity: Written 1710/85610 entries to perplexity result file (batch 285/14269)
Processing batch 286/14269
Warning: Decoded text differs from trimmed prompt
  Trimmed prompt length: 334, Decoded text length: 335
[DEBUG] First difference at position 3: prompt='[', decoded=' '
[DEBUG] Context: prompt='<s>[INST] The potential', decoded='<s> [INST] The potentia'
[WARNING] in lang en, index 1620: No tokens were selected by the answer mask for perplexity calculation, setting perplexity to 1.0.
Warning: Decoded text differs from trimmed prompt
  Trimmed prompt length: 319, Decoded text length: 321
[DEBUG] First difference at position 1: prompt='s', decoded='/'
[DEBUG] Context: prompt='<s>[INST] The potenti', decoded='</s></s></s></s><s> ['
[WARNING] in lang en, index 1620: No tokens were selected by the answer mask for perplexity calculation, setting perplexity to 1.0.
Warning: Decoded text differs from trimmed prompt
  Trimmed prompt length: 261, Decoded text length: 246
[DEBUG] First difference at position 1: prompt='s', decoded='/'
[DEBUG] Context: prompt='<s>[INST] A step-up t', decoded='</s></s></s></s></s><'
Warning: Decoded text differs from trimmed prompt
  Trimmed prompt length: 260, Decoded text length: 246
[DEBUG] First difference at position 1: prompt='s', decoded='/'
[DEBUG] Context: prompt='<s>[INST] A step-up t', decoded='</s></s></s></s></s><'
Warning: Decoded text differs from trimmed prompt
  Trimmed prompt length: 205, Decoded text length: 208
[DEBUG] First difference at position 1: prompt='s', decoded='/'
[DEBUG] Context: prompt='<s>[INST] The neutron', decoded='</s></s></s></s></s><'
Warning: Decoded text differs from trimmed prompt
  Trimmed prompt length: 206, Decoded text length: 208
[DEBUG] First difference at position 1: prompt='s', decoded='/'
[DEBUG] Context: prompt='<s>[INST] The neutron', decoded='</s></s></s></s></s><'
Perplexity: Written 1716/85610 entries to perplexity result file (batch 286/14269)
Processing batch 287/14269
Warning: Decoded text differs from trimmed prompt
  Trimmed prompt length: 201, Decoded text length: 204
[DEBUG] First difference at position 1: prompt='s', decoded='/'
[DEBUG] Context: prompt='<s>[INST] The greenis', decoded='</s></s></s></s></s><'
Warning: Decoded text differs from trimmed prompt
  Trimmed prompt length: 202, Decoded text length: 200
[DEBUG] First difference at position 1: prompt='s', decoded='/'
[DEBUG] Context: prompt='<s>[INST] The greenis', decoded='</s></s></s></s></s><'
Warning: Decoded text differs from trimmed prompt
  Trimmed prompt length: 509, Decoded text length: 510
[DEBUG] First difference at position 1: prompt='s', decoded='/'
[DEBUG] Context: prompt='<s>[INST] Noise-cance', decoded='</s><s> [INST] Noise-'
Warning: Decoded text differs from trimmed prompt
  Trimmed prompt length: 506, Decoded text length: 507
[DEBUG] First difference at position 3: prompt='[', decoded=' '
[DEBUG] Context: prompt='<s>[INST] Noise-canceli', decoded='<s> [INST] Noise-cancel'
Warning: Decoded text differs from trimmed prompt
  Trimmed prompt length: 311, Decoded text length: 280
[DEBUG] First difference at position 1: prompt='s', decoded='/'
[DEBUG] Context: prompt='<s>[INST] Which of th', decoded='</s></s></s></s></s><'
[WARNING] in lang en, index 1627: No tokens were selected by the answer mask for perplexity calculation, setting perplexity to 1.0.
Warning: Decoded text differs from trimmed prompt
  Trimmed prompt length: 302, Decoded text length: 274
[DEBUG] First difference at position 1: prompt='s', decoded='/'
[DEBUG] Context: prompt='<s>[INST] Which of th', decoded='</s></s></s></s></s><'
[WARNING] in lang en, index 1627: No tokens were selected by the answer mask for perplexity calculation, setting perplexity to 1.0.
Perplexity: Written 1722/85610 entries to perplexity result file (batch 287/14269)
Processing batch 288/14269
Warning: Decoded text differs from trimmed prompt
  Trimmed prompt length: 168, Decoded text length: 162
[DEBUG] First difference at position 1: prompt='s', decoded='/'
[DEBUG] Context: prompt='<s>[INST] The loudnes', decoded='</s></s></s></s></s><'
[WARNING] in lang en, index 1629: No tokens were selected by the answer mask for perplexity calculation, setting perplexity to 1.0.
Warning: Decoded text differs from trimmed prompt
  Trimmed prompt length: 168, Decoded text length: 148
[DEBUG] First difference at position 1: prompt='s', decoded='/'
[DEBUG] Context: prompt='<s>[INST] The loudnes', decoded='</s></s></s></s></s><'
[WARNING] in lang en, index 1629: No tokens were selected by the answer mask for perplexity calculation, setting perplexity to 1.0.
Warning: Decoded text differs from trimmed prompt
  Trimmed prompt length: 264, Decoded text length: 265
[DEBUG] First difference at position 1: prompt='s', decoded='/'
[DEBUG] Context: prompt='<s>[INST] The redness', decoded='</s><s> [INST] The re'
[WARNING] in lang en, index 1631: No tokens were selected by the answer mask for perplexity calculation, setting perplexity to 1.0.
Warning: Decoded text differs from trimmed prompt
  Trimmed prompt length: 264, Decoded text length: 265
[DEBUG] First difference at position 3: prompt='[', decoded=' '
[DEBUG] Context: prompt='<s>[INST] The redness o', decoded='<s> [INST] The redness '
[WARNING] in lang en, index 1631: No tokens were selected by the answer mask for perplexity calculation, setting perplexity to 1.0.
Warning: Decoded text differs from trimmed prompt
  Trimmed prompt length: 185, Decoded text length: 207
[DEBUG] First difference at position 1: prompt='s', decoded='/'
[DEBUG] Context: prompt='<s>[INST] When a nucl', decoded='</s></s></s></s></s><'
Warning: Decoded text differs from trimmed prompt
  Trimmed prompt length: 184, Decoded text length: 193
[DEBUG] First difference at position 1: prompt='s', decoded='/'
[DEBUG] Context: prompt='<s>[INST] When a nucl', decoded='</s></s></s></s></s><'
Perplexity: Written 1728/85610 entries to perplexity result file (batch 288/14269)
Processing batch 289/14269
Warning: Decoded text differs from trimmed prompt
  Trimmed prompt length: 177, Decoded text length: 169
[DEBUG] First difference at position 1: prompt='s', decoded='/'
[DEBUG] Context: prompt='<s>[INST] If the Sun ', decoded='</s></s></s></s></s><'
Warning: Decoded text differs from trimmed prompt
  Trimmed prompt length: 176, Decoded text length: 166
[DEBUG] First difference at position 1: prompt='s', decoded='/'
[DEBUG] Context: prompt='<s>[INST] If the Sun ', decoded='</s></s></s></s></s><'
Warning: Decoded text differs from trimmed prompt
  Trimmed prompt length: 211, Decoded text length: 193
[DEBUG] First difference at position 1: prompt='s', decoded='/'
[DEBUG] Context: prompt='<s>[INST] During the ', decoded='</s></s></s></s></s><'
Warning: Decoded text differs from trimmed prompt
  Trimmed prompt length: 222, Decoded text length: 208
[DEBUG] First difference at position 1: prompt='s', decoded='/'
[DEBUG] Context: prompt='<s>[INST] During the ', decoded='</s></s></s></s></s><'
Warning: Decoded text differs from trimmed prompt
  Trimmed prompt length: 350, Decoded text length: 351
[DEBUG] First difference at position 3: prompt='[', decoded=' '
[DEBUG] Context: prompt='<s>[INST] When food is ', decoded='<s> [INST] When food is'
[WARNING] in lang en, index 1637: No tokens were selected by the answer mask for perplexity calculation, setting perplexity to 1.0.
Warning: Decoded text differs from trimmed prompt
  Trimmed prompt length: 341, Decoded text length: 345
[DEBUG] First difference at position 1: prompt='s', decoded='/'
[DEBUG] Context: prompt='<s>[INST] When food i', decoded='</s></s><s> [INST] Wh'
[WARNING] in lang en, index 1637: No tokens were selected by the answer mask for perplexity calculation, setting perplexity to 1.0.
Perplexity: Written 1734/85610 entries to perplexity result file (batch 289/14269)
Processing batch 290/14269
Warning: Decoded text differs from trimmed prompt
  Trimmed prompt length: 322, Decoded text length: 323
[DEBUG] First difference at position 3: prompt='[', decoded=' '
[DEBUG] Context: prompt='<s>[INST] The red glow ', decoded='<s> [INST] The red glow'
Warning: Decoded text differs from trimmed prompt
  Trimmed prompt length: 321, Decoded text length: 322
[DEBUG] First difference at position 3: prompt='[', decoded=' '
[DEBUG] Context: prompt='<s>[INST] The red glow ', decoded='<s> [INST] The red glow'
Warning: Decoded text differs from trimmed prompt
  Trimmed prompt length: 215, Decoded text length: 189
[DEBUG] First difference at position 1: prompt='s', decoded='/'
[DEBUG] Context: prompt='<s>[INST] Light that ', decoded='</s></s></s></s></s><'
Warning: Decoded text differs from trimmed prompt
  Trimmed prompt length: 174, Decoded text length: 161
[DEBUG] First difference at position 1: prompt='s', decoded='/'
[DEBUG] Context: prompt='<s>[INST] Light that ', decoded='</s></s></s></s></s><'
Warning: Decoded text differs from trimmed prompt
  Trimmed prompt length: 264, Decoded text length: 257
[DEBUG] First difference at position 1: prompt='s', decoded='/'
[DEBUG] Context: prompt='<s>[INST] A magnetic ', decoded='</s></s></s></s></s><'
Warning: Decoded text differs from trimmed prompt
  Trimmed prompt length: 261, Decoded text length: 257
[DEBUG] First difference at position 1: prompt='s', decoded='/'
[DEBUG] Context: prompt='<s>[INST] A magnetic ', decoded='</s></s></s></s></s><'
Perplexity: Written 1740/85610 entries to perplexity result file (batch 290/14269)
Processing batch 291/14269
Warning: Decoded text differs from trimmed prompt
  Trimmed prompt length: 235, Decoded text length: 236
[DEBUG] First difference at position 3: prompt='[', decoded=' '
[DEBUG] Context: prompt='<s>[INST] Microscopic s', decoded='<s> [INST] Microscopic '
[WARNING] in lang en, index 1642: No tokens were selected by the answer mask for perplexity calculation, setting perplexity to 1.0.
Warning: Decoded text differs from trimmed prompt
  Trimmed prompt length: 235, Decoded text length: 236
[DEBUG] First difference at position 3: prompt='[', decoded=' '
[DEBUG] Context: prompt='<s>[INST] Microscopic s', decoded='<s> [INST] Microscopic '
[WARNING] in lang en, index 1642: No tokens were selected by the answer mask for perplexity calculation, setting perplexity to 1.0.
Warning: Decoded text differs from trimmed prompt
  Trimmed prompt length: 194, Decoded text length: 189
[DEBUG] First difference at position 1: prompt='s', decoded='/'
[DEBUG] Context: prompt='<s>[INST] The speed o', decoded='</s></s></s></s></s><'
[WARNING] in lang en, index 1643: No tokens were selected by the answer mask for perplexity calculation, setting perplexity to 1.0.
Warning: Decoded text differs from trimmed prompt
  Trimmed prompt length: 191, Decoded text length: 190
[DEBUG] First difference at position 1: prompt='s', decoded='/'
[DEBUG] Context: prompt='<s>[INST] The speed o', decoded='</s></s></s></s></s><'
[WARNING] in lang en, index 1643: No tokens were selected by the answer mask for perplexity calculation, setting perplexity to 1.0.
Warning: Decoded text differs from trimmed prompt
  Trimmed prompt length: 235, Decoded text length: 215
[DEBUG] First difference at position 1: prompt='s', decoded='/'
[DEBUG] Context: prompt='<s>[INST] Heat comes ', decoded='</s></s></s></s></s><'
[WARNING] in lang en, index 1644: No tokens were selected by the answer mask for perplexity calculation, setting perplexity to 1.0.
Warning: Decoded text differs from trimmed prompt
  Trimmed prompt length: 270, Decoded text length: 271
[DEBUG] First difference at position 1: prompt='s', decoded='/'
[DEBUG] Context: prompt='<s>[INST] Heat comes ', decoded='</s><s> [INST] Heat c'
Perplexity: Written 1746/85610 entries to perplexity result file (batch 291/14269)
Processing batch 292/14269
Warning: Decoded text differs from trimmed prompt
  Trimmed prompt length: 185, Decoded text length: 187
[DEBUG] First difference at position 1: prompt='s', decoded='/'
[DEBUG] Context: prompt='<s>[INST] A torque is', decoded='</s></s></s></s></s><'
Warning: Decoded text differs from trimmed prompt
  Trimmed prompt length: 178, Decoded text length: 180
[DEBUG] First difference at position 1: prompt='s', decoded='/'
[DEBUG] Context: prompt='<s>[INST] A torque is', decoded='</s></s></s></s></s><'
Warning: Decoded text differs from trimmed prompt
  Trimmed prompt length: 245, Decoded text length: 218
[DEBUG] First difference at position 1: prompt='s', decoded='/'
[DEBUG] Context: prompt='<s>[INST] Big brother', decoded='</s></s></s></s></s><'
[WARNING] in lang en, index 1647: No tokens were selected by the answer mask for perplexity calculation, setting perplexity to 1.0.
Warning: Decoded text differs from trimmed prompt
  Trimmed prompt length: 246, Decoded text length: 218
[DEBUG] First difference at position 1: prompt='s', decoded='/'
[DEBUG] Context: prompt='<s>[INST] Big brother', decoded='</s></s></s></s></s><'
[WARNING] in lang en, index 1647: No tokens were selected by the answer mask for perplexity calculation, setting perplexity to 1.0.
Warning: Decoded text differs from trimmed prompt
  Trimmed prompt length: 359, Decoded text length: 360
[DEBUG] First difference at position 3: prompt='[', decoded=' '
[DEBUG] Context: prompt='<s>[INST] Any atom that', decoded='<s> [INST] Any atom tha'
[WARNING] in lang en, index 1648: No tokens were selected by the answer mask for perplexity calculation, setting perplexity to 1.0.
Warning: Decoded text differs from trimmed prompt
  Trimmed prompt length: 355, Decoded text length: 356
[DEBUG] First difference at position 3: prompt='[', decoded=' '
[DEBUG] Context: prompt='<s>[INST] Any atom that', decoded='<s> [INST] Any atom tha'
[WARNING] in lang en, index 1648: No tokens were selected by the answer mask for perplexity calculation, setting perplexity to 1.0.
Perplexity: Written 1752/85610 entries to perplexity result file (batch 292/14269)
Processing batch 293/14269
Warning: Decoded text differs from trimmed prompt
  Trimmed prompt length: 165, Decoded text length: 168
[DEBUG] First difference at position 1: prompt='s', decoded='/'
[DEBUG] Context: prompt='<s>[INST] Regelation ', decoded='</s></s></s></s></s><'
Warning: Decoded text differs from trimmed prompt
  Trimmed prompt length: 159, Decoded text length: 156
[DEBUG] First difference at position 1: prompt='s', decoded='/'
[DEBUG] Context: prompt='<s>[INST] Regelation ', decoded='</s></s></s></s></s><'
Warning: Decoded text differs from trimmed prompt
  Trimmed prompt length: 378, Decoded text length: 381
[DEBUG] First difference at position 1: prompt='s', decoded='/'
[DEBUG] Context: prompt='<s>[INST] A big fish ', decoded='</s></s></s></s><s> ['
Warning: Decoded text differs from trimmed prompt
  Trimmed prompt length: 381, Decoded text length: 384
[DEBUG] First difference at position 1: prompt='s', decoded='/'
[DEBUG] Context: prompt='<s>[INST] A big fish ', decoded='</s></s></s></s><s> ['
Warning: Decoded text differs from trimmed prompt
  Trimmed prompt length: 357, Decoded text length: 358
[DEBUG] First difference at position 3: prompt='[', decoded=' '
[DEBUG] Context: prompt='<s>[INST] For a tube cl', decoded='<s> [INST] For a tube c'
Warning: Decoded text differs from trimmed prompt
  Trimmed prompt length: 354, Decoded text length: 358
[DEBUG] First difference at position 1: prompt='s', decoded='/'
[DEBUG] Context: prompt='<s>[INST] For a tube ', decoded='</s></s><s> [INST] Fo'
Perplexity: Written 1758/85610 entries to perplexity result file (batch 293/14269)
Processing batch 294/14269
Warning: Decoded text differs from trimmed prompt
  Trimmed prompt length: 254, Decoded text length: 256
[DEBUG] First difference at position 1: prompt='s', decoded='/'
[DEBUG] Context: prompt='<s>[INST] If the Sun ', decoded='</s></s></s><s> [INST'
[WARNING] in lang en, index 1654: No tokens were selected by the answer mask for perplexity calculation, setting perplexity to 1.0.
Warning: Decoded text differs from trimmed prompt
  Trimmed prompt length: 261, Decoded text length: 262
[DEBUG] First difference at position 1: prompt='s', decoded='/'
[DEBUG] Context: prompt='<s>[INST] If the Sun ', decoded='</s><s> [INST] If the'
Warning: Decoded text differs from trimmed prompt
  Trimmed prompt length: 204, Decoded text length: 201
[DEBUG] First difference at position 1: prompt='s', decoded='/'
[DEBUG] Context: prompt='<s>[INST] The flight ', decoded='</s></s></s></s></s><'
[WARNING] in lang en, index 1656: No tokens were selected by the answer mask for perplexity calculation, setting perplexity to 1.0.
Warning: Decoded text differs from trimmed prompt
  Trimmed prompt length: 201, Decoded text length: 201
[DEBUG] First difference at position 1: prompt='s', decoded='/'
[DEBUG] Context: prompt='<s>[INST] The flight ', decoded='</s></s></s></s></s><'
[WARNING] in lang en, index 1656: No tokens were selected by the answer mask for perplexity calculation, setting perplexity to 1.0.
Warning: Decoded text differs from trimmed prompt
  Trimmed prompt length: 263, Decoded text length: 267
[DEBUG] First difference at position 1: prompt='s', decoded='/'
[DEBUG] Context: prompt='<s>[INST] The distanc', decoded='</s></s><s> [INST] Th'
Warning: Decoded text differs from trimmed prompt
  Trimmed prompt length: 273, Decoded text length: 274
[DEBUG] First difference at position 3: prompt='[', decoded=' '
[DEBUG] Context: prompt='<s>[INST] The distance ', decoded='<s> [INST] The distance'
Perplexity: Written 1764/85610 entries to perplexity result file (batch 294/14269)
Processing batch 295/14269
Warning: Decoded text differs from trimmed prompt
  Trimmed prompt length: 354, Decoded text length: 355
[DEBUG] First difference at position 1: prompt='s', decoded='/'
[DEBUG] Context: prompt='<s>[INST] The discret', decoded='</s><s> [INST] The di'
Warning: Decoded text differs from trimmed prompt
  Trimmed prompt length: 356, Decoded text length: 357
[DEBUG] First difference at position 3: prompt='[', decoded=' '
[DEBUG] Context: prompt='<s>[INST] The discrete ', decoded='<s> [INST] The discrete'
Warning: Decoded text differs from trimmed prompt
  Trimmed prompt length: 334, Decoded text length: 327
[DEBUG] First difference at position 1: prompt='s', decoded='/'
[DEBUG] Context: prompt='<s>[INST] Heat engine', decoded='</s></s></s></s><s> ['
Warning: Decoded text differs from trimmed prompt
  Trimmed prompt length: 338, Decoded text length: 331
[DEBUG] First difference at position 1: prompt='s', decoded='/'
[DEBUG] Context: prompt='<s>[INST] Heat engine', decoded='</s></s></s></s><s> ['
Warning: Decoded text differs from trimmed prompt
  Trimmed prompt length: 336, Decoded text length: 328
[DEBUG] First difference at position 1: prompt='s', decoded='/'
[DEBUG] Context: prompt='<s>[INST] The phenome', decoded='</s></s></s></s></s><'
[WARNING] in lang en, index 1660: No tokens were selected by the answer mask for perplexity calculation, setting perplexity to 1.0.
Warning: Decoded text differs from trimmed prompt
  Trimmed prompt length: 339, Decoded text length: 328
[DEBUG] First difference at position 1: prompt='s', decoded='/'
[DEBUG] Context: prompt='<s>[INST] The phenome', decoded='</s></s></s></s></s><'
[WARNING] in lang en, index 1660: No tokens were selected by the answer mask for perplexity calculation, setting perplexity to 1.0.
Perplexity: Written 1770/85610 entries to perplexity result file (batch 295/14269)
Processing batch 296/14269
Warning: Decoded text differs from trimmed prompt
  Trimmed prompt length: 226, Decoded text length: 209
[DEBUG] First difference at position 1: prompt='s', decoded='/'
[DEBUG] Context: prompt='<s>[INST] As more lam', decoded='</s></s></s></s></s><'
[WARNING] in lang en, index 1661: No tokens were selected by the answer mask for perplexity calculation, setting perplexity to 1.0.
Warning: Decoded text differs from trimmed prompt
  Trimmed prompt length: 238, Decoded text length: 219
[DEBUG] First difference at position 1: prompt='s', decoded='/'
[DEBUG] Context: prompt='<s>[INST] As more lam', decoded='</s></s></s></s></s><'
[WARNING] in lang en, index 1661: No tokens were selected by the answer mask for perplexity calculation, setting perplexity to 1.0.
Warning: Decoded text differs from trimmed prompt
  Trimmed prompt length: 268, Decoded text length: 275
[DEBUG] First difference at position 1: prompt='s', decoded='/'
[DEBUG] Context: prompt='<s>[INST] When you bu', decoded='</s></s></s></s></s><'
Warning: Decoded text differs from trimmed prompt
  Trimmed prompt length: 273, Decoded text length: 276
[DEBUG] First difference at position 1: prompt='s', decoded='/'
[DEBUG] Context: prompt='<s>[INST] When you bu', decoded='</s></s></s></s></s><'
Warning: Decoded text differs from trimmed prompt
  Trimmed prompt length: 358, Decoded text length: 362
[DEBUG] First difference at position 1: prompt='s', decoded='/'
[DEBUG] Context: prompt='<s>[INST] When a uran', decoded='</s></s><s> [INST] Wh'
Warning: Decoded text differs from trimmed prompt
  Trimmed prompt length: 357, Decoded text length: 358
[DEBUG] First difference at position 3: prompt='[', decoded=' '
[DEBUG] Context: prompt='<s>[INST] When a uraniu', decoded='<s> [INST] When a urani'
Perplexity: Written 1776/85610 entries to perplexity result file (batch 296/14269)
Processing batch 297/14269
Warning: Decoded text differs from trimmed prompt
  Trimmed prompt length: 337, Decoded text length: 329
[DEBUG] First difference at position 1: prompt='s', decoded='/'
[DEBUG] Context: prompt='<s>[INST] Most of the', decoded='</s></s></s></s></s><'
[WARNING] in lang en, index 1664: No tokens were selected by the answer mask for perplexity calculation, setting perplexity to 1.0.
Warning: Decoded text differs from trimmed prompt
  Trimmed prompt length: 342, Decoded text length: 343
[DEBUG] First difference at position 1: prompt='s', decoded='/'
[DEBUG] Context: prompt='<s>[INST] Most of the', decoded='</s></s></s></s></s><'
[WARNING] in lang en, index 1664: No tokens were selected by the answer mask for perplexity calculation, setting perplexity to 1.0.
Warning: Decoded text differs from trimmed prompt
  Trimmed prompt length: 191, Decoded text length: 180
[DEBUG] First difference at position 1: prompt='s', decoded='/'
[DEBUG] Context: prompt='<s>[INST] When white ', decoded='</s></s></s></s></s><'
Warning: Decoded text differs from trimmed prompt
  Trimmed prompt length: 214, Decoded text length: 193
[DEBUG] First difference at position 1: prompt='s', decoded='/'
[DEBUG] Context: prompt='<s>[INST] When white ', decoded='</s></s></s></s></s><'
Warning: Decoded text differs from trimmed prompt
  Trimmed prompt length: 388, Decoded text length: 389
[DEBUG] First difference at position 3: prompt='[', decoded=' '
[DEBUG] Context: prompt='<s>[INST] When a tin ca', decoded='<s> [INST] When a tin c'
Warning: Decoded text differs from trimmed prompt
  Trimmed prompt length: 389, Decoded text length: 390
[DEBUG] First difference at position 3: prompt='[', decoded=' '
[DEBUG] Context: prompt='<s>[INST] When a tin ca', decoded='<s> [INST] When a tin c'
Perplexity: Written 1782/85610 entries to perplexity result file (batch 297/14269)
Processing batch 298/14269
Warning: Decoded text differs from trimmed prompt
  Trimmed prompt length: 241, Decoded text length: 243
[DEBUG] First difference at position 1: prompt='s', decoded='/'
[DEBUG] Context: prompt='<s>[INST] The highest', decoded='</s></s></s></s></s><'
[WARNING] in lang en, index 1668: No tokens were selected by the answer mask for perplexity calculation, setting perplexity to 1.0.
Warning: Decoded text differs from trimmed prompt
  Trimmed prompt length: 246, Decoded text length: 248
[DEBUG] First difference at position 1: prompt='s', decoded='/'
[DEBUG] Context: prompt='<s>[INST] The highest', decoded='</s></s></s></s></s><'
[WARNING] in lang en, index 1668: No tokens were selected by the answer mask for perplexity calculation, setting perplexity to 1.0.
Warning: Decoded text differs from trimmed prompt
  Trimmed prompt length: 283, Decoded text length: 284
[DEBUG] First difference at position 3: prompt='[', decoded=' '
[DEBUG] Context: prompt='<s>[INST] Hot sand cool', decoded='<s> [INST] Hot sand coo'
[WARNING] in lang en, index 1670: No tokens were selected by the answer mask for perplexity calculation, setting perplexity to 1.0.
Warning: Decoded text differs from trimmed prompt
  Trimmed prompt length: 284, Decoded text length: 285
[DEBUG] First difference at position 3: prompt='[', decoded=' '
[DEBUG] Context: prompt='<s>[INST] Hot sand cool', decoded='<s> [INST] Hot sand coo'
[WARNING] in lang en, index 1670: No tokens were selected by the answer mask for perplexity calculation, setting perplexity to 1.0.
Warning: Decoded text differs from trimmed prompt
  Trimmed prompt length: 245, Decoded text length: 235
[DEBUG] First difference at position 1: prompt='s', decoded='/'
[DEBUG] Context: prompt='<s>[INST] The color o', decoded='</s></s></s></s></s><'
[WARNING] in lang en, index 1671: No tokens were selected by the answer mask for perplexity calculation, setting perplexity to 1.0.
Warning: Decoded text differs from trimmed prompt
  Trimmed prompt length: 239, Decoded text length: 230
[DEBUG] First difference at position 1: prompt='s', decoded='/'
[DEBUG] Context: prompt='<s>[INST] The color o', decoded='</s></s></s></s></s><'
[WARNING] in lang en, index 1671: No tokens were selected by the answer mask for perplexity calculation, setting perplexity to 1.0.
Perplexity: Written 1788/85610 entries to perplexity result file (batch 298/14269)
Processing batch 299/14269
Warning: Decoded text differs from trimmed prompt
  Trimmed prompt length: 246, Decoded text length: 256
[DEBUG] First difference at position 1: prompt='s', decoded='/'
[DEBUG] Context: prompt='<s>[INST] If two prot', decoded='</s></s></s></s></s><'
Warning: Decoded text differs from trimmed prompt
  Trimmed prompt length: 249, Decoded text length: 265
[DEBUG] First difference at position 1: prompt='s', decoded='/'
[DEBUG] Context: prompt='<s>[INST] If two prot', decoded='</s></s></s></s></s><'
Warning: Decoded text differs from trimmed prompt
  Trimmed prompt length: 311, Decoded text length: 323
[DEBUG] First difference at position 1: prompt='s', decoded='/'
[DEBUG] Context: prompt='<s>[INST] If a star t', decoded='</s></s></s></s></s><'
[WARNING] in lang en, index 1674: No tokens were selected by the answer mask for perplexity calculation, setting perplexity to 1.0.
Warning: Decoded text differs from trimmed prompt
  Trimmed prompt length: 321, Decoded text length: 329
[DEBUG] First difference at position 1: prompt='s', decoded='/'
[DEBUG] Context: prompt='<s>[INST] If a star t', decoded='</s></s></s></s></s><'
[WARNING] in lang en, index 1674: No tokens were selected by the answer mask for perplexity calculation, setting perplexity to 1.0.
Warning: Decoded text differs from trimmed prompt
  Trimmed prompt length: 359, Decoded text length: 360
[DEBUG] First difference at position 3: prompt='[', decoded=' '
[DEBUG] Context: prompt='<s>[INST] In a mixture ', decoded='<s> [INST] In a mixture'
[WARNING] in lang en, index 1675: No tokens were selected by the answer mask for perplexity calculation, setting perplexity to 1.0.
Warning: Decoded text differs from trimmed prompt
  Trimmed prompt length: 357, Decoded text length: 358
[DEBUG] First difference at position 1: prompt='s', decoded='/'
[DEBUG] Context: prompt='<s>[INST] In a mixtur', decoded='</s><s> [INST] In a m'
[WARNING] in lang en, index 1675: No tokens were selected by the answer mask for perplexity calculation, setting perplexity to 1.0.
Perplexity: Written 1794/85610 entries to perplexity result file (batch 299/14269)
Processing batch 300/14269
Warning: Decoded text differs from trimmed prompt
  Trimmed prompt length: 240, Decoded text length: 230
[DEBUG] First difference at position 1: prompt='s', decoded='/'
[DEBUG] Context: prompt='<s>[INST] The mutual ', decoded='</s></s></s></s></s><'
[WARNING] in lang en, index 1676: No tokens were selected by the answer mask for perplexity calculation, setting perplexity to 1.0.
Warning: Decoded text differs from trimmed prompt
  Trimmed prompt length: 241, Decoded text length: 230
[DEBUG] First difference at position 1: prompt='s', decoded='/'
[DEBUG] Context: prompt='<s>[INST] The mutual ', decoded='</s></s></s></s></s><'
[WARNING] in lang en, index 1676: No tokens were selected by the answer mask for perplexity calculation, setting perplexity to 1.0.
Warning: Decoded text differs from trimmed prompt
  Trimmed prompt length: 191, Decoded text length: 194
[DEBUG] First difference at position 1: prompt='s', decoded='/'
[DEBUG] Context: prompt='<s>[INST] If an iron ', decoded='</s></s></s></s></s><'
Warning: Decoded text differs from trimmed prompt
  Trimmed prompt length: 195, Decoded text length: 203
[DEBUG] First difference at position 1: prompt='s', decoded='/'
[DEBUG] Context: prompt='<s>[INST] If an iron ', decoded='</s></s></s></s></s><'
Warning: Decoded text differs from trimmed prompt
  Trimmed prompt length: 255, Decoded text length: 256
[DEBUG] First difference at position 1: prompt='s', decoded='/'
[DEBUG] Context: prompt='<s>[INST] The surface', decoded='</s><s> [INST] The su'
[WARNING] in lang en, index 1679: No tokens were selected by the answer mask for perplexity calculation, setting perplexity to 1.0.
Warning: Decoded text differs from trimmed prompt
  Trimmed prompt length: 259, Decoded text length: 260
[DEBUG] First difference at position 3: prompt='[', decoded=' '
[DEBUG] Context: prompt='<s>[INST] The surface o', decoded='<s> [INST] The surface '
[WARNING] in lang en, index 1679: No tokens were selected by the answer mask for perplexity calculation, setting perplexity to 1.0.
Perplexity: Written 1800/85610 entries to perplexity result file (batch 300/14269)
Processing batch 301/14269
Warning: Decoded text differs from trimmed prompt
  Trimmed prompt length: 238, Decoded text length: 231
[DEBUG] First difference at position 1: prompt='s', decoded='/'
[DEBUG] Context: prompt='<s>[INST] The directi', decoded='</s></s></s></s></s><'
[WARNING] in lang en, index 1680: No tokens were selected by the answer mask for perplexity calculation, setting perplexity to 1.0.
Warning: Decoded text differs from trimmed prompt
  Trimmed prompt length: 238, Decoded text length: 231
[DEBUG] First difference at position 1: prompt='s', decoded='/'
[DEBUG] Context: prompt='<s>[INST] The directi', decoded='</s></s></s></s></s><'
[WARNING] in lang en, index 1680: No tokens were selected by the answer mask for perplexity calculation, setting perplexity to 1.0.
Warning: Decoded text differs from trimmed prompt
  Trimmed prompt length: 266, Decoded text length: 267
[DEBUG] First difference at position 1: prompt='s', decoded='/'
[DEBUG] Context: prompt='<s>[INST] A principal', decoded='</s><s> [INST] A prin'
Warning: Decoded text differs from trimmed prompt
  Trimmed prompt length: 268, Decoded text length: 269
[DEBUG] First difference at position 1: prompt='s', decoded='/'
[DEBUG] Context: prompt='<s>[INST] A principal', decoded='</s><s> [INST] A prin'
Warning: Decoded text differs from trimmed prompt
  Trimmed prompt length: 259, Decoded text length: 260
[DEBUG] First difference at position 1: prompt='s', decoded='/'
[DEBUG] Context: prompt='<s>[INST] A diffracti', decoded='</s><s> [INST] A diff'
Warning: Decoded text differs from trimmed prompt
  Trimmed prompt length: 257, Decoded text length: 258
[DEBUG] First difference at position 3: prompt='[', decoded=' '
[DEBUG] Context: prompt='<s>[INST] A diffraction', decoded='<s> [INST] A diffractio'
Perplexity: Written 1806/85610 entries to perplexity result file (batch 301/14269)
Processing batch 302/14269
Warning: Decoded text differs from trimmed prompt
  Trimmed prompt length: 203, Decoded text length: 202
[DEBUG] First difference at position 1: prompt='s', decoded='/'
[DEBUG] Context: prompt='<s>[INST] A satellite', decoded='</s></s></s></s></s><'
[WARNING] in lang en, index 1683: No tokens were selected by the answer mask for perplexity calculation, setting perplexity to 1.0.
Warning: Decoded text differs from trimmed prompt
  Trimmed prompt length: 212, Decoded text length: 208
[DEBUG] First difference at position 1: prompt='s', decoded='/'
[DEBUG] Context: prompt='<s>[INST] A satellite', decoded='</s></s></s></s></s><'
[WARNING] in lang en, index 1683: No tokens were selected by the answer mask for perplexity calculation, setting perplexity to 1.0.
Warning: Decoded text differs from trimmed prompt
  Trimmed prompt length: 177, Decoded text length: 170
[DEBUG] First difference at position 1: prompt='s', decoded='/'
[DEBUG] Context: prompt='<s>[INST] The time it', decoded='</s></s></s></s></s><'
[WARNING] in lang en, index 1684: No tokens were selected by the answer mask for perplexity calculation, setting perplexity to 1.0.
Warning: Decoded text differs from trimmed prompt
  Trimmed prompt length: 181, Decoded text length: 184
[DEBUG] First difference at position 1: prompt='s', decoded='/'
[DEBUG] Context: prompt='<s>[INST] The time it', decoded='</s></s></s></s></s><'
[WARNING] in lang en, index 1684: No tokens were selected by the answer mask for perplexity calculation, setting perplexity to 1.0.
Warning: Decoded text differs from trimmed prompt
  Trimmed prompt length: 247, Decoded text length: 248
[DEBUG] First difference at position 3: prompt='[', decoded=' '
[DEBUG] Context: prompt='<s>[INST] As entropy in', decoded='<s> [INST] As entropy i'
[WARNING] in lang en, index 1685: No tokens were selected by the answer mask for perplexity calculation, setting perplexity to 1.0.
Warning: Decoded text differs from trimmed prompt
  Trimmed prompt length: 254, Decoded text length: 255
[DEBUG] First difference at position 3: prompt='[', decoded=' '
[DEBUG] Context: prompt='<s>[INST] As entropy in', decoded='<s> [INST] As entropy i'
[WARNING] in lang en, index 1685: No tokens were selected by the answer mask for perplexity calculation, setting perplexity to 1.0.
Perplexity: Written 1812/85610 entries to perplexity result file (batch 302/14269)
Processing batch 303/14269
Warning: Decoded text differs from trimmed prompt
  Trimmed prompt length: 319, Decoded text length: 320
[DEBUG] First difference at position 3: prompt='[', decoded=' '
[DEBUG] Context: prompt='<s>[INST] When water ch', decoded='<s> [INST] When water c'
Warning: Decoded text differs from trimmed prompt
  Trimmed prompt length: 319, Decoded text length: 320
[DEBUG] First difference at position 1: prompt='s', decoded='/'
[DEBUG] Context: prompt='<s>[INST] When water ', decoded='</s><s> [INST] When w'
Warning: Decoded text differs from trimmed prompt
  Trimmed prompt length: 271, Decoded text length: 257
[DEBUG] First difference at position 1: prompt='s', decoded='/'
[DEBUG] Context: prompt='<s>[INST] According t', decoded='</s></s></s></s></s><'
[WARNING] in lang en, index 1687: No tokens were selected by the answer mask for perplexity calculation, setting perplexity to 1.0.
Warning: Decoded text differs from trimmed prompt
  Trimmed prompt length: 265, Decoded text length: 257
[DEBUG] First difference at position 1: prompt='s', decoded='/'
[DEBUG] Context: prompt='<s>[INST] According t', decoded='</s></s></s></s></s><'
[WARNING] in lang en, index 1687: No tokens were selected by the answer mask for perplexity calculation, setting perplexity to 1.0.
Warning: Decoded text differs from trimmed prompt
  Trimmed prompt length: 199, Decoded text length: 205
[DEBUG] First difference at position 1: prompt='s', decoded='/'
[DEBUG] Context: prompt='<s>[INST] The team th', decoded='</s></s></s></s></s><'
Warning: Decoded text differs from trimmed prompt
  Trimmed prompt length: 175, Decoded text length: 164
[DEBUG] First difference at position 1: prompt='s', decoded='/'
[DEBUG] Context: prompt='<s>[INST] The team th', decoded='</s></s></s></s></s><'
[WARNING] in lang en, index 1689: No tokens were selected by the answer mask for perplexity calculation, setting perplexity to 1.0.
Perplexity: Written 1818/85610 entries to perplexity result file (batch 303/14269)
Processing batch 304/14269
Warning: Decoded text differs from trimmed prompt
  Trimmed prompt length: 286, Decoded text length: 250
[DEBUG] First difference at position 1: prompt='s', decoded='/'
[DEBUG] Context: prompt='<s>[INST] Thermal con', decoded='</s></s></s></s></s><'
Warning: Decoded text differs from trimmed prompt
  Trimmed prompt length: 290, Decoded text length: 259
[DEBUG] First difference at position 1: prompt='s', decoded='/'
[DEBUG] Context: prompt='<s>[INST] Thermal con', decoded='</s></s></s></s></s><'
Warning: Decoded text differs from trimmed prompt
  Trimmed prompt length: 355, Decoded text length: 356
[DEBUG] First difference at position 3: prompt='[', decoded=' '
[DEBUG] Context: prompt='<s>[INST] The metal det', decoded='<s> [INST] The metal de'
Warning: Decoded text differs from trimmed prompt
  Trimmed prompt length: 355, Decoded text length: 356
[DEBUG] First difference at position 3: prompt='[', decoded=' '
[DEBUG] Context: prompt='<s>[INST] The metal det', decoded='<s> [INST] The metal de'
Warning: Decoded text differs from trimmed prompt
  Trimmed prompt length: 165, Decoded text length: 152
[DEBUG] First difference at position 1: prompt='s', decoded='/'
[DEBUG] Context: prompt='<s>[INST] Sound trave', decoded='</s></s></s></s></s><'
Warning: Decoded text differs from trimmed prompt
  Trimmed prompt length: 159, Decoded text length: 148
[DEBUG] First difference at position 1: prompt='s', decoded='/'
[DEBUG] Context: prompt='<s>[INST] Sound trave', decoded='</s></s></s></s></s><'
[WARNING] in lang en, index 1696: No tokens were selected by the answer mask for perplexity calculation, setting perplexity to 1.0.
Perplexity: Written 1824/85610 entries to perplexity result file (batch 304/14269)
Processing batch 305/14269
Warning: Decoded text differs from trimmed prompt
  Trimmed prompt length: 274, Decoded text length: 275
[DEBUG] First difference at position 3: prompt='[', decoded=' '
[DEBUG] Context: prompt='<s>[INST] When a fusion', decoded='<s> [INST] When a fusio'
[WARNING] in lang en, index 1697: No tokens were selected by the answer mask for perplexity calculation, setting perplexity to 1.0.
Warning: Decoded text differs from trimmed prompt
  Trimmed prompt length: 272, Decoded text length: 273
[DEBUG] First difference at position 1: prompt='s', decoded='/'
[DEBUG] Context: prompt='<s>[INST] When a fusi', decoded='</s><s> [INST] When a'
[WARNING] in lang en, index 1697: No tokens were selected by the answer mask for perplexity calculation, setting perplexity to 1.0.
Warning: Decoded text differs from trimmed prompt
  Trimmed prompt length: 181, Decoded text length: 173
[DEBUG] First difference at position 1: prompt='s', decoded='/'
[DEBUG] Context: prompt='<s>[INST] Polarizatio', decoded='</s></s></s></s></s><'
Warning: Decoded text differs from trimmed prompt
  Trimmed prompt length: 183, Decoded text length: 173
[DEBUG] First difference at position 1: prompt='s', decoded='/'
[DEBUG] Context: prompt='<s>[INST] Polarizatio', decoded='</s></s></s></s></s><'
Warning: Decoded text differs from trimmed prompt
  Trimmed prompt length: 248, Decoded text length: 228
[DEBUG] First difference at position 1: prompt='s', decoded='/'
[DEBUG] Context: prompt='<s>[INST] The phenome', decoded='</s></s></s></s></s><'
Warning: Decoded text differs from trimmed prompt
  Trimmed prompt length: 250, Decoded text length: 231
[DEBUG] First difference at position 1: prompt='s', decoded='/'
[DEBUG] Context: prompt='<s>[INST] The phenome', decoded='</s></s></s></s></s><'
Perplexity: Written 1830/85610 entries to perplexity result file (batch 305/14269)
Processing batch 306/14269
Warning: Decoded text differs from trimmed prompt
  Trimmed prompt length: 314, Decoded text length: 315
[DEBUG] First difference at position 3: prompt='[', decoded=' '
[DEBUG] Context: prompt='<s>[INST] Refraction oc', decoded='<s> [INST] Refraction o'
Warning: Decoded text differs from trimmed prompt
  Trimmed prompt length: 304, Decoded text length: 308
[DEBUG] First difference at position 1: prompt='s', decoded='/'
[DEBUG] Context: prompt='<s>[INST] Refraction ', decoded='</s></s><s> [INST] Re'
Warning: Decoded text differs from trimmed prompt
  Trimmed prompt length: 272, Decoded text length: 263
[DEBUG] First difference at position 1: prompt='s', decoded='/'
[DEBUG] Context: prompt='<s>[INST] When you ta', decoded='</s></s></s></s></s><'
[WARNING] in lang en, index 1702: No tokens were selected by the answer mask for perplexity calculation, setting perplexity to 1.0.
Warning: Decoded text differs from trimmed prompt
  Trimmed prompt length: 265, Decoded text length: 263
[DEBUG] First difference at position 1: prompt='s', decoded='/'
[DEBUG] Context: prompt='<s>[INST] When you ta', decoded='</s></s></s></s></s><'
[WARNING] in lang en, index 1702: No tokens were selected by the answer mask for perplexity calculation, setting perplexity to 1.0.
Warning: Decoded text differs from trimmed prompt
  Trimmed prompt length: 197, Decoded text length: 190
[DEBUG] First difference at position 1: prompt='s', decoded='/'
[DEBUG] Context: prompt='<s>[INST] When wind s', decoded='</s></s></s></s></s><'
[WARNING] in lang en, index 1703: No tokens were selected by the answer mask for perplexity calculation, setting perplexity to 1.0.
Warning: Decoded text differs from trimmed prompt
  Trimmed prompt length: 202, Decoded text length: 210
[DEBUG] First difference at position 1: prompt='s', decoded='/'
[DEBUG] Context: prompt='<s>[INST] When wind s', decoded='</s></s></s></s></s><'
Perplexity: Written 1836/85610 entries to perplexity result file (batch 306/14269)
Processing batch 307/14269
Warning: Decoded text differs from trimmed prompt
  Trimmed prompt length: 270, Decoded text length: 270
[DEBUG] First difference at position 1: prompt='s', decoded='/'
[DEBUG] Context: prompt='<s>[INST] If you trav', decoded='</s></s></s><s> [INST'
[WARNING] in lang en, index 1705: No tokens were selected by the answer mask for perplexity calculation, setting perplexity to 1.0.
Warning: Decoded text differs from trimmed prompt
  Trimmed prompt length: 288, Decoded text length: 289
[DEBUG] First difference at position 3: prompt='[', decoded=' '
[DEBUG] Context: prompt='<s>[INST] If you travel', decoded='<s> [INST] If you trave'
[WARNING] in lang en, index 1705: No tokens were selected by the answer mask for perplexity calculation, setting perplexity to 1.0.
Warning: Decoded text differs from trimmed prompt
  Trimmed prompt length: 267, Decoded text length: 241
[DEBUG] First difference at position 1: prompt='s', decoded='/'
[DEBUG] Context: prompt='<s>[INST] The compone', decoded='</s></s></s></s></s><'
[WARNING] in lang en, index 1706: No tokens were selected by the answer mask for perplexity calculation, setting perplexity to 1.0.
Warning: Decoded text differs from trimmed prompt
  Trimmed prompt length: 265, Decoded text length: 241
[DEBUG] First difference at position 1: prompt='s', decoded='/'
[DEBUG] Context: prompt='<s>[INST] The compone', decoded='</s></s></s></s></s><'
[WARNING] in lang en, index 1706: No tokens were selected by the answer mask for perplexity calculation, setting perplexity to 1.0.
Warning: Decoded text differs from trimmed prompt
  Trimmed prompt length: 201, Decoded text length: 190
[DEBUG] First difference at position 1: prompt='s', decoded='/'
[DEBUG] Context: prompt='<s>[INST] The crystal', decoded='</s></s></s></s></s><'
Warning: Decoded text differs from trimmed prompt
  Trimmed prompt length: 187, Decoded text length: 175
[DEBUG] First difference at position 1: prompt='s', decoded='/'
[DEBUG] Context: prompt='<s>[INST] The crystal', decoded='</s></s></s></s></s><'
Perplexity: Written 1842/85610 entries to perplexity result file (batch 307/14269)
Processing batch 308/14269
Warning: Decoded text differs from trimmed prompt
  Trimmed prompt length: 213, Decoded text length: 204
[DEBUG] First difference at position 1: prompt='s', decoded='/'
[DEBUG] Context: prompt='<s>[INST] Radioactivi', decoded='</s></s></s></s></s><'
[WARNING] in lang en, index 1709: No tokens were selected by the answer mask for perplexity calculation, setting perplexity to 1.0.
Warning: Decoded text differs from trimmed prompt
  Trimmed prompt length: 223, Decoded text length: 242
[DEBUG] First difference at position 1: prompt='s', decoded='/'
[DEBUG] Context: prompt='<s>[INST] Radioactivi', decoded='</s></s></s></s></s><'
Warning: Decoded text differs from trimmed prompt
  Trimmed prompt length: 172, Decoded text length: 170
[DEBUG] First difference at position 1: prompt='s', decoded='/'
[DEBUG] Context: prompt='<s>[INST] When the sh', decoded='</s></s></s></s></s><'
[WARNING] in lang en, index 1710: No tokens were selected by the answer mask for perplexity calculation, setting perplexity to 1.0.
Warning: Decoded text differs from trimmed prompt
  Trimmed prompt length: 224, Decoded text length: 225
[DEBUG] First difference at position 3: prompt='[', decoded=' '
[DEBUG] Context: prompt='<s>[INST] When the shad', decoded='<s> [INST] When the sha'
Warning: Decoded text differs from trimmed prompt
  Trimmed prompt length: 172, Decoded text length: 162
[DEBUG] First difference at position 1: prompt='s', decoded='/'
[DEBUG] Context: prompt='<s>[INST] In both fis', decoded='</s></s></s></s></s><'
[WARNING] in lang en, index 1711: No tokens were selected by the answer mask for perplexity calculation, setting perplexity to 1.0.
Warning: Decoded text differs from trimmed prompt
  Trimmed prompt length: 194, Decoded text length: 207
[DEBUG] First difference at position 1: prompt='s', decoded='/'
[DEBUG] Context: prompt='<s>[INST] In both fis', decoded='</s></s></s></s></s><'
Perplexity: Written 1848/85610 entries to perplexity result file (batch 308/14269)
Processing batch 309/14269
Warning: Decoded text differs from trimmed prompt
  Trimmed prompt length: 266, Decoded text length: 238
[DEBUG] First difference at position 1: prompt='s', decoded='/'
[DEBUG] Context: prompt='<s>[INST] When relati', decoded='</s></s></s></s></s><'
[WARNING] in lang en, index 1712: No tokens were selected by the answer mask for perplexity calculation, setting perplexity to 1.0.
Warning: Decoded text differs from trimmed prompt
  Trimmed prompt length: 278, Decoded text length: 254
[DEBUG] First difference at position 1: prompt='s', decoded='/'
[DEBUG] Context: prompt='<s>[INST] When relati', decoded='</s></s></s></s></s><'
[WARNING] in lang en, index 1712: No tokens were selected by the answer mask for perplexity calculation, setting perplexity to 1.0.
Warning: Decoded text differs from trimmed prompt
  Trimmed prompt length: 300, Decoded text length: 289
[DEBUG] First difference at position 1: prompt='s', decoded='/'
[DEBUG] Context: prompt='<s>[INST] If the volu', decoded='</s></s></s></s></s><'
[WARNING] in lang en, index 1713: No tokens were selected by the answer mask for perplexity calculation, setting perplexity to 1.0.
Warning: Decoded text differs from trimmed prompt
  Trimmed prompt length: 301, Decoded text length: 289
[DEBUG] First difference at position 1: prompt='s', decoded='/'
[DEBUG] Context: prompt='<s>[INST] If the volu', decoded='</s></s></s></s></s><'
[WARNING] in lang en, index 1713: No tokens were selected by the answer mask for perplexity calculation, setting perplexity to 1.0.
Warning: Decoded text differs from trimmed prompt
  Trimmed prompt length: 398, Decoded text length: 399
[DEBUG] First difference at position 3: prompt='[', decoded=' '
[DEBUG] Context: prompt='<s>[INST] The pressure ', decoded='<s> [INST] The pressure'
Warning: Decoded text differs from trimmed prompt
  Trimmed prompt length: 401, Decoded text length: 402
[DEBUG] First difference at position 1: prompt='s', decoded='/'
[DEBUG] Context: prompt='<s>[INST] The pressur', decoded='</s><s> [INST] The pr'
Perplexity: Written 1854/85610 entries to perplexity result file (batch 309/14269)
Processing batch 310/14269
Warning: Decoded text differs from trimmed prompt
  Trimmed prompt length: 170, Decoded text length: 172
[DEBUG] First difference at position 1: prompt='s', decoded='/'
[DEBUG] Context: prompt='<s>[INST] The bluenes', decoded='</s></s></s></s></s><'
Warning: Decoded text differs from trimmed prompt
  Trimmed prompt length: 170, Decoded text length: 176
[DEBUG] First difference at position 1: prompt='s', decoded='/'
[DEBUG] Context: prompt='<s>[INST] The bluenes', decoded='</s></s></s></s></s><'
Warning: Decoded text differs from trimmed prompt
  Trimmed prompt length: 211, Decoded text length: 208
[DEBUG] First difference at position 1: prompt='s', decoded='/'
[DEBUG] Context: prompt='<s>[INST] A galvanome', decoded='</s></s></s></s></s><'
Warning: Decoded text differs from trimmed prompt
  Trimmed prompt length: 212, Decoded text length: 208
[DEBUG] First difference at position 1: prompt='s', decoded='/'
[DEBUG] Context: prompt='<s>[INST] A galvanome', decoded='</s></s></s></s></s><'
Warning: Decoded text differs from trimmed prompt
  Trimmed prompt length: 376, Decoded text length: 377
[DEBUG] First difference at position 3: prompt='[', decoded=' '
[DEBUG] Context: prompt='<s>[INST] To view your ', decoded='<s> [INST] To view your'
[WARNING] in lang en, index 1718: No tokens were selected by the answer mask for perplexity calculation, setting perplexity to 1.0.
Warning: Decoded text differs from trimmed prompt
  Trimmed prompt length: 376, Decoded text length: 377
[DEBUG] First difference at position 1: prompt='s', decoded='/'
[DEBUG] Context: prompt='<s>[INST] To view you', decoded='</s><s> [INST] To vie'
[WARNING] in lang en, index 1718: No tokens were selected by the answer mask for perplexity calculation, setting perplexity to 1.0.
Perplexity: Written 1860/85610 entries to perplexity result file (batch 310/14269)
Processing batch 311/14269
Warning: Decoded text differs from trimmed prompt
  Trimmed prompt length: 238, Decoded text length: 239
[DEBUG] First difference at position 3: prompt='[', decoded=' '
[DEBUG] Context: prompt='<s>[INST] The vibration', decoded='<s> [INST] The vibratio'
[WARNING] in lang en, index 1719: No tokens were selected by the answer mask for perplexity calculation, setting perplexity to 1.0.
Warning: Decoded text differs from trimmed prompt
  Trimmed prompt length: 226, Decoded text length: 228
[DEBUG] First difference at position 1: prompt='s', decoded='/'
[DEBUG] Context: prompt='<s>[INST] The vibrati', decoded='</s></s></s><s> [INST'
[WARNING] in lang en, index 1719: No tokens were selected by the answer mask for perplexity calculation, setting perplexity to 1.0.
Warning: Decoded text differs from trimmed prompt
  Trimmed prompt length: 220, Decoded text length: 211
[DEBUG] First difference at position 1: prompt='s', decoded='/'
[DEBUG] Context: prompt='<s>[INST] Huygens’ pr', decoded='</s></s></s></s></s><'
[WARNING] in lang en, index 1721: No tokens were selected by the answer mask for perplexity calculation, setting perplexity to 1.0.
Warning: Decoded text differs from trimmed prompt
  Trimmed prompt length: 219, Decoded text length: 227
[DEBUG] First difference at position 1: prompt='s', decoded='/'
[DEBUG] Context: prompt='<s>[INST] Huygens’ pr', decoded='</s></s></s></s></s><'
[WARNING] in lang en, index 1721: No tokens were selected by the answer mask for perplexity calculation, setting perplexity to 1.0.
Warning: Decoded text differs from trimmed prompt
  Trimmed prompt length: 197, Decoded text length: 199
[DEBUG] First difference at position 1: prompt='s', decoded='/'
[DEBUG] Context: prompt='<s>[INST] When the te', decoded='</s></s></s></s></s><'
[WARNING] in lang en, index 1722: No tokens were selected by the answer mask for perplexity calculation, setting perplexity to 1.0.
Warning: Decoded text differs from trimmed prompt
  Trimmed prompt length: 201, Decoded text length: 209
[DEBUG] First difference at position 1: prompt='s', decoded='/'
[DEBUG] Context: prompt='<s>[INST] When the te', decoded='</s></s></s></s></s><'
Perplexity: Written 1866/85610 entries to perplexity result file (batch 311/14269)
Processing batch 312/14269
Warning: Decoded text differs from trimmed prompt
  Trimmed prompt length: 204, Decoded text length: 172
[DEBUG] First difference at position 1: prompt='s', decoded='/'
[DEBUG] Context: prompt='<s>[INST] When light ', decoded='</s></s></s></s></s><'
Warning: Decoded text differs from trimmed prompt
  Trimmed prompt length: 200, Decoded text length: 176
[DEBUG] First difference at position 1: prompt='s', decoded='/'
[DEBUG] Context: prompt='<s>[INST] When light ', decoded='</s></s></s></s></s><'
Warning: Decoded text differs from trimmed prompt
  Trimmed prompt length: 432, Decoded text length: 433
[DEBUG] First difference at position 3: prompt='[', decoded=' '
[DEBUG] Context: prompt='<s>[INST] When the colo', decoded='<s> [INST] When the col'
Warning: Decoded text differs from trimmed prompt
  Trimmed prompt length: 432, Decoded text length: 433
[DEBUG] First difference at position 1: prompt='s', decoded='/'
[DEBUG] Context: prompt='<s>[INST] When the co', decoded='</s><s> [INST] When t'
Warning: Decoded text differs from trimmed prompt
  Trimmed prompt length: 195, Decoded text length: 184
[DEBUG] First difference at position 1: prompt='s', decoded='/'
[DEBUG] Context: prompt='<s>[INST] Which of th', decoded='</s></s></s></s></s><'
[WARNING] in lang en, index 1725: No tokens were selected by the answer mask for perplexity calculation, setting perplexity to 1.0.
Warning: Decoded text differs from trimmed prompt
  Trimmed prompt length: 201, Decoded text length: 188
[DEBUG] First difference at position 1: prompt='s', decoded='/'
[DEBUG] Context: prompt='<s>[INST] Which of th', decoded='</s></s></s></s></s><'
Perplexity: Written 1872/85610 entries to perplexity result file (batch 312/14269)
Processing batch 313/14269
Warning: Decoded text differs from trimmed prompt
  Trimmed prompt length: 231, Decoded text length: 210
[DEBUG] First difference at position 1: prompt='s', decoded='/'
[DEBUG] Context: prompt='<s>[INST] As more lam', decoded='</s></s></s></s></s><'
[WARNING] in lang en, index 1728: No tokens were selected by the answer mask for perplexity calculation, setting perplexity to 1.0.
Warning: Decoded text differs from trimmed prompt
  Trimmed prompt length: 231, Decoded text length: 216
[DEBUG] First difference at position 1: prompt='s', decoded='/'
[DEBUG] Context: prompt='<s>[INST] As more lam', decoded='</s></s></s></s></s><'
[WARNING] in lang en, index 1728: No tokens were selected by the answer mask for perplexity calculation, setting perplexity to 1.0.
Warning: Decoded text differs from trimmed prompt
  Trimmed prompt length: 156, Decoded text length: 148
[DEBUG] First difference at position 1: prompt='s', decoded='/'
[DEBUG] Context: prompt='<s>[INST] Newton’s la', decoded='</s></s></s></s></s><'
[WARNING] in lang en, index 1729: No tokens were selected by the answer mask for perplexity calculation, setting perplexity to 1.0.
Warning: Decoded text differs from trimmed prompt
  Trimmed prompt length: 159, Decoded text length: 152
[DEBUG] First difference at position 1: prompt='s', decoded='/'
[DEBUG] Context: prompt='<s>[INST] Newton’s la', decoded='</s></s></s></s></s><'
Warning: Decoded text differs from trimmed prompt
  Trimmed prompt length: 377, Decoded text length: 378
[DEBUG] First difference at position 3: prompt='[', decoded=' '
[DEBUG] Context: prompt='<s>[INST] The fact that', decoded='<s> [INST] The fact tha'
Warning: Decoded text differs from trimmed prompt
  Trimmed prompt length: 376, Decoded text length: 377
[DEBUG] First difference at position 3: prompt='[', decoded=' '
[DEBUG] Context: prompt='<s>[INST] The fact that', decoded='<s> [INST] The fact tha'
Perplexity: Written 1878/85610 entries to perplexity result file (batch 313/14269)
Processing batch 314/14269
Warning: Decoded text differs from trimmed prompt
  Trimmed prompt length: 556, Decoded text length: 557
[DEBUG] First difference at position 3: prompt='[', decoded=' '
[DEBUG] Context: prompt='<s>[INST] The compressi', decoded='<s> [INST] The compress'
[WARNING] in lang en, index 1732: No tokens were selected by the answer mask for perplexity calculation, setting perplexity to 1.0.
Warning: Decoded text differs from trimmed prompt
  Trimmed prompt length: 557, Decoded text length: 558
[DEBUG] First difference at position 1: prompt='s', decoded='/'
[DEBUG] Context: prompt='<s>[INST] The compres', decoded='</s><s> [INST] The co'
[WARNING] in lang en, index 1732: No tokens were selected by the answer mask for perplexity calculation, setting perplexity to 1.0.
Warning: Decoded text differs from trimmed prompt
  Trimmed prompt length: 272, Decoded text length: 233
[DEBUG] First difference at position 1: prompt='s', decoded='/'
[DEBUG] Context: prompt='<s>[INST] The phenome', decoded='</s></s></s></s></s><'
Warning: Decoded text differs from trimmed prompt
  Trimmed prompt length: 269, Decoded text length: 234
[DEBUG] First difference at position 1: prompt='s', decoded='/'
[DEBUG] Context: prompt='<s>[INST] The phenome', decoded='</s></s></s></s></s><'
Warning: Decoded text differs from trimmed prompt
  Trimmed prompt length: 252, Decoded text length: 238
[DEBUG] First difference at position 1: prompt='s', decoded='/'
[DEBUG] Context: prompt='<s>[INST] In either a', decoded='</s></s></s></s></s><'
Warning: Decoded text differs from trimmed prompt
  Trimmed prompt length: 263, Decoded text length: 247
[DEBUG] First difference at position 1: prompt='s', decoded='/'
[DEBUG] Context: prompt='<s>[INST] In either a', decoded='</s></s></s></s></s><'
Perplexity: Written 1884/85610 entries to perplexity result file (batch 314/14269)
Processing batch 315/14269
Warning: Decoded text differs from trimmed prompt
  Trimmed prompt length: 188, Decoded text length: 190
[DEBUG] First difference at position 1: prompt='s', decoded='/'
[DEBUG] Context: prompt='<s>[INST] The magneti', decoded='</s></s></s></s></s><'
[WARNING] in lang en, index 1737: No tokens were selected by the answer mask for perplexity calculation, setting perplexity to 1.0.
Warning: Decoded text differs from trimmed prompt
  Trimmed prompt length: 192, Decoded text length: 196
[DEBUG] First difference at position 1: prompt='s', decoded='/'
[DEBUG] Context: prompt='<s>[INST] The magneti', decoded='</s></s><s> [INST] Th'
[WARNING] in lang en, index 1737: No tokens were selected by the answer mask for perplexity calculation, setting perplexity to 1.0.
Warning: Decoded text differs from trimmed prompt
  Trimmed prompt length: 214, Decoded text length: 215
[DEBUG] First difference at position 3: prompt='[', decoded=' '
[DEBUG] Context: prompt='<s>[INST] Electricity a', decoded='<s> [INST] Electricity '
[WARNING] in lang en, index 1739: No tokens were selected by the answer mask for perplexity calculation, setting perplexity to 1.0.
Warning: Decoded text differs from trimmed prompt
  Trimmed prompt length: 213, Decoded text length: 214
[DEBUG] First difference at position 3: prompt='[', decoded=' '
[DEBUG] Context: prompt='<s>[INST] Electricity a', decoded='<s> [INST] Electricity '
[WARNING] in lang en, index 1739: No tokens were selected by the answer mask for perplexity calculation, setting perplexity to 1.0.
Warning: Decoded text differs from trimmed prompt
  Trimmed prompt length: 153, Decoded text length: 156
[DEBUG] First difference at position 1: prompt='s', decoded='/'
[DEBUG] Context: prompt='<s>[INST] Sound trave', decoded='</s></s></s></s></s><'
Warning: Decoded text differs from trimmed prompt
  Trimmed prompt length: 156, Decoded text length: 165
[DEBUG] First difference at position 1: prompt='s', decoded='/'
[DEBUG] Context: prompt='<s>[INST] Sound trave', decoded='</s></s></s></s></s><'
Perplexity: Written 1890/85610 entries to perplexity result file (batch 315/14269)
Processing batch 316/14269
Warning: Decoded text differs from trimmed prompt
  Trimmed prompt length: 481, Decoded text length: 482
[DEBUG] First difference at position 3: prompt='[', decoded=' '
[DEBUG] Context: prompt='<s>[INST] When a cannon', decoded='<s> [INST] When a canno'
Warning: Decoded text differs from trimmed prompt
  Trimmed prompt length: 478, Decoded text length: 479
[DEBUG] First difference at position 1: prompt='s', decoded='/'
[DEBUG] Context: prompt='<s>[INST] When a cann', decoded='</s><s> [INST] When a'
Warning: Decoded text differs from trimmed prompt
  Trimmed prompt length: 208, Decoded text length: 216
[DEBUG] First difference at position 1: prompt='s', decoded='/'
[DEBUG] Context: prompt='<s>[INST] To say that', decoded='</s></s></s></s></s><'
Warning: Decoded text differs from trimmed prompt
  Trimmed prompt length: 205, Decoded text length: 220
[DEBUG] First difference at position 1: prompt='s', decoded='/'
[DEBUG] Context: prompt='<s>[INST] To say that', decoded='</s></s></s></s></s><'
Warning: Decoded text differs from trimmed prompt
  Trimmed prompt length: 217, Decoded text length: 241
[DEBUG] First difference at position 1: prompt='s', decoded='/'
[DEBUG] Context: prompt='<s>[INST] Compared wi', decoded='</s></s></s></s></s><'
Warning: Decoded text differs from trimmed prompt
  Trimmed prompt length: 218, Decoded text length: 243
[DEBUG] First difference at position 1: prompt='s', decoded='/'
[DEBUG] Context: prompt='<s>[INST] Compared wi', decoded='</s></s></s></s></s><'
Perplexity: Written 1896/85610 entries to perplexity result file (batch 316/14269)
Processing batch 317/14269
Warning: Decoded text differs from trimmed prompt
  Trimmed prompt length: 173, Decoded text length: 162
[DEBUG] First difference at position 1: prompt='s', decoded='/'
[DEBUG] Context: prompt='<s>[INST] When red an', decoded='</s></s></s></s></s><'
[WARNING] in lang en, index 1745: No tokens were selected by the answer mask for perplexity calculation, setting perplexity to 1.0.
Warning: Decoded text differs from trimmed prompt
  Trimmed prompt length: 172, Decoded text length: 162
[DEBUG] First difference at position 1: prompt='s', decoded='/'
[DEBUG] Context: prompt='<s>[INST] When red an', decoded='</s></s></s></s></s><'
[WARNING] in lang en, index 1745: No tokens were selected by the answer mask for perplexity calculation, setting perplexity to 1.0.
Warning: Decoded text differs from trimmed prompt
  Trimmed prompt length: 263, Decoded text length: 264
[DEBUG] First difference at position 3: prompt='[', decoded=' '
[DEBUG] Context: prompt='<s>[INST] The mass of a', decoded='<s> [INST] The mass of '
Warning: Decoded text differs from trimmed prompt
  Trimmed prompt length: 262, Decoded text length: 263
[DEBUG] First difference at position 3: prompt='[', decoded=' '
[DEBUG] Context: prompt='<s>[INST] The mass of a', decoded='<s> [INST] The mass of '
Warning: Decoded text differs from trimmed prompt
  Trimmed prompt length: 269, Decoded text length: 264
[DEBUG] First difference at position 1: prompt='s', decoded='/'
[DEBUG] Context: prompt='<s>[INST] The definit', decoded='</s></s></s></s></s><'
Warning: Decoded text differs from trimmed prompt
  Trimmed prompt length: 246, Decoded text length: 233
[DEBUG] First difference at position 1: prompt='s', decoded='/'
[DEBUG] Context: prompt='<s>[INST] The definit', decoded='</s></s></s></s></s><'
Perplexity: Written 1902/85610 entries to perplexity result file (batch 317/14269)
Processing batch 318/14269
Warning: Decoded text differs from trimmed prompt
  Trimmed prompt length: 159, Decoded text length: 141
[DEBUG] First difference at position 1: prompt='s', decoded='/'
[DEBUG] Context: prompt='<s>[INST] The pitch o', decoded='</s></s></s></s></s><'
[WARNING] in lang en, index 1753: No tokens were selected by the answer mask for perplexity calculation, setting perplexity to 1.0.
Warning: Decoded text differs from trimmed prompt
  Trimmed prompt length: 159, Decoded text length: 161
[DEBUG] First difference at position 1: prompt='s', decoded='/'
[DEBUG] Context: prompt='<s>[INST] The pitch o', decoded='</s></s></s></s></s><'
[WARNING] in lang en, index 1753: No tokens were selected by the answer mask for perplexity calculation, setting perplexity to 1.0.
Warning: Decoded text differs from trimmed prompt
  Trimmed prompt length: 195, Decoded text length: 200
[DEBUG] First difference at position 1: prompt='s', decoded='/'
[DEBUG] Context: prompt='<s>[INST] As more lam', decoded='</s></s></s></s><s> ['
[WARNING] in lang en, index 1754: No tokens were selected by the answer mask for perplexity calculation, setting perplexity to 1.0.
Warning: Decoded text differs from trimmed prompt
  Trimmed prompt length: 202, Decoded text length: 205
[DEBUG] First difference at position 1: prompt='s', decoded='/'
[DEBUG] Context: prompt='<s>[INST] As more lam', decoded='</s></s></s><s> [INST'
[WARNING] in lang en, index 1754: No tokens were selected by the answer mask for perplexity calculation, setting perplexity to 1.0.
Warning: Decoded text differs from trimmed prompt
  Trimmed prompt length: 216, Decoded text length: 217
[DEBUG] First difference at position 3: prompt='[', decoded=' '
[DEBUG] Context: prompt='<s>[INST] When an eleme', decoded='<s> [INST] When an elem'
[WARNING] in lang en, index 1755: No tokens were selected by the answer mask for perplexity calculation, setting perplexity to 1.0.
Warning: Decoded text differs from trimmed prompt
  Trimmed prompt length: 218, Decoded text length: 219
[DEBUG] First difference at position 3: prompt='[', decoded=' '
[DEBUG] Context: prompt='<s>[INST] When an eleme', decoded='<s> [INST] When an elem'
[WARNING] in lang en, index 1755: No tokens were selected by the answer mask for perplexity calculation, setting perplexity to 1.0.
Perplexity: Written 1908/85610 entries to perplexity result file (batch 318/14269)
Processing batch 319/14269
Warning: Decoded text differs from trimmed prompt
  Trimmed prompt length: 188, Decoded text length: 183
[DEBUG] First difference at position 1: prompt='s', decoded='/'
[DEBUG] Context: prompt='<s>[INST] An electron', decoded='</s></s></s></s></s><'
Warning: Decoded text differs from trimmed prompt
  Trimmed prompt length: 187, Decoded text length: 183
[DEBUG] First difference at position 1: prompt='s', decoded='/'
[DEBUG] Context: prompt='<s>[INST] An electron', decoded='</s></s></s></s></s><'
Warning: Decoded text differs from trimmed prompt
  Trimmed prompt length: 265, Decoded text length: 257
[DEBUG] First difference at position 1: prompt='s', decoded='/'
[DEBUG] Context: prompt='<s>[INST] When an obj', decoded='</s></s></s></s></s><'
Warning: Decoded text differs from trimmed prompt
  Trimmed prompt length: 266, Decoded text length: 257
[DEBUG] First difference at position 1: prompt='s', decoded='/'
[DEBUG] Context: prompt='<s>[INST] When an obj', decoded='</s></s></s></s></s><'
Warning: Decoded text differs from trimmed prompt
  Trimmed prompt length: 340, Decoded text length: 341
[DEBUG] First difference at position 3: prompt='[', decoded=' '
[DEBUG] Context: prompt='<s>[INST] The red glow ', decoded='<s> [INST] The red glow'
Warning: Decoded text differs from trimmed prompt
  Trimmed prompt length: 339, Decoded text length: 343
[DEBUG] First difference at position 1: prompt='s', decoded='/'
[DEBUG] Context: prompt='<s>[INST] The red glo', decoded='</s></s><s> [INST] Th'
Perplexity: Written 1914/85610 entries to perplexity result file (batch 319/14269)
Processing batch 320/14269
Warning: Decoded text differs from trimmed prompt
  Trimmed prompt length: 207, Decoded text length: 207
[DEBUG] First difference at position 1: prompt='s', decoded='/'
[DEBUG] Context: prompt='<s>[INST] At very hig', decoded='</s></s></s></s></s><'
Warning: Decoded text differs from trimmed prompt
  Trimmed prompt length: 199, Decoded text length: 195
[DEBUG] First difference at position 1: prompt='s', decoded='/'
[DEBUG] Context: prompt='<s>[INST] At very hig', decoded='</s></s></s></s></s><'
Warning: Decoded text differs from trimmed prompt
  Trimmed prompt length: 311, Decoded text length: 312
[DEBUG] First difference at position 1: prompt='s', decoded='/'
[DEBUG] Context: prompt='<s>[INST] When a wave', decoded='</s><s> [INST] When a'
Warning: Decoded text differs from trimmed prompt
  Trimmed prompt length: 312, Decoded text length: 313
[DEBUG] First difference at position 3: prompt='[', decoded=' '
[DEBUG] Context: prompt='<s>[INST] When a wave m', decoded='<s> [INST] When a wave '
Warning: Decoded text differs from trimmed prompt
  Trimmed prompt length: 241, Decoded text length: 237
[DEBUG] First difference at position 1: prompt='s', decoded='/'
[DEBUG] Context: prompt='<s>[INST] Carbon-14 i', decoded='</s></s></s></s></s><'
[WARNING] in lang en, index 1763: No tokens were selected by the answer mask for perplexity calculation, setting perplexity to 1.0.
Warning: Decoded text differs from trimmed prompt
  Trimmed prompt length: 242, Decoded text length: 252
[DEBUG] First difference at position 1: prompt='s', decoded='/'
[DEBUG] Context: prompt='<s>[INST] Carbon-14 i', decoded='</s></s></s></s></s><'
[WARNING] in lang en, index 1763: No tokens were selected by the answer mask for perplexity calculation, setting perplexity to 1.0.
Perplexity: Written 1920/85610 entries to perplexity result file (batch 320/14269)
Processing batch 321/14269
Warning: Decoded text differs from trimmed prompt
  Trimmed prompt length: 223, Decoded text length: 210
[DEBUG] First difference at position 1: prompt='s', decoded='/'
[DEBUG] Context: prompt='<s>[INST] Chain react', decoded='</s></s></s></s></s><'
[WARNING] in lang en, index 1764: No tokens were selected by the answer mask for perplexity calculation, setting perplexity to 1.0.
Warning: Decoded text differs from trimmed prompt
  Trimmed prompt length: 221, Decoded text length: 203
[DEBUG] First difference at position 1: prompt='s', decoded='/'
[DEBUG] Context: prompt='<s>[INST] Chain react', decoded='</s></s></s></s></s><'
[WARNING] in lang en, index 1764: No tokens were selected by the answer mask for perplexity calculation, setting perplexity to 1.0.
Warning: Decoded text differs from trimmed prompt
  Trimmed prompt length: 412, Decoded text length: 413
[DEBUG] First difference at position 3: prompt='[', decoded=' '
[DEBUG] Context: prompt='<s>[INST] Satellites in', decoded='<s> [INST] Satellites i'
Warning: Decoded text differs from trimmed prompt
  Trimmed prompt length: 362, Decoded text length: 356
[DEBUG] First difference at position 1: prompt='s', decoded='/'
[DEBUG] Context: prompt='<s>[INST] Satellites ', decoded='</s></s></s></s></s><'
[WARNING] in lang en, index 1765: No tokens were selected by the answer mask for perplexity calculation, setting perplexity to 1.0.
Warning: Decoded text differs from trimmed prompt
  Trimmed prompt length: 333, Decoded text length: 321
[DEBUG] First difference at position 1: prompt='s', decoded='/'
[DEBUG] Context: prompt='<s>[INST] The differe', decoded='</s></s></s></s></s><'
Warning: Decoded text differs from trimmed prompt
  Trimmed prompt length: 327, Decoded text length: 315
[DEBUG] First difference at position 1: prompt='s', decoded='/'
[DEBUG] Context: prompt='<s>[INST] The differe', decoded='</s></s></s></s></s><'
Perplexity: Written 1926/85610 entries to perplexity result file (batch 321/14269)
Processing batch 322/14269
Warning: Decoded text differs from trimmed prompt
  Trimmed prompt length: 200, Decoded text length: 205
[DEBUG] First difference at position 1: prompt='s', decoded='/'
[DEBUG] Context: prompt='<s>[INST] To receive ', decoded='</s></s></s></s></s><'
Warning: Decoded text differs from trimmed prompt
  Trimmed prompt length: 174, Decoded text length: 159
[DEBUG] First difference at position 1: prompt='s', decoded='/'
[DEBUG] Context: prompt='<s>[INST] To receive ', decoded='</s></s></s></s></s><'
Warning: Decoded text differs from trimmed prompt
  Trimmed prompt length: 202, Decoded text length: 213
[DEBUG] First difference at position 1: prompt='s', decoded='/'
[DEBUG] Context: prompt='<s>[INST] Find the sp', decoded='</s></s></s></s></s><'
Warning: Decoded text differs from trimmed prompt
  Trimmed prompt length: 201, Decoded text length: 212
[DEBUG] First difference at position 1: prompt='s', decoded='/'
[DEBUG] Context: prompt='<s>[INST] Find the sp', decoded='</s></s></s></s></s><'
[WARNING] in lang en, index 1770: No tokens were selected by the answer mask for perplexity calculation, setting perplexity to 1.0.
Warning: Decoded text differs from trimmed prompt
  Trimmed prompt length: 281, Decoded text length: 280
[DEBUG] First difference at position 1: prompt='s', decoded='/'
[DEBUG] Context: prompt='<s>[INST] The magnitu', decoded='</s></s></s><s> [INST'
[WARNING] in lang en, index 1771: No tokens were selected by the answer mask for perplexity calculation, setting perplexity to 1.0.
Warning: Decoded text differs from trimmed prompt
  Trimmed prompt length: 283, Decoded text length: 284
[DEBUG] First difference at position 3: prompt='[', decoded=' '
[DEBUG] Context: prompt='<s>[INST] The magnitude', decoded='<s> [INST] The magnitud'
[WARNING] in lang en, index 1771: No tokens were selected by the answer mask for perplexity calculation, setting perplexity to 1.0.
Perplexity: Written 1932/85610 entries to perplexity result file (batch 322/14269)
Processing batch 323/14269
Warning: Decoded text differs from trimmed prompt
  Trimmed prompt length: 189, Decoded text length: 202
[DEBUG] First difference at position 1: prompt='s', decoded='/'
[DEBUG] Context: prompt='<s>[INST] The impulse', decoded='</s></s></s></s></s><'
Warning: Decoded text differs from trimmed prompt
  Trimmed prompt length: 188, Decoded text length: 202
[DEBUG] First difference at position 1: prompt='s', decoded='/'
[DEBUG] Context: prompt='<s>[INST] The impulse', decoded='</s></s></s></s></s><'
Warning: Decoded text differs from trimmed prompt
  Trimmed prompt length: 157, Decoded text length: 152
[DEBUG] First difference at position 1: prompt='s', decoded='/'
[DEBUG] Context: prompt='<s>[INST] The process', decoded='</s></s></s></s></s><'
Warning: Decoded text differs from trimmed prompt
  Trimmed prompt length: 147, Decoded text length: 149
[DEBUG] First difference at position 1: prompt='s', decoded='/'
[DEBUG] Context: prompt='<s>[INST] The process', decoded='</s></s></s></s></s><'
Warning: Decoded text differs from trimmed prompt
  Trimmed prompt length: 255, Decoded text length: 256
[DEBUG] First difference at position 3: prompt='[', decoded=' '
[DEBUG] Context: prompt='<s>[INST] When you scal', decoded='<s> [INST] When you sca'
[WARNING] in lang en, index 1775: No tokens were selected by the answer mask for perplexity calculation, setting perplexity to 1.0.
Warning: Decoded text differs from trimmed prompt
  Trimmed prompt length: 254, Decoded text length: 255
[DEBUG] First difference at position 1: prompt='s', decoded='/'
[DEBUG] Context: prompt='<s>[INST] When you sc', decoded='</s><s> [INST] When y'
[WARNING] in lang en, index 1775: No tokens were selected by the answer mask for perplexity calculation, setting perplexity to 1.0.
Perplexity: Written 1938/85610 entries to perplexity result file (batch 323/14269)
Processing batch 324/14269
Warning: Decoded text differs from trimmed prompt
  Trimmed prompt length: 200, Decoded text length: 192
[DEBUG] First difference at position 1: prompt='s', decoded='/'
[DEBUG] Context: prompt='<s>[INST] Clocks on a', decoded='</s></s></s></s></s><'
[WARNING] in lang en, index 1777: No tokens were selected by the answer mask for perplexity calculation, setting perplexity to 1.0.
Warning: Decoded text differs from trimmed prompt
  Trimmed prompt length: 208, Decoded text length: 206
[DEBUG] First difference at position 1: prompt='s', decoded='/'
[DEBUG] Context: prompt='<s>[INST] Clocks on a', decoded='</s></s></s></s></s><'
[WARNING] in lang en, index 1777: No tokens were selected by the answer mask for perplexity calculation, setting perplexity to 1.0.
Warning: Decoded text differs from trimmed prompt
  Trimmed prompt length: 310, Decoded text length: 311
[DEBUG] First difference at position 1: prompt='s', decoded='/'
[DEBUG] Context: prompt='<s>[INST] The model o', decoded='</s><s> [INST] The mo'
Warning: Decoded text differs from trimmed prompt
  Trimmed prompt length: 309, Decoded text length: 310
[DEBUG] First difference at position 3: prompt='[', decoded=' '
[DEBUG] Context: prompt='<s>[INST] The model of ', decoded='<s> [INST] The model of'
Warning: Decoded text differs from trimmed prompt
  Trimmed prompt length: 270, Decoded text length: 258
[DEBUG] First difference at position 1: prompt='s', decoded='/'
[DEBUG] Context: prompt='<s>[INST] Compared wi', decoded='</s></s></s></s></s><'
Warning: Decoded text differs from trimmed prompt
  Trimmed prompt length: 265, Decoded text length: 255
[DEBUG] First difference at position 1: prompt='s', decoded='/'
[DEBUG] Context: prompt='<s>[INST] Compared wi', decoded='</s></s></s></s></s><'
Perplexity: Written 1944/85610 entries to perplexity result file (batch 324/14269)
Processing batch 325/14269
Warning: Decoded text differs from trimmed prompt
  Trimmed prompt length: 212, Decoded text length: 193
[DEBUG] First difference at position 1: prompt='s', decoded='/'
[DEBUG] Context: prompt='<s>[INST] During the ', decoded='</s></s></s></s></s><'
[WARNING] in lang en, index 1781: No tokens were selected by the answer mask for perplexity calculation, setting perplexity to 1.0.
Warning: Decoded text differs from trimmed prompt
  Trimmed prompt length: 200, Decoded text length: 190
[DEBUG] First difference at position 1: prompt='s', decoded='/'
[DEBUG] Context: prompt='<s>[INST] During the ', decoded='</s></s></s></s></s><'
[WARNING] in lang en, index 1781: No tokens were selected by the answer mask for perplexity calculation, setting perplexity to 1.0.
Warning: Decoded text differs from trimmed prompt
  Trimmed prompt length: 263, Decoded text length: 247
[DEBUG] First difference at position 1: prompt='s', decoded='/'
[DEBUG] Context: prompt='<s>[INST] The princip', decoded='</s></s></s></s></s><'
Warning: Decoded text differs from trimmed prompt
  Trimmed prompt length: 265, Decoded text length: 256
[DEBUG] First difference at position 1: prompt='s', decoded='/'
[DEBUG] Context: prompt='<s>[INST] The princip', decoded='</s></s></s></s></s><'
Warning: Decoded text differs from trimmed prompt
  Trimmed prompt length: 336, Decoded text length: 337
[DEBUG] First difference at position 3: prompt='[', decoded=' '
[DEBUG] Context: prompt='<s>[INST] When you brus', decoded='<s> [INST] When you bru'
Warning: Decoded text differs from trimmed prompt
  Trimmed prompt length: 336, Decoded text length: 337
[DEBUG] First difference at position 3: prompt='[', decoded=' '
[DEBUG] Context: prompt='<s>[INST] When you brus', decoded='<s> [INST] When you bru'
Perplexity: Written 1950/85610 entries to perplexity result file (batch 325/14269)
Processing batch 326/14269
Warning: Decoded text differs from trimmed prompt
  Trimmed prompt length: 297, Decoded text length: 292
[DEBUG] First difference at position 1: prompt='s', decoded='/'
[DEBUG] Context: prompt='<s>[INST] Astrophysic', decoded='</s></s></s></s></s><'
[WARNING] in lang en, index 1784: No tokens were selected by the answer mask for perplexity calculation, setting perplexity to 1.0.
Warning: Decoded text differs from trimmed prompt
  Trimmed prompt length: 303, Decoded text length: 300
[DEBUG] First difference at position 1: prompt='s', decoded='/'
[DEBUG] Context: prompt='<s>[INST] Astrophysic', decoded='</s></s></s></s></s><'
[WARNING] in lang en, index 1784: No tokens were selected by the answer mask for perplexity calculation, setting perplexity to 1.0.
Warning: Decoded text differs from trimmed prompt
  Trimmed prompt length: 495, Decoded text length: 496
[DEBUG] First difference at position 3: prompt='[', decoded=' '
[DEBUG] Context: prompt='<s>[INST] Relativistic ', decoded='<s> [INST] Relativistic'
[WARNING] in lang en, index 1785: No tokens were selected by the answer mask for perplexity calculation, setting perplexity to 1.0.
Warning: Decoded text differs from trimmed prompt
  Trimmed prompt length: 500, Decoded text length: 501
[DEBUG] First difference at position 1: prompt='s', decoded='/'
[DEBUG] Context: prompt='<s>[INST] Relativisti', decoded='</s><s> [INST] Relati'
[WARNING] in lang en, index 1785: No tokens were selected by the answer mask for perplexity calculation, setting perplexity to 1.0.
Warning: Decoded text differs from trimmed prompt
  Trimmed prompt length: 263, Decoded text length: 240
[DEBUG] First difference at position 1: prompt='s', decoded='/'
[DEBUG] Context: prompt='<s>[INST] In his spec', decoded='</s></s></s></s></s><'
Warning: Decoded text differs from trimmed prompt
  Trimmed prompt length: 244, Decoded text length: 201
[DEBUG] First difference at position 1: prompt='s', decoded='/'
[DEBUG] Context: prompt='<s>[INST] In his spec', decoded='</s></s></s></s></s><'
[WARNING] in lang en, index 1786: No tokens were selected by the answer mask for perplexity calculation, setting perplexity to 1.0.
Perplexity: Written 1956/85610 entries to perplexity result file (batch 326/14269)
Processing batch 327/14269
Warning: Decoded text differs from trimmed prompt
  Trimmed prompt length: 193, Decoded text length: 195
[DEBUG] First difference at position 1: prompt='s', decoded='/'
[DEBUG] Context: prompt='<s>[INST] When an ele', decoded='</s></s></s></s></s><'
Warning: Decoded text differs from trimmed prompt
  Trimmed prompt length: 194, Decoded text length: 195
[DEBUG] First difference at position 1: prompt='s', decoded='/'
[DEBUG] Context: prompt='<s>[INST] When an ele', decoded='</s></s></s></s></s><'
Warning: Decoded text differs from trimmed prompt
  Trimmed prompt length: 321, Decoded text length: 315
[DEBUG] First difference at position 1: prompt='s', decoded='/'
[DEBUG] Context: prompt='<s>[INST] Compared wi', decoded='</s></s></s></s></s><'
[WARNING] in lang en, index 1789: No tokens were selected by the answer mask for perplexity calculation, setting perplexity to 1.0.
Warning: Decoded text differs from trimmed prompt
  Trimmed prompt length: 325, Decoded text length: 321
[DEBUG] First difference at position 1: prompt='s', decoded='/'
[DEBUG] Context: prompt='<s>[INST] Compared wi', decoded='</s></s></s></s></s><'
Warning: Decoded text differs from trimmed prompt
  Trimmed prompt length: 452, Decoded text length: 453
[DEBUG] First difference at position 1: prompt='s', decoded='/'
[DEBUG] Context: prompt='<s>[INST] What Einste', decoded='</s><s> [INST] What E'
[WARNING] in lang en, index 1791: No tokens were selected by the answer mask for perplexity calculation, setting perplexity to 1.0.
Warning: Decoded text differs from trimmed prompt
  Trimmed prompt length: 458, Decoded text length: 459
[DEBUG] First difference at position 3: prompt='[', decoded=' '
[DEBUG] Context: prompt='<s>[INST] What Einstein', decoded='<s> [INST] What Einstei'
[WARNING] in lang en, index 1791: No tokens were selected by the answer mask for perplexity calculation, setting perplexity to 1.0.
Perplexity: Written 1962/85610 entries to perplexity result file (batch 327/14269)
Processing batch 328/14269
Warning: Decoded text differs from trimmed prompt
  Trimmed prompt length: 283, Decoded text length: 284
[DEBUG] First difference at position 1: prompt='s', decoded='/'
[DEBUG] Context: prompt='<s>[INST] The rotatio', decoded='</s><s> [INST] The ro'
[WARNING] in lang en, index 1793: No tokens were selected by the answer mask for perplexity calculation, setting perplexity to 1.0.
Warning: Decoded text differs from trimmed prompt
  Trimmed prompt length: 287, Decoded text length: 288
[DEBUG] First difference at position 3: prompt='[', decoded=' '
[DEBUG] Context: prompt='<s>[INST] The rotationa', decoded='<s> [INST] The rotation'
[WARNING] in lang en, index 1793: No tokens were selected by the answer mask for perplexity calculation, setting perplexity to 1.0.
Warning: Decoded text differs from trimmed prompt
  Trimmed prompt length: 234, Decoded text length: 222
[DEBUG] First difference at position 1: prompt='s', decoded='/'
[DEBUG] Context: prompt='<s>[INST] When small ', decoded='</s></s></s></s></s><'
[WARNING] in lang en, index 1794: No tokens were selected by the answer mask for perplexity calculation, setting perplexity to 1.0.
Warning: Decoded text differs from trimmed prompt
  Trimmed prompt length: 237, Decoded text length: 236
[DEBUG] First difference at position 1: prompt='s', decoded='/'
[DEBUG] Context: prompt='<s>[INST] When small ', decoded='</s></s></s></s></s><'
[WARNING] in lang en, index 1794: No tokens were selected by the answer mask for perplexity calculation, setting perplexity to 1.0.
Warning: Decoded text differs from trimmed prompt
  Trimmed prompt length: 173, Decoded text length: 149
[DEBUG] First difference at position 1: prompt='s', decoded='/'
[DEBUG] Context: prompt='<s>[INST] In the atom', decoded='</s></s></s></s></s><'
[WARNING] in lang en, index 1796: No tokens were selected by the answer mask for perplexity calculation, setting perplexity to 1.0.
Warning: Decoded text differs from trimmed prompt
  Trimmed prompt length: 175, Decoded text length: 167
[DEBUG] First difference at position 1: prompt='s', decoded='/'
[DEBUG] Context: prompt='<s>[INST] In the atom', decoded='</s></s></s></s></s><'
Perplexity: Written 1968/85610 entries to perplexity result file (batch 328/14269)
Processing batch 329/14269
Warning: Decoded text differs from trimmed prompt
  Trimmed prompt length: 225, Decoded text length: 227
[DEBUG] First difference at position 1: prompt='s', decoded='/'
[DEBUG] Context: prompt='<s>[INST] The fact th', decoded='</s></s></s></s></s><'
[WARNING] in lang en, index 1797: No tokens were selected by the answer mask for perplexity calculation, setting perplexity to 1.0.
Warning: Decoded text differs from trimmed prompt
  Trimmed prompt length: 224, Decoded text length: 227
[DEBUG] First difference at position 1: prompt='s', decoded='/'
[DEBUG] Context: prompt='<s>[INST] The fact th', decoded='</s></s></s></s></s><'
[WARNING] in lang en, index 1797: No tokens were selected by the answer mask for perplexity calculation, setting perplexity to 1.0.
Warning: Decoded text differs from trimmed prompt
  Trimmed prompt length: 200, Decoded text length: 209
[DEBUG] First difference at position 1: prompt='s', decoded='/'
[DEBUG] Context: prompt='<s>[INST] Compared wi', decoded='</s></s></s></s></s><'
Warning: Decoded text differs from trimmed prompt
  Trimmed prompt length: 195, Decoded text length: 209
[DEBUG] First difference at position 1: prompt='s', decoded='/'
[DEBUG] Context: prompt='<s>[INST] Compared wi', decoded='</s></s></s></s></s><'
Warning: Decoded text differs from trimmed prompt
  Trimmed prompt length: 228, Decoded text length: 232
[DEBUG] First difference at position 1: prompt='s', decoded='/'
[DEBUG] Context: prompt='<s>[INST] When we spe', decoded='</s></s><s> [INST] Wh'
[WARNING] in lang en, index 1799: No tokens were selected by the answer mask for perplexity calculation, setting perplexity to 1.0.
Warning: Decoded text differs from trimmed prompt
  Trimmed prompt length: 235, Decoded text length: 236
[DEBUG] First difference at position 3: prompt='[', decoded=' '
[DEBUG] Context: prompt='<s>[INST] When we speak', decoded='<s> [INST] When we spea'
[WARNING] in lang en, index 1799: No tokens were selected by the answer mask for perplexity calculation, setting perplexity to 1.0.
Perplexity: Written 1974/85610 entries to perplexity result file (batch 329/14269)
Processing batch 330/14269
Warning: Decoded text differs from trimmed prompt
  Trimmed prompt length: 232, Decoded text length: 208
[DEBUG] First difference at position 1: prompt='s', decoded='/'
[DEBUG] Context: prompt='<s>[INST] The magneti', decoded='</s></s></s></s></s><'
[WARNING] in lang en, index 1800: No tokens were selected by the answer mask for perplexity calculation, setting perplexity to 1.0.
Warning: Decoded text differs from trimmed prompt
  Trimmed prompt length: 237, Decoded text length: 212
[DEBUG] First difference at position 1: prompt='s', decoded='/'
[DEBUG] Context: prompt='<s>[INST] The magneti', decoded='</s></s></s></s></s><'
[WARNING] in lang en, index 1800: No tokens were selected by the answer mask for perplexity calculation, setting perplexity to 1.0.
Warning: Decoded text differs from trimmed prompt
  Trimmed prompt length: 262, Decoded text length: 262
[DEBUG] First difference at position 1: prompt='s', decoded='/'
[DEBUG] Context: prompt='<s>[INST] An inflated', decoded='</s></s></s></s></s><'
[WARNING] in lang en, index 1801: No tokens were selected by the answer mask for perplexity calculation, setting perplexity to 1.0.
Warning: Decoded text differs from trimmed prompt
  Trimmed prompt length: 278, Decoded text length: 267
[DEBUG] First difference at position 1: prompt='s', decoded='/'
[DEBUG] Context: prompt='<s>[INST] An inflated', decoded='</s></s></s></s></s><'
[WARNING] in lang en, index 1801: No tokens were selected by the answer mask for perplexity calculation, setting perplexity to 1.0.
Warning: Decoded text differs from trimmed prompt
  Trimmed prompt length: 445, Decoded text length: 446
[DEBUG] First difference at position 3: prompt='[', decoded=' '
[DEBUG] Context: prompt='<s>[INST] Boiling and f', decoded='<s> [INST] Boiling and '
[WARNING] in lang en, index 1803: No tokens were selected by the answer mask for perplexity calculation, setting perplexity to 1.0.
Warning: Decoded text differs from trimmed prompt
  Trimmed prompt length: 437, Decoded text length: 426
[DEBUG] First difference at position 1: prompt='s', decoded='/'
[DEBUG] Context: prompt='<s>[INST] Boiling and', decoded='</s></s></s></s><s> ['
[WARNING] in lang en, index 1803: No tokens were selected by the answer mask for perplexity calculation, setting perplexity to 1.0.
Perplexity: Written 1980/85610 entries to perplexity result file (batch 330/14269)
Processing batch 331/14269
Warning: Decoded text differs from trimmed prompt
  Trimmed prompt length: 298, Decoded text length: 292
[DEBUG] First difference at position 1: prompt='s', decoded='/'
[DEBUG] Context: prompt='<s>[INST] When you be', decoded='</s></s></s></s></s><'
Warning: Decoded text differs from trimmed prompt
  Trimmed prompt length: 306, Decoded text length: 296
[DEBUG] First difference at position 1: prompt='s', decoded='/'
[DEBUG] Context: prompt='<s>[INST] When you be', decoded='</s></s></s></s></s><'
Warning: Decoded text differs from trimmed prompt
  Trimmed prompt length: 457, Decoded text length: 458
[DEBUG] First difference at position 3: prompt='[', decoded=' '
[DEBUG] Context: prompt='<s>[INST] A simple and ', decoded='<s> [INST] A simple and'
Warning: Decoded text differs from trimmed prompt
  Trimmed prompt length: 433, Decoded text length: 434
[DEBUG] First difference at position 1: prompt='s', decoded='/'
[DEBUG] Context: prompt='<s>[INST] A simple an', decoded='</s></s></s><s> [INST'
Warning: Decoded text differs from trimmed prompt
  Trimmed prompt length: 402, Decoded text length: 403
[DEBUG] First difference at position 3: prompt='[', decoded=' '
[DEBUG] Context: prompt='<s>[INST] Which one of ', decoded='<s> [INST] Which one of'
Warning: Decoded text differs from trimmed prompt
  Trimmed prompt length: 407, Decoded text length: 408
[DEBUG] First difference at position 3: prompt='[', decoded=' '
[DEBUG] Context: prompt='<s>[INST] Which one of ', decoded='<s> [INST] Which one of'
Perplexity: Written 1986/85610 entries to perplexity result file (batch 331/14269)
Processing batch 332/14269
Warning: Decoded text differs from trimmed prompt
  Trimmed prompt length: 612, Decoded text length: 613
[DEBUG] First difference at position 3: prompt='[', decoded=' '
[DEBUG] Context: prompt='<s>[INST] What is the m', decoded='<s> [INST] What is the '
Warning: Decoded text differs from trimmed prompt
  Trimmed prompt length: 578, Decoded text length: 583
[DEBUG] First difference at position 1: prompt='s', decoded='/'
[DEBUG] Context: prompt='<s>[INST] What is the', decoded='</s></s></s></s></s><'
[WARNING] in lang en, index 1807: No tokens were selected by the answer mask for perplexity calculation, setting perplexity to 1.0.
Warning: Decoded text differs from trimmed prompt
  Trimmed prompt length: 474, Decoded text length: 425
[DEBUG] First difference at position 1: prompt='s', decoded='/'
[DEBUG] Context: prompt='<s>[INST] If there we', decoded='</s></s></s></s></s><'
Warning: Decoded text differs from trimmed prompt
  Trimmed prompt length: 408, Decoded text length: 358
[DEBUG] First difference at position 1: prompt='s', decoded='/'
[DEBUG] Context: prompt='<s>[INST] If there we', decoded='</s></s></s></s></s><'
Warning: Decoded text differs from trimmed prompt
  Trimmed prompt length: 254, Decoded text length: 240
[DEBUG] First difference at position 1: prompt='s', decoded='/'
[DEBUG] Context: prompt='<s>[INST] A parsimoni', decoded='</s></s></s></s></s><'
Warning: Decoded text differs from trimmed prompt
  Trimmed prompt length: 284, Decoded text length: 264
[DEBUG] First difference at position 1: prompt='s', decoded='/'
[DEBUG] Context: prompt='<s>[INST] A parsimoni', decoded='</s></s></s></s></s><'
Perplexity: Written 1992/85610 entries to perplexity result file (batch 332/14269)
Processing batch 333/14269
Warning: Decoded text differs from trimmed prompt
  Trimmed prompt length: 261, Decoded text length: 264
[DEBUG] First difference at position 1: prompt='s', decoded='/'
[DEBUG] Context: prompt='<s>[INST] The pacf is', decoded='</s></s></s></s></s><'
Warning: Decoded text differs from trimmed prompt
  Trimmed prompt length: 261, Decoded text length: 264
[DEBUG] First difference at position 1: prompt='s', decoded='/'
[DEBUG] Context: prompt='<s>[INST] The pacf is', decoded='</s></s></s></s></s><'
Warning: Decoded text differs from trimmed prompt
  Trimmed prompt length: 274, Decoded text length: 266
[DEBUG] First difference at position 1: prompt='s', decoded='/'
[DEBUG] Context: prompt='<s>[INST] Negative re', decoded='</s></s></s></s></s><'
Warning: Decoded text differs from trimmed prompt
  Trimmed prompt length: 273, Decoded text length: 266
[DEBUG] First difference at position 1: prompt='s', decoded='/'
[DEBUG] Context: prompt='<s>[INST] Negative re', decoded='</s></s></s></s></s><'
Warning: Decoded text differs from trimmed prompt
  Trimmed prompt length: 250, Decoded text length: 251
[DEBUG] First difference at position 3: prompt='[', decoded=' '
[DEBUG] Context: prompt='<s>[INST] The character', decoded='<s> [INST] The characte'
[WARNING] in lang en, index 1825: No tokens were selected by the answer mask for perplexity calculation, setting perplexity to 1.0.
Warning: Decoded text differs from trimmed prompt
  Trimmed prompt length: 251, Decoded text length: 252
[DEBUG] First difference at position 3: prompt='[', decoded=' '
[DEBUG] Context: prompt='<s>[INST] The character', decoded='<s> [INST] The characte'
[WARNING] in lang en, index 1825: No tokens were selected by the answer mask for perplexity calculation, setting perplexity to 1.0.
Perplexity: Written 1998/85610 entries to perplexity result file (batch 333/14269)
Processing batch 334/14269
Warning: Decoded text differs from trimmed prompt
  Trimmed prompt length: 284, Decoded text length: 256
[DEBUG] First difference at position 1: prompt='s', decoded='/'
[DEBUG] Context: prompt='<s>[INST] Which of th', decoded='</s></s></s></s></s><'
Warning: Decoded text differs from trimmed prompt
  Trimmed prompt length: 285, Decoded text length: 260
[DEBUG] First difference at position 1: prompt='s', decoded='/'
[DEBUG] Context: prompt='<s>[INST] Which of th', decoded='</s></s></s></s></s><'
Warning: Decoded text differs from trimmed prompt
  Trimmed prompt length: 295, Decoded text length: 304
[DEBUG] First difference at position 1: prompt='s', decoded='/'
[DEBUG] Context: prompt='<s>[INST] What will b', decoded='</s></s></s></s></s><'
Warning: Decoded text differs from trimmed prompt
  Trimmed prompt length: 302, Decoded text length: 307
[DEBUG] First difference at position 1: prompt='s', decoded='/'
[DEBUG] Context: prompt='<s>[INST] What will b', decoded='</s></s></s></s></s><'
Warning: Decoded text differs from trimmed prompt
  Trimmed prompt length: 600, Decoded text length: 601
[DEBUG] First difference at position 3: prompt='[', decoded=' '
[DEBUG] Context: prompt='<s>[INST] The order con', decoded='<s> [INST] The order co'
Warning: Decoded text differs from trimmed prompt
  Trimmed prompt length: 600, Decoded text length: 601
[DEBUG] First difference at position 3: prompt='[', decoded=' '
[DEBUG] Context: prompt='<s>[INST] The order con', decoded='<s> [INST] The order co'
Perplexity: Written 2004/85610 entries to perplexity result file (batch 334/14269)
Processing batch 335/14269
Warning: Decoded text differs from trimmed prompt
  Trimmed prompt length: 418, Decoded text length: 419
[DEBUG] First difference at position 1: prompt='s', decoded='/'
[DEBUG] Context: prompt='<s>[INST] Including r', decoded='</s><s> [INST] Includ'
[WARNING] in lang en, index 1838: No tokens were selected by the answer mask for perplexity calculation, setting perplexity to 1.0.
Warning: Decoded text differs from trimmed prompt
  Trimmed prompt length: 420, Decoded text length: 421
[DEBUG] First difference at position 3: prompt='[', decoded=' '
[DEBUG] Context: prompt='<s>[INST] Including rel', decoded='<s> [INST] Including re'
[WARNING] in lang en, index 1838: No tokens were selected by the answer mask for perplexity calculation, setting perplexity to 1.0.
Warning: Decoded text differs from trimmed prompt
  Trimmed prompt length: 396, Decoded text length: 397
[DEBUG] First difference at position 1: prompt='s', decoded='/'
[DEBUG] Context: prompt='<s>[INST] For an auto', decoded='</s></s></s><s> [INST'
Warning: Decoded text differs from trimmed prompt
  Trimmed prompt length: 403, Decoded text length: 404
[DEBUG] First difference at position 1: prompt='s', decoded='/'
[DEBUG] Context: prompt='<s>[INST] For an auto', decoded='</s><s> [INST] For an'
Warning: Decoded text differs from trimmed prompt
  Trimmed prompt length: 345, Decoded text length: 349
[DEBUG] First difference at position 1: prompt='s', decoded='/'
[DEBUG] Context: prompt='<s>[INST] The "within', decoded='</s></s></s></s></s><'
Warning: Decoded text differs from trimmed prompt
  Trimmed prompt length: 334, Decoded text length: 343
[DEBUG] First difference at position 1: prompt='s', decoded='/'
[DEBUG] Context: prompt='<s>[INST] The "within', decoded='</s></s></s></s></s><'
Perplexity: Written 2010/85610 entries to perplexity result file (batch 335/14269)
Processing batch 336/14269
Warning: Decoded text differs from trimmed prompt
  Trimmed prompt length: 311, Decoded text length: 312
[DEBUG] First difference at position 1: prompt='s', decoded='/'
[DEBUG] Context: prompt='<s>[INST] The purpose', decoded='</s></s></s></s></s><'
Warning: Decoded text differs from trimmed prompt
  Trimmed prompt length: 300, Decoded text length: 293
[DEBUG] First difference at position 1: prompt='s', decoded='/'
[DEBUG] Context: prompt='<s>[INST] The purpose', decoded='</s></s></s></s></s><'
Warning: Decoded text differs from trimmed prompt
  Trimmed prompt length: 241, Decoded text length: 262
[DEBUG] First difference at position 1: prompt='s', decoded='/'
[DEBUG] Context: prompt='<s>[INST] An ARMA(p,q', decoded='</s></s></s></s></s><'
Warning: Decoded text differs from trimmed prompt
  Trimmed prompt length: 265, Decoded text length: 269
[DEBUG] First difference at position 1: prompt='s', decoded='/'
[DEBUG] Context: prompt='<s>[INST] An ARMA(p,q', decoded='</s></s></s></s></s><'
Warning: Decoded text differs from trimmed prompt
  Trimmed prompt length: 336, Decoded text length: 337
[DEBUG] First difference at position 3: prompt='[', decoded=' '
[DEBUG] Context: prompt='<s>[INST] Consider the ', decoded='<s> [INST] Consider the'
Warning: Decoded text differs from trimmed prompt
  Trimmed prompt length: 331, Decoded text length: 332
[DEBUG] First difference at position 3: prompt='[', decoded=' '
[DEBUG] Context: prompt='<s>[INST] Consider the ', decoded='<s> [INST] Consider the'
Perplexity: Written 2016/85610 entries to perplexity result file (batch 336/14269)
Processing batch 337/14269
Warning: Decoded text differs from trimmed prompt
  Trimmed prompt length: 428, Decoded text length: 429
[DEBUG] First difference at position 1: prompt='s', decoded='/'
[DEBUG] Context: prompt='<s>[INST] What is the', decoded='</s></s></s></s></s><'
Warning: Decoded text differs from trimmed prompt
  Trimmed prompt length: 483, Decoded text length: 481
[DEBUG] First difference at position 1: prompt='s', decoded='/'
[DEBUG] Context: prompt='<s>[INST] What is the', decoded='</s></s></s></s></s><'
Warning: Decoded text differs from trimmed prompt
  Trimmed prompt length: 548, Decoded text length: 549
[DEBUG] First difference at position 1: prompt='s', decoded='/'
[DEBUG] Context: prompt='<s>[INST] What is the', decoded='</s><s> [INST] What i'
Warning: Decoded text differs from trimmed prompt
  Trimmed prompt length: 560, Decoded text length: 561
[DEBUG] First difference at position 3: prompt='[', decoded=' '
[DEBUG] Context: prompt='<s>[INST] What is the m', decoded='<s> [INST] What is the '
Warning: Decoded text differs from trimmed prompt
  Trimmed prompt length: 304, Decoded text length: 282
[DEBUG] First difference at position 1: prompt='s', decoded='/'
[DEBUG] Context: prompt='<s>[INST] If a Durbin', decoded='</s></s></s></s></s><'
[WARNING] in lang en, index 1864: No tokens were selected by the answer mask for perplexity calculation, setting perplexity to 1.0.
Warning: Decoded text differs from trimmed prompt
  Trimmed prompt length: 323, Decoded text length: 310
[DEBUG] First difference at position 1: prompt='s', decoded='/'
[DEBUG] Context: prompt='<s>[INST] If a Durbin', decoded='</s></s></s></s></s><'
[WARNING] in lang en, index 1864: No tokens were selected by the answer mask for perplexity calculation, setting perplexity to 1.0.
Perplexity: Written 2022/85610 entries to perplexity result file (batch 337/14269)
Processing batch 338/14269
Warning: Decoded text differs from trimmed prompt
  Trimmed prompt length: 314, Decoded text length: 319
[DEBUG] First difference at position 1: prompt='s', decoded='/'
[DEBUG] Context: prompt='<s>[INST] Under the n', decoded='</s></s></s></s></s><'
Warning: Decoded text differs from trimmed prompt
  Trimmed prompt length: 310, Decoded text length: 319
[DEBUG] First difference at position 1: prompt='s', decoded='/'
[DEBUG] Context: prompt='<s>[INST] Under the n', decoded='</s></s></s></s></s><'
Warning: Decoded text differs from trimmed prompt
  Trimmed prompt length: 354, Decoded text length: 323
[DEBUG] First difference at position 1: prompt='s', decoded='/'
[DEBUG] Context: prompt='<s>[INST] If an estim', decoded='</s></s></s></s></s><'
Warning: Decoded text differs from trimmed prompt
  Trimmed prompt length: 380, Decoded text length: 352
[DEBUG] First difference at position 1: prompt='s', decoded='/'
[DEBUG] Context: prompt='<s>[INST] If an estim', decoded='</s></s></s></s></s><'
Warning: Decoded text differs from trimmed prompt
  Trimmed prompt length: 452, Decoded text length: 453
[DEBUG] First difference at position 3: prompt='[', decoded=' '
[DEBUG] Context: prompt='<s>[INST] If a Johansen', decoded='<s> [INST] If a Johanse'
[WARNING] in lang en, index 1872: No tokens were selected by the answer mask for perplexity calculation, setting perplexity to 1.0.
Warning: Decoded text differs from trimmed prompt
  Trimmed prompt length: 456, Decoded text length: 457
[DEBUG] First difference at position 1: prompt='s', decoded='/'
[DEBUG] Context: prompt='<s>[INST] If a Johans', decoded='</s><s> [INST] If a J'
[WARNING] in lang en, index 1872: No tokens were selected by the answer mask for perplexity calculation, setting perplexity to 1.0.
Perplexity: Written 2028/85610 entries to perplexity result file (batch 338/14269)
Processing batch 339/14269
Warning: Decoded text differs from trimmed prompt
  Trimmed prompt length: 656, Decoded text length: 657
[DEBUG] First difference at position 3: prompt='[', decoded=' '
[DEBUG] Context: prompt='<s>[INST] Suppose that ', decoded='<s> [INST] Suppose that'
Warning: Decoded text differs from trimmed prompt
  Trimmed prompt length: 656, Decoded text length: 657
[DEBUG] First difference at position 3: prompt='[', decoded=' '
[DEBUG] Context: prompt='<s>[INST] Suppose that ', decoded='<s> [INST] Suppose that'
Warning: Decoded text differs from trimmed prompt
  Trimmed prompt length: 340, Decoded text length: 312
[DEBUG] First difference at position 1: prompt='s', decoded='/'
[DEBUG] Context: prompt='<s>[INST] Which of th', decoded='</s></s></s></s></s><'
Warning: Decoded text differs from trimmed prompt
  Trimmed prompt length: 327, Decoded text length: 296
[DEBUG] First difference at position 1: prompt='s', decoded='/'
[DEBUG] Context: prompt='<s>[INST] Which of th', decoded='</s></s></s></s></s><'
Warning: Decoded text differs from trimmed prompt
  Trimmed prompt length: 352, Decoded text length: 320
[DEBUG] First difference at position 1: prompt='s', decoded='/'
[DEBUG] Context: prompt='<s>[INST] If the stan', decoded='</s></s></s></s></s><'
[WARNING] in lang en, index 1881: No tokens were selected by the answer mask for perplexity calculation, setting perplexity to 1.0.
Warning: Decoded text differs from trimmed prompt
  Trimmed prompt length: 351, Decoded text length: 312
[DEBUG] First difference at position 1: prompt='s', decoded='/'
[DEBUG] Context: prompt='<s>[INST] If the stan', decoded='</s></s></s></s></s><'
[WARNING] in lang en, index 1881: No tokens were selected by the answer mask for perplexity calculation, setting perplexity to 1.0.
Perplexity: Written 2034/85610 entries to perplexity result file (batch 339/14269)
Processing batch 340/14269
Warning: Decoded text differs from trimmed prompt
  Trimmed prompt length: 334, Decoded text length: 260
[DEBUG] First difference at position 1: prompt='s', decoded='/'
[DEBUG] Context: prompt='<s>[INST] A dependent', decoded='</s></s></s></s></s><'
[WARNING] in lang en, index 1883: No tokens were selected by the answer mask for perplexity calculation, setting perplexity to 1.0.
Warning: Decoded text differs from trimmed prompt
  Trimmed prompt length: 335, Decoded text length: 260
[DEBUG] First difference at position 1: prompt='s', decoded='/'
[DEBUG] Context: prompt='<s>[INST] A dependent', decoded='</s></s></s></s></s><'
[WARNING] in lang en, index 1883: No tokens were selected by the answer mask for perplexity calculation, setting perplexity to 1.0.
Warning: Decoded text differs from trimmed prompt
  Trimmed prompt length: 673, Decoded text length: 674
[DEBUG] First difference at position 3: prompt='[', decoded=' '
[DEBUG] Context: prompt='<s>[INST] A researcher ', decoded='<s> [INST] A researcher'
[WARNING] in lang en, index 1887: No tokens were selected by the answer mask for perplexity calculation, setting perplexity to 1.0.
Warning: Decoded text differs from trimmed prompt
  Trimmed prompt length: 646, Decoded text length: 647
[DEBUG] First difference at position 1: prompt='s', decoded='/'
[DEBUG] Context: prompt='<s>[INST] A researche', decoded='</s></s></s></s></s><'
[WARNING] in lang en, index 1887: No tokens were selected by the answer mask for perplexity calculation, setting perplexity to 1.0.
Warning: Decoded text differs from trimmed prompt
  Trimmed prompt length: 213, Decoded text length: 280
[DEBUG] First difference at position 1: prompt='s', decoded='/'
[DEBUG] Context: prompt='<s>[INST] Consider th', decoded='</s></s></s></s></s><'
Warning: Decoded text differs from trimmed prompt
  Trimmed prompt length: 213, Decoded text length: 284
[DEBUG] First difference at position 1: prompt='s', decoded='/'
[DEBUG] Context: prompt='<s>[INST] Consider th', decoded='</s></s></s></s></s><'
Perplexity: Written 2040/85610 entries to perplexity result file (batch 340/14269)
Processing batch 341/14269
Warning: Decoded text differs from trimmed prompt
  Trimmed prompt length: 285, Decoded text length: 264
[DEBUG] First difference at position 1: prompt='s', decoded='/'
[DEBUG] Context: prompt='<s>[INST] The residua', decoded='</s></s></s></s></s><'
Warning: Decoded text differs from trimmed prompt
  Trimmed prompt length: 295, Decoded text length: 280
[DEBUG] First difference at position 1: prompt='s', decoded='/'
[DEBUG] Context: prompt='<s>[INST] The residua', decoded='</s></s></s></s></s><'
Warning: Decoded text differs from trimmed prompt
  Trimmed prompt length: 277, Decoded text length: 240
[DEBUG] First difference at position 1: prompt='s', decoded='/'
[DEBUG] Context: prompt='<s>[INST] If OLS is a', decoded='</s></s></s></s></s><'
[WARNING] in lang en, index 1893: No tokens were selected by the answer mask for perplexity calculation, setting perplexity to 1.0.
Warning: Decoded text differs from trimmed prompt
  Trimmed prompt length: 335, Decoded text length: 288
[DEBUG] First difference at position 1: prompt='s', decoded='/'
[DEBUG] Context: prompt='<s>[INST] If OLS is a', decoded='</s></s></s></s></s><'
Warning: Decoded text differs from trimmed prompt
  Trimmed prompt length: 729, Decoded text length: 730
[DEBUG] First difference at position 3: prompt='[', decoded=' '
[DEBUG] Context: prompt='<s>[INST] Suppose that ', decoded='<s> [INST] Suppose that'
Warning: Decoded text differs from trimmed prompt
  Trimmed prompt length: 723, Decoded text length: 720
[DEBUG] First difference at position 1: prompt='s', decoded='/'
[DEBUG] Context: prompt='<s>[INST] Suppose tha', decoded='</s></s></s><s> [INST'
Perplexity: Written 2046/85610 entries to perplexity result file (batch 341/14269)
Processing batch 342/14269
Warning: Decoded text differs from trimmed prompt
  Trimmed prompt length: 274, Decoded text length: 277
[DEBUG] First difference at position 1: prompt='s', decoded='/'
[DEBUG] Context: prompt='<s>[INST] Consider th', decoded='</s></s></s></s></s><'
Warning: Decoded text differs from trimmed prompt
  Trimmed prompt length: 271, Decoded text length: 277
[DEBUG] First difference at position 1: prompt='s', decoded='/'
[DEBUG] Context: prompt='<s>[INST] Consider th', decoded='</s></s></s></s></s><'
Warning: Decoded text differs from trimmed prompt
  Trimmed prompt length: 442, Decoded text length: 443
[DEBUG] First difference at position 3: prompt='[', decoded=' '
[DEBUG] Context: prompt='<s>[INST] Note that sta', decoded='<s> [INST] Note that st'
Warning: Decoded text differs from trimmed prompt
  Trimmed prompt length: 443, Decoded text length: 444
[DEBUG] First difference at position 3: prompt='[', decoded=' '
[DEBUG] Context: prompt='<s>[INST] Note that sta', decoded='<s> [INST] Note that st'
Warning: Decoded text differs from trimmed prompt
  Trimmed prompt length: 249, Decoded text length: 212
[DEBUG] First difference at position 1: prompt='s', decoded='/'
[DEBUG] Context: prompt='<s>[INST] Which one o', decoded='</s></s></s></s></s><'
Warning: Decoded text differs from trimmed prompt
  Trimmed prompt length: 240, Decoded text length: 204
[DEBUG] First difference at position 1: prompt='s', decoded='/'
[DEBUG] Context: prompt='<s>[INST] Which one o', decoded='</s></s></s></s></s><'
Perplexity: Written 2052/85610 entries to perplexity result file (batch 342/14269)
Processing batch 343/14269
Warning: Decoded text differs from trimmed prompt
  Trimmed prompt length: 631, Decoded text length: 632
[DEBUG] First difference at position 3: prompt='[', decoded=' '
[DEBUG] Context: prompt='<s>[INST] Consider the ', decoded='<s> [INST] Consider the'
Warning: Decoded text differs from trimmed prompt
  Trimmed prompt length: 627, Decoded text length: 628
[DEBUG] First difference at position 1: prompt='s', decoded='/'
[DEBUG] Context: prompt='<s>[INST] Consider th', decoded='</s><s> [INST] Consid'
Warning: Decoded text differs from trimmed prompt
  Trimmed prompt length: 291, Decoded text length: 256
[DEBUG] First difference at position 1: prompt='s', decoded='/'
[DEBUG] Context: prompt='<s>[INST] Which one o', decoded='</s></s></s></s></s><'
Warning: Decoded text differs from trimmed prompt
  Trimmed prompt length: 317, Decoded text length: 268
[DEBUG] First difference at position 1: prompt='s', decoded='/'
[DEBUG] Context: prompt='<s>[INST] Which one o', decoded='</s></s></s></s></s><'
Warning: Decoded text differs from trimmed prompt
  Trimmed prompt length: 586, Decoded text length: 555
[DEBUG] First difference at position 1: prompt='s', decoded='/'
[DEBUG] Context: prompt='<s>[INST] Suppose tha', decoded='</s></s></s></s></s><'
[WARNING] in lang en, index 1916: No tokens were selected by the answer mask for perplexity calculation, setting perplexity to 1.0.
Warning: Decoded text differs from trimmed prompt
  Trimmed prompt length: 672, Decoded text length: 652
[DEBUG] First difference at position 1: prompt='s', decoded='/'
[DEBUG] Context: prompt='<s>[INST] Suppose tha', decoded='</s></s></s></s></s><'
[WARNING] in lang en, index 1916: No tokens were selected by the answer mask for perplexity calculation, setting perplexity to 1.0.
Perplexity: Written 2058/85610 entries to perplexity result file (batch 343/14269)
Processing batch 344/14269
Warning: Decoded text differs from trimmed prompt
  Trimmed prompt length: 681, Decoded text length: 682
[DEBUG] First difference at position 3: prompt='[', decoded=' '
[DEBUG] Context: prompt='<s>[INST] Which of the ', decoded='<s> [INST] Which of the'
[WARNING] in lang en, index 1917: No tokens were selected by the answer mask for perplexity calculation, setting perplexity to 1.0.
Warning: Decoded text differs from trimmed prompt
  Trimmed prompt length: 682, Decoded text length: 683
[DEBUG] First difference at position 3: prompt='[', decoded=' '
[DEBUG] Context: prompt='<s>[INST] Which of the ', decoded='<s> [INST] Which of the'
[WARNING] in lang en, index 1917: No tokens were selected by the answer mask for perplexity calculation, setting perplexity to 1.0.
Warning: Decoded text differs from trimmed prompt
  Trimmed prompt length: 421, Decoded text length: 400
[DEBUG] First difference at position 1: prompt='s', decoded='/'
[DEBUG] Context: prompt='<s>[INST] If the Engl', decoded='</s></s></s></s></s><'
[WARNING] in lang en, index 1918: No tokens were selected by the answer mask for perplexity calculation, setting perplexity to 1.0.
Warning: Decoded text differs from trimmed prompt
  Trimmed prompt length: 416, Decoded text length: 387
[DEBUG] First difference at position 1: prompt='s', decoded='/'
[DEBUG] Context: prompt='<s>[INST] If the Engl', decoded='</s></s></s></s></s><'
[WARNING] in lang en, index 1918: No tokens were selected by the answer mask for perplexity calculation, setting perplexity to 1.0.
Warning: Decoded text differs from trimmed prompt
  Trimmed prompt length: 372, Decoded text length: 304
[DEBUG] First difference at position 1: prompt='s', decoded='/'
[DEBUG] Context: prompt='<s>[INST] Potentiomet', decoded='</s></s></s></s></s><'
[WARNING] in lang en, index 1921: No tokens were selected by the answer mask for perplexity calculation, setting perplexity to 1.0.
Warning: Decoded text differs from trimmed prompt
  Trimmed prompt length: 368, Decoded text length: 296
[DEBUG] First difference at position 1: prompt='s', decoded='/'
[DEBUG] Context: prompt='<s>[INST] Potentiomet', decoded='</s></s></s></s></s><'
[WARNING] in lang en, index 1921: No tokens were selected by the answer mask for perplexity calculation, setting perplexity to 1.0.
Perplexity: Written 2064/85610 entries to perplexity result file (batch 344/14269)
Processing batch 345/14269
Warning: Decoded text differs from trimmed prompt
  Trimmed prompt length: 190, Decoded text length: 188
[DEBUG] First difference at position 1: prompt='s', decoded='/'
[DEBUG] Context: prompt='<s>[INST] A box which', decoded='</s></s></s></s></s><'
[WARNING] in lang en, index 1924: No tokens were selected by the answer mask for perplexity calculation, setting perplexity to 1.0.
Warning: Decoded text differs from trimmed prompt
  Trimmed prompt length: 187, Decoded text length: 183
[DEBUG] First difference at position 1: prompt='s', decoded='/'
[DEBUG] Context: prompt='<s>[INST] A box which', decoded='</s></s></s></s></s><'
[WARNING] in lang en, index 1924: No tokens were selected by the answer mask for perplexity calculation, setting perplexity to 1.0.
Warning: Decoded text differs from trimmed prompt
  Trimmed prompt length: 303, Decoded text length: 304
[DEBUG] First difference at position 1: prompt='s', decoded='/'
[DEBUG] Context: prompt='<s>[INST] The resista', decoded='</s><s> [INST] The re'
[WARNING] in lang en, index 1926: No tokens were selected by the answer mask for perplexity calculation, setting perplexity to 1.0.
Warning: Decoded text differs from trimmed prompt
  Trimmed prompt length: 310, Decoded text length: 311
[DEBUG] First difference at position 3: prompt='[', decoded=' '
[DEBUG] Context: prompt='<s>[INST] The resistanc', decoded='<s> [INST] The resistan'
[WARNING] in lang en, index 1926: No tokens were selected by the answer mask for perplexity calculation, setting perplexity to 1.0.
Warning: Decoded text differs from trimmed prompt
  Trimmed prompt length: 234, Decoded text length: 215
[DEBUG] First difference at position 1: prompt='s', decoded='/'
[DEBUG] Context: prompt='<s>[INST] A working d', decoded='</s></s></s></s></s><'
Warning: Decoded text differs from trimmed prompt
  Trimmed prompt length: 234, Decoded text length: 215
[DEBUG] First difference at position 1: prompt='s', decoded='/'
[DEBUG] Context: prompt='<s>[INST] A working d', decoded='</s></s></s></s></s><'
Perplexity: Written 2070/85610 entries to perplexity result file (batch 345/14269)
Processing batch 346/14269
Warning: Decoded text differs from trimmed prompt
  Trimmed prompt length: 224, Decoded text length: 225
[DEBUG] First difference at position 3: prompt='[', decoded=' '
[DEBUG] Context: prompt='<s>[INST] Commutator in', decoded='<s> [INST] Commutator i'
Warning: Decoded text differs from trimmed prompt
  Trimmed prompt length: 209, Decoded text length: 203
[DEBUG] First difference at position 1: prompt='s', decoded='/'
[DEBUG] Context: prompt='<s>[INST] Commutator ', decoded='</s></s></s></s></s><'
[WARNING] in lang en, index 1933: No tokens were selected by the answer mask for perplexity calculation, setting perplexity to 1.0.
Warning: Decoded text differs from trimmed prompt
  Trimmed prompt length: 184, Decoded text length: 190
[DEBUG] First difference at position 1: prompt='s', decoded='/'
[DEBUG] Context: prompt='<s>[INST] 1 F is theo', decoded='</s></s></s><s> [INST'
Warning: Decoded text differs from trimmed prompt
  Trimmed prompt length: 178, Decoded text length: 173
[DEBUG] First difference at position 1: prompt='s', decoded='/'
[DEBUG] Context: prompt='<s>[INST] 1 F is theo', decoded='</s></s></s></s></s><'
[WARNING] in lang en, index 1934: No tokens were selected by the answer mask for perplexity calculation, setting perplexity to 1.0.
Warning: Decoded text differs from trimmed prompt
  Trimmed prompt length: 216, Decoded text length: 214
[DEBUG] First difference at position 1: prompt='s', decoded='/'
[DEBUG] Context: prompt='<s>[INST] In decimal ', decoded='</s></s></s></s><s> ['
Warning: Decoded text differs from trimmed prompt
  Trimmed prompt length: 216, Decoded text length: 214
[DEBUG] First difference at position 1: prompt='s', decoded='/'
[DEBUG] Context: prompt='<s>[INST] In decimal ', decoded='</s></s></s></s><s> ['
Perplexity: Written 2076/85610 entries to perplexity result file (batch 346/14269)
Processing batch 347/14269
Warning: Decoded text differs from trimmed prompt
  Trimmed prompt length: 304, Decoded text length: 305
[DEBUG] First difference at position 3: prompt='[', decoded=' '
[DEBUG] Context: prompt='<s>[INST] Inintel 8085A', decoded='<s> [INST] Inintel 8085'
Warning: Decoded text differs from trimmed prompt
  Trimmed prompt length: 282, Decoded text length: 283
[DEBUG] First difference at position 3: prompt='[', decoded=' '
[DEBUG] Context: prompt='<s>[INST] Inintel 8085A', decoded='<s> [INST] Inintel 8085'
[WARNING] in lang en, index 1938: No tokens were selected by the answer mask for perplexity calculation, setting perplexity to 1.0.
Warning: Decoded text differs from trimmed prompt
  Trimmed prompt length: 346, Decoded text length: 347
[DEBUG] First difference at position 1: prompt='s', decoded='/'
[DEBUG] Context: prompt='<s>[INST] The concept', decoded='</s><s> [INST] The co'
Warning: Decoded text differs from trimmed prompt
  Trimmed prompt length: 335, Decoded text length: 339
[DEBUG] First difference at position 1: prompt='s', decoded='/'
[DEBUG] Context: prompt='<s>[INST] The concept', decoded='</s></s><s> [INST] Th'
Warning: Decoded text differs from trimmed prompt
  Trimmed prompt length: 272, Decoded text length: 242
[DEBUG] First difference at position 1: prompt='s', decoded='/'
[DEBUG] Context: prompt='<s>[INST] While opera', decoded='</s></s></s></s></s><'
[WARNING] in lang en, index 1942: No tokens were selected by the answer mask for perplexity calculation, setting perplexity to 1.0.
Warning: Decoded text differs from trimmed prompt
  Trimmed prompt length: 286, Decoded text length: 262
[DEBUG] First difference at position 1: prompt='s', decoded='/'
[DEBUG] Context: prompt='<s>[INST] While opera', decoded='</s></s></s></s></s><'
[WARNING] in lang en, index 1942: No tokens were selected by the answer mask for perplexity calculation, setting perplexity to 1.0.
Perplexity: Written 2082/85610 entries to perplexity result file (batch 347/14269)
Processing batch 348/14269
Warning: Decoded text differs from trimmed prompt
  Trimmed prompt length: 239, Decoded text length: 241
[DEBUG] First difference at position 1: prompt='s', decoded='/'
[DEBUG] Context: prompt='<s>[INST] Which of th', decoded='</s></s></s></s></s><'
Warning: Decoded text differs from trimmed prompt
  Trimmed prompt length: 236, Decoded text length: 238
[DEBUG] First difference at position 1: prompt='s', decoded='/'
[DEBUG] Context: prompt='<s>[INST] Which of th', decoded='</s></s></s></s></s><'
Warning: Decoded text differs from trimmed prompt
  Trimmed prompt length: 250, Decoded text length: 251
[DEBUG] First difference at position 1: prompt='s', decoded='/'
[DEBUG] Context: prompt='<s>[INST] Relaxation ', decoded='</s><s> [INST] Relaxa'
[WARNING] in lang en, index 1944: No tokens were selected by the answer mask for perplexity calculation, setting perplexity to 1.0.
Warning: Decoded text differs from trimmed prompt
  Trimmed prompt length: 253, Decoded text length: 254
[DEBUG] First difference at position 3: prompt='[', decoded=' '
[DEBUG] Context: prompt='<s>[INST] Relaxation Vo', decoded='<s> [INST] Relaxation V'
[WARNING] in lang en, index 1944: No tokens were selected by the answer mask for perplexity calculation, setting perplexity to 1.0.
Warning: Decoded text differs from trimmed prompt
  Trimmed prompt length: 174, Decoded text length: 156
[DEBUG] First difference at position 1: prompt='s', decoded='/'
[DEBUG] Context: prompt='<s>[INST] Advantages ', decoded='</s></s></s></s></s><'
[WARNING] in lang en, index 1951: No tokens were selected by the answer mask for perplexity calculation, setting perplexity to 1.0.
Warning: Decoded text differs from trimmed prompt
  Trimmed prompt length: 161, Decoded text length: 152
[DEBUG] First difference at position 1: prompt='s', decoded='/'
[DEBUG] Context: prompt='<s>[INST] Advantages ', decoded='</s></s></s></s></s><'
[WARNING] in lang en, index 1951: No tokens were selected by the answer mask for perplexity calculation, setting perplexity to 1.0.
Perplexity: Written 2088/85610 entries to perplexity result file (batch 348/14269)
Processing batch 349/14269
Warning: Decoded text differs from trimmed prompt
  Trimmed prompt length: 263, Decoded text length: 264
[DEBUG] First difference at position 3: prompt='[', decoded=' '
[DEBUG] Context: prompt='<s>[INST] The voltage i', decoded='<s> [INST] The voltage '
Warning: Decoded text differs from trimmed prompt
  Trimmed prompt length: 245, Decoded text length: 246
[DEBUG] First difference at position 1: prompt='s', decoded='/'
[DEBUG] Context: prompt='<s>[INST] The voltage', decoded='</s></s></s></s><s> ['
Warning: Decoded text differs from trimmed prompt
  Trimmed prompt length: 237, Decoded text length: 230
[DEBUG] First difference at position 1: prompt='s', decoded='/'
[DEBUG] Context: prompt='<s>[INST] Induction h', decoded='</s></s></s></s></s><'
Warning: Decoded text differs from trimmed prompt
  Trimmed prompt length: 182, Decoded text length: 161
[DEBUG] First difference at position 1: prompt='s', decoded='/'
[DEBUG] Context: prompt='<s>[INST] Induction h', decoded='</s></s></s></s></s><'
[WARNING] in lang en, index 1954: No tokens were selected by the answer mask for perplexity calculation, setting perplexity to 1.0.
Warning: Decoded text differs from trimmed prompt
  Trimmed prompt length: 144, Decoded text length: 142
[DEBUG] First difference at position 1: prompt='s', decoded='/'
[DEBUG] Context: prompt='<s>[INST] Magnetic fl', decoded='</s></s></s></s></s><'
Warning: Decoded text differs from trimmed prompt
  Trimmed prompt length: 144, Decoded text length: 149
[DEBUG] First difference at position 1: prompt='s', decoded='/'
[DEBUG] Context: prompt='<s>[INST] Magnetic fl', decoded='</s></s></s></s></s><'
Perplexity: Written 2094/85610 entries to perplexity result file (batch 349/14269)
Processing batch 350/14269
Warning: Decoded text differs from trimmed prompt
  Trimmed prompt length: 296, Decoded text length: 297
[DEBUG] First difference at position 1: prompt='s', decoded='/'
[DEBUG] Context: prompt='<s>[INST] In balanced', decoded='</s></s></s></s><s> ['
[WARNING] in lang en, index 1957: No tokens were selected by the answer mask for perplexity calculation, setting perplexity to 1.0.
Warning: Decoded text differs from trimmed prompt
  Trimmed prompt length: 295, Decoded text length: 295
[DEBUG] First difference at position 1: prompt='s', decoded='/'
[DEBUG] Context: prompt='<s>[INST] In balanced', decoded='</s></s></s><s> [INST'
[WARNING] in lang en, index 1957: No tokens were selected by the answer mask for perplexity calculation, setting perplexity to 1.0.
Warning: Decoded text differs from trimmed prompt
  Trimmed prompt length: 256, Decoded text length: 257
[DEBUG] First difference at position 1: prompt='s', decoded='/'
[DEBUG] Context: prompt='<s>[INST] A D-flip-fl', decoded='</s><s> [INST] A D-fl'
Warning: Decoded text differs from trimmed prompt
  Trimmed prompt length: 250, Decoded text length: 251
[DEBUG] First difference at position 3: prompt='[', decoded=' '
[DEBUG] Context: prompt='<s>[INST] A D-flip-flop', decoded='<s> [INST] A D-flip-flo'
Warning: Decoded text differs from trimmed prompt
  Trimmed prompt length: 229, Decoded text length: 212
[DEBUG] First difference at position 1: prompt='s', decoded='/'
[DEBUG] Context: prompt='<s>[INST] Speed contr', decoded='</s></s></s></s></s><'
[WARNING] in lang en, index 1960: No tokens were selected by the answer mask for perplexity calculation, setting perplexity to 1.0.
Warning: Decoded text differs from trimmed prompt
  Trimmed prompt length: 230, Decoded text length: 221
[DEBUG] First difference at position 1: prompt='s', decoded='/'
[DEBUG] Context: prompt='<s>[INST] Speed contr', decoded='</s></s></s></s></s><'
[WARNING] in lang en, index 1960: No tokens were selected by the answer mask for perplexity calculation, setting perplexity to 1.0.
Perplexity: Written 2100/85610 entries to perplexity result file (batch 350/14269)
Processing batch 351/14269
Warning: Decoded text differs from trimmed prompt
  Trimmed prompt length: 233, Decoded text length: 219
[DEBUG] First difference at position 1: prompt='s', decoded='/'
[DEBUG] Context: prompt='<s>[INST] The output ', decoded='</s></s></s></s></s><'
[WARNING] in lang en, index 1963: No tokens were selected by the answer mask for perplexity calculation, setting perplexity to 1.0.
Warning: Decoded text differs from trimmed prompt
  Trimmed prompt length: 220, Decoded text length: 219
[DEBUG] First difference at position 1: prompt='s', decoded='/'
[DEBUG] Context: prompt='<s>[INST] The output ', decoded='</s></s></s></s></s><'
[WARNING] in lang en, index 1963: No tokens were selected by the answer mask for perplexity calculation, setting perplexity to 1.0.
Warning: Decoded text differs from trimmed prompt
  Trimmed prompt length: 372, Decoded text length: 373
[DEBUG] First difference at position 3: prompt='[', decoded=' '
[DEBUG] Context: prompt='<s>[INST] A sinusoidal ', decoded='<s> [INST] A sinusoidal'
Warning: Decoded text differs from trimmed prompt
  Trimmed prompt length: 347, Decoded text length: 348
[DEBUG] First difference at position 1: prompt='s', decoded='/'
[DEBUG] Context: prompt='<s>[INST] A sinusoida', decoded='</s></s></s><s> [INST'
Warning: Decoded text differs from trimmed prompt
  Trimmed prompt length: 139, Decoded text length: 144
[DEBUG] First difference at position 1: prompt='s', decoded='/'
[DEBUG] Context: prompt='<s>[INST] Stack is al', decoded='</s></s></s></s></s><'
Warning: Decoded text differs from trimmed prompt
  Trimmed prompt length: 139, Decoded text length: 140
[DEBUG] First difference at position 1: prompt='s', decoded='/'
[DEBUG] Context: prompt='<s>[INST] Stack is al', decoded='</s></s></s></s></s><'
Perplexity: Written 2106/85610 entries to perplexity result file (batch 351/14269)
Processing batch 352/14269
Warning: Decoded text differs from trimmed prompt
  Trimmed prompt length: 276, Decoded text length: 277
[DEBUG] First difference at position 3: prompt='[', decoded=' '
[DEBUG] Context: prompt='<s>[INST] In Ward-Leona', decoded='<s> [INST] In Ward-Leon'
[WARNING] in lang en, index 1967: No tokens were selected by the answer mask for perplexity calculation, setting perplexity to 1.0.
Warning: Decoded text differs from trimmed prompt
  Trimmed prompt length: 254, Decoded text length: 257
[DEBUG] First difference at position 1: prompt='s', decoded='/'
[DEBUG] Context: prompt='<s>[INST] In Ward-Leo', decoded='</s></s></s></s><s> ['
[WARNING] in lang en, index 1967: No tokens were selected by the answer mask for perplexity calculation, setting perplexity to 1.0.
Warning: Decoded text differs from trimmed prompt
  Trimmed prompt length: 203, Decoded text length: 197
[DEBUG] First difference at position 1: prompt='s', decoded='/'
[DEBUG] Context: prompt='<s>[INST] Both the AL', decoded='</s></s></s></s></s><'
[WARNING] in lang en, index 1970: No tokens were selected by the answer mask for perplexity calculation, setting perplexity to 1.0.
Warning: Decoded text differs from trimmed prompt
  Trimmed prompt length: 200, Decoded text length: 193
[DEBUG] First difference at position 1: prompt='s', decoded='/'
[DEBUG] Context: prompt='<s>[INST] Both the AL', decoded='</s></s></s></s></s><'
[WARNING] in lang en, index 1970: No tokens were selected by the answer mask for perplexity calculation, setting perplexity to 1.0.
Warning: Decoded text differs from trimmed prompt
  Trimmed prompt length: 249, Decoded text length: 250
[DEBUG] First difference at position 3: prompt='[', decoded=' '
[DEBUG] Context: prompt='<s>[INST] A diode (p-n ', decoded='<s> [INST] A diode (p-n'
Warning: Decoded text differs from trimmed prompt
  Trimmed prompt length: 248, Decoded text length: 249
[DEBUG] First difference at position 3: prompt='[', decoded=' '
[DEBUG] Context: prompt='<s>[INST] A diode (p-n ', decoded='<s> [INST] A diode (p-n'
Perplexity: Written 2112/85610 entries to perplexity result file (batch 352/14269)
Processing batch 353/14269
Warning: Decoded text differs from trimmed prompt
  Trimmed prompt length: 201, Decoded text length: 194
[DEBUG] First difference at position 1: prompt='s', decoded='/'
[DEBUG] Context: prompt='<s>[INST] Piezoelectr', decoded='</s></s></s></s></s><'
[WARNING] in lang en, index 1974: No tokens were selected by the answer mask for perplexity calculation, setting perplexity to 1.0.
Warning: Decoded text differs from trimmed prompt
  Trimmed prompt length: 196, Decoded text length: 194
[DEBUG] First difference at position 1: prompt='s', decoded='/'
[DEBUG] Context: prompt='<s>[INST] Piezoelectr', decoded='</s></s></s></s></s><'
[WARNING] in lang en, index 1974: No tokens were selected by the answer mask for perplexity calculation, setting perplexity to 1.0.
Warning: Decoded text differs from trimmed prompt
  Trimmed prompt length: 207, Decoded text length: 200
[DEBUG] First difference at position 1: prompt='s', decoded='/'
[DEBUG] Context: prompt='<s>[INST] The resisti', decoded='</s></s></s></s></s><'
[WARNING] in lang en, index 1975: No tokens were selected by the answer mask for perplexity calculation, setting perplexity to 1.0.
Warning: Decoded text differs from trimmed prompt
  Trimmed prompt length: 204, Decoded text length: 200
[DEBUG] First difference at position 1: prompt='s', decoded='/'
[DEBUG] Context: prompt='<s>[INST] The resisti', decoded='</s></s></s></s></s><'
[WARNING] in lang en, index 1975: No tokens were selected by the answer mask for perplexity calculation, setting perplexity to 1.0.
Warning: Decoded text differs from trimmed prompt
  Trimmed prompt length: 313, Decoded text length: 314
[DEBUG] First difference at position 3: prompt='[', decoded=' '
[DEBUG] Context: prompt='<s>[INST] The smallest ', decoded='<s> [INST] The smallest'
[WARNING] in lang en, index 1976: No tokens were selected by the answer mask for perplexity calculation, setting perplexity to 1.0.
Warning: Decoded text differs from trimmed prompt
  Trimmed prompt length: 311, Decoded text length: 312
[DEBUG] First difference at position 3: prompt='[', decoded=' '
[DEBUG] Context: prompt='<s>[INST] The smallest ', decoded='<s> [INST] The smallest'
[WARNING] in lang en, index 1976: No tokens were selected by the answer mask for perplexity calculation, setting perplexity to 1.0.
Perplexity: Written 2118/85610 entries to perplexity result file (batch 353/14269)
Processing batch 354/14269
Warning: Decoded text differs from trimmed prompt
  Trimmed prompt length: 243, Decoded text length: 230
[DEBUG] First difference at position 1: prompt='s', decoded='/'
[DEBUG] Context: prompt='<s>[INST] Which syste', decoded='</s></s></s></s></s><'
[WARNING] in lang en, index 1978: No tokens were selected by the answer mask for perplexity calculation, setting perplexity to 1.0.
Warning: Decoded text differs from trimmed prompt
  Trimmed prompt length: 230, Decoded text length: 222
[DEBUG] First difference at position 1: prompt='s', decoded='/'
[DEBUG] Context: prompt='<s>[INST] Which syste', decoded='</s></s></s></s></s><'
[WARNING] in lang en, index 1978: No tokens were selected by the answer mask for perplexity calculation, setting perplexity to 1.0.
Warning: Decoded text differs from trimmed prompt
  Trimmed prompt length: 192, Decoded text length: 181
[DEBUG] First difference at position 1: prompt='s', decoded='/'
[DEBUG] Context: prompt='<s>[INST] A null type', decoded='</s></s></s></s></s><'
[WARNING] in lang en, index 1980: No tokens were selected by the answer mask for perplexity calculation, setting perplexity to 1.0.
Warning: Decoded text differs from trimmed prompt
  Trimmed prompt length: 191, Decoded text length: 184
[DEBUG] First difference at position 1: prompt='s', decoded='/'
[DEBUG] Context: prompt='<s>[INST] A null type', decoded='</s></s></s></s></s><'
Warning: Decoded text differs from trimmed prompt
  Trimmed prompt length: 293, Decoded text length: 294
[DEBUG] First difference at position 3: prompt='[', decoded=' '
[DEBUG] Context: prompt='<s>[INST] Length of the', decoded='<s> [INST] Length of th'
Warning: Decoded text differs from trimmed prompt
  Trimmed prompt length: 295, Decoded text length: 296
[DEBUG] First difference at position 3: prompt='[', decoded=' '
[DEBUG] Context: prompt='<s>[INST] Length of the', decoded='<s> [INST] Length of th'
Perplexity: Written 2124/85610 entries to perplexity result file (batch 354/14269)
Processing batch 355/14269
Warning: Decoded text differs from trimmed prompt
  Trimmed prompt length: 336, Decoded text length: 337
[DEBUG] First difference at position 3: prompt='[', decoded=' '
[DEBUG] Context: prompt='<s>[INST] Electrons in ', decoded='<s> [INST] Electrons in'
Warning: Decoded text differs from trimmed prompt
  Trimmed prompt length: 336, Decoded text length: 337
[DEBUG] First difference at position 1: prompt='s', decoded='/'
[DEBUG] Context: prompt='<s>[INST] Electrons i', decoded='</s><s> [INST] Electr'
Warning: Decoded text differs from trimmed prompt
  Trimmed prompt length: 238, Decoded text length: 218
[DEBUG] First difference at position 1: prompt='s', decoded='/'
[DEBUG] Context: prompt='<s>[INST] ________ is', decoded='</s></s></s></s></s><'
[WARNING] in lang en, index 1983: No tokens were selected by the answer mask for perplexity calculation, setting perplexity to 1.0.
Warning: Decoded text differs from trimmed prompt
  Trimmed prompt length: 239, Decoded text length: 223
[DEBUG] First difference at position 1: prompt='s', decoded='/'
[DEBUG] Context: prompt='<s>[INST] ________ is', decoded='</s></s></s></s></s><'
[WARNING] in lang en, index 1983: No tokens were selected by the answer mask for perplexity calculation, setting perplexity to 1.0.
Warning: Decoded text differs from trimmed prompt
  Trimmed prompt length: 183, Decoded text length: 183
[DEBUG] First difference at position 1: prompt='s', decoded='/'
[DEBUG] Context: prompt='<s>[INST] The moving ', decoded='</s></s></s></s></s><'
Warning: Decoded text differs from trimmed prompt
  Trimmed prompt length: 190, Decoded text length: 183
[DEBUG] First difference at position 1: prompt='s', decoded='/'
[DEBUG] Context: prompt='<s>[INST] The moving ', decoded='</s></s></s></s></s><'
Perplexity: Written 2130/85610 entries to perplexity result file (batch 355/14269)
Processing batch 356/14269
Warning: Decoded text differs from trimmed prompt
  Trimmed prompt length: 206, Decoded text length: 207
[DEBUG] First difference at position 1: prompt='s', decoded='/'
[DEBUG] Context: prompt='<s>[INST] Which of th', decoded='</s></s></s></s></s><'
[WARNING] in lang en, index 1987: No tokens were selected by the answer mask for perplexity calculation, setting perplexity to 1.0.
Warning: Decoded text differs from trimmed prompt
  Trimmed prompt length: 207, Decoded text length: 216
[DEBUG] First difference at position 1: prompt='s', decoded='/'
[DEBUG] Context: prompt='<s>[INST] Which of th', decoded='</s></s></s></s></s><'
[WARNING] in lang en, index 1987: No tokens were selected by the answer mask for perplexity calculation, setting perplexity to 1.0.
Warning: Decoded text differs from trimmed prompt
  Trimmed prompt length: 235, Decoded text length: 239
[DEBUG] First difference at position 1: prompt='s', decoded='/'
[DEBUG] Context: prompt='<s>[INST] A latch is ', decoded='</s></s><s> [INST] A '
Warning: Decoded text differs from trimmed prompt
  Trimmed prompt length: 234, Decoded text length: 238
[DEBUG] First difference at position 1: prompt='s', decoded='/'
[DEBUG] Context: prompt='<s>[INST] A latch is ', decoded='</s></s><s> [INST] A '
Warning: Decoded text differs from trimmed prompt
  Trimmed prompt length: 244, Decoded text length: 245
[DEBUG] First difference at position 3: prompt='[', decoded=' '
[DEBUG] Context: prompt='<s>[INST] What is used ', decoded='<s> [INST] What is used'
Warning: Decoded text differs from trimmed prompt
  Trimmed prompt length: 242, Decoded text length: 243
[DEBUG] First difference at position 1: prompt='s', decoded='/'
[DEBUG] Context: prompt='<s>[INST] What is use', decoded='</s><s> [INST] What i'
Perplexity: Written 2136/85610 entries to perplexity result file (batch 356/14269)
Processing batch 357/14269
Warning: Decoded text differs from trimmed prompt
  Trimmed prompt length: 210, Decoded text length: 203
[DEBUG] First difference at position 1: prompt='s', decoded='/'
[DEBUG] Context: prompt='<s>[INST] The errors ', decoded='</s></s></s></s></s><'
[WARNING] in lang en, index 1990: No tokens were selected by the answer mask for perplexity calculation, setting perplexity to 1.0.
Warning: Decoded text differs from trimmed prompt
  Trimmed prompt length: 217, Decoded text length: 203
[DEBUG] First difference at position 1: prompt='s', decoded='/'
[DEBUG] Context: prompt='<s>[INST] The errors ', decoded='</s></s></s></s></s><'
[WARNING] in lang en, index 1990: No tokens were selected by the answer mask for perplexity calculation, setting perplexity to 1.0.
Warning: Decoded text differs from trimmed prompt
  Trimmed prompt length: 186, Decoded text length: 195
[DEBUG] First difference at position 1: prompt='s', decoded='/'
[DEBUG] Context: prompt='<s>[INST] Electrical ', decoded='</s></s></s></s></s><'
Warning: Decoded text differs from trimmed prompt
  Trimmed prompt length: 185, Decoded text length: 194
[DEBUG] First difference at position 1: prompt='s', decoded='/'
[DEBUG] Context: prompt='<s>[INST] Electrical ', decoded='</s></s></s></s></s><'
Warning: Decoded text differs from trimmed prompt
  Trimmed prompt length: 246, Decoded text length: 247
[DEBUG] First difference at position 3: prompt='[', decoded=' '
[DEBUG] Context: prompt='<s>[INST] The main adva', decoded='<s> [INST] The main adv'
Warning: Decoded text differs from trimmed prompt
  Trimmed prompt length: 245, Decoded text length: 246
[DEBUG] First difference at position 3: prompt='[', decoded=' '
[DEBUG] Context: prompt='<s>[INST] The main adva', decoded='<s> [INST] The main adv'
Perplexity: Written 2142/85610 entries to perplexity result file (batch 357/14269)
Processing batch 358/14269
Warning: Decoded text differs from trimmed prompt
  Trimmed prompt length: 498, Decoded text length: 499
[DEBUG] First difference at position 3: prompt='[', decoded=' '
[DEBUG] Context: prompt='<s>[INST] Conductor is ', decoded='<s> [INST] Conductor is'
Warning: Decoded text differs from trimmed prompt
  Trimmed prompt length: 493, Decoded text length: 494
[DEBUG] First difference at position 1: prompt='s', decoded='/'
[DEBUG] Context: prompt='<s>[INST] Conductor i', decoded='</s><s> [INST] Conduc'
Warning: Decoded text differs from trimmed prompt
  Trimmed prompt length: 279, Decoded text length: 262
[DEBUG] First difference at position 1: prompt='s', decoded='/'
[DEBUG] Context: prompt='<s>[INST] According t', decoded='</s></s></s></s></s><'
Warning: Decoded text differs from trimmed prompt
  Trimmed prompt length: 275, Decoded text length: 252
[DEBUG] First difference at position 1: prompt='s', decoded='/'
[DEBUG] Context: prompt='<s>[INST] According t', decoded='</s></s></s></s></s><'
Warning: Decoded text differs from trimmed prompt
  Trimmed prompt length: 374, Decoded text length: 343
[DEBUG] First difference at position 1: prompt='s', decoded='/'
[DEBUG] Context: prompt='<s>[INST] A microproc', decoded='</s></s></s></s></s><'
Warning: Decoded text differs from trimmed prompt
  Trimmed prompt length: 360, Decoded text length: 344
[DEBUG] First difference at position 1: prompt='s', decoded='/'
[DEBUG] Context: prompt='<s>[INST] A microproc', decoded='</s></s></s></s></s><'
Perplexity: Written 2148/85610 entries to perplexity result file (batch 358/14269)
Processing batch 359/14269
Warning: Decoded text differs from trimmed prompt
  Trimmed prompt length: 282, Decoded text length: 251
[DEBUG] First difference at position 1: prompt='s', decoded='/'
[DEBUG] Context: prompt='<s>[INST] Deflection ', decoded='</s></s></s></s></s><'
[WARNING] in lang en, index 2009: No tokens were selected by the answer mask for perplexity calculation, setting perplexity to 1.0.
Warning: Decoded text differs from trimmed prompt
  Trimmed prompt length: 259, Decoded text length: 222
[DEBUG] First difference at position 1: prompt='s', decoded='/'
[DEBUG] Context: prompt='<s>[INST] Deflection ', decoded='</s></s></s></s></s><'
[WARNING] in lang en, index 2009: No tokens were selected by the answer mask for perplexity calculation, setting perplexity to 1.0.
Warning: Decoded text differs from trimmed prompt
  Trimmed prompt length: 359, Decoded text length: 357
[DEBUG] First difference at position 1: prompt='s', decoded='/'
[DEBUG] Context: prompt='<s>[INST] Under over ', decoded='</s></s></s></s></s><'
Warning: Decoded text differs from trimmed prompt
  Trimmed prompt length: 364, Decoded text length: 362
[DEBUG] First difference at position 1: prompt='s', decoded='/'
[DEBUG] Context: prompt='<s>[INST] Under over ', decoded='</s></s></s></s></s><'
Warning: Decoded text differs from trimmed prompt
  Trimmed prompt length: 404, Decoded text length: 405
[DEBUG] First difference at position 3: prompt='[', decoded=' '
[DEBUG] Context: prompt='<s>[INST] A long wire c', decoded='<s> [INST] A long wire '
[WARNING] in lang en, index 2013: No tokens were selected by the answer mask for perplexity calculation, setting perplexity to 1.0.
Warning: Decoded text differs from trimmed prompt
  Trimmed prompt length: 404, Decoded text length: 405
[DEBUG] First difference at position 3: prompt='[', decoded=' '
[DEBUG] Context: prompt='<s>[INST] A long wire c', decoded='<s> [INST] A long wire '
[WARNING] in lang en, index 2013: No tokens were selected by the answer mask for perplexity calculation, setting perplexity to 1.0.
Perplexity: Written 2154/85610 entries to perplexity result file (batch 359/14269)
Processing batch 360/14269
Warning: Decoded text differs from trimmed prompt
  Trimmed prompt length: 288, Decoded text length: 289
[DEBUG] First difference at position 3: prompt='[', decoded=' '
[DEBUG] Context: prompt='<s>[INST] Instantaneous', decoded='<s> [INST] Instantaneou'
Warning: Decoded text differs from trimmed prompt
  Trimmed prompt length: 253, Decoded text length: 245
[DEBUG] First difference at position 1: prompt='s', decoded='/'
[DEBUG] Context: prompt='<s>[INST] Instantaneo', decoded='</s></s></s></s></s><'
[WARNING] in lang en, index 2016: No tokens were selected by the answer mask for perplexity calculation, setting perplexity to 1.0.
Warning: Decoded text differs from trimmed prompt
  Trimmed prompt length: 189, Decoded text length: 199
[DEBUG] First difference at position 1: prompt='s', decoded='/'
[DEBUG] Context: prompt='<s>[INST] Susceptibil', decoded='</s></s></s></s></s><'
Warning: Decoded text differs from trimmed prompt
  Trimmed prompt length: 191, Decoded text length: 199
[DEBUG] First difference at position 1: prompt='s', decoded='/'
[DEBUG] Context: prompt='<s>[INST] Susceptibil', decoded='</s></s></s></s></s><'
Warning: Decoded text differs from trimmed prompt
  Trimmed prompt length: 289, Decoded text length: 282
[DEBUG] First difference at position 1: prompt='s', decoded='/'
[DEBUG] Context: prompt='<s>[INST] One of the ', decoded='</s></s></s></s></s><'
Warning: Decoded text differs from trimmed prompt
  Trimmed prompt length: 228, Decoded text length: 231
[DEBUG] First difference at position 1: prompt='s', decoded='/'
[DEBUG] Context: prompt='<s>[INST] One of the ', decoded='</s></s></s></s></s><'
[WARNING] in lang en, index 2020: No tokens were selected by the answer mask for perplexity calculation, setting perplexity to 1.0.
Perplexity: Written 2160/85610 entries to perplexity result file (batch 360/14269)
Processing batch 361/14269
Warning: Decoded text differs from trimmed prompt
  Trimmed prompt length: 211, Decoded text length: 214
[DEBUG] First difference at position 1: prompt='s', decoded='/'
[DEBUG] Context: prompt='<s>[INST] The metal s', decoded='</s></s></s></s></s><'
Warning: Decoded text differs from trimmed prompt
  Trimmed prompt length: 215, Decoded text length: 225
[DEBUG] First difference at position 1: prompt='s', decoded='/'
[DEBUG] Context: prompt='<s>[INST] The metal s', decoded='</s></s></s></s></s><'
Warning: Decoded text differs from trimmed prompt
  Trimmed prompt length: 270, Decoded text length: 271
[DEBUG] First difference at position 3: prompt='[', decoded=' '
[DEBUG] Context: prompt='<s>[INST] Lowest critic', decoded='<s> [INST] Lowest criti'
[WARNING] in lang en, index 2025: No tokens were selected by the answer mask for perplexity calculation, setting perplexity to 1.0.
Warning: Decoded text differs from trimmed prompt
  Trimmed prompt length: 270, Decoded text length: 271
[DEBUG] First difference at position 1: prompt='s', decoded='/'
[DEBUG] Context: prompt='<s>[INST] Lowest crit', decoded='</s><s> [INST] Lowest'
[WARNING] in lang en, index 2025: No tokens were selected by the answer mask for perplexity calculation, setting perplexity to 1.0.
Warning: Decoded text differs from trimmed prompt
  Trimmed prompt length: 177, Decoded text length: 157
[DEBUG] First difference at position 1: prompt='s', decoded='/'
[DEBUG] Context: prompt='<s>[INST] Temperature', decoded='</s></s></s></s></s><'
[WARNING] in lang en, index 2027: No tokens were selected by the answer mask for perplexity calculation, setting perplexity to 1.0.
Warning: Decoded text differs from trimmed prompt
  Trimmed prompt length: 195, Decoded text length: 187
[DEBUG] First difference at position 1: prompt='s', decoded='/'
[DEBUG] Context: prompt='<s>[INST] Temperature', decoded='</s></s></s></s></s><'
Perplexity: Written 2166/85610 entries to perplexity result file (batch 361/14269)
Processing batch 362/14269
Warning: Decoded text differs from trimmed prompt
  Trimmed prompt length: 237, Decoded text length: 219
[DEBUG] First difference at position 1: prompt='s', decoded='/'
[DEBUG] Context: prompt='<s>[INST] For a dc ma', decoded='</s></s></s></s></s><'
Warning: Decoded text differs from trimmed prompt
  Trimmed prompt length: 236, Decoded text length: 219
[DEBUG] First difference at position 1: prompt='s', decoded='/'
[DEBUG] Context: prompt='<s>[INST] For a dc ma', decoded='</s></s></s></s></s><'
Warning: Decoded text differs from trimmed prompt
  Trimmed prompt length: 371, Decoded text length: 372
[DEBUG] First difference at position 3: prompt='[', decoded=' '
[DEBUG] Context: prompt='<s>[INST] The change of', decoded='<s> [INST] The change o'
[WARNING] in lang en, index 2030: No tokens were selected by the answer mask for perplexity calculation, setting perplexity to 1.0.
Warning: Decoded text differs from trimmed prompt
  Trimmed prompt length: 352, Decoded text length: 352
[DEBUG] First difference at position 1: prompt='s', decoded='/'
[DEBUG] Context: prompt='<s>[INST] The change ', decoded='</s></s></s></s></s><'
[WARNING] in lang en, index 2030: No tokens were selected by the answer mask for perplexity calculation, setting perplexity to 1.0.
Warning: Decoded text differs from trimmed prompt
  Trimmed prompt length: 285, Decoded text length: 292
[DEBUG] First difference at position 1: prompt='s', decoded='/'
[DEBUG] Context: prompt='<s>[INST] Which of th', decoded='</s></s></s></s></s><'
[WARNING] in lang en, index 2031: No tokens were selected by the answer mask for perplexity calculation, setting perplexity to 1.0.
Warning: Decoded text differs from trimmed prompt
  Trimmed prompt length: 274, Decoded text length: 294
[DEBUG] First difference at position 1: prompt='s', decoded='/'
[DEBUG] Context: prompt='<s>[INST] Which of th', decoded='</s></s></s></s></s><'
[WARNING] in lang en, index 2031: No tokens were selected by the answer mask for perplexity calculation, setting perplexity to 1.0.
Perplexity: Written 2172/85610 entries to perplexity result file (batch 362/14269)
Processing batch 363/14269
Warning: Decoded text differs from trimmed prompt
  Trimmed prompt length: 404, Decoded text length: 363
[DEBUG] First difference at position 1: prompt='s', decoded='/'
[DEBUG] Context: prompt='<s>[INST] What are th', decoded='</s></s></s></s></s><'
[WARNING] in lang en, index 2032: No tokens were selected by the answer mask for perplexity calculation, setting perplexity to 1.0.
Warning: Decoded text differs from trimmed prompt
  Trimmed prompt length: 405, Decoded text length: 363
[DEBUG] First difference at position 1: prompt='s', decoded='/'
[DEBUG] Context: prompt='<s>[INST] What are th', decoded='</s></s></s></s></s><'
[WARNING] in lang en, index 2032: No tokens were selected by the answer mask for perplexity calculation, setting perplexity to 1.0.
Warning: Decoded text differs from trimmed prompt
  Trimmed prompt length: 534, Decoded text length: 535
[DEBUG] First difference at position 3: prompt='[', decoded=' '
[DEBUG] Context: prompt='<s>[INST] A quartz crys', decoded='<s> [INST] A quartz cry'
Warning: Decoded text differs from trimmed prompt
  Trimmed prompt length: 535, Decoded text length: 536
[DEBUG] First difference at position 3: prompt='[', decoded=' '
[DEBUG] Context: prompt='<s>[INST] A quartz crys', decoded='<s> [INST] A quartz cry'
Warning: Decoded text differs from trimmed prompt
  Trimmed prompt length: 198, Decoded text length: 180
[DEBUG] First difference at position 1: prompt='s', decoded='/'
[DEBUG] Context: prompt='<s>[INST] Which of th', decoded='</s></s></s></s></s><'
[WARNING] in lang en, index 2037: No tokens were selected by the answer mask for perplexity calculation, setting perplexity to 1.0.
Warning: Decoded text differs from trimmed prompt
  Trimmed prompt length: 210, Decoded text length: 205
[DEBUG] First difference at position 1: prompt='s', decoded='/'
[DEBUG] Context: prompt='<s>[INST] Which of th', decoded='</s></s></s></s></s><'
Perplexity: Written 2178/85610 entries to perplexity result file (batch 363/14269)
Processing batch 364/14269
Warning: Decoded text differs from trimmed prompt
  Trimmed prompt length: 187, Decoded text length: 162
[DEBUG] First difference at position 1: prompt='s', decoded='/'
[DEBUG] Context: prompt='<s>[INST] Relative er', decoded='</s></s></s></s></s><'
Warning: Decoded text differs from trimmed prompt
  Trimmed prompt length: 163, Decoded text length: 146
[DEBUG] First difference at position 1: prompt='s', decoded='/'
[DEBUG] Context: prompt='<s>[INST] Relative er', decoded='</s></s></s></s></s><'
[WARNING] in lang en, index 2039: No tokens were selected by the answer mask for perplexity calculation, setting perplexity to 1.0.
Warning: Decoded text differs from trimmed prompt
  Trimmed prompt length: 265, Decoded text length: 266
[DEBUG] First difference at position 3: prompt='[', decoded=' '
[DEBUG] Context: prompt='<s>[INST] In an intel 8', decoded='<s> [INST] In an intel '
[WARNING] in lang en, index 2041: No tokens were selected by the answer mask for perplexity calculation, setting perplexity to 1.0.
Warning: Decoded text differs from trimmed prompt
  Trimmed prompt length: 262, Decoded text length: 266
[DEBUG] First difference at position 1: prompt='s', decoded='/'
[DEBUG] Context: prompt='<s>[INST] In an intel', decoded='</s></s><s> [INST] In'
[WARNING] in lang en, index 2041: No tokens were selected by the answer mask for perplexity calculation, setting perplexity to 1.0.
Warning: Decoded text differs from trimmed prompt
  Trimmed prompt length: 234, Decoded text length: 246
[DEBUG] First difference at position 1: prompt='s', decoded='/'
[DEBUG] Context: prompt='<s>[INST] Poles and z', decoded='</s></s></s></s></s><'
Warning: Decoded text differs from trimmed prompt
  Trimmed prompt length: 232, Decoded text length: 246
[DEBUG] First difference at position 1: prompt='s', decoded='/'
[DEBUG] Context: prompt='<s>[INST] Poles and z', decoded='</s></s></s></s></s><'
Perplexity: Written 2184/85610 entries to perplexity result file (batch 364/14269)
Processing batch 365/14269
Warning: Decoded text differs from trimmed prompt
  Trimmed prompt length: 267, Decoded text length: 260
[DEBUG] First difference at position 1: prompt='s', decoded='/'
[DEBUG] Context: prompt='<s>[INST] The magneti', decoded='</s></s></s></s></s><'
[WARNING] in lang en, index 2044: No tokens were selected by the answer mask for perplexity calculation, setting perplexity to 1.0.
Warning: Decoded text differs from trimmed prompt
  Trimmed prompt length: 263, Decoded text length: 254
[DEBUG] First difference at position 1: prompt='s', decoded='/'
[DEBUG] Context: prompt='<s>[INST] The magneti', decoded='</s></s></s></s></s><'
[WARNING] in lang en, index 2044: No tokens were selected by the answer mask for perplexity calculation, setting perplexity to 1.0.
Warning: Decoded text differs from trimmed prompt
  Trimmed prompt length: 231, Decoded text length: 228
[DEBUG] First difference at position 1: prompt='s', decoded='/'
[DEBUG] Context: prompt='<s>[INST] Thin lamina', decoded='</s></s></s></s></s><'
[WARNING] in lang en, index 2045: No tokens were selected by the answer mask for perplexity calculation, setting perplexity to 1.0.
Warning: Decoded text differs from trimmed prompt
  Trimmed prompt length: 229, Decoded text length: 233
[DEBUG] First difference at position 1: prompt='s', decoded='/'
[DEBUG] Context: prompt='<s>[INST] Thin lamina', decoded='</s></s></s></s></s><'
[WARNING] in lang en, index 2045: No tokens were selected by the answer mask for perplexity calculation, setting perplexity to 1.0.
Warning: Decoded text differs from trimmed prompt
  Trimmed prompt length: 269, Decoded text length: 270
[DEBUG] First difference at position 3: prompt='[', decoded=' '
[DEBUG] Context: prompt='<s>[INST] In binary num', decoded='<s> [INST] In binary nu'
[WARNING] in lang en, index 2047: No tokens were selected by the answer mask for perplexity calculation, setting perplexity to 1.0.
Warning: Decoded text differs from trimmed prompt
  Trimmed prompt length: 269, Decoded text length: 270
[DEBUG] First difference at position 3: prompt='[', decoded=' '
[DEBUG] Context: prompt='<s>[INST] In binary num', decoded='<s> [INST] In binary nu'
[WARNING] in lang en, index 2047: No tokens were selected by the answer mask for perplexity calculation, setting perplexity to 1.0.
Perplexity: Written 2190/85610 entries to perplexity result file (batch 365/14269)
Processing batch 366/14269
Warning: Decoded text differs from trimmed prompt
  Trimmed prompt length: 318, Decoded text length: 298
[DEBUG] First difference at position 1: prompt='s', decoded='/'
[DEBUG] Context: prompt='<s>[INST] Stability o', decoded='</s></s></s></s></s><'
[WARNING] in lang en, index 2053: No tokens were selected by the answer mask for perplexity calculation, setting perplexity to 1.0.
Warning: Decoded text differs from trimmed prompt
  Trimmed prompt length: 321, Decoded text length: 298
[DEBUG] First difference at position 1: prompt='s', decoded='/'
[DEBUG] Context: prompt='<s>[INST] Stability o', decoded='</s></s></s></s></s><'
[WARNING] in lang en, index 2053: No tokens were selected by the answer mask for perplexity calculation, setting perplexity to 1.0.
Warning: Decoded text differs from trimmed prompt
  Trimmed prompt length: 438, Decoded text length: 442
[DEBUG] First difference at position 1: prompt='s', decoded='/'
[DEBUG] Context: prompt='<s>[INST] Snubber cir', decoded='</s></s><s> [INST] Sn'
[WARNING] in lang en, index 2054: No tokens were selected by the answer mask for perplexity calculation, setting perplexity to 1.0.
Warning: Decoded text differs from trimmed prompt
  Trimmed prompt length: 452, Decoded text length: 453
[DEBUG] First difference at position 3: prompt='[', decoded=' '
[DEBUG] Context: prompt='<s>[INST] Snubber circu', decoded='<s> [INST] Snubber circ'
[WARNING] in lang en, index 2054: No tokens were selected by the answer mask for perplexity calculation, setting perplexity to 1.0.
Warning: Decoded text differs from trimmed prompt
  Trimmed prompt length: 282, Decoded text length: 256
[DEBUG] First difference at position 1: prompt='s', decoded='/'
[DEBUG] Context: prompt='<s>[INST] The number ', decoded='</s></s></s></s></s><'
[WARNING] in lang en, index 2055: No tokens were selected by the answer mask for perplexity calculation, setting perplexity to 1.0.
Warning: Decoded text differs from trimmed prompt
  Trimmed prompt length: 267, Decoded text length: 246
[DEBUG] First difference at position 1: prompt='s', decoded='/'
[DEBUG] Context: prompt='<s>[INST] The number ', decoded='</s></s></s></s></s><'
[WARNING] in lang en, index 2055: No tokens were selected by the answer mask for perplexity calculation, setting perplexity to 1.0.
Perplexity: Written 2196/85610 entries to perplexity result file (batch 366/14269)
Processing batch 367/14269
Warning: Decoded text differs from trimmed prompt
  Trimmed prompt length: 187, Decoded text length: 197
[DEBUG] First difference at position 1: prompt='s', decoded='/'
[DEBUG] Context: prompt='<s>[INST] Silicon and', decoded='</s></s></s></s></s><'
Warning: Decoded text differs from trimmed prompt
  Trimmed prompt length: 185, Decoded text length: 197
[DEBUG] First difference at position 1: prompt='s', decoded='/'
[DEBUG] Context: prompt='<s>[INST] Silicon and', decoded='</s></s></s></s></s><'
Warning: Decoded text differs from trimmed prompt
  Trimmed prompt length: 186, Decoded text length: 180
[DEBUG] First difference at position 1: prompt='s', decoded='/'
[DEBUG] Context: prompt='<s>[INST] Which oscil', decoded='</s></s></s></s></s><'
Warning: Decoded text differs from trimmed prompt
  Trimmed prompt length: 183, Decoded text length: 180
[DEBUG] First difference at position 1: prompt='s', decoded='/'
[DEBUG] Context: prompt='<s>[INST] Which oscil', decoded='</s></s></s></s></s><'
Warning: Decoded text differs from trimmed prompt
  Trimmed prompt length: 302, Decoded text length: 303
[DEBUG] First difference at position 3: prompt='[', decoded=' '
[DEBUG] Context: prompt='<s>[INST] If all the el', decoded='<s> [INST] If all the e'
[WARNING] in lang en, index 2060: No tokens were selected by the answer mask for perplexity calculation, setting perplexity to 1.0.
Warning: Decoded text differs from trimmed prompt
  Trimmed prompt length: 297, Decoded text length: 298
[DEBUG] First difference at position 1: prompt='s', decoded='/'
[DEBUG] Context: prompt='<s>[INST] If all the ', decoded='</s><s> [INST] If all'
[WARNING] in lang en, index 2060: No tokens were selected by the answer mask for perplexity calculation, setting perplexity to 1.0.
Perplexity: Written 2202/85610 entries to perplexity result file (batch 367/14269)
Processing batch 368/14269
Warning: Decoded text differs from trimmed prompt
  Trimmed prompt length: 339, Decoded text length: 325
[DEBUG] First difference at position 1: prompt='s', decoded='/'
[DEBUG] Context: prompt='<s>[INST] A wire carr', decoded='</s></s></s></s></s><'
[WARNING] in lang en, index 2064: No tokens were selected by the answer mask for perplexity calculation, setting perplexity to 1.0.
Warning: Decoded text differs from trimmed prompt
  Trimmed prompt length: 352, Decoded text length: 336
[DEBUG] First difference at position 1: prompt='s', decoded='/'
[DEBUG] Context: prompt='<s>[INST] A wire carr', decoded='</s></s></s></s></s><'
[WARNING] in lang en, index 2064: No tokens were selected by the answer mask for perplexity calculation, setting perplexity to 1.0.
Warning: Decoded text differs from trimmed prompt
  Trimmed prompt length: 381, Decoded text length: 382
[DEBUG] First difference at position 3: prompt='[', decoded=' '
[DEBUG] Context: prompt='<s>[INST] Trish’s resti', decoded='<s> [INST] Trish’s rest'
[WARNING] in lang en, index 2080: No tokens were selected by the answer mask for perplexity calculation, setting perplexity to 1.0.
Warning: Decoded text differs from trimmed prompt
  Trimmed prompt length: 381, Decoded text length: 382
[DEBUG] First difference at position 3: prompt='[', decoded=' '
[DEBUG] Context: prompt='<s>[INST] Trish’s resti', decoded='<s> [INST] Trish’s rest'
[WARNING] in lang en, index 2080: No tokens were selected by the answer mask for perplexity calculation, setting perplexity to 1.0.
Warning: Decoded text differs from trimmed prompt
  Trimmed prompt length: 135, Decoded text length: 164
[DEBUG] First difference at position 1: prompt='s', decoded='/'
[DEBUG] Context: prompt='<s>[INST] What is 123', decoded='</s></s></s></s></s><'
Warning: Decoded text differs from trimmed prompt
  Trimmed prompt length: 135, Decoded text length: 164
[DEBUG] First difference at position 1: prompt='s', decoded='/'
[DEBUG] Context: prompt='<s>[INST] What is 123', decoded='</s></s></s></s></s><'
Perplexity: Written 2208/85610 entries to perplexity result file (batch 368/14269)
Processing batch 369/14269
Warning: Decoded text differs from trimmed prompt
  Trimmed prompt length: 270, Decoded text length: 274
[DEBUG] First difference at position 1: prompt='s', decoded='/'
[DEBUG] Context: prompt='<s>[INST] A worker on', decoded='</s></s><s> [INST] A '
[WARNING] in lang en, index 2099: No tokens were selected by the answer mask for perplexity calculation, setting perplexity to 1.0.
Warning: Decoded text differs from trimmed prompt
  Trimmed prompt length: 270, Decoded text length: 274
[DEBUG] First difference at position 1: prompt='s', decoded='/'
[DEBUG] Context: prompt='<s>[INST] A worker on', decoded='</s></s><s> [INST] A '
[WARNING] in lang en, index 2099: No tokens were selected by the answer mask for perplexity calculation, setting perplexity to 1.0.
Warning: Decoded text differs from trimmed prompt
  Trimmed prompt length: 262, Decoded text length: 272
[DEBUG] First difference at position 1: prompt='s', decoded='/'
[DEBUG] Context: prompt='<s>[INST] Abe found t', decoded='</s></s></s></s><s> ['
Warning: Decoded text differs from trimmed prompt
  Trimmed prompt length: 262, Decoded text length: 272
[DEBUG] First difference at position 1: prompt='s', decoded='/'
[DEBUG] Context: prompt='<s>[INST] Abe found t', decoded='</s></s></s></s><s> ['
Warning: Decoded text differs from trimmed prompt
  Trimmed prompt length: 219, Decoded text length: 220
[DEBUG] First difference at position 3: prompt='[', decoded=' '
[DEBUG] Context: prompt='<s>[INST] If 3 cans of ', decoded='<s> [INST] If 3 cans of'
[WARNING] in lang en, index 2110: No tokens were selected by the answer mask for perplexity calculation, setting perplexity to 1.0.
Warning: Decoded text differs from trimmed prompt
  Trimmed prompt length: 219, Decoded text length: 220
[DEBUG] First difference at position 3: prompt='[', decoded=' '
[DEBUG] Context: prompt='<s>[INST] If 3 cans of ', decoded='<s> [INST] If 3 cans of'
[WARNING] in lang en, index 2110: No tokens were selected by the answer mask for perplexity calculation, setting perplexity to 1.0.
Perplexity: Written 2214/85610 entries to perplexity result file (batch 369/14269)
Processing batch 370/14269
Warning: Decoded text differs from trimmed prompt
  Trimmed prompt length: 190, Decoded text length: 206
[DEBUG] First difference at position 1: prompt='s', decoded='/'
[DEBUG] Context: prompt='<s>[INST] Order from ', decoded='</s></s></s></s></s><'
Warning: Decoded text differs from trimmed prompt
  Trimmed prompt length: 189, Decoded text length: 208
[DEBUG] First difference at position 1: prompt='s', decoded='/'
[DEBUG] Context: prompt='<s>[INST] Order from ', decoded='</s></s></s></s></s><'
Warning: Decoded text differs from trimmed prompt
  Trimmed prompt length: 325, Decoded text length: 326
[DEBUG] First difference at position 3: prompt='[', decoded=' '
[DEBUG] Context: prompt='<s>[INST] Keiko spent t', decoded='<s> [INST] Keiko spent '
[WARNING] in lang en, index 2115: No tokens were selected by the answer mask for perplexity calculation, setting perplexity to 1.0.
Warning: Decoded text differs from trimmed prompt
  Trimmed prompt length: 325, Decoded text length: 326
[DEBUG] First difference at position 3: prompt='[', decoded=' '
[DEBUG] Context: prompt='<s>[INST] Keiko spent t', decoded='<s> [INST] Keiko spent '
[WARNING] in lang en, index 2115: No tokens were selected by the answer mask for perplexity calculation, setting perplexity to 1.0.
Warning: Decoded text differs from trimmed prompt
  Trimmed prompt length: 232, Decoded text length: 244
[DEBUG] First difference at position 1: prompt='s', decoded='/'
[DEBUG] Context: prompt='<s>[INST] If a freigh', decoded='</s></s></s></s></s><'
[WARNING] in lang en, index 2118: No tokens were selected by the answer mask for perplexity calculation, setting perplexity to 1.0.
Warning: Decoded text differs from trimmed prompt
  Trimmed prompt length: 231, Decoded text length: 235
[DEBUG] First difference at position 1: prompt='s', decoded='/'
[DEBUG] Context: prompt='<s>[INST] If a freigh', decoded='</s></s></s></s></s><'
[WARNING] in lang en, index 2118: No tokens were selected by the answer mask for perplexity calculation, setting perplexity to 1.0.
Perplexity: Written 2220/85610 entries to perplexity result file (batch 370/14269)
Processing batch 371/14269
Warning: Decoded text differs from trimmed prompt
  Trimmed prompt length: 236, Decoded text length: 262
[DEBUG] First difference at position 1: prompt='s', decoded='/'
[DEBUG] Context: prompt='<s>[INST] Which step ', decoded='</s></s></s></s></s><'
Warning: Decoded text differs from trimmed prompt
  Trimmed prompt length: 238, Decoded text length: 276
[DEBUG] First difference at position 1: prompt='s', decoded='/'
[DEBUG] Context: prompt='<s>[INST] Which step ', decoded='</s></s></s></s></s><'
Warning: Decoded text differs from trimmed prompt
  Trimmed prompt length: 279, Decoded text length: 269
[DEBUG] First difference at position 1: prompt='s', decoded='/'
[DEBUG] Context: prompt='<s>[INST] Rob uses 1 ', decoded='</s></s></s></s></s><'
[WARNING] in lang en, index 2123: No tokens were selected by the answer mask for perplexity calculation, setting perplexity to 1.0.
Warning: Decoded text differs from trimmed prompt
  Trimmed prompt length: 279, Decoded text length: 269
[DEBUG] First difference at position 1: prompt='s', decoded='/'
[DEBUG] Context: prompt='<s>[INST] Rob uses 1 ', decoded='</s></s></s></s></s><'
[WARNING] in lang en, index 2123: No tokens were selected by the answer mask for perplexity calculation, setting perplexity to 1.0.
Warning: Decoded text differs from trimmed prompt
  Trimmed prompt length: 382, Decoded text length: 383
[DEBUG] First difference at position 3: prompt='[', decoded=' '
[DEBUG] Context: prompt='<s>[INST] There are 31 ', decoded='<s> [INST] There are 31'
[WARNING] in lang en, index 2127: No tokens were selected by the answer mask for perplexity calculation, setting perplexity to 1.0.
Warning: Decoded text differs from trimmed prompt
  Trimmed prompt length: 382, Decoded text length: 383
[DEBUG] First difference at position 3: prompt='[', decoded=' '
[DEBUG] Context: prompt='<s>[INST] There are 31 ', decoded='<s> [INST] There are 31'
[WARNING] in lang en, index 2127: No tokens were selected by the answer mask for perplexity calculation, setting perplexity to 1.0.
Perplexity: Written 2226/85610 entries to perplexity result file (batch 371/14269)
Processing batch 372/14269
Warning: Decoded text differs from trimmed prompt
  Trimmed prompt length: 392, Decoded text length: 411
[DEBUG] First difference at position 1: prompt='s', decoded='/'
[DEBUG] Context: prompt='<s>[INST] The Mills L', decoded='</s></s></s></s></s><'
Warning: Decoded text differs from trimmed prompt
  Trimmed prompt length: 391, Decoded text length: 397
[DEBUG] First difference at position 1: prompt='s', decoded='/'
[DEBUG] Context: prompt='<s>[INST] The Mills L', decoded='</s></s></s></s></s><'
Warning: Decoded text differs from trimmed prompt
  Trimmed prompt length: 443, Decoded text length: 444
[DEBUG] First difference at position 3: prompt='[', decoded=' '
[DEBUG] Context: prompt='<s>[INST] Kerri ran the', decoded='<s> [INST] Kerri ran th'
[WARNING] in lang en, index 2153: No tokens were selected by the answer mask for perplexity calculation, setting perplexity to 1.0.
Warning: Decoded text differs from trimmed prompt
  Trimmed prompt length: 441, Decoded text length: 445
[DEBUG] First difference at position 1: prompt='s', decoded='/'
[DEBUG] Context: prompt='<s>[INST] Kerri ran t', decoded='</s></s><s> [INST] Ke'
[WARNING] in lang en, index 2153: No tokens were selected by the answer mask for perplexity calculation, setting perplexity to 1.0.
Warning: Decoded text differs from trimmed prompt
  Trimmed prompt length: 376, Decoded text length: 405
[DEBUG] First difference at position 1: prompt='s', decoded='/'
[DEBUG] Context: prompt='<s>[INST] Ms. Gutierr', decoded='</s></s></s></s></s><'
Warning: Decoded text differs from trimmed prompt
  Trimmed prompt length: 376, Decoded text length: 405
[DEBUG] First difference at position 1: prompt='s', decoded='/'
[DEBUG] Context: prompt='<s>[INST] Ms. Gutierr', decoded='</s></s></s></s></s><'
Perplexity: Written 2232/85610 entries to perplexity result file (batch 372/14269)
Processing batch 373/14269
Warning: Decoded text differs from trimmed prompt
  Trimmed prompt length: 444, Decoded text length: 445
[DEBUG] First difference at position 3: prompt='[', decoded=' '
[DEBUG] Context: prompt='<s>[INST] Kim rode her ', decoded='<s> [INST] Kim rode her'
[WARNING] in lang en, index 2165: No tokens were selected by the answer mask for perplexity calculation, setting perplexity to 1.0.
Warning: Decoded text differs from trimmed prompt
  Trimmed prompt length: 444, Decoded text length: 445
[DEBUG] First difference at position 3: prompt='[', decoded=' '
[DEBUG] Context: prompt='<s>[INST] Kim rode her ', decoded='<s> [INST] Kim rode her'
[WARNING] in lang en, index 2165: No tokens were selected by the answer mask for perplexity calculation, setting perplexity to 1.0.
Warning: Decoded text differs from trimmed prompt
  Trimmed prompt length: 340, Decoded text length: 354
[DEBUG] First difference at position 1: prompt='s', decoded='/'
[DEBUG] Context: prompt='<s>[INST] A model of ', decoded='</s></s></s></s></s><'
[WARNING] in lang en, index 2167: No tokens were selected by the answer mask for perplexity calculation, setting perplexity to 1.0.
Warning: Decoded text differs from trimmed prompt
  Trimmed prompt length: 339, Decoded text length: 345
[DEBUG] First difference at position 1: prompt='s', decoded='/'
[DEBUG] Context: prompt='<s>[INST] A model of ', decoded='</s></s></s></s></s><'
[WARNING] in lang en, index 2167: No tokens were selected by the answer mask for perplexity calculation, setting perplexity to 1.0.
Warning: Decoded text differs from trimmed prompt
  Trimmed prompt length: 351, Decoded text length: 346
[DEBUG] First difference at position 1: prompt='s', decoded='/'
[DEBUG] Context: prompt='<s>[INST] At a colleg', decoded='</s></s></s></s></s><'
[WARNING] in lang en, index 2171: No tokens were selected by the answer mask for perplexity calculation, setting perplexity to 1.0.
Warning: Decoded text differs from trimmed prompt
  Trimmed prompt length: 351, Decoded text length: 346
[DEBUG] First difference at position 1: prompt='s', decoded='/'
[DEBUG] Context: prompt='<s>[INST] At a colleg', decoded='</s></s></s></s></s><'
[WARNING] in lang en, index 2171: No tokens were selected by the answer mask for perplexity calculation, setting perplexity to 1.0.
Perplexity: Written 2238/85610 entries to perplexity result file (batch 373/14269)
Processing batch 374/14269
Warning: Decoded text differs from trimmed prompt
  Trimmed prompt length: 314, Decoded text length: 315
[DEBUG] First difference at position 3: prompt='[', decoded=' '
[DEBUG] Context: prompt='<s>[INST] Consider the ', decoded='<s> [INST] Consider the'
Warning: Decoded text differs from trimmed prompt
  Trimmed prompt length: 314, Decoded text length: 315
[DEBUG] First difference at position 3: prompt='[', decoded=' '
[DEBUG] Context: prompt='<s>[INST] Consider the ', decoded='<s> [INST] Consider the'
Warning: Decoded text differs from trimmed prompt
  Trimmed prompt length: 276, Decoded text length: 299
[DEBUG] First difference at position 1: prompt='s', decoded='/'
[DEBUG] Context: prompt='<s>[INST] At West Ele', decoded='</s></s></s></s></s><'
Warning: Decoded text differs from trimmed prompt
  Trimmed prompt length: 274, Decoded text length: 299
[DEBUG] First difference at position 1: prompt='s', decoded='/'
[DEBUG] Context: prompt='<s>[INST] At West Ele', decoded='</s></s></s></s></s><'
Warning: Decoded text differs from trimmed prompt
  Trimmed prompt length: 258, Decoded text length: 246
[DEBUG] First difference at position 1: prompt='s', decoded='/'
[DEBUG] Context: prompt='<s>[INST] It takes a ', decoded='</s></s></s></s></s><'
[WARNING] in lang en, index 2175: No tokens were selected by the answer mask for perplexity calculation, setting perplexity to 1.0.
Warning: Decoded text differs from trimmed prompt
  Trimmed prompt length: 258, Decoded text length: 246
[DEBUG] First difference at position 1: prompt='s', decoded='/'
[DEBUG] Context: prompt='<s>[INST] It takes a ', decoded='</s></s></s></s></s><'
[WARNING] in lang en, index 2175: No tokens were selected by the answer mask for perplexity calculation, setting perplexity to 1.0.
Perplexity: Written 2244/85610 entries to perplexity result file (batch 374/14269)
Processing batch 375/14269
Warning: Decoded text differs from trimmed prompt
  Trimmed prompt length: 275, Decoded text length: 276
[DEBUG] First difference at position 3: prompt='[', decoded=' '
[DEBUG] Context: prompt='<s>[INST] Jerry read a ', decoded='<s> [INST] Jerry read a'
[WARNING] in lang en, index 2179: No tokens were selected by the answer mask for perplexity calculation, setting perplexity to 1.0.
Warning: Decoded text differs from trimmed prompt
  Trimmed prompt length: 275, Decoded text length: 276
[DEBUG] First difference at position 3: prompt='[', decoded=' '
[DEBUG] Context: prompt='<s>[INST] Jerry read a ', decoded='<s> [INST] Jerry read a'
[WARNING] in lang en, index 2179: No tokens were selected by the answer mask for perplexity calculation, setting perplexity to 1.0.
Warning: Decoded text differs from trimmed prompt
  Trimmed prompt length: 289, Decoded text length: 292
[DEBUG] First difference at position 1: prompt='s', decoded='/'
[DEBUG] Context: prompt='<s>[INST] Tara can de', decoded='</s></s></s><s> [INST'
Warning: Decoded text differs from trimmed prompt
  Trimmed prompt length: 289, Decoded text length: 292
[DEBUG] First difference at position 1: prompt='s', decoded='/'
[DEBUG] Context: prompt='<s>[INST] Tara can de', decoded='</s></s></s><s> [INST'
Warning: Decoded text differs from trimmed prompt
  Trimmed prompt length: 279, Decoded text length: 285
[DEBUG] First difference at position 1: prompt='s', decoded='/'
[DEBUG] Context: prompt='<s>[INST] Tisha wrote', decoded='</s></s></s></s></s><'
[WARNING] in lang en, index 2184: No tokens were selected by the answer mask for perplexity calculation, setting perplexity to 1.0.
Warning: Decoded text differs from trimmed prompt
  Trimmed prompt length: 277, Decoded text length: 279
[DEBUG] First difference at position 1: prompt='s', decoded='/'
[DEBUG] Context: prompt='<s>[INST] Tisha wrote', decoded='</s></s></s></s></s><'
[WARNING] in lang en, index 2184: No tokens were selected by the answer mask for perplexity calculation, setting perplexity to 1.0.
Perplexity: Written 2250/85610 entries to perplexity result file (batch 375/14269)
Processing batch 376/14269
Warning: Decoded text differs from trimmed prompt
  Trimmed prompt length: 240, Decoded text length: 236
[DEBUG] First difference at position 1: prompt='s', decoded='/'
[DEBUG] Context: prompt='<s>[INST] What is the', decoded='</s></s></s></s></s><'
Warning: Decoded text differs from trimmed prompt
  Trimmed prompt length: 242, Decoded text length: 236
[DEBUG] First difference at position 1: prompt='s', decoded='/'
[DEBUG] Context: prompt='<s>[INST] What is the', decoded='</s></s></s></s></s><'
Warning: Decoded text differs from trimmed prompt
  Trimmed prompt length: 423, Decoded text length: 424
[DEBUG] First difference at position 3: prompt='[', decoded=' '
[DEBUG] Context: prompt='<s>[INST] The schedule ', decoded='<s> [INST] The schedule'
[WARNING] in lang en, index 2198: No tokens were selected by the answer mask for perplexity calculation, setting perplexity to 1.0.
Warning: Decoded text differs from trimmed prompt
  Trimmed prompt length: 423, Decoded text length: 424
[DEBUG] First difference at position 3: prompt='[', decoded=' '
[DEBUG] Context: prompt='<s>[INST] The schedule ', decoded='<s> [INST] The schedule'
[WARNING] in lang en, index 2198: No tokens were selected by the answer mask for perplexity calculation, setting perplexity to 1.0.
Warning: Decoded text differs from trimmed prompt
  Trimmed prompt length: 338, Decoded text length: 294
[DEBUG] First difference at position 1: prompt='s', decoded='/'
[DEBUG] Context: prompt='<s>[INST] A shopping ', decoded='</s></s></s></s></s><'
[WARNING] in lang en, index 2218: No tokens were selected by the answer mask for perplexity calculation, setting perplexity to 1.0.
Warning: Decoded text differs from trimmed prompt
  Trimmed prompt length: 336, Decoded text length: 294
[DEBUG] First difference at position 1: prompt='s', decoded='/'
[DEBUG] Context: prompt='<s>[INST] A shopping ', decoded='</s></s></s></s></s><'
[WARNING] in lang en, index 2218: No tokens were selected by the answer mask for perplexity calculation, setting perplexity to 1.0.
Perplexity: Written 2256/85610 entries to perplexity result file (batch 376/14269)
Processing batch 377/14269
Warning: Decoded text differs from trimmed prompt
  Trimmed prompt length: 350, Decoded text length: 351
[DEBUG] First difference at position 3: prompt='[', decoded=' '
[DEBUG] Context: prompt='<s>[INST] A group of hi', decoded='<s> [INST] A group of h'
[WARNING] in lang en, index 2219: No tokens were selected by the answer mask for perplexity calculation, setting perplexity to 1.0.
Warning: Decoded text differs from trimmed prompt
  Trimmed prompt length: 350, Decoded text length: 351
[DEBUG] First difference at position 3: prompt='[', decoded=' '
[DEBUG] Context: prompt='<s>[INST] A group of hi', decoded='<s> [INST] A group of h'
[WARNING] in lang en, index 2219: No tokens were selected by the answer mask for perplexity calculation, setting perplexity to 1.0.
Warning: Decoded text differs from trimmed prompt
  Trimmed prompt length: 410, Decoded text length: 408
[DEBUG] First difference at position 1: prompt='s', decoded='/'
[DEBUG] Context: prompt='<s>[INST] At the begi', decoded='</s></s></s></s></s><'
[WARNING] in lang en, index 2220: No tokens were selected by the answer mask for perplexity calculation, setting perplexity to 1.0.
Warning: Decoded text differs from trimmed prompt
  Trimmed prompt length: 410, Decoded text length: 408
[DEBUG] First difference at position 1: prompt='s', decoded='/'
[DEBUG] Context: prompt='<s>[INST] At the begi', decoded='</s></s></s></s></s><'
[WARNING] in lang en, index 2220: No tokens were selected by the answer mask for perplexity calculation, setting perplexity to 1.0.
Warning: Decoded text differs from trimmed prompt
  Trimmed prompt length: 411, Decoded text length: 412
[DEBUG] First difference at position 1: prompt='s', decoded='/'
[DEBUG] Context: prompt='<s>[INST] A teacher h', decoded='</s><s> [INST] A teac'
[WARNING] in lang en, index 2222: No tokens were selected by the answer mask for perplexity calculation, setting perplexity to 1.0.
Warning: Decoded text differs from trimmed prompt
  Trimmed prompt length: 411, Decoded text length: 412
[DEBUG] First difference at position 1: prompt='s', decoded='/'
[DEBUG] Context: prompt='<s>[INST] A teacher h', decoded='</s><s> [INST] A teac'
[WARNING] in lang en, index 2222: No tokens were selected by the answer mask for perplexity calculation, setting perplexity to 1.0.
Perplexity: Written 2262/85610 entries to perplexity result file (batch 377/14269)
Processing batch 378/14269
